{"type":"FeatureCollection","features":[{"type":"Feature","properties":{"nombre":"AYACUCHO 7","campo":"AYACUCHO","etiqueta":"A7","empresa":"PETROPARS UK LIMITED","pais":"IRAN","caracteristica":"PROYECTO MAGNA RESERVA","area_km2":503.42},"geometry":{"type":"Polygon","coordinates":[[[-63.54708,8.64748],[-63.4614,8.64845],[-63.46243,8.6838],[-63.36971,8.68355],[-63.3696,8.57022],[-63.33688,8.57025],[-63.33678,8.45488],[-63.54718,8.45464],[-63.54708,8.64748]]]}},{"type":"Feature","properties":{"nombre":"AYACUCHO 5","campo":"AYACUCHO","etiqueta":"A5","pais":"CHILE","caracteristica":"PROYECTO MAGNA RESERVA","area_km2":494.39},"geometry":{"type":"Polygon","coordinates":[[[-63.74541,8.65534],[-63.74536,8.64632],[-63.54709,8.64682],[-63.54688,8.50022],[-63.81939,8.49974],[-63.8189,8.56512],[-63.81972,8.63608],[-63.79226,8.65228],[-63.79094,8.65006],[-63.74535,8.67695],[-63.74271,8.67241],[-63.74548,8.67077],[-63.74541,8.65534]]]}},{"type":"Feature","properties":{"nombre":"AYACUCHO 2","campo":"AYACUCHO","etiqueta":"A2","pais":"RUSIA","caracteristica":"PROYECTO MAGNA RESERVA","area_km2":510.37},"geometry":{"type":"Polygon","coordinates":[[[-64.2734,8.42108],[-64.27269,8.22671],[-64.50934,8.2264],[-64.5099,8.3719],[-64.49017,8.35661],[-64.39941,8.42065],[-64.2734,8.42108]]]}},{"type":"Feature","properties":{"nombre":"AYACUCHO 1","campo":"AYACUCHO","etiqueta":"A1","empresa":"SUSTENTO DEL PETRO","pais":"VENEZUELA","caracteristica":"PROYECTO MAGNA RESERVA","area_km2":383.85},"geometry":{"type":"Polygon","coordinates":[[[-64.27377,8.53342],[-64.2734,8.42108],[-64.39941,8.42065],[-64.49017,8.35661],[-64.5099,8.3719],[-64.55455,8.41221],[-64.52865,8.42445],[-64.52996,8.42704],[-64.49696,8.44263],[-64.50041,8.44978],[-64.48954,8.45494],[-64.49693,8.47038],[-64.50363,8.46722],[-64.51854,8.49851],[-64.49841,8.53262],[-64.27377,8.53342]]]}},{"type":"Feature","properties":{"nombre":"AYACUCHO 3","campo":"AYACUCHO","etiqueta":"A3","pais":"RUSIA","caracteristica":"PROYECTO MAGNA RESERVA","area_km2":556.67},"geometry":{"type":"Polygon","coordinates":[[[-64.36301,8.13708],[-64.36333,8.22667],[-63.99447,8.22595],[-63.99407,8.06687],[-64.14664,8.06648],[-64.20581,8.13758],[-64.36301,8.13708]]]}},{"type":"Feature","properties":{"nombre":"AYACUCHO 4","campo":"AYACUCHO","etiqueta":"A4","caracteristica":"PROYECTO MAGNA RESERVA","area_km2":907.94},"geometry":{"type":"Polygon","coordinates":[[[-63.81972,8.63608],[-63.8189,8.56512],[-63.81958,8.56512],[-63.81872,8.15605],[-63.99429,8.15566],[-63.99498,8.41452],[-63.99479,8.52087],[-63.94171,8.55244],[-63.90269,8.57433],[-63.91398,8.59095],[-63.87492,8.61401],[-63.87028,8.60624],[-63.81972,8.63608]]]}},{"type":"Feature","properties":{"nombre":"AYACUCHO 8","campo":"AYACUCHO","etiqueta":"A8","pais":"ESTADOS UNIDOS","caracteristica":"PROYECTO MAGNA RESERVA","area_km2":510.8},"geometry":{"type":"Polygon","coordinates":[[[-64.27268,8.37838],[-63.99493,8.37619],[-63.99447,8.22595],[-64.27269,8.22671],[-64.27268,8.37838]]]}},{"type":"Feature","properties":{"nombre":"BOYACA 5","campo":"BOYACA","etiqueta":"B5","empresa":"PDVSA","pais":"MALASIA","caracteristica":"PROYECTO MAGNA RESERVA","area_km2":1244.29},"geometry":{"type":"Polygon","coordinates":[[[-65.66807,8.67217],[-65.66618,8.40111],[-66.04333,8.39837],[-66.04548,8.66934],[-65.66807,8.67217]]]}},{"type":"Feature","properties":{"nombre":"BOYACA 4","campo":"BOYACA","etiqueta":"B4","empresa":"PDVSA","pais":"SUDAFRICA","caracteristica":"PROYECTO MAGNA RESERVA","area_km2":697.86},"geometry":{"type":"Polygon","coordinates":[[[-66.04333,8.39837],[-66.04125,8.12739],[-66.22252,8.12599],[-66.2251,8.44208],[-66.04368,8.44353],[-66.04333,8.39837]]]}},{"type":"Feature","properties":{"nombre":"BOYACA 6","campo":"BOYACA","etiqueta":"B7","empresa":"PDVSA","pais":"PORTUGAL","caracteristica":"PROYECTO MAGNA RESERVA","area_km2":645.59},"geometry":{"type":"Polygon","coordinates":[[[-65.85995,8.12871],[-65.86191,8.39973],[-65.66618,8.40111],[-65.66436,8.13004],[-65.85995,8.12871]]]}},{"type":"Feature","properties":{"nombre":"BOYACA 1","campo":"BOYACA","etiqueta":"B1","empresa":"PDVSA","pais":"CUBA","caracteristica":"PROYECTO MAGNA RESERVA","area_km2":755.69},"geometry":{"type":"Polygon","coordinates":[[[-66.4632,8.75607],[-66.1824,8.75854],[-66.18164,8.66823],[-66.04548,8.66933],[-66.04476,8.57902],[-66.38495,8.57618],[-66.38782,8.59189],[-66.46774,8.64563],[-66.47157,8.64756],[-66.47453,8.65083],[-66.47576,8.65436],[-66.47659,8.66017],[-66.47561,8.66311],[-66.48079,8.69408],[-66.48231,8.69695],[-66.49127,8.72482],[-66.48979,8.72985],[-66.48276,8.74848],[-66.47802,8.75912],[-66.4632,8.75607]]]}},{"type":"Feature","properties":{"nombre":"BOYACA 3","campo":"BOYACA","etiqueta":"B3","empresa":"PDVSA","caracteristica":"PROYECTO MAGNA RESERVA","area_km2":596.43},"geometry":{"type":"Polygon","coordinates":[[[-66.22252,8.12599],[-66.45135,8.12245],[-66.45466,8.13104],[-66.45245,8.14711],[-66.44973,8.15241],[-66.44362,8.16169],[-66.44056,8.17603],[-66.43687,8.18266],[-66.43193,8.18785],[-66.42296,8.19405],[-66.41704,8.20457],[-66.41086,8.20879],[-66.40968,8.21449],[-66.41503,8.21949],[-66.41152,8.22736],[-66.40698,8.23084],[-66.40521,8.23672],[-66.40289,8.23899],[-66.39519,8.24158],[-66.37629,8.25321],[-66.37339,8.25623],[-66.37152,8.26269],[-66.37561,8.26967],[-66.3752,8.27414],[-66.37039,8.2898],[-66.3683,8.30035],[-66.35718,8.31138],[-66.35586,8.32212],[-66.35304,8.32819],[-66.3502,8.33644],[-66.34758,8.3406],[-66.34168,8.34683],[-66.33639,8.34697],[-66.33514,8.34753],[-66.33434,8.35133],[-66.33603,8.35744],[-66.33599,8.36343],[-66.3346,8.36979],[-66.32874,8.37069],[-66.32764,8.37648],[-66.32122,8.3888],[-66.31495,8.39159],[-66.31289,8.39833],[-66.32103,8.41724],[-66.3248,8.42774],[-66.33329,8.44117],[-66.2251,8.44208],[-66.22252,8.12599]]]}},{"type":"Feature","properties":{"nombre":"BOYACA 2","campo":"BOYACA","etiqueta":"B2","empresa":"PETROCARIBE","caracteristica":"PROYECTO MAGNA RESERVA","area_km2":195.5},"geometry":{"type":"Polygon","coordinates":[[[-66.35094,8.46641],[-66.35583,8.47275],[-66.37322,8.50203],[-66.37448,8.5303],[-66.38495,8.57618],[-66.22744,8.57752],[-66.22604,8.46732],[-66.35094,8.46641]]]}},{"type":"Feature","properties":{"nombre":"JUNIN 9","campo":"JUNIN","etiqueta":"J9","empresa":"PDVSA","caracteristica":"PROYECTO MAGNA RESERVA","area_km2":521.19},"geometry":{"type":"Polygon","coordinates":[[[-64.64706,8.31628],[-64.64595,8.04503],[-64.81691,8.04431],[-64.81732,8.13472],[-64.79751,8.1347],[-64.79838,8.31562],[-64.64706,8.31628]]]}},{"type":"Feature","properties":{"nombre":"JUNIN 8","campo":"JUNIN","etiqueta":"J8","empresa":"PDVSA","pais":"CHINA","caracteristica":"PROYECTO MAGNA RESERVA","area_km2":499.24},"geometry":{"type":"Polygon","coordinates":[[[-64.90723,8.0439],[-64.90681,7.95349],[-65.08817,7.95262],[-65.0891,8.13341],[-64.81693,8.13472],[-64.81653,8.04431],[-64.90723,8.0439]]]}},{"type":"Feature","properties":{"nombre":"JUNIN 7","campo":"JUNIN","etiqueta":"J7","empresa":"PDVSA","pais":"ESPAÑA","caracteristica":"PROYECTO MAGNA RESERVA","area_km2":500.79},"geometry":{"type":"Polygon","coordinates":[[[-65.0891,8.13341],[-65.08817,7.95262],[-65.26951,7.95167],[-65.27,8.0405],[-65.36068,8.03999],[-65.36121,8.13192],[-65.0891,8.13341]]]}},{"type":"Feature","properties":{"nombre":"JUNIN 3","campo":"JUNIN","etiqueta":"J3","empresa":"PDVSA","pais":"RUSIA","caracteristica":"PROYECTO MAGNA RESERVA","area_km2":677.17},"geometry":{"type":"Polygon","coordinates":[[[-65.29486,8.58379],[-65.29378,8.40346],[-65.49896,8.40221],[-65.50073,8.67331],[-65.29541,8.6746],[-65.29486,8.58379]]]}},{"type":"Feature","properties":{"nombre":"JUNIN 1","campo":"JUNIN","etiqueta":"J1","empresa":"PDVSA","pais":"BIELORRUSIA","caracteristica":"PROYECTO MAGNA RESERVA","area_km2":551.82},"geometry":{"type":"Polygon","coordinates":[[[-65.50073,8.67331],[-65.49896,8.40221],[-65.66618,8.40111],[-65.66807,8.67217],[-65.50073,8.67331]]]}},{"type":"Feature","properties":{"nombre":"BOYACA 6","campo":"BOYACA","etiqueta":"B6","empresa":"PDVSA","pais":"PORTUGAL","caracteristica":"PROYECTO MAGNA RESERVA","area_km2":598.34},"geometry":{"type":"Polygon","coordinates":[[[-65.85995,8.12871],[-66.04125,8.12739],[-66.04333,8.39837],[-65.86191,8.39973],[-65.85995,8.12871]]]}},{"type":"Feature","properties":{"nombre":"SAN CRISTOBAL (ZUATA NORTE)","campo":"JUNIN","etiqueta":"J32","empresa":"PETROLERA INDOVENEZOLANA","pais":"HOLANDA","caracteristica":"ESFUERZO PROPIO EN OPERACIÓN","api":"4-18","area_km2":140.76},"geometry":{"type":"Polygon","coordinates":[[[-64.75114,8.69606],[-64.75105,8.68234],[-64.75546,8.68238],[-64.75494,8.62922],[-64.78903,8.62829],[-64.78905,8.63449],[-64.82665,8.63418],[-64.82661,8.63997],[-64.84876,8.63979],[-64.84907,8.74766],[-64.81852,8.74902],[-64.74928,8.75402],[-64.74999,8.72547],[-64.74071,8.72475],[-64.74062,8.69663],[-64.75114,8.69606]]]}},{"type":"Feature","properties":{"nombre":"JUNIN 6","campo":"JUNIN","etiqueta":"J6","empresa":"PETROMIRANDA","pais":"RUSIA","caracteristica":"PETROMIRANDA","api":"8-10","area_km2":447.12},"geometry":{"type":"Polygon","coordinates":[[[-65.0891,8.13341],[-65.29222,8.13231],[-65.29326,8.31308],[-65.09005,8.3142],[-65.0891,8.13341]]]}},{"type":"Feature","properties":{"nombre":"JUNIN 2","campo":"JUNIN","etiqueta":"J2","empresa":"PETROMACAREO S.A.","pais":"VIETNAM","caracteristica":"PETROMACAREO","api":"8-10","area_km2":247.26},"geometry":{"type":"Polygon","coordinates":[[[-65.49827,8.29296],[-65.49819,8.28016],[-65.66537,8.28016],[-65.66618,8.40111],[-65.49896,8.40221],[-65.49827,8.29296]]]}},{"type":"Feature","properties":{"nombre":"CARABOBO 1 SUR","campo":"CARABOBO","etiqueta":"C1","pais":"BRASIL","caracteristica":"PROYECTO MAGNA RESERVA","area_km2":353.47},"geometry":{"type":"Polygon","coordinates":[[[-63.36892,8.61619],[-63.35983,8.61621],[-63.35986,8.62524],[-63.22359,8.62556],[-63.22354,8.60752],[-63.15539,8.60768],[-63.15542,8.58965],[-63.08769,8.58969],[-63.08767,8.50092],[-63.33615,8.50078],[-63.33621,8.57061],[-63.3699,8.57058],[-63.36892,8.61619]]]}},{"type":"Feature","properties":{"nombre":"PETROMONAGAS","campo":"CARABOBO","etiqueta":"C53","empresa":"PETROMONAGAS","pais":"RUSIA","caracteristica":"PETROMONAGAS","api":"7.5-8.5","area_km2":184.56},"geometry":{"type":"Polygon","coordinates":[[[-63.06443,8.662],[-63.17802,8.66172],[-63.17805,8.6437],[-63.22381,8.64359],[-63.22331,8.75178],[-63.06426,8.75209],[-63.06443,8.662]]]}},{"type":"Feature","properties":{"nombre":"CARABOBO 5","campo":"CARABOBO","etiqueta":"C5","empresa":"PETROINDEPENDENCIA","pais":"DINAMARCA","caracteristica":"PETROINDEPENDENCIA","api":"8.5-9","area_km2":555.15},"geometry":{"type":"Polygon","coordinates":[[[-62.81469,8.59051],[-62.81483,8.53641],[-62.93991,8.53615],[-62.94009,8.50004],[-62.95119,8.50002],[-62.95123,8.48198],[-62.99664,8.48187],[-62.99668,8.46384],[-63.0421,8.46372],[-63.04213,8.44569],[-63.08755,8.44561],[-63.08729,8.58992],[-63.15626,8.58967],[-63.15625,8.60792],[-63.22398,8.60766],[-63.22381,8.64359],[-63.17805,8.6437],[-63.17802,8.66172],[-63.06443,8.662],[-63.06453,8.60812],[-63.0191,8.60802],[-63.01913,8.58999],[-62.9398,8.59019],[-62.93975,8.64413],[-62.86,8.6445],[-62.85994,8.66181],[-62.76908,8.66206],[-62.76925,8.60861],[-62.79197,8.60858],[-62.79201,8.59056],[-62.81469,8.59051]]]}},{"type":"Feature","properties":{"nombre":"CARABOBO 2 NORTE","campo":"CARABOBO","etiqueta":"C2","empresa":"PETROVICTORIA","pais":"RUSIA","caracteristica":"PROYECTO MAGNA RESERVA","api":"8.5-9","area_km2":132.35},"geometry":{"type":"Polygon","coordinates":[[[-62.93963,8.59019],[-63.01913,8.58999],[-63.0191,8.60802],[-63.06501,8.60812],[-63.06422,8.73416],[-63.04157,8.7342],[-63.04161,8.71616],[-63.01889,8.71622],[-63.01892,8.69819],[-62.9962,8.69817],[-62.99631,8.64418],[-62.93951,8.6443],[-62.93963,8.59019]]]}},{"type":"Feature","properties":{"nombre":"CARABOBO 3 SUR","campo":"CARABOBO","etiqueta":"C3","caracteristica":"PROYECTO MAGNA RESERVA","area_km2":315.11},"geometry":{"type":"Polygon","coordinates":[[[-62.93986,8.53615],[-62.81483,8.53641],[-62.81469,8.59051],[-62.79201,8.59056],[-62.79197,8.60858],[-62.76925,8.60861],[-62.76908,8.66272],[-62.72839,8.6626],[-62.72912,8.64401],[-62.72947,8.50216],[-62.81976,8.50191],[-62.81979,8.41285],[-62.93998,8.41233],[-62.93986,8.53615]]]}},{"type":"Feature","properties":{"nombre":"CARABOBO 4 ESTE","campo":"CARABOBO","etiqueta":"C4","caracteristica":"PROYECTO MAGNA RESERVA","area_km2":276.97},"geometry":{"type":"Polygon","coordinates":[[[-62.67501,8.7864],[-62.67534,8.66237],[-62.72365,8.66281],[-62.72333,8.78903],[-62.92831,8.7891],[-62.92832,8.78449],[-62.96951,8.78335],[-62.93857,8.78856],[-62.90174,8.7967],[-62.85975,8.80778],[-62.82585,8.82174],[-62.79564,8.83277],[-62.75656,8.8533],[-62.72559,8.87309],[-62.69387,8.89214],[-62.66806,8.90606],[-62.63786,8.90687],[-62.6382,8.78649],[-62.67501,8.7864]]]}},{"type":"Feature","properties":{"nombre":"CARABOBO 4 OESTE","campo":"CARABOBO","etiqueta":"C4","empresa":"PETROVICTORIA","pais":"RUSIA","caracteristica":"PROYECTO MAGNA RESERVA","api":"8.5-9","area_km2":209.12},"geometry":{"type":"Polygon","coordinates":[[[-62.72333,8.78903],[-62.72365,8.66281],[-62.85996,8.66253],[-62.85923,8.78162],[-62.85968,8.78878],[-62.72333,8.78903]]]}},{"type":"Feature","properties":{"nombre":"AYACUCHO","campo":"AYACUCHO","etiqueta":"A55","empresa":"PETROPIAR","pais":"ESTADOS UNIDOS","caracteristica":"PETROPIAR","api":"8.5","area_km2":507.04},"geometry":{"type":"Polygon","coordinates":[[[-64.16406,8.53565],[-64.16415,8.52244],[-63.99479,8.52087],[-63.99493,8.37619],[-64.27268,8.37838],[-64.27377,8.53342],[-64.2452,8.53314],[-64.24521,8.53613],[-64.16406,8.53565]]]}},{"type":"Feature","properties":{"nombre":"PETROLERA SINOVENSA","campo":"CARABOBO","etiqueta":"C50","empresa":"PETROLERA SINOVENSA","pais":"VENEZUELA","caracteristica":"PETROLERA SINOVENSA","api":"8.5","area_km2":150.42},"geometry":{"type":"Polygon","coordinates":[[[-62.86004,8.7892],[-62.86006,8.78268],[-62.85938,8.78162],[-62.8596,8.66182],[-62.86,8.6445],[-62.9589,8.64422],[-62.93637,8.77049],[-62.92789,8.7705],[-62.92785,8.78853],[-62.86004,8.7892]]]}},{"type":"Feature","properties":{"nombre":"DISTRITO MORICHAL","campo":"CARABOBO","etiqueta":"DISTRITO MORICHAL","caracteristica":"DISTRITO MORICHAL","area_km2":119.39},"geometry":{"type":"Polygon","coordinates":[[[-63.06422,8.77014],[-62.93637,8.77049],[-62.9589,8.64422],[-62.99647,8.64414],[-62.99617,8.69823],[-63.01892,8.69813],[-63.01888,8.71621],[-63.04162,8.71617],[-63.04157,8.7342],[-63.06422,8.73416],[-63.06422,8.77014]]]}},{"type":"Feature","properties":{"nombre":"PETROCEDENO","campo":"JUNIN","etiqueta":"J54","empresa":"PETROCEDEÑO","pais":"FRANCIA","caracteristica":"PETROCEDENO","api":"8-9","area_km2":503.85},"geometry":{"type":"Polygon","coordinates":[[[-65.05931,8.48147],[-64.90026,8.4824],[-64.89994,8.39642],[-64.82282,8.39671],[-64.82226,8.2792],[-65.05821,8.27811],[-65.05931,8.48147]]]}},{"type":"Feature","properties":{"nombre":"DISTRITO CABRUTICA","campo":"JUNIN","etiqueta":"PETRO SAN FELIX","empresa":"PETRO SAN FELIX","pais":"VENEZUELA","caracteristica":"DISTRITO CABRUTICA","area_km2":299.56},"geometry":{"type":"Polygon","coordinates":[[[-64.89131,8.48233],[-64.80946,8.48283],[-64.80931,8.45119],[-64.77299,8.45136],[-64.77313,8.483],[-64.71878,8.48313],[-64.71871,8.49681],[-64.69146,8.49693],[-64.69134,8.4698],[-64.61878,8.46996],[-64.61851,8.39768],[-64.72743,8.39713],[-64.72731,8.37008],[-64.76365,8.36989],[-64.7636,8.3518],[-64.79085,8.35168],[-64.79071,8.33359],[-64.81342,8.33355],[-64.81371,8.40583],[-64.89093,8.40544],[-64.89131,8.48233]]]}},{"type":"Feature","properties":{"nombre":"BOYACA 8","campo":"BOYACA","etiqueta":"B8","empresa":"PDVSA","caracteristica":"AREA ASIGNADA E&P","area_km2":335.76},"geometry":{"type":"Polygon","coordinates":[[[-66.35094,8.46641],[-66.22604,8.46732],[-66.22744,8.57752],[-66.04476,8.57902],[-66.04368,8.44353],[-66.33329,8.44117],[-66.33845,8.45661],[-66.3463,8.46039],[-66.35094,8.46641]]]}},{"type":"Feature","properties":{"nombre":"JUNIN 11","campo":"JUNIN","etiqueta":"J11","empresa":"PDVSA","pais":"JAPON","caracteristica":"PROYECTO MAGNA RESERVA","area_km2":660.22},"geometry":{"type":"Polygon","coordinates":[[[-65.66537,8.28016],[-65.49819,8.28016],[-65.49815,8.27356],[-65.29304,8.27489],[-65.29222,8.13231],[-65.66436,8.13004],[-65.66537,8.28016]]]}},{"type":"Feature","properties":{"nombre":"JUNIN NORTE","campo":"JUNIN","etiqueta":"JUNIN NORTE","empresa":"PDVSA","pais":"INDIA","caracteristica":"PROYECTO MAGNA RESERVA","area_km2":760.71},"geometry":{"type":"Polygon","coordinates":[[[-64.84876,8.63979],[-64.82661,8.63997],[-64.82665,8.63418],[-64.78905,8.63449],[-64.78903,8.62829],[-64.75494,8.62922],[-64.75546,8.68238],[-64.75105,8.68234],[-64.75114,8.69606],[-64.75637,8.69596],[-64.75635,8.69639],[-64.60753,8.69861],[-64.57432,8.73692],[-64.57478,8.57186],[-64.59539,8.57122],[-64.92129,8.56858],[-65.03283,8.56861],[-65.03416,8.74715],[-64.84907,8.74766],[-64.84876,8.63979]]]}},{"type":"Feature","properties":{"nombre":"JUNIN 10","campo":"JUNIN","etiqueta":"J10","empresa":"PDVSA","caracteristica":"AREA ASIGNADA E&P","area_km2":591.28},"geometry":{"type":"Polygon","coordinates":[[[-65.09083,8.48123],[-65.05931,8.48147],[-65.05821,8.27811],[-64.7983,8.27944],[-64.79751,8.1347],[-65.0891,8.13341],[-65.09083,8.48123]]]}},{"type":"Feature","properties":{"nombre":"JUNIN 4","campo":"JUNIN","etiqueta":"J4","empresa":"PETROURICA","pais":"CHINA","caracteristica":"PETROURICA","api":"8.5-9","area_km2":321.13},"geometry":{"type":"Polygon","coordinates":[[[-65.29304,8.27489],[-65.49815,8.27356],[-65.49896,8.40221],[-65.29378,8.40346],[-65.29304,8.27489]]]}},{"type":"Feature","properties":{"nombre":"SAN DIEGO NORTE","campo":"JUNIN","etiqueta":"SAN DIEGO NORTE","empresa":"PDVSA","caracteristica":"PROYECTO MAGNA RESERVA","area_km2":617.27},"geometry":{"type":"Polygon","coordinates":[[[-65.09046,8.56878],[-64.92129,8.56858],[-64.59539,8.57122],[-64.57478,8.57186],[-64.57528,8.38892],[-64.61862,8.3887],[-64.61878,8.46996],[-64.69134,8.4698],[-64.69146,8.49693],[-64.71871,8.49681],[-64.71878,8.48313],[-64.77313,8.483],[-64.77299,8.45136],[-64.80931,8.45119],[-64.80946,8.48283],[-65.09083,8.48123],[-65.09046,8.56878]]]}},{"type":"Feature","properties":{"nombre":"JUNIN 13","campo":"JUNIN","etiqueta":"J13","caracteristica":"AREA ASIGNADA E&P","area_km2":852.94},"geometry":{"type":"Polygon","coordinates":[[[-64.57432,8.73692],[-64.55205,8.73062],[-64.5425,8.7081],[-64.54619,8.68012],[-64.52854,8.68088],[-64.52894,8.69],[-64.50271,8.69113],[-64.50169,8.69048],[-64.49841,8.53262],[-64.51854,8.49851],[-64.50363,8.46722],[-64.49693,8.47038],[-64.48954,8.45494],[-64.50041,8.44978],[-64.49696,8.44263],[-64.52996,8.42704],[-64.52865,8.42445],[-64.55455,8.41221],[-64.5099,8.3719],[-64.50934,8.2264],[-64.50999,8.19997],[-64.50824,8.12759],[-64.6463,8.13045],[-64.64706,8.31628],[-64.79838,8.31562],[-64.7983,8.27944],[-64.82226,8.2792],[-64.82282,8.39671],[-64.89994,8.39642],[-64.90026,8.4824],[-64.89131,8.48233],[-64.89093,8.40544],[-64.81371,8.40583],[-64.81342,8.33355],[-64.79071,8.33359],[-64.79085,8.35168],[-64.7636,8.3518],[-64.76365,8.36989],[-64.72731,8.37008],[-64.72743,8.39713],[-64.61851,8.39768],[-64.61862,8.3887],[-64.57528,8.38892],[-64.57432,8.73692]]]}},{"type":"Feature","properties":{"nombre":"BOYACA NORTE","campo":"BOYACA","etiqueta":"BOYACÁ NORTE","empresa":"PDVSA","pais":"CUBA","caracteristica":"PROYECTO MAGNA RESERVA","area_km2":3033.72},"geometry":{"type":"Polygon","coordinates":[[[-66.49542,9.00177],[-66.01107,8.9985],[-65.85746,8.99949],[-65.79756,8.99185],[-65.72145,8.9614],[-65.68208,8.93788],[-65.67252,8.93117],[-65.66807,8.67217],[-66.18164,8.66823],[-66.1824,8.75854],[-66.4632,8.75607],[-66.47802,8.75912],[-66.46059,8.79772],[-66.47961,8.80122],[-66.50309,8.81438],[-66.51045,8.82234],[-66.51432,8.8337],[-66.52206,8.84215],[-66.52652,8.85142],[-66.52969,8.86165],[-66.53984,8.87476],[-66.54414,8.87889],[-66.5502,8.8799],[-66.57023,8.89178],[-66.63614,8.89997],[-66.49542,9.00177]]]}},{"type":"Feature","properties":{"nombre":"JUNIN 12","campo":"JUNIN","etiqueta":"J12","empresa":"PDVSA","caracteristica":"AREA ASIGNADA E&P","area_km2":2302.26},"geometry":{"type":"Polygon","coordinates":[[[-65.58745,8.9132],[-65.58755,8.8887],[-65.30935,8.8902],[-65.30945,8.8431],[-65.28575,8.8431],[-65.28655,8.8812],[-65.26465,8.8811],[-65.26465,8.8984],[-65.25375,8.8984],[-65.25375,8.9174],[-65.23635,8.9174],[-65.23635,8.9229],[-65.15695,8.9228],[-65.15785,8.9427],[-65.08125,8.9425],[-65.08145,8.8437],[-65.01765,8.8436],[-65.01755,8.8681],[-64.93635,8.8688],[-64.93635,8.9006],[-64.93535,8.9015],[-64.93355,8.9015],[-64.93265,8.9006],[-64.93265,8.9015],[-64.93175,8.9006],[-64.92995,8.9015],[-64.92815,8.9015],[-64.92815,8.9024],[-64.92345,8.9024],[-64.92345,8.9015],[-64.92183,8.9015],[-64.92165,8.9006],[-64.92075,8.9015],[-64.91985,8.9015],[-64.91895,8.9005],[-64.91895,8.8996],[-64.91805,8.8987],[-64.91355,8.8814],[-64.91265,8.8805],[-64.91265,8.8814],[-64.91165,8.8814],[-64.91175,8.8796],[-64.91075,8.8805],[-64.90895,8.8805],[-64.90895,8.8814],[-64.90805,8.8805],[-64.90715,8.8805],[-64.90715,8.8796],[-64.90625,8.8787],[-64.90535,8.8787],[-64.90445,8.8796],[-64.90265,8.8796],[-64.90265,8.8805],[-64.90175,8.8805],[-64.90175,8.8796],[-64.89535,8.8787],[-64.89535,8.8778],[-64.89435,8.8769],[-64.89345,8.8769],[-64.89165,8.8742],[-64.89075,8.8742],[-64.89075,8.8724],[-64.88895,8.8724],[-64.88895,8.8715],[-64.88805,8.8714],[-64.88705,8.8705],[-64.88705,8.8696],[-64.88525,8.8696],[-64.88525,8.8678],[-64.88615,8.8678],[-64.88525,8.8669],[-64.88615,8.8669],[-64.88615,8.8642],[-64.88435,8.8624],[-64.87705,8.8624],[-64.87615,8.8633],[-64.87525,8.8633],[-64.87435,8.8624],[-64.87255,8.8624],[-64.87165,8.8615],[-64.87075,8.8624],[-64.86985,8.86239],[-64.85795,8.8577],[-64.85805,8.7979],[-64.86535,8.7979],[-64.86535,8.7762],[-64.84715,8.7761],[-64.84907,8.74766],[-65.03416,8.74715],[-65.03283,8.56861],[-65.09046,8.56878],[-65.09151,8.58495],[-65.29486,8.58379],[-65.29541,8.6746],[-65.66807,8.67217],[-65.67222,8.91346],[-65.58745,8.9132]]]}},{"type":"Feature","properties":{"nombre":"ARECUNA","campo":"AYACUCHO","etiqueta":"ARECUNA","caracteristica":"ESFUERZO PROPIO EN OPERACIÓN","area_km2":1009.48},"geometry":{"type":"Polygon","coordinates":[[[-64.18147,8.7076],[-64.18146,8.70608],[-64.1799,8.70608],[-64.17986,8.69691],[-64.17831,8.69692],[-64.17832,8.69386],[-64.17674,8.69234],[-64.17674,8.6908],[-64.1752,8.6908],[-64.17213,8.68778],[-64.17059,8.68779],[-64.17059,8.68624],[-64.17507,8.68622],[-64.17402,8.68541],[-64.172,8.68529],[-64.17075,8.6815],[-64.17081,8.68043],[-64.16464,8.68042],[-64.16593,8.68168],[-64.16901,8.68167],[-64.16902,8.68319],[-64.02579,8.68369],[-64.02582,8.68827],[-63.99183,8.68838],[-63.99183,8.69168],[-63.98161,8.69169],[-63.98169,8.65223],[-63.95717,8.65269],[-63.95723,8.61813],[-63.9215,8.61805],[-63.9279,8.61428],[-63.91398,8.59095],[-63.90269,8.57433],[-63.94171,8.55244],[-63.99052,8.52341],[-63.99422,8.52025],[-64.16415,8.52244],[-63.99479,8.52087],[-64.01729,8.56418],[-64.07154,8.53812],[-64.0901,8.52991],[-64.16406,8.53565],[-64.24521,8.53612],[-64.2452,8.53314],[-64.27377,8.53342],[-64.49841,8.53262],[-64.50169,8.69048],[-64.48867,8.69158],[-64.48941,8.70244],[-64.4662,8.70321],[-64.46522,8.68067],[-64.26436,8.68048],[-64.26436,8.68097],[-64.26167,8.68098],[-64.26167,8.68458],[-64.24603,8.68463],[-64.24603,8.68498],[-64.19547,8.68456],[-64.19555,8.6877],[-64.19369,8.68771],[-64.19382,8.71381],[-64.18488,8.71438],[-64.18475,8.71676],[-64.18305,8.71677],[-64.18304,8.71371],[-64.18148,8.71219],[-64.18147,8.7076]]]}},{"type":"Feature","properties":{"nombre":"DOBOKUBI","campo":"AYACUCHO","etiqueta":"A59","empresa":"PDVSA","caracteristica":"ESFUERZO PROPIO EN OPERACIÓN","area_km2":350.66},"geometry":{"type":"Polygon","coordinates":[[[-63.56665,8.81836],[-63.55998,8.80708],[-63.54739,8.81459],[-63.54673,8.64683],[-63.74536,8.64632],[-63.74548,8.67077],[-63.7117,8.69075],[-63.70638,8.69248],[-63.72908,8.72978],[-63.71528,8.73798],[-63.7396,8.77818],[-63.69958,8.80048],[-63.69443,8.78995],[-63.66488,8.80668],[-63.66218,8.80208],[-63.63568,8.81828],[-63.64018,8.82008],[-63.61648,8.82088],[-63.61658,8.79468],[-63.56908,8.82248],[-63.56665,8.81836]]]}},{"type":"Feature","properties":{"nombre":"CARABOBO 1 NORTE","campo":"CARABOBO","etiqueta":"C1","empresa":"PETROCARABOBO","pais":"URUGUAY","caracteristica":"PETROCARABOBO","api":"8.5-9","area_km2":382.94},"geometry":{"type":"MultiPolygon","coordinates":[[[[-63.22396,8.62556],[-63.35986,8.62524],[-63.35988,8.61621],[-63.36882,8.61619],[-63.36935,8.68391],[-63.36848,8.80054],[-63.17955,8.80079],[-63.17959,8.78403],[-63.06419,8.78426],[-63.06426,8.75209],[-63.2238,8.75108],[-63.22332,8.73372],[-63.22396,8.62556]]],[[[-63.22396,8.62556],[-63.22359,8.62556],[-63.22397,8.61798],[-63.22396,8.62556]]]]}},{"type":"Feature","properties":{"nombre":"JUNIN 49","campo":"JUNIN","etiqueta":"J49","empresa":"PETROJUNIN","pais":"ITALIA","caracteristica":"SIN INFORMACION","api":"8.5-11","area_km2":423.67},"geometry":{"type":"Polygon","coordinates":[[[-65.09118,8.52904],[-65.09004,8.3142],[-65.29325,8.31308],[-65.29408,8.45435],[-65.17339,8.45503],[-65.17381,8.52902],[-65.09118,8.52904]]]}},{"type":"Feature","properties":{"nombre":"AREA DE RESERVA JUNIN 5","campo":"JUNIN","etiqueta":"J5","empresa":"PDVSA","pais":"ITALIA","caracteristica":"SIN INFORMACION","area_km2":246.47},"geometry":{"type":"Polygon","coordinates":[[[-65.29486,8.58379],[-65.09151,8.58495],[-65.09046,8.56878],[-65.09118,8.52904],[-65.17381,8.52902],[-65.17339,8.45503],[-65.29408,8.45435],[-65.29486,8.58379]]]}},{"type":"Feature","properties":{"nombre":"LA PAZ","campo":"OCCIDENTE","etiqueta":"61","empresa":"PETROURDANETA","pais":"ESPAÑA","caracteristica":"PETROURDANETA","area_km2":176.9},"geometry":{"type":"MultiPolygon","coordinates":[[[[-72.0423,10.6035],[-72.05092,10.60342],[-72.05074,10.58568],[-72.07761,10.58542],[-72.07796,10.62099],[-72.05995,10.62117],[-72.06013,10.63922],[-72.05127,10.63931],[-72.05181,10.69297],[-72.04319,10.69305],[-72.04337,10.71127],[-72.0336,10.71136],[-72.03378,10.72908],[-72.01534,10.72926],[-72.01552,10.74717],[-72.00601,10.74727],[-72.00618,10.76442],[-71.94129,10.76504],[-71.9406,10.69404],[-71.95005,10.69395],[-71.94987,10.676],[-71.95865,10.67592],[-71.95848,10.65809],[-71.96778,10.658],[-71.9676,10.64011],[-71.97691,10.64003],[-71.97673,10.62197],[-72.00478,10.6217],[-72.0046,10.60386],[-72.0423,10.6035]]],[[[-72.08679,10.56786],[-72.068,10.56804],[-72.06781,10.5498],[-72.08661,10.54962],[-72.08679,10.56786]]]]}},{"type":"Feature","properties":{"nombre":"CAMPO MARA ESTE","campo":"OCCIDENTE","etiqueta":"63","empresa":"PETROURDANETA","pais":"ESPAÑA","caracteristica":"PETROURDANETA","area_km2":289.36},"geometry":{"type":"Polygon","coordinates":[[[-71.77364,10.99794],[-71.76707,10.99557],[-71.75694,10.99633],[-71.75259,10.99587],[-71.74984,10.99069],[-71.74251,10.98195],[-71.73524,10.9723],[-71.73283,10.96983],[-71.72767,10.96689],[-71.72411,10.96306],[-71.72053,10.96077],[-71.71829,10.95726],[-71.71134,10.94173],[-71.71411,10.9356],[-71.71407,10.93397],[-71.71835,10.92725],[-71.71464,10.92267],[-71.71701,10.91873],[-71.71609,10.91095],[-71.72483,10.91087],[-71.72484,10.91159],[-71.73487,10.91151],[-71.73487,10.91207],[-71.79227,10.91155],[-71.79221,10.90454],[-71.79281,10.90453],[-71.79214,10.83642],[-71.86052,10.83579],[-71.85984,10.77621],[-71.90979,10.77575],[-71.90987,10.78381],[-71.91185,10.78381],[-71.91178,10.77732],[-71.96639,10.77681],[-71.96683,10.82125],[-71.95522,10.82136],[-71.95519,10.81462],[-71.9122,10.81503],[-71.91222,10.81712],[-71.934,10.81692],[-71.93426,10.84351],[-71.9305,10.84355],[-71.93057,10.85061],[-71.95563,10.85038],[-71.95566,10.85277],[-71.9311,10.85301],[-71.93134,10.87784],[-71.90623,10.87808],[-71.90656,10.91162],[-71.88394,10.91183],[-71.88432,10.95152],[-71.88154,10.95155],[-71.88149,10.94582],[-71.81241,10.94646],[-71.81246,10.95172],[-71.78022,10.95202],[-71.7807,11.00357],[-71.77972,11.00358],[-71.77364,10.99794]]]}},{"type":"Feature","properties":{"nombre":"CAMPO MARA OESTE","campo":"OCCIDENTE","etiqueta":"62","empresa":"PETROURDANETA","pais":"ESPAÑA","caracteristica":"PETROURDANETA","area_km2":106.24},"geometry":{"type":"Polygon","coordinates":[[[-72.025,10.96666],[-72,10.96667],[-72,10.98333],[-71.95,10.98333],[-71.95,11.00001],[-71.925,11.00002],[-71.925,10.93333],[-71.95,10.93333],[-71.95,10.9],[-72.05,10.9],[-72.05,10.95],[-72.025,10.95],[-72.025,10.96666]]]}},{"type":"Feature","properties":{"nombre":"LA CONCEPCION","campo":"OCCIDENTE","etiqueta":"10","empresa":"PETROWAYU","pais":"BRASIL","caracteristica":"PETROWAYU","area_km2":214.76},"geometry":{"type":"Polygon","coordinates":[[[-71.78426,10.65711],[-71.80434,10.6571],[-71.80433,10.63902],[-71.81347,10.63902],[-71.81347,10.63548],[-71.8226,10.63547],[-71.85001,10.60833],[-71.85,10.60283],[-71.86828,10.60282],[-71.86823,10.54857],[-71.90478,10.54854],[-71.90481,10.5847],[-71.89568,10.58471],[-71.89584,10.76541],[-71.78501,10.76579],[-71.78426,10.65711]]]}},{"type":"Feature","properties":{"nombre":"PETROBOSCAN","campo":"OCCIDENTE","etiqueta":"4","empresa":"PETROBOSCAN S.A.","pais":"ESTADOS UNIDOS","caracteristica":"PETROBOSCAN","area_km2":628.41},"geometry":{"type":"Polygon","coordinates":[[[-71.91396,10.56601],[-71.91413,10.54871],[-71.92307,10.5488],[-71.92343,10.51264],[-71.89563,10.51237],[-71.89564,10.51093],[-71.92869,10.51126],[-71.92936,10.4429],[-71.94738,10.44307],[-71.9476,10.42028],[-71.96403,10.42044],[-71.96568,10.2488],[-71.9539,10.24869],[-71.95423,10.21426],[-71.96144,10.21433],[-71.96153,10.20516],[-71.99265,10.20544],[-71.99256,10.21422],[-72.00061,10.2143],[-71.99996,10.28402],[-72.0756,10.28471],[-72.07531,10.31559],[-72.14946,10.31625],[-72.14769,10.5106],[-72.07835,10.50997],[-72.07833,10.51245],[-72.06026,10.51228],[-72.06009,10.53056],[-72.05115,10.53047],[-72.05098,10.54865],[-71.99636,10.54813],[-71.99618,10.5668],[-71.91396,10.56601]]]}},{"type":"Feature","properties":{"campo":"BLOQUE V(17) LAMAR","etiqueta":"BLOQUE V(17) LAMAR","area_km2":49.19},"geometry":{"type":"Polygon","coordinates":[[[-71.66755,9.70367],[-71.64679,9.70371],[-71.64678,9.68045],[-71.63893,9.6804],[-71.63901,9.63477],[-71.64477,9.63472],[-71.64483,9.61519],[-71.66928,9.61513],[-71.66933,9.6499],[-71.69201,9.64985],[-71.69203,9.72148],[-71.66747,9.72144],[-71.66755,9.70367]]]}},{"type":"Feature","properties":{"campo":"BLOQUE XV","etiqueta":"BLOQUE XV","area_km2":47.6},"geometry":{"type":"Polygon","coordinates":[[[-71.71464,9.57984],[-71.71478,9.59326],[-71.69196,9.59326],[-71.69196,9.59774],[-71.6447,9.59774],[-71.64477,9.63472],[-71.57839,9.63529],[-71.57835,9.58658],[-71.71462,9.58628],[-71.71464,9.57984]]]}},{"type":"Feature","properties":{"campo":"BLOQUE V (LAMAR)","etiqueta":"BLOQUE V (LAMAR)","area_km2":77.88},"geometry":{"type":"Polygon","coordinates":[[[-71.56849,9.72632],[-71.5685,9.65774],[-71.58564,9.65751],[-71.58569,9.63523],[-71.63901,9.63477],[-71.63893,9.6804],[-71.64678,9.68045],[-71.64693,9.72651],[-71.56849,9.72632]]]}},{"type":"Feature","properties":{"campo":"BLOQUE V (10) CENTRO","etiqueta":"BLOQUE V (10) CENTRO","area_km2":47.1},"geometry":{"type":"Polygon","coordinates":[[[-71.28647,9.70062],[-71.28628,9.67603],[-71.42424,9.67626],[-71.42424,9.63117],[-71.57836,9.63112],[-71.57839,9.63523],[-71.46707,9.63522],[-71.46665,9.6575],[-71.46693,9.68042],[-71.30198,9.68066],[-71.30198,9.72616],[-71.28647,9.72617],[-71.28647,9.70062]]]}},{"type":"Feature","properties":{"campo":"LA CEIBA","etiqueta":"LA CEIBA","area_km2":80.15},"geometry":{"type":"Polygon","coordinates":[[[-71.00196,9.58396],[-71.00196,9.49677],[-71.07696,9.49677],[-71.07749,9.58436],[-70.99313,9.58417],[-71.00196,9.58396]]]}},{"type":"Feature","properties":{"campo":"BLOQUE XI CEUTA","etiqueta":"BLOQUE XI CEUTA","area_km2":100.23},"geometry":{"type":"Polygon","coordinates":[[[-71.22175,9.64954],[-71.26988,9.64952],[-71.26992,9.70063],[-71.28647,9.70062],[-71.28647,9.72617],[-71.36221,9.72611],[-71.36224,9.75542],[-71.22163,9.75564],[-71.22175,9.64954]]]}},{"type":"Feature","properties":{"campo":"BLOQUE III","etiqueta":"BLOQUE III","area_km2":244.79},"geometry":{"type":"Polygon","coordinates":[[[-71.33883,9.94649],[-71.3024,9.94648],[-71.30246,9.84569],[-71.22097,9.84564],[-71.22163,9.75564],[-71.26785,9.75558],[-71.26791,9.76426],[-71.32248,9.76425],[-71.32253,9.78686],[-71.35895,9.78685],[-71.35889,9.80945],[-71.38579,9.80939],[-71.38578,9.94622],[-71.33883,9.94649]]]}},{"type":"Feature","properties":{"campo":"FRANQUERA","etiqueta":"FRANQUERA","area_km2":125.95},"geometry":{"type":"Polygon","coordinates":[[[-70.99313,9.58417],[-71.07749,9.58436],[-71.07749,9.58584],[-71.05914,9.58581],[-71.06069,9.60456],[-71.06379,9.60433],[-71.06376,9.63582],[-71.05955,9.63574],[-71.05964,9.64968],[-71.04325,9.64966],[-71.0436,9.68796],[-71.03076,9.68791],[-71.03154,9.72009],[-70.99815,9.72041],[-70.98842,9.70603],[-71.0078,9.69234],[-71.00744,9.66324],[-70.9733,9.66327],[-70.97329,9.6538],[-70.95197,9.65258],[-70.95197,9.61347],[-70.94645,9.61347],[-70.94645,9.5844],[-70.99313,9.58417]]]}},{"type":"Feature","properties":{"campo":"BLOQUE IV BACHAQUERO","etiqueta":"BLOQUE IV BACHAQUERO","area_km2":49.31},"geometry":{"type":"Polygon","coordinates":[[[-71.20334,9.73111],[-71.20334,9.72334],[-71.21245,9.72333],[-71.21245,9.71429],[-71.22168,9.71429],[-71.22159,9.79584],[-71.10799,9.79587],[-71.10799,9.78231],[-71.15015,9.7823],[-71.15014,9.77326],[-71.17022,9.77326],[-71.17021,9.7579],[-71.18969,9.75789],[-71.18968,9.73112],[-71.20334,9.73111]]]}},{"type":"Feature","properties":{"nombre":"URDANETA 5","campo":"URDANETA ESTE LAGO","etiqueta":"URDANETA ESTE LAGO","empresa":"PDVSA","area_km2":145.46},"geometry":{"type":"Polygon","coordinates":[[[-71.59606,10.11543],[-71.59607,10.09838],[-71.70308,10.09837],[-71.70361,10.17524],[-71.67678,10.17525],[-71.67678,10.206],[-71.6639,10.206],[-71.66391,10.22677],[-71.60432,10.22678],[-71.60432,10.20601],[-71.596,10.20584],[-71.59606,10.11543]]]}},{"type":"Feature","properties":{"campo":"URDANETA OESTE","etiqueta":"URDANETA OESTE","area_km2":502.09},"geometry":{"type":"Polygon","coordinates":[[[-71.56679,10.43776],[-71.56679,10.42394],[-71.58315,10.42395],[-71.58315,10.39158],[-71.59027,10.39158],[-71.58993,10.39122],[-71.58978,10.37225],[-71.62419,10.37219],[-71.62419,10.35142],[-71.6446,10.35121],[-71.64432,10.33102],[-71.66383,10.33109],[-71.66392,10.30987],[-71.68378,10.30986],[-71.68377,10.26832],[-71.70364,10.26831],[-71.70362,10.19794],[-71.72893,10.19793],[-71.72892,10.16715],[-71.73541,10.16715],[-71.7354,10.14159],[-71.78317,10.14119],[-71.7831,10.13272],[-71.89772,10.13172],[-71.89869,10.1328],[-71.89444,10.14244],[-71.88391,10.15947],[-71.87583,10.16184],[-71.87365,10.16685],[-71.86864,10.17344],[-71.86513,10.18035],[-71.86461,10.18423],[-71.85425,10.19679],[-71.85193,10.19679],[-71.85202,10.1995],[-71.85022,10.20167],[-71.84301,10.20759],[-71.84117,10.21355],[-71.82705,10.21361],[-71.8271,10.25197],[-71.82347,10.26206],[-71.83709,10.26342],[-71.82871,10.27207],[-71.82248,10.2813],[-71.81537,10.28664],[-71.80562,10.31344],[-71.8041,10.32397],[-71.78589,10.34292],[-71.76846,10.35685],[-71.75695,10.37001],[-71.7316,10.38728],[-71.71837,10.3954],[-71.70845,10.39992],[-71.702,10.41345],[-71.67699,10.41345],[-71.67699,10.44678],[-71.627,10.44678],[-71.62697,10.44332],[-71.56682,10.443],[-71.56679,10.43776]]]}},{"type":"Feature","properties":{"nombre":"GUARA ESTE","campo":"AYACUCHO","etiqueta":"A31","empresa":"PETROLERA BIELOVENEZOLANA ORI.","pais":"BIELORUSIA","area_km2":88.44},"geometry":{"type":"Polygon","coordinates":[[[-63.96142,8.99953],[-63.95996,8.99893],[-63.95912,8.99942],[-63.95704,8.99815],[-63.95525,8.99883],[-63.95199,8.99692],[-63.94715,8.99548],[-63.94594,8.99621],[-63.94461,8.99573],[-63.9434,8.99621],[-63.9383,8.99294],[-63.93458,8.99232],[-63.92689,8.98966],[-63.92516,8.99014],[-63.92519,8.98823],[-63.89734,8.98786],[-63.89993,8.98246],[-63.89069,8.98243],[-63.8907,8.97596],[-63.87942,8.97594],[-63.87951,8.96148],[-63.89115,8.96153],[-63.89117,8.9571],[-63.90972,8.95708],[-63.90965,8.95192],[-63.95166,8.9519],[-63.95165,8.9302],[-63.97666,8.93011],[-63.97663,8.91356],[-63.99322,8.9135],[-64.05144,8.96534],[-64.03641,8.98224],[-64.01595,8.96408],[-64.00079,8.98092],[-63.99478,8.97557],[-63.97476,8.9978],[-63.97301,8.99698],[-63.97168,8.99806],[-63.96963,8.99783],[-63.96661,8.99892],[-63.96468,8.99868],[-63.96142,8.99953]]]}},{"type":"Feature","properties":{"nombre":"ZUMANO","campo":"AYACUCHO","etiqueta":"A30","empresa":"PETROZUMANO","pais":"VENEZUELA","caracteristica":"PETROZUMANO","area_km2":428.59},"geometry":{"type":"Polygon","coordinates":[[[-63.68234,9.25405],[-63.67886,9.24701],[-63.65859,9.24702],[-63.62897,9.26141],[-63.62043,9.2441],[-63.63247,9.23825],[-63.61549,9.23828],[-63.61544,9.21347],[-63.6266,9.21346],[-63.62658,9.1968],[-63.67665,9.1967],[-63.67662,9.18013],[-63.71684,9.18005],[-63.71682,9.17069],[-63.75161,9.17062],[-63.75157,9.15341],[-63.77664,9.15335],[-63.77663,9.14679],[-63.80165,9.14673],[-63.80157,9.11346],[-63.80687,9.11346],[-63.80687,9.11426],[-63.88543,9.11445],[-63.88548,9.09533],[-63.92533,9.09542],[-63.92578,9.08522],[-63.96621,9.08532],[-63.96414,9.15455],[-63.97968,9.1547],[-63.98147,9.1557],[-63.97957,9.15855],[-63.98,9.16002],[-63.97725,9.16203],[-63.97725,9.16403],[-63.97572,9.16482],[-63.98582,9.16484],[-63.98581,9.17126],[-64.01092,9.17131],[-64.0109,9.17934],[-64.03068,9.17938],[-64.03073,9.19681],[-64.01668,9.19685],[-64.01669,9.20258],[-63.98194,9.20268],[-63.98196,9.21346],[-63.96977,9.21349],[-63.9697,9.187],[-63.95532,9.18704],[-63.95529,9.17742],[-63.92202,9.1775],[-63.92199,9.16333],[-63.90164,9.16338],[-63.90166,9.17358],[-63.88747,9.17361],[-63.88749,9.1798],[-63.87145,9.17984],[-63.87147,9.18751],[-63.85159,9.18756],[-63.85161,9.19458],[-63.84423,9.19456],[-63.84416,9.22371],[-63.8465,9.22302],[-63.84648,9.22995],[-63.80167,9.23005],[-63.80179,9.27981],[-63.67673,9.28007],[-63.67676,9.29675],[-63.65152,9.29679],[-63.65153,9.30461],[-63.65026,9.30461],[-63.63636,9.27641],[-63.68234,9.25405]]]}},{"type":"Feature","properties":{"nombre":"GOLFO DE PARIA OESTE","campo":"ORIENTE","etiqueta":"35","empresa":"PETROSUCRE","pais":"ITALIA","area_km2":379.1},"geometry":{"type":"Polygon","coordinates":[[[-62.25158,10.0272],[-62.25158,10.02277],[-62.25464,10.02277],[-62.25471,10.00226],[-62.2935,10.00236],[-62.29914,9.99673],[-62.30335,9.98495],[-62.32355,9.985],[-62.32352,9.99682],[-62.37659,9.99683],[-62.37659,10.24683],[-62.25158,10.24683],[-62.25158,10.0272]]]}},{"type":"Feature","properties":{"nombre":"BLOQUE PUNTA PESCADOR","campo":"ORIENTE","etiqueta":"PUNTA PESCADOR","pais":"ITALIA","area_km2":927.83},"geometry":{"type":"Polygon","coordinates":[[[-61.60155,9.78015],[-61.60155,9.71349],[-61.79712,9.71349],[-61.79723,9.72787],[-61.79683,9.73213],[-61.7949,9.74009],[-61.79418,9.74645],[-61.79467,9.74979],[-61.79694,9.75274],[-61.80168,9.75488],[-61.80527,9.7555],[-61.80977,9.75488],[-61.81253,9.75383],[-61.81505,9.75256],[-61.81762,9.7502],[-61.82366,9.74061],[-61.83046,9.73432],[-61.83812,9.7328],[-61.84494,9.73269],[-61.84774,9.73372],[-61.85124,9.73709],[-61.85343,9.74386],[-61.85621,9.76021],[-61.8592,9.76418],[-61.86221,9.76654],[-61.86553,9.76795],[-61.87028,9.76825],[-61.87656,9.76717],[-61.87656,9.86349],[-61.75156,9.86349],[-61.75156,9.88016],[-61.60155,9.88016],[-61.60155,9.97496],[-61.50271,9.96239],[-61.30154,9.89396],[-61.30154,9.83016],[-61.47654,9.83016],[-61.47654,9.81349],[-61.60155,9.81349],[-61.60155,9.78015]]]}},{"type":"Feature","properties":{"nombre":"TRAVIS NORTE","campo":"ORIENTE","etiqueta":"TRAVIS NORTE","empresa":"PDVSA","area_km2":214.95},"geometry":{"type":"Polygon","coordinates":[[[-63.56283,9.798],[-63.55304,9.77269],[-63.55457,9.77643],[-63.563,9.77308],[-63.55949,9.76439],[-63.57081,9.75989],[-63.56379,9.7425],[-63.57575,9.73775],[-63.57223,9.72905],[-63.5807,9.72569],[-63.57367,9.7083],[-63.6145,9.69209],[-63.62067,9.7074],[-63.66212,9.69093],[-63.65955,9.68455],[-63.6766,9.67776],[-63.67842,9.67819],[-63.67877,9.67968],[-63.68011,9.68035],[-63.68168,9.68215],[-63.68236,9.68218],[-63.68389,9.68103],[-63.68517,9.68194],[-63.68585,9.68162],[-63.68672,9.68201],[-63.68782,9.68364],[-63.68906,9.68409],[-63.68905,9.6848],[-63.69065,9.68506],[-63.69133,9.68764],[-63.69181,9.68779],[-63.69408,9.68667],[-63.69631,9.68669],[-63.69724,9.68798],[-63.69829,9.68828],[-63.6993,9.68944],[-63.69952,9.69069],[-63.7039,9.6907],[-63.70653,9.68906],[-63.70828,9.69016],[-63.70969,9.6899],[-63.71134,9.69073],[-63.71225,9.69026],[-63.71277,9.69117],[-63.7136,9.69134],[-63.71457,9.68953],[-63.71728,9.68919],[-63.71907,9.6894],[-63.7194,9.69075],[-63.72002,9.69111],[-63.7234,9.69098],[-63.72057,9.72272],[-63.71075,9.73576],[-63.73343,9.73795],[-63.73341,9.74414],[-63.75305,9.7442],[-63.75305,9.79798],[-63.56283,9.798]]]}},{"type":"Feature","properties":{"nombre":"ROBLOTE","campo":"ORIENTE","etiqueta":"ROBLOTE","area_km2":1243.22},"geometry":{"type":"Polygon","coordinates":[[[-65.0267,9.29679],[-65.0267,9.29002],[-65.04524,9.29133],[-65.04718,9.26433],[-65.04704,9.13658],[-65.04506,9.13589],[-65.04438,9.13393],[-65.04336,9.13456],[-65.04371,9.13686],[-65.04309,9.13697],[-65.04247,9.13669],[-65.04099,9.13446],[-65.03974,9.13407],[-65.03907,9.13436],[-65.03868,9.13548],[-65.0401,9.1371],[-65.04028,9.13805],[-65.03887,9.13834],[-65.03779,9.13739],[-65.03665,9.13471],[-65.0336,9.1345],[-65.03438,9.13332],[-65.0341,9.1327],[-65.0315,9.13216],[-65.03088,9.13261],[-65.0323,9.13473],[-65.03169,9.13518],[-65.02914,9.1338],[-65.02788,9.13038],[-65.0267,9.12912],[-65.0267,9.11345],[-65.30171,9.11345],[-65.30172,9.4968],[-65.0267,9.4968],[-65.0267,9.29679]]]}},{"type":"Feature","properties":{"nombre":"EL SALTO","campo":"CARABOBO","etiqueta":"C42","empresa":"PETRODELTA","pais":"VENEZUELA","caracteristica":"PETRODELTA","area_km2":470.37},"geometry":{"type":"Polygon","coordinates":[[[-63.03148,9.06626],[-63.02658,9.05756],[-63.02661,9.0635],[-62.97679,9.0635],[-62.97659,9.058],[-62.9705,9.0613],[-62.96965,9.05966],[-62.96619,9.05934],[-62.96524,9.05882],[-62.96346,9.05919],[-62.96479,9.05776],[-62.96277,9.05522],[-63.0021,9.03266],[-62.97522,8.98535],[-63.01435,8.96296],[-63.02151,8.97526],[-63.06504,8.95019],[-63.07661,8.97029],[-63.0766,8.91965],[-63.07884,8.91964],[-63.07887,8.92085],[-63.12477,8.92073],[-63.12476,8.91861],[-63.12477,8.92073],[-63.12459,8.86995],[-63.15239,8.86995],[-63.15242,8.85365],[-63.17679,8.85362],[-63.17678,8.8468],[-63.30162,8.84679],[-63.30162,8.87055],[-63.31725,8.89745],[-63.23952,8.94325],[-63.26555,8.98772],[-63.22183,9.01274],[-63.2261,9.0198],[-63.22562,9.02008],[-63.22924,9.02637],[-63.21096,9.02625],[-63.21094,9.03544],[-63.18863,9.03535],[-63.18863,9.03997],[-63.17719,9.03997],[-63.17719,9.03246],[-63.14885,9.03244],[-63.14883,9.00352],[-63.10162,9.00349],[-63.10162,9.03039],[-63.09979,9.02709],[-63.03148,9.06626]]]}},{"type":"Feature","properties":{"nombre":"BLOQUE 2 CHEVRON-PDVSA GAS","campo":"ORIENTE","etiqueta":"BLOQUE 2 CHEVRON-PDVSA GAS","empresa":"PDVSA","pais":"ESTADOS UNIDOS","area_km2":169.05},"geometry":{"type":"Polygon","coordinates":[[[-60.10148,9.92582],[-60.10148,9.9135],[-60.07648,9.9135],[-60.07648,9.88016],[-60.05148,9.88016],[-60.05148,9.79683],[-60.10148,9.79683],[-60.10148,9.8135],[-60.12648,9.8135],[-60.12648,9.83016],[-60.17648,9.83016],[-60.17648,9.84683],[-60.20149,9.84683],[-60.20149,9.88016],[-60.22649,9.88016],[-60.22649,9.8971],[-60.10148,9.92582]]]}},{"type":"Feature","properties":{"campo":"OCCIDENTE","area_km2":249.36},"geometry":{"type":"Polygon","coordinates":[[[-71.53282,10.53533],[-71.50976,10.53476],[-71.51047,10.52049],[-71.48335,10.51977],[-71.48549,10.49907],[-71.45979,10.50121],[-71.45846,10.45491],[-71.62699,10.45158],[-71.62725,10.49712],[-71.68165,10.49712],[-71.68251,10.58616],[-71.63311,10.58709],[-71.63325,10.56831],[-71.53317,10.57067],[-71.53282,10.53533]]]}},{"type":"Feature","properties":{"campo":"ORIENTE","area_km2":133.4},"geometry":{"type":"Polygon","coordinates":[[[-62.47937,10.99447],[-62.47616,10.99839],[-62.46831,10.99982],[-62.46367,10.99768],[-62.45903,10.99268],[-62.45332,10.98804],[-62.44368,10.98626],[-62.43262,10.98876],[-62.42869,10.99518],[-62.42441,10.99518],[-62.4212,10.98983],[-62.41263,10.98697],[-62.4087,10.98269],[-62.40156,10.98162],[-62.38443,10.9859],[-62.38158,10.98233],[-62.36837,10.9784],[-62.36659,10.96698],[-62.36159,10.96127],[-62.35517,10.96199],[-62.35517,10.96698],[-62.35409,10.97269],[-62.34838,10.97091],[-62.34267,10.9652],[-62.3391,10.95949],[-62.33375,10.95556],[-62.33125,10.95699],[-62.33089,10.96234],[-62.34053,10.97091],[-62.34446,10.97805],[-62.33803,10.98019],[-62.33339,10.97948],[-62.33089,10.96805],[-62.32447,10.95485],[-62.31805,10.95413],[-62.31555,10.95877],[-62.31626,10.9652],[-62.3209,10.96805],[-62.3284,10.97091],[-62.32804,10.97626],[-62.31947,10.97876],[-62.31412,10.97591],[-62.31055,10.97055],[-62.30698,10.97055],[-62.30127,10.9627],[-62.30091,10.94343],[-62.30591,10.93914],[-62.31233,10.93522],[-62.33768,10.93557],[-62.34374,10.93879],[-62.35017,10.93986],[-62.35481,10.93736],[-62.36088,10.93736],[-62.36159,10.942],[-62.36123,10.95128],[-62.36516,10.95378],[-62.36873,10.95164],[-62.36944,10.9445],[-62.36623,10.93629],[-62.36873,10.93236],[-62.3748,10.93486],[-62.38158,10.9395],[-62.38836,10.93986],[-62.39728,10.93736],[-62.40513,10.93736],[-62.4112,10.93914],[-62.41834,10.93807],[-62.42155,10.9345],[-62.42869,10.93093],[-62.43476,10.92665],[-62.44011,10.92522],[-62.44903,10.92558],[-62.45724,10.92951],[-62.4626,10.9345],[-62.46795,10.9345],[-62.4808,10.93557],[-62.49294,10.947],[-62.50329,10.94521],[-62.50543,10.93665],[-62.50579,10.92594],[-62.50971,10.92023],[-62.51578,10.91844],[-62.52185,10.9188],[-62.52863,10.91737],[-62.53113,10.90595],[-62.53648,10.90202],[-62.54469,10.9006],[-62.5479,10.90417],[-62.55397,10.9163],[-62.5504,10.92737],[-62.55111,10.93343],[-62.55433,10.93593],[-62.56111,10.93986],[-62.55932,10.9445],[-62.53969,10.94807],[-62.5347,10.94485],[-62.53755,10.93914],[-62.5429,10.93415],[-62.5429,10.92951],[-62.53684,10.92915],[-62.53362,10.9345],[-62.53077,10.93807],[-62.5247,10.942],[-62.51792,10.94807],[-62.51257,10.95592],[-62.5115,10.96092],[-62.52506,10.96913],[-62.52256,10.97412],[-62.51649,10.97484],[-62.50721,10.97733],[-62.50222,10.98126],[-62.49472,10.98055],[-62.48937,10.98519],[-62.48723,10.98983],[-62.48615,10.99661],[-62.47937,10.99447]]]}},{"type":"Feature","properties":{"campo":"ORIENTE","area_km2":225.9},"geometry":{"type":"Polygon","coordinates":[[[-62.19634,11.14164],[-62.19336,11.1458],[-62.19009,11.14788],[-62.18355,11.15056],[-62.17343,11.15175],[-62.16302,11.14937],[-62.15945,11.14253],[-62.15767,11.13717],[-62.16273,11.13242],[-62.16838,11.12944],[-62.17819,11.12676],[-62.18533,11.12111],[-62.18474,11.11308],[-62.18027,11.10594],[-62.17046,11.10505],[-62.15916,11.10594],[-62.15142,11.10981],[-62.14845,11.11397],[-62.1428,11.11576],[-62.14042,11.11249],[-62.13536,11.1107],[-62.12912,11.11368],[-62.11603,11.12557],[-62.1083,11.12766],[-62.10027,11.12647],[-62.09432,11.12201],[-62.09164,11.11665],[-62.09134,11.10922],[-62.09402,11.10089],[-62.09818,11.09702],[-62.09937,11.09048],[-62.0964,11.08661],[-62.09908,11.08096],[-62.108,11.0759],[-62.11424,11.07412],[-62.12019,11.07352],[-62.11871,11.06906],[-62.11365,11.06222],[-62.1083,11.053],[-62.10354,11.042],[-62.10175,11.03278],[-62.10443,11.02861],[-62.10978,11.03188],[-62.11573,11.03634],[-62.12168,11.03426],[-62.12584,11.03397],[-62.12912,11.03664],[-62.13417,11.03664],[-62.13388,11.03218],[-62.13507,11.02683],[-62.13923,11.02683],[-62.1428,11.0301],[-62.14994,11.03248],[-62.15261,11.03545],[-62.15232,11.04378],[-62.15499,11.04943],[-62.15916,11.05003],[-62.16035,11.03843],[-62.16124,11.03397],[-62.16421,11.03426],[-62.16838,11.03724],[-62.17552,11.03932],[-62.17938,11.03634],[-62.1773,11.03397],[-62.17165,11.03188],[-62.17403,11.02921],[-62.17343,11.02593],[-62.16659,11.02564],[-62.15916,11.02147],[-62.15945,11.01761],[-62.16273,11.01196],[-62.16838,11.0072],[-62.17314,11.00392],[-62.17224,10.99887],[-62.16749,10.99768],[-62.16094,10.9947],[-62.16392,10.98935],[-62.16867,10.98638],[-62.16778,10.97626],[-62.17641,10.97388],[-62.21032,10.97121],[-62.21864,10.96764],[-62.22816,10.96704],[-62.23352,10.97299],[-62.23114,10.98429],[-62.22311,10.98816],[-62.21745,10.99351],[-62.21478,11.00244],[-62.21716,11.00958],[-62.2237,11.01106],[-62.22905,11.0063],[-62.23292,11.00482],[-62.23798,11.00601],[-62.26921,11.02088],[-62.26921,11.03486],[-62.2701,11.04051],[-62.27724,11.04675],[-62.28051,11.0536],[-62.27991,11.06014],[-62.27694,11.0649],[-62.27635,11.07233],[-62.27426,11.0759],[-62.27426,11.08602],[-62.26891,11.09167],[-62.2588,11.09405],[-62.2466,11.09583],[-62.22132,11.09583],[-62.21626,11.10029],[-62.21388,11.10684],[-62.21359,11.11487],[-62.21894,11.11844],[-62.22311,11.12409],[-62.22102,11.12944],[-62.20496,11.13896],[-62.19634,11.14164]]]}},{"type":"Feature","properties":{"campo":"ORIENTE","area_km2":335.65},"geometry":{"type":"Polygon","coordinates":[[[-62.02297,11.08776],[-62.01764,11.08662],[-62.01764,11.08983],[-62.01443,11.09626],[-62.0055,11.0984],[-62.00943,11.10268],[-62.013,11.11267],[-62.00051,11.1166],[-61.98837,11.11624],[-61.97731,11.11696],[-61.97017,11.12124],[-61.96053,11.12302],[-61.94661,11.12302],[-61.93769,11.12124],[-61.92984,11.11517],[-61.92305,11.1091],[-61.92555,11.10339],[-61.93983,11.10482],[-61.94447,11.10304],[-61.94447,11.09733],[-61.94197,11.09411],[-61.93733,11.09697],[-61.93198,11.09733],[-61.93162,11.09269],[-61.93519,11.08698],[-61.94483,11.0752],[-61.94447,11.06842],[-61.94019,11.06449],[-61.9252,11.07841],[-61.91592,11.08448],[-61.90414,11.0884],[-61.88843,11.08912],[-61.87665,11.08769],[-61.85952,11.08662],[-61.85345,11.09162],[-61.84667,11.09626],[-61.84417,11.10161],[-61.84382,11.10875],[-61.84774,11.11589],[-61.85024,11.12231],[-61.84275,11.12195],[-61.83204,11.12267],[-61.82526,11.12838],[-61.81919,11.13516],[-61.81634,11.14266],[-61.81027,11.14979],[-61.8017,11.14837],[-61.79314,11.14408],[-61.7835,11.14444],[-61.77372,11.14725],[-61.76569,11.14606],[-61.76361,11.1407],[-61.75974,11.13416],[-61.75409,11.13059],[-61.74933,11.13],[-61.74219,11.12643],[-61.73624,11.12256],[-61.72851,11.1184],[-61.72881,11.09282],[-61.72762,11.06664],[-61.7291,11.05147],[-61.73208,11.04404],[-61.73922,11.04255],[-61.74814,11.04255],[-61.77164,11.04434],[-61.78383,11.04196],[-61.80316,11.03541],[-61.81239,11.03571],[-61.85046,11.04017],[-61.86116,11.04255],[-61.87247,11.04255],[-61.8799,11.04463],[-61.88377,11.05028],[-61.88645,11.0604],[-61.8912,11.06962],[-61.89656,11.07021],[-61.89953,11.06307],[-61.89894,11.05475],[-61.89745,11.04612],[-61.89537,11.03928],[-61.8918,11.03422],[-61.87752,11.03274],[-61.87693,11.02798],[-61.8802,11.0256],[-61.88645,11.02352],[-61.89864,11.02352],[-61.90875,11.02411],[-61.92303,11.02708],[-61.93017,11.03303],[-61.94207,11.03541],[-61.98043,11.02024],[-61.99055,11.01221],[-61.99917,11.00716],[-62.00661,11.00418],[-62.01018,11.01013],[-62.00215,11.01846],[-61.99144,11.025],[-61.98579,11.03095],[-61.98787,11.03601],[-61.9959,11.03274],[-62.00899,11.02827],[-62.01851,11.02352],[-62.02654,11.01846],[-62.03814,11.00329],[-62.04468,10.99883],[-62.05033,11.00091],[-62.04974,11.00626],[-62.04379,11.01073],[-62.04171,11.01667],[-62.0426,11.02173],[-62.04676,11.0253],[-62.05569,11.02292],[-62.06788,11.01757],[-62.07353,11.01043],[-62.08335,11.00686],[-62.08811,11.014],[-62.08989,11.02411],[-62.0893,11.03095],[-62.08483,11.03006],[-62.08037,11.02827],[-62.07918,11.03095],[-62.07888,11.03512],[-62.06966,11.04285],[-62.06996,11.05207],[-62.07204,11.06248],[-62.0768,11.06664],[-62.08602,11.072],[-62.08275,11.07973],[-62.07026,11.08627],[-62.06372,11.08836],[-62.05628,11.09311],[-62.04736,11.09311],[-62.03635,11.09133],[-62.02297,11.08776]]]}},{"type":"Feature","properties":{"nombre":"SAN RAMON","campo":"OCCIDENTE","etiqueta":"SAN RAMON","area_km2":248.17},"geometry":{"type":"Polygon","coordinates":[[[-71.68251,10.58616],[-71.68165,10.49712],[-71.83434,10.49713],[-71.83791,10.60083],[-71.80722,10.60226],[-71.80433,10.63902],[-71.68229,10.6351],[-71.68372,10.60012],[-71.68251,10.58616]]]}},{"type":"Feature","properties":{"campo":"OCCIDENTE","area_km2":23.62},"geometry":{"type":"Polygon","coordinates":[[[-71.85224,10.49713],[-71.85385,10.55324],[-71.85623,10.60283],[-71.85,10.60283],[-71.83791,10.60083],[-71.83291,10.49713],[-71.85224,10.49713]]]}},{"type":"Feature","properties":{"nombre":"SUR TIA JUANA LAGO","campo":"OCCIDENTE","etiqueta":"SUR TIA JUANA LAGO","area_km2":204.63},"geometry":{"type":"Polygon","coordinates":[[[-71.42285,10.06093],[-71.4752,10.0595],[-71.47577,10.06857],[-71.47505,10.06906],[-71.4753,10.1019],[-71.43415,10.13549],[-71.44446,10.15411],[-71.44543,10.15411],[-71.47518,10.20964],[-71.46595,10.22388],[-71.46585,10.24568],[-71.47342,10.25076],[-71.47901,10.26223],[-71.38509,10.26201],[-71.38007,10.25429],[-71.37912,10.23409],[-71.36859,10.21633],[-71.36669,10.1899],[-71.36187,10.17516],[-71.36938,10.17491],[-71.36583,10.10452],[-71.38428,10.09639],[-71.40665,10.09829],[-71.40617,10.08877],[-71.42473,10.08877],[-71.42285,10.06093]]]}},{"type":"Feature","properties":{"campo":"ORIENTE","area_km2":190.92},"geometry":{"type":"Polygon","coordinates":[[[-64.11522,9.15319],[-64.1152,9.09583],[-64.07891,9.09404],[-64.07891,9.08215],[-64.05631,9.08036],[-64.05561,9.06949],[-64.05724,9.06946],[-64.07641,9.04818],[-64.09239,9.0624],[-64.1046,9.04883],[-64.12201,9.04886],[-64.12199,9.06217],[-64.1604,9.06222],[-64.11255,9.01967],[-64.14145,8.98759],[-64.14858,8.99392],[-64.16033,8.98017],[-64.16373,8.98315],[-64.16673,8.9798],[-64.17014,8.98279],[-64.17619,8.97608],[-64.18298,8.98208],[-64.18602,8.97871],[-64.19279,8.98474],[-64.17589,9.00334],[-64.17612,9.06278],[-64.2517,9.06253],[-64.25171,9.11158],[-64.20174,9.11175],[-64.20187,9.14838],[-64.14009,9.14858],[-64.1401,9.15305],[-64.11522,9.15319]]]}},{"type":"Feature","properties":{"nombre":"QUIRIQUIRE GAS","campo":"ORIENTE","etiqueta":"QUIRIQUIRE GAS","empresa":"PETROQUIRIQUIRE","pais":"ESPAÑA","area_km2":93.4},"geometry":{"type":"Polygon","coordinates":[[[-63.23506,9.93217],[-63.25632,9.93216],[-63.25633,9.93896],[-63.2628,9.93897],[-63.26282,9.96284],[-63.25521,9.96285],[-63.25521,9.96828],[-63.24508,9.96828],[-63.24509,9.97344],[-63.23496,9.97344],[-63.23497,9.97914],[-63.22457,9.97915],[-63.22457,9.98484],[-63.21417,9.98485],[-63.21418,9.99055],[-63.20378,9.99055],[-63.20378,9.99625],[-63.19338,9.99626],[-63.19339,10.00195],[-63.18244,10.00196],[-63.18244,10.00793],[-63.17177,10.00793],[-63.17177,10.01336],[-63.16192,10.01336],[-63.16192,10.01879],[-63.15125,10.01879],[-63.15125,10.02449],[-63.14113,10.0245],[-63.14113,10.02992],[-63.131,10.02993],[-63.131,10.03318],[-63.09214,10.03319],[-63.09213,9.99766],[-63.10198,9.99765],[-63.10198,9.9925],[-63.11269,9.99244],[-63.11269,9.98741],[-63.12303,9.98741],[-63.12303,9.98237],[-63.13337,9.98237],[-63.13337,9.97743],[-63.1439,9.97743],[-63.1439,9.97239],[-63.15415,9.97239],[-63.15414,9.96745],[-63.1643,9.96745],[-63.16429,9.9626],[-63.17445,9.96259],[-63.17445,9.95765],[-63.18441,9.95765],[-63.18441,9.9529],[-63.19447,9.95289],[-63.19446,9.94795],[-63.20462,9.94794],[-63.20461,9.94301],[-63.21477,9.943],[-63.21476,9.93815],[-63.2251,9.93815],[-63.2251,9.93321],[-63.23506,9.9332],[-63.23506,9.93217]]]}},{"type":"Feature","properties":{"campo":"ORIENTE","empresa":"PDVSA","area_km2":1185.5},"geometry":{"type":"MultiPolygon","coordinates":[[[[-61.47868,9.79934],[-61.5878,9.7991],[-61.60155,9.79961],[-61.60155,9.81349],[-61.47654,9.81349],[-61.47868,9.79934]]],[[[-61.88308,9.98446],[-61.81765,9.98089],[-61.7415,9.98208],[-61.68559,9.98446],[-61.65109,9.98803],[-61.61852,9.98446],[-61.58746,9.98339],[-61.54606,9.97732],[-61.50395,9.97018],[-61.46897,9.96054],[-61.38509,9.93128],[-61.33726,9.91165],[-61.30154,9.89396],[-61.50271,9.96239],[-61.60155,9.97496],[-61.60155,9.88016],[-61.75156,9.88016],[-61.75156,9.86349],[-61.87656,9.86349],[-61.87656,9.76717],[-61.87028,9.76825],[-61.86553,9.76795],[-61.86221,9.76654],[-61.8592,9.76418],[-61.85621,9.76021],[-61.85343,9.74386],[-61.85124,9.73709],[-61.84774,9.73372],[-61.84494,9.73269],[-61.83812,9.7328],[-61.83046,9.73432],[-61.82366,9.74061],[-61.81762,9.7502],[-61.81505,9.75256],[-61.81253,9.75383],[-61.80977,9.75488],[-61.80527,9.7555],[-61.80168,9.75488],[-61.79694,9.75274],[-61.79467,9.74979],[-61.79418,9.74645],[-61.7949,9.74009],[-61.79683,9.73213],[-61.79723,9.72787],[-61.79712,9.71349],[-61.60155,9.71349],[-61.60155,9.78015],[-61.58024,9.77893],[-61.5781,9.73253],[-61.55382,9.73182],[-61.55311,9.68685],[-61.52313,9.68328],[-61.52527,9.66829],[-61.75159,9.66345],[-61.87652,9.66349],[-62.00711,9.66757],[-62.00206,10.00111],[-61.94019,9.9916],[-61.88308,9.98446]]]]}},{"type":"Feature","properties":{"campo":"ORIENTE","area_km2":80.62},"geometry":{"type":"Polygon","coordinates":[[[-64.38695,9.23047],[-64.387,9.17241],[-64.40974,9.17243],[-64.40976,9.15887],[-64.45387,9.1589],[-64.4539,9.16666],[-64.49209,9.16699],[-64.49229,9.21339],[-64.47612,9.21345],[-64.47619,9.23012],[-64.38695,9.23047]]]}},{"type":"Feature","properties":{"nombre":"ROSARIO COLON","campo":"OCCIDENTE","etiqueta":"BARIPETROL","empresa":"BARIPETROL","pais":"ESPAÑA","caracteristica":"BARIPETROL","area_km2":1298.22},"geometry":{"type":"Polygon","coordinates":[[[-72.66492,8.66836],[-72.66627,8.67429],[-72.63932,8.67413],[-72.63904,8.71931],[-72.62087,8.7192],[-72.61799,9.16202],[-72.58616,9.16181],[-72.58522,9.30014],[-72.51244,9.29964],[-72.51509,8.91733],[-72.4015,8.91656],[-72.40226,8.80813],[-72.45677,8.8085],[-72.45872,8.51902],[-72.54753,8.51991],[-72.60358,8.58359],[-72.63087,8.60384],[-72.63868,8.60779],[-72.65416,8.6231],[-72.66492,8.66836]]]}},{"type":"Feature","properties":{"nombre":"BLOQUE I","campo":"OCCIDENTE","etiqueta":"PETROPERIJA S.A.","empresa":"PETROPERIJA S.A.","area_km2":1629.34},"geometry":{"type":"Polygon","coordinates":[[[-72.24285,10.04868],[-72.22711,10.06088],[-72.19951,10.07516],[-72.18809,10.07992],[-72.18095,10.08467],[-72.17667,10.09277],[-72.17477,10.10514],[-72.1662,10.11561],[-72.11338,10.167],[-72.08911,10.19461],[-72.10195,10.22601],[-72.24187,10.14797],[-72.3123,10.10657],[-72.24285,10.04868],[-72.30203,10.04917],[-72.30492,9.69495],[-72.55205,9.69681],[-72.55108,9.83014],[-72.62705,9.83068],[-72.62525,10.08013],[-72.45206,10.07884],[-72.4514,10.16347],[-72.37706,10.16289],[-72.3759,10.30343],[-72.07554,10.30085],[-72.0757,10.28439],[-72.05929,10.28424],[-72.06146,10.04712],[-72.24285,10.04868]],[[-72.407,10.13655],[-72.40891,10.01377],[-72.58213,10.01948],[-72.58499,9.94048],[-72.47553,9.94048],[-72.48029,9.72442],[-72.38797,9.72157],[-72.38987,9.86624],[-72.34323,9.86434],[-72.34514,9.93572],[-72.4346,9.93762],[-72.43556,9.9757],[-72.32229,9.97474],[-72.31944,10.1356],[-72.407,10.13655]]]}},{"type":"Feature","properties":{"nombre":"BACHAQUERO TIERRA-LAGUNILLAS TIERRA","campo":"OCCIDENTE","etiqueta":"64","empresa":"PETROZAMORA","pais":"RUSIA","caracteristica":"PETROZAMORA","area_km2":698.9},"geometry":{"type":"Polygon","coordinates":[[[-71.30523,10.23915],[-71.30522,10.22108],[-71.28697,10.22108],[-71.28697,10.203],[-71.25958,10.20301],[-71.25958,10.19397],[-71.24133,10.19397],[-71.24133,10.19691],[-71.22691,10.19691],[-71.22691,10.21358],[-71.20191,10.21358],[-71.20191,10.23024],[-71.17691,10.23024],[-71.17691,10.19691],[-71.20191,10.19691],[-71.20191,10.18024],[-71.21628,10.18024],[-71.21628,10.16478],[-71.19803,10.16478],[-71.19803,10.1467],[-71.1889,10.1467],[-71.1889,10.12862],[-71.17978,10.12862],[-71.17978,10.1126],[-71.11359,10.11259],[-71.11358,10.13067],[-71.10446,10.13067],[-71.10446,10.13024],[-71.0769,10.13024],[-71.0769,10.09691],[-71.0519,10.09691],[-71.0519,10.08024],[-71.0269,10.08024],[-71.0269,10.04691],[-70.9769,10.04691],[-70.9769,10.03024],[-71.0019,10.03024],[-71.0019,9.99691],[-70.9769,9.99691],[-70.9769,9.98024],[-70.9519,9.98024],[-70.9519,9.96358],[-70.9769,9.96358],[-70.9769,9.93024],[-70.97796,9.93024],[-70.97802,9.9138],[-70.95053,9.9138],[-70.95053,9.89551],[-70.94224,9.89551],[-70.94223,9.89108],[-70.94973,9.89107],[-70.96723,9.88417],[-70.96446,9.87726],[-71.0019,9.87728],[-71.0019,9.83024],[-71.0269,9.83024],[-71.0269,9.88024],[-71.0519,9.88024],[-71.0519,9.89691],[-71.05872,9.89691],[-71.05871,9.89558],[-71.07717,9.89559],[-71.07718,9.87751],[-71.0863,9.87752],[-71.0863,9.87887],[-71.09542,9.87888],[-71.09542,9.88973],[-71.10225,9.88973],[-71.10225,9.8956],[-71.10453,9.89561],[-71.10453,9.90013],[-71.10909,9.90013],[-71.10909,9.90591],[-71.11364,9.90591],[-71.11364,9.9155],[-71.11971,9.9155],[-71.1197,9.92183],[-71.12458,9.92183],[-71.12458,9.93177],[-71.13188,9.93178],[-71.13188,9.93569],[-71.13771,9.93569],[-71.13771,9.94342],[-71.14451,9.94342],[-71.14451,9.94986],[-71.15011,9.94986],[-71.15011,9.95341],[-71.15483,9.95341],[-71.15483,9.95738],[-71.15923,9.95739],[-71.15923,9.963],[-71.16835,9.963],[-71.16835,9.96856],[-71.17747,9.96856],[-71.17747,9.97111],[-71.2026,9.97111],[-71.2026,9.97319],[-71.20939,9.97319],[-71.20939,9.97699],[-71.21094,9.97699],[-71.21094,9.98603],[-71.21274,9.98603],[-71.21274,10.00411],[-71.21754,10.00411],[-71.21754,10.01858],[-71.22444,10.01858],[-71.22444,10.03047],[-71.23239,10.03047],[-71.23239,10.03263],[-71.23317,10.03263],[-71.23317,10.03354],[-71.23417,10.03354],[-71.23417,10.0377],[-71.23515,10.0377],[-71.23515,10.04158],[-71.23668,10.04158],[-71.23668,10.04448],[-71.23547,10.04448],[-71.23547,10.04764],[-71.2358,10.04764],[-71.2358,10.05189],[-71.2364,10.05189],[-71.2364,10.05867],[-71.23695,10.05867],[-71.23695,10.06428],[-71.23793,10.06428],[-71.23793,10.06816],[-71.23862,10.06816],[-71.23862,10.07255],[-71.2394,10.07255],[-71.2394,10.0739],[-71.24012,10.0739],[-71.24012,10.07643],[-71.24076,10.07643],[-71.24076,10.07851],[-71.24145,10.07851],[-71.24145,10.08032],[-71.24216,10.08032],[-71.24216,10.08394],[-71.24357,10.08394],[-71.24357,10.08539],[-71.24426,10.08539],[-71.24426,10.08819],[-71.24515,10.08819],[-71.24515,10.08954],[-71.24588,10.08954],[-71.24588,10.09153],[-71.24696,10.09153],[-71.24696,10.09479],[-71.24834,10.09479],[-71.24834,10.09669],[-71.24935,10.09669],[-71.24935,10.0994],[-71.2504,10.0994],[-71.2504,10.10161],[-71.25128,10.10161],[-71.25128,10.10432],[-71.25226,10.10432],[-71.25226,10.1064],[-71.25295,10.1064],[-71.25295,10.10912],[-71.25467,10.10912],[-71.25467,10.11332],[-71.25674,10.11332],[-71.25675,10.11558],[-71.25793,10.11558],[-71.25793,10.11811],[-71.25933,10.11811],[-71.25933,10.12109],[-71.26005,10.12109],[-71.26005,10.12406],[-71.26193,10.12406],[-71.26193,10.1261],[-71.26312,10.1261],[-71.26312,10.12764],[-71.26418,10.12764],[-71.26418,10.12881],[-71.265,10.12881],[-71.265,10.13206],[-71.26708,10.13206],[-71.26708,10.13487],[-71.26872,10.13487],[-71.26872,10.13667],[-71.26979,10.13667],[-71.26979,10.13799],[-71.27075,10.13799],[-71.27075,10.13939],[-71.27187,10.13939],[-71.27187,10.1421],[-71.27378,10.1421],[-71.27378,10.14436],[-71.27486,10.14436],[-71.27526,10.14908],[-71.27731,10.14908],[-71.27696,10.14948],[-71.27696,10.1524],[-71.27951,10.1524],[-71.27915,10.15281],[-71.27915,10.15543],[-71.28092,10.15543],[-71.28092,10.1567],[-71.28252,10.1567],[-71.28252,10.15851],[-71.28426,10.15851],[-71.28401,10.1614],[-71.28513,10.1614],[-71.28513,10.16321],[-71.28661,10.16321],[-71.28661,10.16477],[-71.28745,10.16477],[-71.28745,10.16586],[-71.28951,10.16585],[-71.28951,10.16721],[-71.29132,10.16721],[-71.29132,10.16784],[-71.29205,10.16784],[-71.29205,10.1692],[-71.29276,10.1692],[-71.29276,10.1702],[-71.29467,10.1702],[-71.29467,10.17118],[-71.29708,10.17164],[-71.29708,10.17381],[-71.30024,10.17381],[-71.30025,10.18024],[-71.3066,10.18024],[-71.31434,10.18622],[-71.31434,10.19395],[-71.32593,10.19395],[-71.32593,10.19691],[-71.33241,10.19691],[-71.3425,10.20312],[-71.34299,10.2041],[-71.34798,10.20769],[-71.348,10.2103],[-71.34172,10.21031],[-71.34173,10.22106],[-71.32347,10.22107],[-71.32348,10.23915],[-71.30523,10.23915]]]}},{"type":"Feature","properties":{"nombre":"BARUA-MOTATAN","campo":"OCCIDENTE","etiqueta":"2","empresa":"PETROQUIRIQUIRE OCC","pais":"ESPAÑA","caracteristica":"PETROQUIRIQUIRE OCC","area_km2":432.23},"geometry":{"type":"Polygon","coordinates":[[[-70.83832,9.53887],[-70.93406,9.53888],[-70.93406,9.58449],[-70.94629,9.58434],[-70.94629,9.61341],[-70.95182,9.61341],[-70.95182,9.66341],[-70.93285,9.66341],[-70.95464,9.69315],[-70.93916,9.70431],[-70.92882,9.6902],[-70.83543,9.7575],[-70.77578,9.676],[-70.79544,9.66184],[-70.75633,9.60837],[-70.77771,9.59297],[-70.75926,9.56774],[-70.76958,9.5603],[-70.75977,9.54689],[-70.75608,9.54954],[-70.73825,9.52515],[-70.75299,9.51453],[-70.73728,9.49304],[-70.7815,9.46118],[-70.83832,9.53887]]]}},{"type":"Feature","properties":{"nombre":"MENE GRANDE","campo":"OCCIDENTE","etiqueta":"8","empresa":"PETROQUIRIQUIRE OCC","pais":"ESPAÑA","caracteristica":"PETROQUIRIQUIRE OCC","area_km2":123.4},"geometry":{"type":"Polygon","coordinates":[[[-70.88615,9.8272],[-70.89107,9.82365],[-70.88571,9.81634],[-70.89062,9.8128],[-70.88527,9.80548],[-70.89018,9.80194],[-70.88215,9.79097],[-70.88706,9.78742],[-70.88171,9.78011],[-70.88662,9.77657],[-70.85984,9.73999],[-70.92865,9.6904],[-70.96883,9.74525],[-70.93086,9.77262],[-70.97105,9.82756],[-70.94647,9.84519],[-70.94486,9.843],[-70.93503,9.85008],[-70.91772,9.82646],[-70.91145,9.83098],[-70.92876,9.8546],[-70.91893,9.86169],[-70.92054,9.86388],[-70.91562,9.86742],[-70.88615,9.8272]]]}},{"type":"Feature","properties":{"nombre":"CABIMAS","campo":"OCCIDENTE","etiqueta":"14","empresa":"PETROCABIMAS","pais":"VENEZUELA","caracteristica":"PETROCABIMAS","area_km2":135.97},"geometry":{"type":"Polygon","coordinates":[[[-71.41259,10.31527],[-71.41375,10.31527],[-71.41376,10.31948],[-71.41548,10.31948],[-71.41548,10.32076],[-71.41596,10.32076],[-71.41611,10.32781],[-71.41643,10.32781],[-71.41754,10.33173],[-71.41796,10.33173],[-71.41796,10.33245],[-71.41846,10.33245],[-71.41846,10.33316],[-71.41884,10.33316],[-71.41939,10.33584],[-71.41988,10.33584],[-71.41988,10.33654],[-71.42026,10.33654],[-71.42171,10.34236],[-71.42261,10.34236],[-71.42261,10.34336],[-71.42323,10.34336],[-71.42709,10.34895],[-71.42709,10.34956],[-71.42757,10.34956],[-71.42935,10.35208],[-71.42935,10.35368],[-71.43038,10.35368],[-71.43039,10.35613],[-71.43137,10.35612],[-71.43137,10.35839],[-71.43272,10.35839],[-71.43272,10.36067],[-71.43446,10.36067],[-71.43446,10.36138],[-71.43519,10.36138],[-71.43584,10.36255],[-71.43651,10.36255],[-71.43651,10.36364],[-71.43764,10.36363],[-71.43764,10.36461],[-71.43893,10.36461],[-71.43893,10.36517],[-71.43972,10.36517],[-71.43972,10.36586],[-71.4405,10.36586],[-71.4405,10.36637],[-71.44208,10.36683],[-71.44208,10.36735],[-71.4429,10.36735],[-71.4429,10.36781],[-71.44372,10.36781],[-71.44372,10.36847],[-71.44604,10.36886],[-71.44604,10.37008],[-71.44786,10.37064],[-71.44787,10.37245],[-71.44907,10.37245],[-71.44907,10.3737],[-71.45092,10.3737],[-71.45092,10.37427],[-71.4516,10.37426],[-71.4516,10.37493],[-71.45257,10.37492],[-71.45258,10.37558],[-71.45358,10.37557],[-71.45358,10.3786],[-71.45848,10.37896],[-71.45848,10.38052],[-71.45922,10.38052],[-71.45922,10.38248],[-71.46139,10.38247],[-71.46139,10.38442],[-71.46337,10.38442],[-71.46337,10.38611],[-71.46655,10.38642],[-71.46655,10.38776],[-71.46828,10.38776],[-71.46828,10.38871],[-71.47041,10.38871],[-71.47041,10.38966],[-71.47269,10.38965],[-71.47269,10.39044],[-71.47498,10.39044],[-71.47498,10.3909],[-71.47734,10.3909],[-71.47734,10.3914],[-71.47974,10.39164],[-71.47974,10.39279],[-71.47849,10.39279],[-71.47849,10.39462],[-71.47718,10.39462],[-71.47718,10.39652],[-71.47611,10.39652],[-71.47611,10.3984],[-71.47466,10.3984],[-71.47466,10.40064],[-71.47364,10.40064],[-71.47364,10.40263],[-71.47267,10.40263],[-71.47267,10.40472],[-71.4717,10.40472],[-71.47171,10.4067],[-71.4706,10.4067],[-71.4706,10.40896],[-71.46944,10.40896],[-71.46944,10.41105],[-71.46851,10.41105],[-71.46851,10.41346],[-71.46767,10.41346],[-71.46702,10.42034],[-71.46739,10.42034],[-71.46739,10.42269],[-71.46844,10.42269],[-71.46811,10.4263],[-71.46715,10.4263],[-71.46715,10.42742],[-71.46586,10.42742],[-71.46587,10.42942],[-71.46484,10.42942],[-71.46484,10.43164],[-71.46325,10.43165],[-71.46326,10.43383],[-71.46143,10.43384],[-71.46143,10.43554],[-71.45882,10.43555],[-71.45883,10.43782],[-71.45754,10.43782],[-71.45754,10.4395],[-71.45151,10.4395],[-71.45151,10.44854],[-71.43324,10.44856],[-71.43325,10.45598],[-71.41498,10.45599],[-71.41497,10.43953],[-71.40753,10.43953],[-71.40752,10.43052],[-71.40508,10.43052],[-71.40507,10.42148],[-71.40263,10.42148],[-71.40263,10.41244],[-71.3646,10.41269],[-71.36493,10.45602],[-71.33278,10.45603],[-71.33274,10.34754],[-71.36013,10.34753],[-71.36013,10.35561],[-71.41289,10.3555],[-71.41259,10.31527]]]}},{"type":"Feature","properties":{"nombre":"CABIMAS SUR","campo":"OCCIDENTE","etiqueta":"67","empresa":"PETROCABIMAS","pais":"VENEZUELA","caracteristica":"PETROCABIMAS","area_km2":36.86},"geometry":{"type":"Polygon","coordinates":[[[-71.41282,10.34682],[-71.41289,10.3555],[-71.36013,10.35561],[-71.36013,10.34753],[-71.352,10.34754],[-71.35199,10.31348],[-71.377,10.31348],[-71.377,10.29681],[-71.40419,10.29681],[-71.4042,10.29845],[-71.40501,10.29845],[-71.40502,10.30162],[-71.40748,10.30162],[-71.40748,10.30433],[-71.41333,10.30432],[-71.41333,10.30656],[-71.4125,10.30656],[-71.41282,10.34682]]]}},{"type":"Feature","properties":{"nombre":"CABIMAS ESTE","campo":"OCCIDENTE","etiqueta":"68","empresa":"PETROCABIMAS","pais":"VENEZUELA","caracteristica":"PETROCABIMAS","area_km2":80.34},"geometry":{"type":"Polygon","coordinates":[[[-71.27699,10.38015],[-71.27699,10.33015],[-71.352,10.33015],[-71.352,10.34754],[-71.33274,10.34754],[-71.33278,10.45603],[-71.29416,10.45632],[-71.2936,10.41187],[-71.27699,10.41199],[-71.27699,10.38015]]]}},{"type":"Feature","properties":{"nombre":"TIA JUANA TIERRA","campo":"OCCIDENTE","etiqueta":"69","empresa":"PETROCABIMAS","pais":"VENEZUELA","caracteristica":"PETROCABIMAS","area_km2":160.86},"geometry":{"type":"Polygon","coordinates":[[[-71.23659,10.22475],[-71.22893,10.22475],[-71.22887,10.2159],[-71.24429,10.2158],[-71.24422,10.20688],[-71.25199,10.20683],[-71.25199,10.19387],[-71.25967,10.19387],[-71.25967,10.20291],[-71.28705,10.20291],[-71.28705,10.22099],[-71.30531,10.22098],[-71.30532,10.23906],[-71.32357,10.23905],[-71.32356,10.22097],[-71.34181,10.22097],[-71.34181,10.21021],[-71.35094,10.21021],[-71.35094,10.22096],[-71.3608,10.22096],[-71.36081,10.22661],[-71.36598,10.22661],[-71.36599,10.23904],[-71.36921,10.23904],[-71.36921,10.25535],[-71.37226,10.25534],[-71.37226,10.2586],[-71.37341,10.2586],[-71.37341,10.26186],[-71.3751,10.26185],[-71.3751,10.26592],[-71.37656,10.26592],[-71.37656,10.26981],[-71.37857,10.26981],[-71.37857,10.27388],[-71.38163,10.27388],[-71.38163,10.27767],[-71.38474,10.27767],[-71.38474,10.28156],[-71.38907,10.28156],[-71.38907,10.2849],[-71.39314,10.2849],[-71.39314,10.28879],[-71.39843,10.28878],[-71.39843,10.29213],[-71.40264,10.29213],[-71.40264,10.29529],[-71.40419,10.29529],[-71.40419,10.29681],[-71.377,10.29681],[-71.377,10.31348],[-71.35199,10.31348],[-71.352,10.33015],[-71.2847,10.33015],[-71.28463,10.32],[-71.277,10.32005],[-71.27699,10.31348],[-71.2674,10.31355],[-71.26727,10.29532],[-71.25957,10.29537],[-71.25944,10.27728],[-71.25199,10.27733],[-71.25199,10.23876],[-71.23676,10.23886],[-71.23659,10.22475]]]}},{"type":"Feature","properties":{"nombre":"AMBROSIO","campo":"OCCIDENTE","etiqueta":"16","empresa":"PETROWARAO","pais":"VENEZUELA","caracteristica":"PETROWARAO","area_km2":219.7},"geometry":{"type":"Polygon","coordinates":[[[-71.52204,10.44582],[-71.52204,10.42773],[-71.54488,10.42774],[-71.54489,10.39158],[-71.54815,10.39158],[-71.54815,10.37198],[-71.56565,10.37198],[-71.56565,10.30966],[-71.58552,10.30966],[-71.58552,10.28889],[-71.60539,10.28889],[-71.60539,10.26833],[-71.64511,10.26811],[-71.64511,10.24734],[-71.60539,10.24734],[-71.60539,10.22657],[-71.66497,10.22657],[-71.66497,10.20579],[-71.67785,10.20579],[-71.67784,10.17504],[-71.70468,10.17503],[-71.70451,10.14165],[-71.73647,10.14138],[-71.73648,10.16694],[-71.72998,10.16695],[-71.72999,10.19772],[-71.70469,10.19773],[-71.70471,10.2681],[-71.68484,10.26811],[-71.68485,10.30965],[-71.66499,10.30966],[-71.66499,10.33043],[-71.64512,10.33043],[-71.64512,10.35121],[-71.62526,10.35121],[-71.62526,10.37198],[-71.59027,10.37198],[-71.59027,10.39158],[-71.58315,10.39158],[-71.58315,10.42395],[-71.56679,10.42394],[-71.56679,10.44278],[-71.54488,10.44278],[-71.54487,10.44582],[-71.52204,10.44582]]]}},{"type":"Feature","properties":{"nombre":"BLOQUE X LAGO","campo":"OCCIDENTE","etiqueta":"1","empresa":"PETROLERA BIELOVENEZOLANA OCC","pais":"BIELORUSIA","caracteristica":"PETROLERA BIELOVENEZOLANA OCC","area_km2":187.24},"geometry":{"type":"Polygon","coordinates":[[[-71.55655,9.95967],[-71.50474,9.95968],[-71.50446,9.80214],[-71.57034,9.80215],[-71.57035,9.78461],[-71.59903,9.7846],[-71.5994,9.95967],[-71.55655,9.95967]]]}},{"type":"Feature","properties":{"nombre":"BLOQUE II LAGUNILLAS","campo":"OCCIDENTE","etiqueta":"3","empresa":"PETROLERA BIELOVENEZOLANA OCC","pais":"BIELORUSIA","caracteristica":"PETROLERA BIELOVENEZOLANA OCC","area_km2":64.34},"geometry":{"type":"Polygon","coordinates":[[[-71.39775,10.03601],[-71.39822,10.01285],[-71.41639,10.01284],[-71.41639,9.99106],[-71.43558,9.99106],[-71.43539,9.94595],[-71.47984,9.94582],[-71.47983,10.03624],[-71.39775,10.03601]]]}},{"type":"Feature","properties":{"nombre":"BLOQUE XII LAGUNILLAS","campo":"OCCIDENTE","etiqueta":"57","empresa":"PETROLERA BIELOVENEZOLANA OCC","pais":"BIELORUSIA","caracteristica":"PETROLERA BIELOVENEZOLANA OCC","area_km2":49.3},"geometry":{"type":"Polygon","coordinates":[[[-71.48035,10.03624],[-71.47983,10.03624],[-71.47984,9.93401],[-71.50469,9.93381],[-71.50474,9.95968],[-71.55655,9.95967],[-71.55656,9.98904],[-71.50452,9.98896],[-71.50458,10.03626],[-71.48035,10.03624]]]}},{"type":"Feature","properties":{"nombre":"BLOQUE VIII CENTRO","campo":"OCCIDENTE","etiqueta":"58","empresa":"PETROLERA BIELOVENEZOLANA OCC","pais":"BIELORUSIA","caracteristica":"PETROLERA BIELOVENEZOLANA OCC","area_km2":111.81},"geometry":{"type":"Polygon","coordinates":[[[-71.3992,9.84388],[-71.3992,9.8428],[-71.48957,9.84285],[-71.48951,9.93396],[-71.47984,9.93401],[-71.47984,9.94582],[-71.39914,9.94606],[-71.3992,9.84388]]]}},{"type":"Feature","properties":{"nombre":"INTER CAMPO NORTE","campo":"OCCIDENTE","etiqueta":"11","empresa":"PETROLERA SINOVENEZOLANA OCC","pais":"VENEZUELA","caracteristica":"BLOQUE DE OCCIDENTE","area_km2":34.89},"geometry":{"type":"Polygon","coordinates":[[[-71.24941,10.01956],[-71.24941,10.0154],[-71.23426,10.01538],[-71.2273,10.01342],[-71.2273,10.01253],[-71.2312,10.00969],[-71.24028,9.9863],[-71.25013,9.9659],[-71.26024,9.96591],[-71.26026,9.96408],[-71.28015,9.96408],[-71.28015,9.96593],[-71.30006,9.96595],[-71.30004,9.98666],[-71.28788,9.98665],[-71.28785,10.0196],[-71.24941,10.01956]]]}},{"type":"Feature","properties":{"nombre":"LL-652","campo":"OCCIDENTE","etiqueta":"9","empresa":"PETROINDEPENDIENTE","pais":"ESTADOS UNIDOS","caracteristica":"PETROINDEPENDIENTE","area_km2":86.62},"geometry":{"type":"Polygon","coordinates":[[[-71.4753,10.1019],[-71.47505,10.06906],[-71.50434,10.06906],[-71.50429,10.20645],[-71.4727,10.25124],[-71.46513,10.24616],[-71.46523,10.22437],[-71.47518,10.20964],[-71.43415,10.13549],[-71.4753,10.1019]]]}},{"type":"Feature","properties":{"nombre":"URDANETA OESTE","campo":"OCCIDENTE","etiqueta":"7","empresa":"PETROREGIONAL DEL LAGO","pais":"HOLANDA","caracteristica":"PETROREGIONAL DEL LAGO","area_km2":798.22},"geometry":{"type":"Polygon","coordinates":[[[-71.70316,10.11599],[-71.70228,10.01063],[-71.78451,10.00995],[-71.7833,9.8675],[-72.01037,9.86555],[-72.01162,10.00161],[-72.0114,10.0023],[-72.00484,10.00236],[-72.00499,10.01808],[-72.0017,10.01811],[-72.00179,10.02754],[-71.999,10.02757],[-71.99916,10.04512],[-71.99729,10.04514],[-71.99735,10.0516],[-71.99503,10.05162],[-71.9951,10.0597],[-71.99114,10.05974],[-71.99123,10.06946],[-71.98921,10.07231],[-71.9859,10.07234],[-71.98564,10.07735],[-71.98152,10.07738],[-71.98155,10.08109],[-71.98011,10.08225],[-71.9769,10.08228],[-71.97692,10.08466],[-71.97522,10.08576],[-71.97204,10.08579],[-71.97206,10.08777],[-71.97069,10.08865],[-71.96741,10.08868],[-71.96743,10.09074],[-71.96525,10.09213],[-71.96185,10.09216],[-71.96187,10.09461],[-71.9602,10.0961],[-71.95629,10.09614],[-71.95632,10.09857],[-71.95059,10.10081],[-71.94166,10.10089],[-71.94168,10.10342],[-71.9398,10.10391],[-71.93446,10.10396],[-71.93447,10.10528],[-71.92472,10.10779],[-71.92038,10.10989],[-71.91471,10.10994],[-71.91474,10.11261],[-71.9102,10.1148],[-71.90474,10.11484],[-71.90477,10.11861],[-71.90394,10.12039],[-71.89983,10.12043],[-71.89986,10.1236],[-71.89886,10.13081],[-71.78302,10.13181],[-71.78309,10.14029],[-71.70337,10.14095],[-71.70316,10.11599]]]}},{"type":"Feature","properties":{"nombre":"B2X-70/80","campo":"OCCIDENTE","etiqueta":"15","empresa":"LAGOPETROL","pais":"FRANCIA","caracteristica":"B2X-70/80","area_km2":39.52},"geometry":{"type":"Polygon","coordinates":[[[-71.32645,10.07257],[-71.32491,10.0695],[-71.32324,10.06883],[-71.32279,10.06778],[-71.31665,10.064],[-71.31506,10.06222],[-71.31391,10.05953],[-71.31139,10.05596],[-71.30821,10.05486],[-71.30684,10.0533],[-71.29755,10.05269],[-71.28374,10.05365],[-71.23047,10.01542],[-71.24956,10.01543],[-71.24956,10.01958],[-71.26993,10.01963],[-71.28326,10.02914],[-71.28709,10.02724],[-71.29621,10.02951],[-71.29948,10.03621],[-71.30304,10.03386],[-71.31881,10.04788],[-71.32484,10.04527],[-71.32812,10.04952],[-71.34654,10.05804],[-71.37509,10.06167],[-71.37481,10.07171],[-71.36879,10.07107],[-71.36824,10.07324],[-71.37388,10.08879],[-71.3737,10.09377],[-71.37096,10.09865],[-71.36593,10.10452],[-71.35544,10.10252],[-71.34287,10.08344],[-71.32645,10.07257]]]}},{"type":"Feature","properties":{"nombre":"BOQUERON","campo":"ORIENTE","etiqueta":"28","empresa":"BOQUERON","pais":"HOLANDA","area_km2":59.96},"geometry":{"type":"Polygon","coordinates":[[[-63.23171,9.72522],[-63.30006,9.72521],[-63.30009,9.79754],[-63.232,9.79755],[-63.23171,9.72522]]]}},{"type":"Feature","properties":{"nombre":"QUIRIQUIRE","campo":"ORIENTE","etiqueta":"20","empresa":"PETROQUIRIQUIRE ORI","pais":"ESPAÑA","caracteristica":"PETROQUIRIQUIRE ORI","area_km2":319.35},"geometry":{"type":"Polygon","coordinates":[[[-63.07675,10.04673],[-63.07672,9.94691],[-63.07638,9.9466],[-63.09082,9.94629],[-63.09081,9.93562],[-63.1047,9.93562],[-63.1047,9.925],[-63.11835,9.925],[-63.11835,9.91472],[-63.13174,9.91472],[-63.13174,9.90445],[-63.14504,9.90444],[-63.14503,9.89445],[-63.15788,9.89444],[-63.15788,9.8847],[-63.17055,9.8847],[-63.17054,9.87514],[-63.18278,9.87513],[-63.18277,9.87022],[-63.22627,9.87039],[-63.2263,9.91482],[-63.252,9.91481],[-63.25201,9.92552],[-63.259,9.92551],[-63.25901,9.93607],[-63.26433,9.93606],[-63.26435,9.95277],[-63.27144,9.95276],[-63.27145,9.96314],[-63.2764,9.96326],[-63.27645,10.01326],[-63.22571,10.01348],[-63.22639,10.04666],[-63.07675,10.04673]]]}},{"type":"Feature","properties":{"nombre":"CAMPO SAN LUIS","campo":"ORIENTE","etiqueta":"70","empresa":"PETROQUIRIQUIRE ORI","pais":"ESPAÑA","caracteristica":"QUIRIQUIRE","area_km2":499.32},"geometry":{"type":"Polygon","coordinates":[[[-63.00179,9.90179],[-63.00179,9.67992],[-63.1514,9.67989],[-63.15146,9.79726],[-63.20844,9.79723],[-63.20848,9.87021],[-63.18277,9.87022],[-63.18278,9.87513],[-63.17055,9.87514],[-63.17055,9.8847],[-63.15788,9.8847],[-63.15789,9.89444],[-63.14503,9.89445],[-63.14504,9.90444],[-63.13174,9.90445],[-63.13174,9.91472],[-63.11835,9.91472],[-63.11835,9.925],[-63.1047,9.925],[-63.1047,9.93562],[-63.09082,9.93562],[-63.09082,9.94629],[-63.00159,9.94661],[-63.00179,9.90179]],[[-63.14614,9.86885],[-63.14614,9.82959],[-63.10569,9.82959],[-63.1045,9.86885],[-63.14614,9.86885]]]}},{"type":"Feature","properties":{"nombre":"PEDERNALES","campo":"ORIENTE","etiqueta":"18","empresa":"PETROWARAO ORI","pais":"VENEZUELA","area_km2":131.58},"geometry":{"type":"Polygon","coordinates":[[[-62.1264,10.04825],[-62.12647,10.01957],[-62.29445,9.93587],[-62.32368,9.93594],[-62.32355,9.98499],[-62.30244,9.98495],[-62.29914,9.99673],[-62.29393,10.00194],[-62.29098,10.0013],[-62.29237,10.00236],[-62.2547,10.00226],[-62.25465,10.02276],[-62.22513,10.0227],[-62.22605,10.02852],[-62.23305,10.03895],[-62.2243,10.03893],[-62.2243,10.03657],[-62.19876,10.03651],[-62.19873,10.04606],[-62.17646,10.04598],[-62.17642,10.06238],[-62.15458,10.05609],[-62.13274,10.05056],[-62.1264,10.04825]]]}},{"type":"Feature","properties":{"nombre":"FALCON ESTE","campo":"COSTA AFUERA","etiqueta":"13","empresa":"PETROCUMAREBO","pais":"VENEZUELA","caracteristica":"PETROCUMAREBO","area_km2":1173.03},"geometry":{"type":"Polygon","coordinates":[[[-69.1853,11.51725],[-69.18516,11.30431],[-69.62775,11.30371],[-69.62807,11.45144],[-69.6589,11.45137],[-69.65901,11.49678],[-69.6773,11.49673],[-69.67734,11.51652],[-69.1853,11.51725]]]}},{"type":"Feature","properties":{"nombre":"FALCON OESTE","campo":"COSTA AFUERA","etiqueta":"12","empresa":"PETROCUMAREBO","pais":"VENEZUELA","caracteristica":"PETROCUMAREBO","area_km2":1075.28},"geometry":{"type":"Polygon","coordinates":[[[-70.23894,11.3297],[-70.23827,11.16612],[-70.14671,11.16649],[-70.14616,11.03093],[-70.55805,11.02909],[-70.55865,11.16331],[-70.50146,11.1635],[-70.50195,11.2625],[-70.37664,11.26329],[-70.37676,11.29692],[-70.32665,11.29729],[-70.32677,11.31371],[-70.30175,11.31389],[-70.30175,11.32952],[-70.23894,11.3297]]]}},{"type":"Feature","properties":{"campo":"OCCIDENTE","area_km2":1271.84},"geometry":{"type":"Polygon","coordinates":[[[-70.78547,10.80191],[-70.78425,10.59048],[-70.96687,10.58932],[-70.96736,10.66507],[-71.10445,10.66427],[-71.10537,10.7999],[-70.96828,10.80069],[-70.96919,10.93631],[-70.83198,10.93711],[-70.83229,10.98228],[-70.64923,10.9835],[-70.64856,10.84787],[-70.73993,10.84732],[-70.73975,10.8021],[-70.78547,10.80191]]]}},{"type":"Feature","properties":{"nombre":"BLOQUE 1 URUMACO","campo":"OCCIDENTE","etiqueta":"BLOQUE 1 URUMACO","area_km2":535.91},"geometry":{"type":"Polygon","coordinates":[[[-70.65196,11.69682],[-70.67696,11.69682],[-70.67696,11.75826],[-70.67325,11.75828],[-70.67423,11.91965],[-70.47695,11.92076],[-70.47695,11.69682],[-70.65196,11.69682]]]}},{"type":"Feature","properties":{"nombre":"BLOQUE 2 URUMACO","campo":"OCCIDENTE","etiqueta":"BLOQUE 2 URUMACO","area_km2":993.24},"geometry":{"type":"Polygon","coordinates":[[[-70.30195,11.83021],[-70.30195,11.81183],[-70.27695,11.81183],[-70.27695,11.77849],[-70.25194,11.77849],[-70.25194,11.46349],[-70.55866,11.46443],[-70.55938,11.59563],[-70.43535,11.59627],[-70.43655,11.82956],[-70.30195,11.83021]]]}},{"type":"Feature","properties":{"nombre":"BLOQUE 4 CARDON ESTE","campo":"OCCIDENTE","etiqueta":"BLOQUE 4 CARDON ESTE","area_km2":469.38},"geometry":{"type":"Polygon","coordinates":[[[-70.25195,12.03017],[-70.25195,11.99683],[-70.27695,11.99683],[-70.27695,11.9285],[-70.30195,11.9285],[-70.30195,11.92162],[-70.40195,11.92114],[-70.40195,11.94683],[-70.42695,11.94683],[-70.42695,11.9635],[-70.45195,11.9635],[-70.45195,11.99683],[-70.47696,11.99683],[-70.47696,12.03017],[-70.50196,12.03017],[-70.50196,12.10414],[-70.22695,12.10549],[-70.22695,12.05795],[-70.25195,12.05783],[-70.25195,12.03017]]]}},{"type":"Feature","properties":{"nombre":"BLOQUE 2 MORUY","campo":"OCCIDENTE","etiqueta":"BLOQUE 2 MORUY","area_km2":878.27},"geometry":{"type":"Polygon","coordinates":[[[-70.86297,11.20792],[-70.90197,11.20792],[-70.90366,11.4634],[-70.58732,11.46428],[-70.58612,11.24683],[-70.76307,11.24583],[-70.76297,11.23014],[-70.77696,11.23006],[-70.77696,11.22459],[-70.86308,11.22459],[-70.86297,11.20792]]]}},{"type":"Feature","properties":{"nombre":"BLOQUE 4 CARDON OESTE","campo":"OCCIDENTE","etiqueta":"BLOQUE 4 CARDON OESTE","pais":"ITALIA","area_km2":461.89},"geometry":{"type":"Polygon","coordinates":[[[-70.50196,12.04683],[-70.50196,12.03017],[-70.47696,12.03017],[-70.47696,11.99683],[-70.45195,11.99683],[-70.45195,11.9635],[-70.42695,11.9635],[-70.42695,11.94683],[-70.40195,11.94683],[-70.40195,11.92114],[-70.67423,11.91965],[-70.67536,12.10314],[-70.50196,12.10414],[-70.50196,12.04683]]]}},{"type":"Feature","properties":{"nombre":"BLOQUE 3 CARDON","campo":"OCCIDENTE","etiqueta":"BLOQUE 3 CARDON","area_km2":887.39},"geometry":{"type":"Polygon","coordinates":[[[-70.22695,12.10549],[-70.45046,12.10441],[-70.45279,12.31323],[-70.07666,12.31073],[-70.07694,12.16351],[-70.12694,12.16331],[-70.12685,12.14128],[-70.15194,12.14118],[-70.15194,12.1135],[-70.22695,12.1135],[-70.22695,12.10549]]]}},{"type":"Feature","properties":{"nombre":"LA VELA SUR","campo":"OCCIDENTE","etiqueta":"LA VELA SUR","area_km2":150.15},"geometry":{"type":"Polygon","coordinates":[[[-69.36302,11.51698],[-69.66303,11.51654],[-69.66303,11.55773],[-69.36301,11.55826],[-69.36302,11.51698]]]}},{"type":"Feature","properties":{"nombre":"BLOQUE 1 FALCON ORIENTAL","campo":"OCCIDENTE","etiqueta":"BLOQUE 1 FALCON ORIENTAL","area_km2":989.47},"geometry":{"type":"Polygon","coordinates":[[[-68.75167,11.69314],[-68.60602,11.64507],[-68.48234,11.64518],[-68.48275,11.42188],[-68.45584,11.42183],[-68.4561,11.28423],[-68.54178,11.28438],[-68.5417,11.33186],[-68.60205,11.33195],[-68.60193,11.41716],[-68.75188,11.41733],[-68.75167,11.69314]]]}},{"type":"Feature","properties":{"nombre":"BLOQUE 2 FALCON ORIENTAL","campo":"OCCIDENTE","etiqueta":"BLOQUE 2 FALCON ORIENTAL","area_km2":1004.77},"geometry":{"type":"Polygon","coordinates":[[[-68.11144,11.64427],[-68.11216,11.42099],[-68.48275,11.42188],[-68.48234,11.64518],[-68.11144,11.64427]]]}},{"type":"Feature","properties":{"nombre":"BLOQUE 3 FALCON ORIENTAL","campo":"OCCIDENTE","etiqueta":"BLOQUE 3 FALCON ORIENTAL","area_km2":1005.53},"geometry":{"type":"Polygon","coordinates":[[[-68.11216,11.42099],[-68.11296,11.16349],[-68.33519,11.16349],[-68.3352,11.20794],[-68.44631,11.20793],[-68.44631,11.24682],[-68.45616,11.24683],[-68.45584,11.42183],[-68.11216,11.42099]]]}},{"type":"Feature","properties":{"nombre":"BLOQUE 1 FALCON CENTRAL","campo":"OCCIDENTE","etiqueta":"BLOQUE 1 FALCON CENTRAL","area_km2":740.59},"geometry":{"type":"Polygon","coordinates":[[[-69.0473,11.73269],[-69.363,11.73247],[-69.36298,12.01939],[-69.09256,11.8613],[-69.04732,11.81759],[-69.0473,11.73269]]]}},{"type":"Feature","properties":{"nombre":"BLOQUE 2 FALCON CENTRAL","campo":"OCCIDENTE","etiqueta":"BLOQUE 2 FALCON CENTRAL","area_km2":934.78},"geometry":{"type":"Polygon","coordinates":[[[-68.75167,11.69314],[-68.75187,11.46372],[-69.00189,11.46383],[-69.00189,11.54127],[-69.04727,11.54127],[-69.04732,11.81759],[-68.96437,11.73739],[-68.83529,11.72048],[-68.75167,11.69314]]]}},{"type":"Feature","properties":{"nombre":"BLOQUE 3 FALCON CENTRAL","campo":"OCCIDENTE","etiqueta":"BLOQUE 3 FALCON CENTRAL","area_km2":715.3},"geometry":{"type":"Polygon","coordinates":[[[-69.0473,11.73269],[-69.04727,11.54127],[-69.22688,11.54118],[-69.2269,11.56349],[-69.32968,11.56349],[-69.32968,11.51703],[-69.36302,11.51698],[-69.363,11.73247],[-69.0473,11.73269]]]}},{"type":"Feature","properties":{"nombre":"BLOQUE 1 ENSENADA DE LA VELA","campo":"OCCIDENTE","etiqueta":"BLOQUE 1 ENSENADA DE LA VELA","area_km2":995.16},"geometry":{"type":"Polygon","coordinates":[[[-69.82746,12.0138],[-70.07694,12.01295],[-70.07666,12.31073],[-70.01613,12.31096],[-69.74585,12.24244],[-69.61303,12.16517],[-69.82793,12.16461],[-69.82746,12.0138]]]}},{"type":"Feature","properties":{"nombre":"BLOQUE 2 ENSENADA DE LA VELA","campo":"OCCIDENTE","etiqueta":"BLOQUE 2 ENSENADA DE LA VELA","area_km2":992.47},"geometry":{"type":"Polygon","coordinates":[[[-69.36298,12.01939],[-69.36299,11.87523],[-69.57767,11.87488],[-69.57797,12.01443],[-69.82746,12.0138],[-69.82793,12.16461],[-69.61303,12.16517],[-69.36298,12.01939]]]}},{"type":"Feature","properties":{"nombre":"BLOQUE 3 ENSENADA DE LA VELA","campo":"OCCIDENTE","etiqueta":"BLOQUE 3 ENSENADA DE LA VELA","area_km2":1285.98},"geometry":{"type":"Polygon","coordinates":[[[-69.36299,11.87523],[-69.36301,11.55826],[-69.6769,11.5577],[-69.67692,11.61349],[-69.71303,11.61341],[-69.71303,11.66349],[-69.72692,11.66349],[-69.72705,11.7135],[-69.76241,11.7135],[-69.76303,11.7635],[-69.77692,11.7635],[-69.77692,11.80794],[-69.57753,11.80842],[-69.57767,11.87488],[-69.36299,11.87523]]]}},{"type":"Feature","properties":{"nombre":"BLOQUE 4 ENSENADA DE LA VELA","campo":"OCCIDENTE","etiqueta":"BLOQUE 4 ENSENADA DE LA VELA","area_km2":1005.01},"geometry":{"type":"Polygon","coordinates":[[[-69.57797,12.01443],[-69.57753,11.80842],[-69.86304,11.80769],[-69.86304,11.83016],[-69.87693,11.83016],[-69.87707,11.87461],[-69.90193,11.87453],[-69.90199,11.89128],[-69.92693,11.89128],[-69.927,11.9135],[-70.07693,11.9135],[-70.07694,12.01295],[-69.57797,12.01443]]]}},{"type":"Feature","properties":{"campo":"OCCIDENTE","area_km2":468.75},"geometry":{"type":"Polygon","coordinates":[[[-70.43631,11.82934],[-70.43511,11.59606],[-70.55914,11.59541],[-70.55953,11.66496],[-70.6869,11.66448],[-70.68747,11.75798],[-70.67672,11.75804],[-70.67672,11.6966],[-70.47671,11.69661],[-70.47672,11.92054],[-70.30171,11.9214],[-70.30171,11.82999],[-70.43631,11.82934]]]}},{"type":"Feature","properties":{"nombre":"BLOQUE 1-2-3 PARAGUAIPA","campo":"OCCIDENTE","etiqueta":"BLOQUE 1-2-3 PARAGUAIPA","area_km2":2715.04},"geometry":{"type":"Polygon","coordinates":[[[-71.29195,11.46352],[-71.28848,11.02459],[-71.47699,11.02458],[-71.47699,11.11347],[-71.677,11.11347],[-71.677,11.07458],[-71.727,11.07458],[-71.727,11.11347],[-71.777,11.11347],[-71.777,11.14124],[-71.81312,11.14124],[-71.81312,11.16347],[-71.827,11.16347],[-71.827,11.20791],[-71.86312,11.20791],[-71.86312,11.23014],[-71.87701,11.23014],[-71.87701,11.28014],[-71.90201,11.28014],[-71.90201,11.40792],[-71.93534,11.40759],[-71.93535,11.46347],[-71.29195,11.46352]]]}},{"type":"Feature","properties":{"nombre":"BLOQUE 1-4 MORUY","campo":"OCCIDENTE","etiqueta":"BLOQUE 1-4 MORUY","area_km2":1783.66},"geometry":{"type":"Polygon","coordinates":[[[-70.92648,11.46341],[-70.90366,11.46346],[-70.90197,11.19125],[-70.92697,11.19125],[-70.92697,11.16347],[-70.96308,11.16347],[-70.96293,11.14125],[-71.00197,11.14125],[-71.00197,11.11347],[-71.02697,11.11347],[-71.02697,11.10792],[-71.06309,11.10767],[-71.06289,11.08014],[-71.11309,11.08014],[-71.11304,11.07458],[-71.12698,11.07458],[-71.12698,11.05791],[-71.15198,11.05791],[-71.15198,11.02458],[-71.28848,11.02459],[-71.29195,11.46352],[-70.92648,11.46341]]]}},{"type":"Feature","properties":{"nombre":"BLOQUE 3 MORUY","campo":"OCCIDENTE","etiqueta":"BLOQUE 3 MORUY","area_km2":591.03},"geometry":{"type":"Polygon","coordinates":[[[-70.50195,11.29681],[-70.50195,11.28015],[-70.52695,11.28015],[-70.52695,11.24681],[-70.58612,11.24683],[-70.58732,11.46427],[-70.25194,11.46348],[-70.25194,11.37459],[-70.37695,11.37404],[-70.37671,11.32459],[-70.41306,11.32459],[-70.41292,11.29681],[-70.50195,11.29681]]]}},{"type":"Feature","properties":{"nombre":"BLOQUE 1-2 CASTILLETE OESTE","campo":"OCCIDENTE","etiqueta":"BLOQUE 1-2 CASTILLETE OESTE","area_km2":1988.64},"geometry":{"type":"Polygon","coordinates":[[[-71.18703,11.77596],[-71.18592,11.63586],[-71.23719,11.63547],[-71.23582,11.46356],[-71.93535,11.46347],[-71.93535,11.59681],[-71.87701,11.59681],[-71.87701,11.61348],[-71.81312,11.61348],[-71.81312,11.63098],[-71.76311,11.63153],[-71.76311,11.64737],[-71.727,11.64709],[-71.727,11.66348],[-71.67701,11.66348],[-71.67701,11.68043],[-71.577,11.6807],[-71.577,11.69746],[-71.47695,11.6969],[-71.47699,11.71348],[-71.427,11.71348],[-71.42727,11.73043],[-71.37727,11.73085],[-71.37699,11.75793],[-71.36311,11.75793],[-71.36338,11.7746],[-71.18703,11.77596]]]}},{"type":"Feature","properties":{"nombre":"BLOQUE 1 CASTILLETE NE","campo":"OCCIDENTE","etiqueta":"BLOQUE 1 CASTILLETE NE","area_km2":1003.42},"geometry":{"type":"Polygon","coordinates":[[[-70.84757,11.98794],[-70.84601,11.75721],[-71.05859,11.75576],[-71.05814,11.69531],[-71.18638,11.69436],[-71.18702,11.77596],[-71.32421,11.77488],[-71.32416,11.84888],[-70.84757,11.98794]]]}},{"type":"Feature","properties":{"nombre":"BLOQUE 2 CASTILLETE NE","campo":"OCCIDENTE","etiqueta":"BLOQUE 2 CASTILLETE NE","area_km2":1006.22},"geometry":{"type":"Polygon","coordinates":[[[-70.68771,11.75819],[-70.68731,11.69284],[-70.80501,11.69212],[-70.80459,11.62853],[-71.00625,11.62719],[-71.00641,11.64925],[-71.04909,11.64895],[-71.04943,11.69537],[-71.05815,11.69531],[-71.05859,11.75576],[-70.84601,11.75721],[-70.84757,11.98794],[-70.67496,12.03798],[-70.67324,11.75828],[-70.68771,11.75819]]]}},{"type":"Feature","properties":{"nombre":"BLOQUE 1 LOS FRAILES","campo":"OCCIDENTE","etiqueta":"BLOQUE 1 LOS FRAILES","area_km2":993.04},"geometry":{"type":"Polygon","coordinates":[[[-70.67788,12.49973],[-70.9378,12.49799],[-70.94018,12.81343],[-70.67993,12.81359],[-70.67788,12.49973]]]}},{"type":"Feature","properties":{"nombre":"BLOQUE 2 LOS FRAILES","campo":"OCCIDENTE","etiqueta":"BLOQUE 2 LOS FRAILES","area_km2":918.68},"geometry":{"type":"Polygon","coordinates":[[[-70.67754,12.44765],[-70.6766,12.29902],[-71.02698,12.29684],[-71.02698,12.3613],[-71.05368,12.3611],[-71.05435,12.44684],[-71.09046,12.44684],[-71.09087,12.49684],[-70.67788,12.49973],[-70.67754,12.44765]]]}},{"type":"Feature","properties":{"nombre":"BLOQUE 3 LOS FRAILES","campo":"OCCIDENTE","etiqueta":"BLOQUE 3 LOS FRAILES","area_km2":652},"geometry":{"type":"Polygon","coordinates":[[[-70.6766,12.29902],[-70.67496,12.03798],[-70.7154,12.02634],[-70.72696,12.0335],[-70.72723,12.07461],[-70.77697,12.07461],[-70.77719,12.10794],[-70.82697,12.10794],[-70.8272,12.14128],[-70.87697,12.14128],[-70.87713,12.1635],[-70.90198,12.1635],[-70.90198,12.19128],[-70.92698,12.19128],[-70.92698,12.20794],[-70.96309,12.20794],[-70.96321,12.22461],[-70.97698,12.22461],[-70.97698,12.24683],[-71.00198,12.24684],[-71.00198,12.29684],[-70.6766,12.29902]]]}},{"type":"Feature","properties":{"nombre":"BLOQUE 3 CASTILLETE OESTE","campo":"OCCIDENTE","etiqueta":"BLOQUE 3 CASTILLETE OESTE","area_km2":989.6},"geometry":{"type":"Polygon","coordinates":[[[-71.04937,11.68775],[-71.04909,11.64895],[-71.00641,11.64925],[-71.00625,11.62719],[-70.80459,11.62853],[-70.80355,11.46404],[-70.91289,11.46341],[-71.23582,11.46356],[-71.23719,11.63547],[-71.18592,11.63586],[-71.18638,11.69436],[-71.04943,11.69537],[-71.04937,11.68775]]]}},{"type":"Feature","properties":{"nombre":"BLOQUE 1 CARDON","campo":"OCCIDENTE","etiqueta":"BLOQUE 1 CARDON","area_km2":1003.8},"geometry":{"type":"Polygon","coordinates":[[[-70.45256,12.44895],[-70.67754,12.44765],[-70.67993,12.81359],[-70.45196,12.81352],[-70.45256,12.44895]]]}},{"type":"Feature","properties":{"nombre":"BLOQUE 2 CARDON","campo":"OCCIDENTE","etiqueta":"BLOQUE 2 CARDON","area_km2":937.88},"geometry":{"type":"Polygon","coordinates":[[[-70.45046,12.10441],[-70.67537,12.10314],[-70.67754,12.44765],[-70.45256,12.44895],[-70.45253,12.26599],[-70.45046,12.10441]]]}},{"type":"Feature","properties":{"nombre":"BLOQUE 3 URUMACO","campo":"OCCIDENTE","etiqueta":"BLOQUE 3 URUMACO","area_km2":636.26},"geometry":{"type":"Polygon","coordinates":[[[-70.68707,11.69262],[-70.6869,11.66448],[-70.55953,11.66496],[-70.55842,11.46422],[-70.80331,11.46382],[-70.80477,11.6919],[-70.68707,11.69262]]]}},{"type":"Feature","properties":{"nombre":"BLOQUE BLANQUILLA ESTE A. PROYECTO DELTA CARIBE","campo":"ORIENTE","etiqueta":"BLOQUE BLANQUILLA ESTE A. PROYECTO DELTA CARIBE","area_km2":975.62},"geometry":{"type":"Polygon","coordinates":[[[-64.32148,11.15166],[-64.6357,11.15011],[-64.63709,11.39463],[-64.42141,11.39575],[-64.42158,11.43115],[-64.32277,11.43161],[-64.32148,11.15166]]]}},{"type":"Feature","properties":{"nombre":"BLOQUE BLANQUILLA ESTE B. PROYECTO DELTA CARIBE","campo":"ORIENTE","etiqueta":"BLOQUE BLANQUILLA ESTE B. PROYECTO DELTA CARIBE","area_km2":982.63},"geometry":{"type":"Polygon","coordinates":[[[-64.15107,11.17446],[-64.32158,11.17375],[-64.32277,11.43161],[-64.16397,11.43228],[-64.1645,11.56138],[-64.02262,11.56191],[-64.02164,11.28925],[-64.15152,11.28878],[-64.15107,11.17446]]]}},{"type":"Feature","properties":{"nombre":"BLOQUE BLANQUILLA ESTE C. PROYECTO DELTA CARIBE","campo":"ORIENTE","etiqueta":"BLOQUE BLANQUILLA ESTE C. PROYECTO DELTA CARIBE","area_km2":897.06},"geometry":{"type":"Polygon","coordinates":[[[-63.84864,11.34671],[-64.02184,11.34616],[-64.02297,11.65977],[-63.76746,11.66056],[-63.76681,11.42226],[-63.84886,11.42203],[-63.84864,11.34671]]]}},{"type":"Feature","properties":{"nombre":"BLOQUE BLANQUILLA NORESTE","campo":"ORIENTE","etiqueta":"BLOQUE BLANQUILLA NORESTE","area_km2":7115.07},"geometry":{"type":"Polygon","coordinates":[[[-62.50186,12.04048],[-62.50163,11.54072],[-62.82727,11.54138],[-63.20871,11.53966],[-63.2079,11.44801],[-63.4522,11.44774],[-63.45172,11.60387],[-63.65697,11.60387],[-63.65826,11.89533],[-63.65787,12.03825],[-62.50186,12.04048]]]}},{"type":"Feature","properties":{"nombre":"BLOQUE BLANQUILLA OESTE","campo":"ORIENTE","etiqueta":"BLOQUE BLANQUILLA OESTE","area_km2":7747.95},"geometry":{"type":"Polygon","coordinates":[[[-64.90245,11.44594],[-64.90577,10.98795],[-65.47423,10.98789],[-65.47635,10.85641],[-65.89412,10.85641],[-65.89624,11.06211],[-66.22705,11.06211],[-66.22706,11.44805],[-64.90245,11.44594]]]}},{"type":"Feature","properties":{"nombre":"BLOQUE CARUPANO OESTE","campo":"ORIENTE","etiqueta":"BLOQUE CARUPANO OESTE","area_km2":7245.88},"geometry":{"type":"Polygon","coordinates":[[[-62.82674,11.54138],[-62.82657,11.14508],[-62.55198,11.14603],[-62.55169,11.04494],[-62.6068,11.04504],[-62.60706,10.84791],[-63.69079,10.84787],[-63.69079,11.3328],[-63.45278,11.33046],[-63.4522,11.44774],[-63.2079,11.44801],[-63.20871,11.53966],[-62.82674,11.54138]]]}},{"type":"Feature","properties":{"nombre":"BLOQUE CARUPANO ESTE","campo":"ORIENTE","etiqueta":"BLOQUE CARUPANO ESTE","area_km2":3415.92},"geometry":{"type":"Polygon","coordinates":[[[-62.37564,11.46571],[-62.37585,11.3651],[-61.75076,11.36643],[-61.75027,11.24162],[-62.28589,11.24341],[-62.28638,11.04445],[-62.55169,11.04494],[-62.55198,11.14603],[-62.82657,11.14508],[-62.82674,11.54138],[-62.50163,11.54072],[-62.5016,11.46572],[-62.37564,11.46571]]]}},{"type":"Feature","properties":{"campo":"OCCIDENTE","area_km2":1129.28},"geometry":{"type":"Polygon","coordinates":[[[-72.70203,9.91343],[-72.70203,9.63009],[-72.72703,9.63009],[-72.72703,9.41342],[-72.90204,9.41342],[-72.90204,9.58009],[-72.92704,9.58009],[-72.92704,9.76343],[-72.90204,9.76343],[-72.90204,9.79676],[-72.87704,9.79676],[-72.87704,9.8301],[-72.85204,9.8301],[-72.85204,9.86343],[-72.82704,9.86343],[-72.82704,9.91343],[-72.70203,9.91343]]]}},{"type":"Feature","properties":{"nombre":"TOTUMOS","campo":"TOTUMOS","etiqueta":"TOTUMOS","empresa":"PDVSA","area_km2":122.39},"geometry":{"type":"Polygon","coordinates":[[[-72.14923,10.3468],[-72.14952,10.31591],[-72.12701,10.31571],[-72.12701,10.3013],[-72.25201,10.30239],[-72.25201,10.3968],[-72.14878,10.3968],[-72.14923,10.3468]]]}},{"type":"Feature","properties":{"campo":"GARCIA","etiqueta":"GARCIA","area_km2":132.49},"geometry":{"type":"MultiPolygon","coordinates":[[[[-71.877,10.1968],[-71.877,10.16347],[-71.927,10.16347],[-71.927,10.11347],[-72.002,10.11347],[-72.002,10.1968],[-71.877,10.1968]]],[[[-71.877,10.1968],[-71.877,10.26347],[-71.83709,10.26342],[-71.82347,10.26206],[-71.8271,10.25197],[-71.82705,10.21361],[-71.84117,10.21355],[-71.84301,10.20759],[-71.85022,10.20167],[-71.85202,10.1995],[-71.85945,10.19821],[-71.877,10.1968]]]]}},{"type":"Feature","properties":{"campo":"URDANETA TIERRA","etiqueta":"URDANETA TIERRA","empresa":"PDVSA","area_km2":849.38},"geometry":{"type":"MultiPolygon","coordinates":[[[[-71.927,10.11365],[-71.927,10.16347],[-71.877,10.16347],[-71.877,10.1968],[-71.85945,10.19821],[-71.85202,10.1995],[-71.85193,10.19679],[-71.85425,10.19679],[-71.86461,10.18423],[-71.86513,10.18035],[-71.86864,10.17344],[-71.87365,10.16685],[-71.87583,10.16184],[-71.88391,10.15947],[-71.89444,10.14244],[-71.89869,10.1328],[-71.89772,10.13172],[-71.89886,10.13081],[-71.89986,10.1236],[-71.89983,10.12043],[-71.90394,10.12039],[-71.90477,10.11861],[-71.90474,10.11484],[-71.9102,10.1148],[-71.91474,10.11261],[-71.91471,10.10994],[-71.92038,10.10989],[-71.92472,10.10779],[-71.927,10.11365]]],[[[-71.877,10.1968],[-72.002,10.1968],[-72.002,10.1468],[-72.0016,10.12924],[-72.002,10.11347],[-71.92767,10.11347],[-71.95568,10.10605],[-71.9644,10.10422],[-72.02664,10.10245],[-72.02617,10.04768],[-72.06142,10.04711],[-72.05925,10.28423],[-72.00002,10.28368],[-72.00067,10.21396],[-71.99262,10.21389],[-71.99271,10.20511],[-71.96159,10.20482],[-71.9615,10.21399],[-71.95429,10.21393],[-71.95396,10.24835],[-71.96574,10.24846],[-71.96409,10.4201],[-71.94766,10.41994],[-71.94744,10.44273],[-71.92942,10.44256],[-71.92887,10.49771],[-71.85224,10.49713],[-71.62725,10.49712],[-71.627,10.48014],[-71.702,10.48014],[-71.702,10.41347],[-71.70845,10.39992],[-71.71837,10.3954],[-71.7316,10.38728],[-71.75695,10.37001],[-71.76846,10.35685],[-71.78589,10.34292],[-71.8041,10.32397],[-71.80562,10.31344],[-71.81537,10.28664],[-71.82248,10.2813],[-71.82871,10.27207],[-71.83709,10.26342],[-71.877,10.26347],[-71.877,10.1968]]]]}},{"type":"Feature","properties":{"campo":"OCCIDENTE","area_km2":40.48},"geometry":{"type":"Polygon","coordinates":[[[-71.67699,10.41345],[-71.702,10.41345],[-71.702,10.48012],[-71.62699,10.48012],[-71.62699,10.44678],[-71.67699,10.44678],[-71.67699,10.41345]]]}},{"type":"Feature","properties":{"nombre":"SIBUCARA","campo":"SIBUCARA","etiqueta":"SIBUCARA","empresa":"PDVSA","area_km2":60.88},"geometry":{"type":"Polygon","coordinates":[[[-71.66469,10.71223],[-71.66453,10.69426],[-71.64603,10.69442],[-71.64556,10.6407],[-71.65487,10.64063],[-71.65471,10.6227],[-71.72006,10.62214],[-71.72038,10.65806],[-71.71048,10.65814],[-71.71064,10.67561],[-71.69279,10.67577],[-71.69311,10.71198],[-71.66469,10.71223]]]}},{"type":"Feature","properties":{"campo":"OCCIDENTE","area_km2":1129.28},"geometry":{"type":"Polygon","coordinates":[[[-72.70203,9.91343],[-72.70203,9.63009],[-72.72703,9.63009],[-72.72703,9.41342],[-72.90204,9.41342],[-72.90204,9.58009],[-72.92704,9.58009],[-72.92704,9.76343],[-72.90204,9.76343],[-72.90204,9.79676],[-72.87704,9.79676],[-72.87704,9.8301],[-72.85204,9.8301],[-72.85204,9.86343],[-72.82704,9.86343],[-72.82704,9.91343],[-72.70203,9.91343]]]}},{"type":"Feature","properties":{"campo":"BLOQUE XIV LAMA","etiqueta":"BLOQUE XIV LAMA","area_km2":31.75},"geometry":{"type":"Polygon","coordinates":[[[-71.59614,10.00694],[-71.59617,9.98909],[-71.55657,9.98904],[-71.55656,9.95967],[-71.62372,9.95966],[-71.62372,10.01226],[-71.59614,10.01226],[-71.59614,10.00694]]]}},{"type":"Feature","properties":{"campo":"LA CEIBA NORESTE LOTE 1","etiqueta":"LA CEIBA NORESTE LOTE 1","area_km2":50.55},"geometry":{"type":"Polygon","coordinates":[[[-70.97864,9.58011],[-70.98034,9.57539],[-70.97933,9.5389],[-70.98516,9.53885],[-70.92696,9.53891],[-70.92696,9.49677],[-71.00197,9.49677],[-71.00196,9.58396],[-70.98057,9.58447],[-70.98047,9.5801],[-70.97864,9.58011]]]}},{"type":"Feature","properties":{"campo":"LA CEIBA NORESTE LOTE 3","etiqueta":"LA CEIBA NORESTE LOTE 3","area_km2":75.97},"geometry":{"type":"Polygon","coordinates":[[[-71.07696,9.49677],[-71.00197,9.49677],[-71.00196,9.41343],[-71.07696,9.41343],[-71.07696,9.49677]]]}},{"type":"Feature","properties":{"campo":"LA CEIBA NORESTE LOTE 2","etiqueta":"LA CEIBA NORESTE LOTE 2","area_km2":75.97},"geometry":{"type":"Polygon","coordinates":[[[-71.00196,9.49677],[-70.92696,9.49677],[-70.92694,9.41343],[-71.00196,9.41343],[-71.00196,9.49677]]]}},{"type":"Feature","properties":{"campo":"TIA JUANA LAGO","etiqueta":"TIA JUANA LAGO","area_km2":149.47},"geometry":{"type":"Polygon","coordinates":[[[-71.3614,10.15673],[-71.39877,10.15632],[-71.39877,10.15423],[-71.44543,10.15411],[-71.4759,10.20916],[-71.46595,10.22388],[-71.46585,10.24568],[-71.47342,10.25076],[-71.50501,10.20597],[-71.47196,10.25634],[-71.44889,10.25634],[-71.44903,10.27423],[-71.43818,10.27423],[-71.43817,10.29273],[-71.4097,10.29291],[-71.40354,10.2859],[-71.39366,10.27656],[-71.37966,10.25915],[-71.37672,10.23685],[-71.3682,10.22423],[-71.35748,10.20967],[-71.35239,10.20489],[-71.34584,10.19534],[-71.3458,10.17526],[-71.36187,10.17516],[-71.3614,10.15673]]]}},{"type":"Feature","properties":{"campo":"OCCIDENTE","area_km2":32.59},"geometry":{"type":"Polygon","coordinates":[[[-71.35207,10.2083],[-71.3594,10.20561],[-71.36859,10.21633],[-71.37912,10.23409],[-71.38007,10.25429],[-71.3906,10.27046],[-71.41035,10.28974],[-71.42044,10.30036],[-71.42295,10.31461],[-71.42465,10.32807],[-71.43763,10.35017],[-71.44652,10.3604],[-71.46422,10.37176],[-71.47631,10.38276],[-71.48677,10.38902],[-71.48724,10.39814],[-71.47856,10.41405],[-71.47581,10.42042],[-71.47626,10.42755],[-71.47351,10.43351],[-71.46163,10.44985],[-71.45204,10.44904],[-71.46315,10.43204],[-71.46735,10.42442],[-71.46627,10.41941],[-71.46869,10.41005],[-71.47886,10.39402],[-71.47545,10.39051],[-71.45881,10.38259],[-71.42839,10.35133],[-71.42336,10.34416],[-71.41689,10.33013],[-71.41487,10.31731],[-71.40875,10.30568],[-71.40064,10.29566],[-71.38568,10.2797],[-71.37259,10.25563],[-71.37174,10.23959],[-71.36131,10.22093],[-71.35207,10.2083]]]}},{"type":"Feature","properties":{"campo":"BLOQUE CENTRO LAGO","etiqueta":"BLOQUE CENTRO LAGO","area_km2":165.08},"geometry":{"type":"Polygon","coordinates":[[[-71.48958,9.84285],[-71.39922,9.8428],[-71.39779,9.73777],[-71.40996,9.7378],[-71.41017,9.72622],[-71.50435,9.72633],[-71.50471,9.93381],[-71.48952,9.93396],[-71.48958,9.84285]]]}},{"type":"Feature","properties":{"campo":"TIA JUANA LAGO","etiqueta":"TIA JUANA LAGO","area_km2":58.37},"geometry":{"type":"MultiPolygon","coordinates":[[[[-71.66494,10.05211],[-71.66465,10.01141],[-71.70236,10.01154],[-71.70308,10.09837],[-71.65014,10.0983],[-71.64976,10.05223],[-71.66494,10.05211]]],[[[-71.62418,10.24755],[-71.64405,10.24755],[-71.64405,10.26832],[-71.60432,10.26833],[-71.60432,10.24755],[-71.62418,10.24755]]]]}},{"type":"Feature","properties":{"campo":"LAGUNILLAS LAGO","etiqueta":"LAGUNILLAS LAGO","area_km2":427.21},"geometry":{"type":"Polygon","coordinates":[[[-71.26149,10.11699],[-71.25519,10.10392],[-71.24212,10.07038],[-71.2396,10.06077],[-71.23782,10.04438],[-71.23645,10.03825],[-71.23783,10.03281],[-71.23397,10.02549],[-71.23022,10.02139],[-71.22799,10.01425],[-71.23006,10.01424],[-71.23431,10.01541],[-71.23037,10.01542],[-71.28364,10.05365],[-71.29745,10.05269],[-71.30674,10.0533],[-71.30811,10.05486],[-71.31129,10.05596],[-71.3138,10.05953],[-71.31495,10.06222],[-71.31655,10.064],[-71.32269,10.06778],[-71.32314,10.06883],[-71.3248,10.0695],[-71.32635,10.07257],[-71.34276,10.08344],[-71.35534,10.10252],[-71.36583,10.10452],[-71.37085,10.09865],[-71.37359,10.09377],[-71.37378,10.08879],[-71.36813,10.07324],[-71.36868,10.07107],[-71.3747,10.07171],[-71.37498,10.06167],[-71.34643,10.05803],[-71.32801,10.04952],[-71.32473,10.04527],[-71.31871,10.04788],[-71.30294,10.03386],[-71.29938,10.03621],[-71.2961,10.02951],[-71.28698,10.02724],[-71.28315,10.02914],[-71.26983,10.01963],[-71.2879,10.01962],[-71.28793,9.98668],[-71.30009,9.98669],[-71.30011,9.96598],[-71.2802,9.96596],[-71.28024,9.94533],[-71.3024,9.94553],[-71.3024,9.94648],[-71.39916,9.94606],[-71.39776,10.03603],[-71.50459,10.03626],[-71.50471,10.06857],[-71.47577,10.06857],[-71.47602,10.10142],[-71.43487,10.13501],[-71.44543,10.15411],[-71.39877,10.15423],[-71.39877,10.15632],[-71.3614,10.15672],[-71.36187,10.17516],[-71.3458,10.17526],[-71.34584,10.19534],[-71.33877,10.19521],[-71.33547,10.19267],[-71.33172,10.19118],[-71.32022,10.18362],[-71.30757,10.17293],[-71.30051,10.16965],[-71.29274,10.16417],[-71.28179,10.15031],[-71.26529,10.12201],[-71.26149,10.11699]]]}},{"type":"Feature","properties":{"campo":"BLOQUE X LAGO","etiqueta":"BLOQUE X LAGO","area_km2":19.36},"geometry":{"type":"Polygon","coordinates":[[[-71.57036,9.80215],[-71.50448,9.80214],[-71.50439,9.75304],[-71.5183,9.75304],[-71.51829,9.78463],[-71.57036,9.78461],[-71.57036,9.80215]]]}},{"type":"Feature","properties":{"campo":"BACHAQUERO LAGO","etiqueta":"BACHAQUERO LAGO","area_km2":353.07},"geometry":{"type":"Polygon","coordinates":[[[-71.3024,9.94553],[-71.28024,9.94526],[-71.2802,9.96411],[-71.2603,9.96411],[-71.26029,9.96594],[-71.25018,9.96593],[-71.24033,9.98634],[-71.23124,10.00972],[-71.2278,10.01226],[-71.22225,10.00593],[-71.21675,9.98744],[-71.21409,9.97399],[-71.21259,9.96871],[-71.20643,9.96716],[-71.18475,9.96668],[-71.17273,9.96176],[-71.16266,9.95565],[-71.15224,9.94735],[-71.15172,9.94121],[-71.14641,9.93957],[-71.13873,9.9307],[-71.12933,9.91909],[-71.10372,9.88532],[-71.09565,9.87182],[-71.08404,9.84947],[-71.07918,9.83483],[-71.07828,9.82995],[-71.0793,9.82424],[-71.0779,9.81891],[-71.08335,9.81784],[-71.08566,9.81968],[-71.08457,9.82358],[-71.08547,9.82634],[-71.08886,9.82106],[-71.0913,9.81463],[-71.09134,9.80863],[-71.08778,9.80158],[-71.08382,9.79573],[-71.22159,9.79584],[-71.22096,9.84564],[-71.30246,9.84569],[-71.3024,9.94553]]]}},{"type":"Feature","properties":{"campo":"BACHAQUERO LAGO","etiqueta":"BACHAQUERO LAGO","area_km2":72.43},"geometry":{"type":"Polygon","coordinates":[[[-71.08382,9.79573],[-71.0775,9.78641],[-71.05548,9.75736],[-71.05269,9.74957],[-71.04002,9.73903],[-71.03492,9.73075],[-71.03154,9.72009],[-71.05055,9.7203],[-71.05038,9.71097],[-71.08968,9.71108],[-71.08963,9.72206],[-71.12716,9.72207],[-71.12716,9.7573],[-71.15024,9.75713],[-71.15015,9.7823],[-71.10799,9.78231],[-71.10799,9.79587],[-71.08382,9.79573]]]}},{"type":"Feature","properties":{"campo":"BACHAQUERO LAGO","etiqueta":"BACHAQUERO LAGO","area_km2":24.86},"geometry":{"type":"Polygon","coordinates":[[[-71.43557,9.96845],[-71.43559,9.99106],[-71.4164,9.99106],[-71.4164,10.01284],[-71.39823,10.01285],[-71.39916,9.94606],[-71.43541,9.94595],[-71.43557,9.96845]]]}},{"type":"Feature","properties":{"campo":"BACHAQUERO LAGO","etiqueta":"BACHAQUERO LAGO","area_km2":82.18},"geometry":{"type":"Polygon","coordinates":[[[-71.39916,9.94606],[-71.38578,9.94622],[-71.38579,9.80939],[-71.35889,9.80945],[-71.35895,9.78685],[-71.32253,9.78686],[-71.32248,9.76425],[-71.26791,9.76426],[-71.26793,9.75558],[-71.36224,9.75542],[-71.36221,9.72611],[-71.41017,9.72622],[-71.40996,9.7378],[-71.39779,9.73777],[-71.39922,9.8428],[-71.39916,9.94606]]]}},{"type":"Feature","properties":{"campo":"BLOQUE LAMA LAGO","etiqueta":"BLOQUE LAMA LAGO","area_km2":53.43},"geometry":{"type":"Polygon","coordinates":[[[-71.59611,10.05226],[-71.59614,10.01226],[-71.62341,10.01226],[-71.62342,10.01609],[-71.64621,10.01609],[-71.64622,10.05225],[-71.64976,10.05223],[-71.64994,10.09838],[-71.59607,10.09838],[-71.59611,10.05226]]]}},{"type":"Feature","properties":{"campo":"BLOQUE VII - CEUTA","etiqueta":"BLOQUE VII - CEUTA","area_km2":633.08},"geometry":{"type":"Polygon","coordinates":[[[-71.15014,9.77326],[-71.15024,9.75723],[-71.12716,9.7573],[-71.12716,9.72207],[-71.08963,9.72206],[-71.08968,9.71108],[-71.05038,9.71097],[-71.05055,9.7203],[-71.03018,9.72008],[-71.03076,9.68791],[-71.0436,9.68796],[-71.04325,9.64966],[-71.05964,9.64968],[-71.05955,9.63574],[-71.06376,9.63582],[-71.06379,9.60433],[-71.06069,9.60456],[-71.05914,9.58581],[-71.07749,9.58584],[-71.07698,9.44922],[-71.23583,9.44851],[-71.23576,9.53993],[-71.2581,9.53997],[-71.25794,9.63088],[-71.28593,9.63093],[-71.28647,9.70062],[-71.26992,9.70063],[-71.26988,9.64952],[-71.22175,9.64954],[-71.22168,9.71429],[-71.21245,9.71429],[-71.21245,9.72333],[-71.20334,9.72334],[-71.20334,9.73111],[-71.18968,9.73112],[-71.18969,9.75789],[-71.17021,9.7579],[-71.17022,9.77325],[-71.15014,9.77326]]]}},{"type":"Feature","properties":{"campo":"BLOQUE I LAGUNILLAS","etiqueta":"BLOQUE I LAGUNILLAS","area_km2":214.95},"geometry":{"type":"Polygon","coordinates":[[[-71.50501,10.20597],[-71.50506,10.06857],[-71.50471,10.06857],[-71.50456,10.06127],[-71.50454,9.98895],[-71.59617,9.98909],[-71.59614,10.00694],[-71.57296,10.00697],[-71.57306,10.09738],[-71.59607,10.09735],[-71.59599,10.20586],[-71.50501,10.20597]]]}},{"type":"Feature","properties":{"nombre":"CATATUMBO","campo":"OCCIDENTE","empresa":"PDVSA","area_km2":2153.85},"geometry":{"type":"Polygon","coordinates":[[[-71.75203,9.08011],[-71.75197,8.99674],[-71.50195,8.99677],[-71.50195,8.66343],[-72.00196,8.66345],[-72.00199,8.99679],[-71.87703,8.99678],[-71.87702,9.08006],[-71.75203,9.08011]]]}},{"type":"Feature","properties":{"campo":"POCO","area_km2":112.68},"geometry":{"type":"Polygon","coordinates":[[[-70.89218,9.26791],[-70.86333,9.26804],[-70.86343,9.20481],[-70.87637,9.20476],[-70.8763,9.19268],[-70.88957,9.19262],[-70.88952,9.18329],[-70.89969,9.18324],[-70.89964,9.17479],[-70.91412,9.17472],[-70.91409,9.16891],[-70.92047,9.16394],[-70.92602,9.16786],[-70.92389,9.16249],[-70.93484,9.16288],[-70.93478,9.15278],[-70.94738,9.15239],[-70.94731,9.13999],[-70.96057,9.13949],[-70.9605,9.12588],[-70.98934,9.1253],[-70.98944,9.14286],[-71.00314,9.14312],[-71.00327,9.16551],[-70.98879,9.16591],[-70.98889,9.18314],[-70.9764,9.1832],[-70.97649,9.19989],[-70.96312,9.19995],[-70.96243,9.21587],[-70.95226,9.21592],[-70.95233,9.22832],[-70.92492,9.2289],[-70.92496,9.23669],[-70.91158,9.23642],[-70.91163,9.24468],[-70.90113,9.24569],[-70.90117,9.25316],[-70.89177,9.2532],[-70.89218,9.26791]]]}},{"type":"Feature","properties":{"campo":"BLOQUE XV","etiqueta":"BLOQUE XV","area_km2":585.54},"geometry":{"type":"Polygon","coordinates":[[[-71.64622,10.03068],[-71.64621,10.01609],[-71.62342,10.01609],[-71.62372,9.95966],[-71.64569,9.95965],[-71.64573,9.94298],[-71.69226,9.943],[-71.69201,9.64985],[-71.66933,9.6499],[-71.66928,9.61513],[-71.64484,9.61519],[-71.6447,9.59774],[-71.69196,9.59774],[-71.69196,9.59326],[-71.71478,9.59326],[-71.7147,9.54064],[-71.78183,9.54048],[-71.78189,9.81669],[-71.78338,9.86841],[-71.78459,10.01086],[-71.70222,10.01154],[-71.66465,10.01141],[-71.66494,10.05211],[-71.64622,10.05225],[-71.64622,10.03068]]]}},{"type":"Feature","properties":{"campo":"SUR OESTE LAGO","etiqueta":"SUR OESTE LAGO","empresa":"PDVSA","area_km2":877.96},"geometry":{"type":"MultiPolygon","coordinates":[[[[-72.0117,10.00222],[-72.01045,9.86646],[-71.78338,9.86841],[-71.7819,9.81669],[-71.78185,9.66577],[-72.02209,9.6636],[-72.05117,9.66509],[-72.05017,9.6975],[-72.05377,9.70197],[-72.07554,9.70164],[-72.0751,9.72602],[-72.08192,9.73362],[-72.10104,9.73362],[-72.09997,9.75711],[-72.10696,9.76689],[-72.11643,9.76616],[-72.15108,9.76616],[-72.1507,9.8147],[-72.13452,9.81508],[-72.13356,9.85334],[-72.10196,9.85429],[-72.10235,9.89065],[-72.0776,9.89103],[-72.07798,9.92511],[-72.04452,9.92579],[-72.04295,9.96127],[-72.03363,9.96127],[-72.03344,9.99896],[-72.0117,10.00222]]]]}},{"type":"Feature","properties":{"campo":"SUR LAGO B","etiqueta":"SUR LAGO B","area_km2":149.74},"geometry":{"type":"Polygon","coordinates":[[[-71.68953,9.3581],[-71.68947,9.2699],[-71.78176,9.27007],[-71.78179,9.40352],[-71.68928,9.40335],[-71.68953,9.3581]]]}},{"type":"Feature","properties":{"campo":"SUR LAGO E","etiqueta":"SUR LAGO E","area_km2":198.96},"geometry":{"type":"Polygon","coordinates":[[[-71.68947,9.26989],[-71.68947,9.22237],[-71.5075,9.22243],[-71.50756,9.17862],[-71.78182,9.17892],[-71.78176,9.27008],[-71.68947,9.26989]]]}},{"type":"Feature","properties":{"campo":"SUR LAGO D","etiqueta":"SUR LAGO D","area_km2":395.81},"geometry":{"type":"Polygon","coordinates":[[[-71.41777,9.44845],[-71.4178,9.36007],[-71.3267,9.35997],[-71.32675,9.26812],[-71.41794,9.26823],[-71.41799,9.17847],[-71.50756,9.17862],[-71.50742,9.44849],[-71.41777,9.44845]]]}},{"type":"Feature","properties":{"campo":"SUR LAGO B","etiqueta":"SUR LAGO B","area_km2":52.65},"geometry":{"type":"Polygon","coordinates":[[[-71.68964,9.5405],[-71.68964,9.49366],[-71.78181,9.49349],[-71.78183,9.54048],[-71.68964,9.5405]]]}},{"type":"Feature","properties":{"campo":"SUR LAGO C","etiqueta":"SUR LAGO C","area_km2":149.58},"geometry":{"type":"Polygon","coordinates":[[[-71.32532,9.44874],[-71.32523,9.49404],[-71.41627,9.49351],[-71.41633,9.53907],[-71.23576,9.53993],[-71.23583,9.44851],[-71.32532,9.44874]]]}},{"type":"Feature","properties":{"campo":"SUR LAGO C","etiqueta":"SUR LAGO C","area_km2":98.19},"geometry":{"type":"Polygon","coordinates":[[[-71.32661,9.44874],[-71.3267,9.35997],[-71.4178,9.36007],[-71.41777,9.44858],[-71.32661,9.44874]]]}},{"type":"Feature","properties":{"campo":"BLOQUE XIII LAGO SUR","etiqueta":"BLOQUE XIII LAGO SUR","area_km2":511.44},"geometry":{"type":"Polygon","coordinates":[[[-71.28625,9.67603],[-71.28593,9.63093],[-71.25794,9.63088],[-71.2581,9.53997],[-71.41633,9.53907],[-71.68958,9.53897],[-71.7147,9.54064],[-71.71462,9.58628],[-71.57835,9.58658],[-71.57836,9.63112],[-71.42425,9.63116],[-71.42424,9.67626],[-71.28625,9.67603]]]}},{"type":"Feature","properties":{"campo":"BLOQUE XV","etiqueta":"BLOQUE XV","area_km2":41.45},"geometry":{"type":"Polygon","coordinates":[[[-71.69203,9.72148],[-71.69205,9.77853],[-71.64614,9.77883],[-71.64623,9.74578],[-71.62432,9.74578],[-71.62432,9.7263],[-71.64693,9.72651],[-71.64679,9.70371],[-71.66755,9.70367],[-71.66747,9.72145],[-71.69203,9.72148]]]}},{"type":"Feature","properties":{"campo":"LA SALINA","etiqueta":"LA SALINA","area_km2":307.26},"geometry":{"type":"MultiPolygon","coordinates":[[[[-71.60432,10.24755],[-71.60432,10.2891],[-71.58445,10.2891],[-71.58445,10.30987],[-71.56458,10.30987],[-71.56458,10.37219],[-71.54708,10.37219],[-71.54708,10.39021],[-71.49834,10.3919],[-71.49954,10.44477],[-71.47624,10.44319],[-71.47579,10.42904],[-71.47703,10.42158],[-71.48594,10.40442],[-71.48137,10.39136],[-71.47524,10.38691],[-71.46136,10.37486],[-71.4488,10.36661],[-71.43307,10.35105],[-71.42558,10.33977],[-71.42293,10.32238],[-71.41847,10.3041],[-71.4097,10.29291],[-71.43817,10.29273],[-71.43818,10.27423],[-71.44903,10.27423],[-71.44889,10.25634],[-71.47196,10.25634],[-71.50501,10.20597],[-71.60432,10.20601],[-71.60432,10.24755]]],[[[-71.60432,10.24755],[-71.64405,10.24755],[-71.64405,10.26832],[-71.64405,10.24755],[-71.60432,10.24755]]]]}},{"type":"Feature","properties":{"campo":"BLOQUE I LAMA","etiqueta":"BLOQUE I LAMA","area_km2":25.37},"geometry":{"type":"Polygon","coordinates":[[[-71.58455,10.00695],[-71.59614,10.00694],[-71.59607,10.09735],[-71.57306,10.09738],[-71.57296,10.00697],[-71.58455,10.00695]]]}},{"type":"Feature","properties":{"campo":"BLOQUE IX (1) LAMA","etiqueta":"BLOQUE IX (1) LAMA","area_km2":99.3},"geometry":{"type":"Polygon","coordinates":[[[-71.62372,9.95966],[-71.59941,9.95967],[-71.59904,9.7846],[-71.64613,9.78458],[-71.64569,9.95965],[-71.62372,9.95966]]]}},{"type":"Feature","properties":{"campo":"SUR LAGO","etiqueta":"SUR LAGO","area_km2":951.27},"geometry":{"type":"Polygon","coordinates":[[[-71.68958,9.53897],[-71.41633,9.53907],[-71.41635,9.49367],[-71.32523,9.49404],[-71.32532,9.44841],[-71.50743,9.44851],[-71.5075,9.22243],[-71.6895,9.22248],[-71.68954,9.40331],[-71.78059,9.40327],[-71.78063,9.49368],[-71.68964,9.49366],[-71.68958,9.53897]]]}},{"type":"Feature","properties":{"campo":"BLOQUE V CENTRO)","etiqueta":"BLOQUE V CENTRO)","area_km2":57.52},"geometry":{"type":"Polygon","coordinates":[[[-71.4669,9.72616],[-71.46665,9.6575],[-71.5355,9.65752],[-71.5355,9.70336],[-71.53605,9.72633],[-71.4669,9.72616]]]}},{"type":"Feature","properties":{"campo":"BLOQUE V(10) CENTRO","etiqueta":"BLOQUE V(10) CENTRO","area_km2":59.68},"geometry":{"type":"Polygon","coordinates":[[[-71.46665,9.6575],[-71.46707,9.63522],[-71.58569,9.63523],[-71.58564,9.65751],[-71.5685,9.65774],[-71.56849,9.72632],[-71.53605,9.72633],[-71.5355,9.70336],[-71.5355,9.65752],[-71.46665,9.6575]]]}},{"type":"Feature","properties":{"campo":"BLOQUE V(10) CENTRO","etiqueta":"BLOQUE V(10) CENTRO","area_km2":91.57},"geometry":{"type":"Polygon","coordinates":[[[-71.4669,9.72616],[-71.30191,9.72636],[-71.30198,9.68066],[-71.46693,9.68045],[-71.4669,9.72616]]]}},{"type":"Feature","properties":{"campo":"BLOQUE VI LAMAR","etiqueta":"BLOQUE VI LAMAR","area_km2":89.93},"geometry":{"type":"Polygon","coordinates":[[[-71.62432,9.78459],[-71.51829,9.78463],[-71.5183,9.75304],[-71.50439,9.75304],[-71.50435,9.72633],[-71.62432,9.7263],[-71.62432,9.74578],[-71.64623,9.74578],[-71.64613,9.78458],[-71.62432,9.78459]]]}},{"type":"Feature","properties":{"campo":"BLOQUE IX (12) LAMA","etiqueta":"BLOQUE IX (12) LAMA","area_km2":92.25},"geometry":{"type":"Polygon","coordinates":[[[-71.64613,9.78458],[-71.64614,9.77883],[-71.69205,9.77853],[-71.69226,9.943],[-71.64573,9.94298],[-71.64613,9.78458]]]}},{"type":"Feature","properties":{"nombre":"CAMPO MARA","campo":"OCCIDENTE","etiqueta":"CAMPO MARA","empresa":"PDVSA","area_km2":383.22},"geometry":{"type":"Polygon","coordinates":[[[-71.78209,10.85266],[-71.78387,10.83517],[-71.86052,10.83579],[-71.86011,10.78012],[-71.95201,10.78012],[-71.95201,10.81346],[-72.05201,10.81346],[-72.05201,10.86346],[-71.92701,10.86346],[-71.92701,10.91346],[-71.852,10.91346],[-71.852,10.94679],[-71.802,10.9468],[-71.802,10.98013],[-71.727,10.98013],[-71.727,10.87001],[-71.7571,10.86943],[-71.75675,10.85302],[-71.78209,10.85266]]]}},{"type":"Feature","properties":{"nombre":"BARINAS OESTE","campo":"OCCIDENTE","etiqueta":"BARINAS OESTE","area_km2":3652.94},"geometry":{"type":"Polygon","coordinates":[[[-70.20714,8.32402],[-70.20458,8.31958],[-70.20339,8.32005],[-70.20257,8.32103],[-70.20164,8.32455],[-70.19972,8.32695],[-70.1994,8.3271],[-70.19958,8.32674],[-70.19746,8.3255],[-70.19787,8.32276],[-70.19961,8.31863],[-70.20002,8.31608],[-70.19837,8.31397],[-70.19655,8.313],[-70.19527,8.31321],[-70.19528,8.2867],[-70.21371,8.2867],[-70.21372,8.26386],[-70.19779,8.24957],[-70.2291,8.21493],[-70.22571,8.2119],[-70.22924,8.208],[-70.23262,8.21104],[-70.23733,8.20583],[-70.24478,8.21251],[-70.24478,8.14679],[-70.57695,8.14679],[-70.57695,8.26346],[-70.90196,8.26346],[-70.90196,8.36346],[-70.82696,8.36346],[-70.82696,8.53013],[-70.70196,8.53013],[-70.70196,8.5968],[-70.62696,8.5968],[-70.62696,8.68013],[-70.57696,8.68013],[-70.57696,8.88013],[-70.30195,8.88013],[-70.30195,8.83013],[-70.32695,8.83013],[-70.32695,8.76347],[-70.25195,8.76347],[-70.25195,8.73013],[-70.15194,8.73013],[-70.15194,8.64807],[-70.3761,8.64733],[-70.37695,8.41351],[-70.33691,8.41385],[-70.3369,8.38616],[-70.24611,8.38616],[-70.24611,8.32503],[-70.20727,8.32435],[-70.20714,8.32402]]]}},{"type":"Feature","properties":{"nombre":"SABANETA SUROESTE","campo":"OCCIDENTE","etiqueta":"SABANETA SUROESTE","area_km2":152.08},"geometry":{"type":"Polygon","coordinates":[[[-69.7019,8.73009],[-69.7019,8.71342],[-69.6269,8.71342],[-69.6269,8.66342],[-69.77691,8.66342],[-69.77691,8.78009],[-69.7019,8.78009],[-69.7019,8.73009]]]}},{"type":"Feature","properties":{"campo":"OCCIDENTE","area_km2":126.92},"geometry":{"type":"Polygon","coordinates":[[[-72.30177,7.64651],[-72.42677,7.64651],[-72.42677,7.72984],[-72.30177,7.72984],[-72.30177,7.64651]]]}},{"type":"Feature","properties":{"nombre":"SABANETA SUROESTE","campo":"OCCIDENTE","etiqueta":"SABANETA SUROESTE","area_km2":60.83},"geometry":{"type":"Polygon","coordinates":[[[-69.6269,8.71342],[-69.7019,8.71342],[-69.7019,8.78009],[-69.6269,8.78009],[-69.6269,8.71342]]]}},{"type":"Feature","properties":{"nombre":"GUAFITA-LA VICTORIA","campo":"OCCIDENTE","etiqueta":"GUAFITA-LA VICTORIA","area_km2":43.07},"geometry":{"type":"Polygon","coordinates":[[[-71.32697,7.06396],[-71.30197,7.06345],[-71.22697,7.06345],[-71.22696,7.03123],[-71.23215,7.03123],[-71.23473,7.03028],[-71.23688,7.02872],[-71.23876,7.02532],[-71.24056,7.0176],[-71.24231,7.01677],[-71.24369,7.01713],[-71.2463,7.02039],[-71.24918,7.02269],[-71.25202,7.02366],[-71.25528,7.02393],[-71.25688,7.02826],[-71.26018,7.03327],[-71.26331,7.03556],[-71.26658,7.03635],[-71.27043,7.03552],[-71.27787,7.03053],[-71.28396,7.02908],[-71.2988,7.03205],[-71.30389,7.03152],[-71.30753,7.03027],[-71.31147,7.02717],[-71.31185,7.02728],[-71.31518,7.0217],[-71.31741,7.02026],[-71.31954,7.02009],[-71.32654,7.02182],[-71.32697,7.03011],[-71.32697,7.06396]]]}},{"type":"Feature","properties":{"nombre":"GUAFITA-LA VICTORIA","campo":"OCCIDENTE","etiqueta":"GUAFITA-LA VICTORIA","area_km2":69.25},"geometry":{"type":"Polygon","coordinates":[[[-71.15196,7.09678],[-71.15189,7.08202],[-71.16637,7.08213],[-71.1662,7.03057],[-71.17374,7.0296],[-71.18375,7.02528],[-71.18915,7.02475],[-71.19167,7.02387],[-71.1946,7.02689],[-71.19687,7.02813],[-71.20015,7.02874],[-71.20236,7.02849],[-71.21086,7.02356],[-71.2135,7.0243],[-71.22209,7.02973],[-71.22696,7.03123],[-71.22697,7.11345],[-71.15196,7.11345],[-71.15196,7.09678]]]}},{"type":"Feature","properties":{"nombre":"GUAFITA-LA VICTORIA","campo":"OCCIDENTE","etiqueta":"GUAFITA-LA VICTORIA","area_km2":60.95},"geometry":{"type":"Polygon","coordinates":[[[-71.22697,7.11345],[-71.22697,7.06345],[-71.32697,7.06345],[-71.32697,7.11345],[-71.22697,7.11345]]]}},{"type":"Feature","properties":{"nombre":"GUAFITA-LA VICTORIA","campo":"OCCIDENTE","etiqueta":"GUAFITA-LA VICTORIA","area_km2":43.07},"geometry":{"type":"Polygon","coordinates":[[[-71.32697,7.06396],[-71.30197,7.06345],[-71.22697,7.06345],[-71.22696,7.03123],[-71.23215,7.03123],[-71.23473,7.03028],[-71.23688,7.02872],[-71.23876,7.02532],[-71.24056,7.0176],[-71.24231,7.01677],[-71.24369,7.01713],[-71.2463,7.02039],[-71.24918,7.02269],[-71.25202,7.02366],[-71.25528,7.02393],[-71.25688,7.02826],[-71.26018,7.03327],[-71.26331,7.03556],[-71.26658,7.03635],[-71.27043,7.03552],[-71.27787,7.03053],[-71.28396,7.02908],[-71.2988,7.03205],[-71.30389,7.03152],[-71.30753,7.03027],[-71.31147,7.02717],[-71.31185,7.02728],[-71.31518,7.0217],[-71.31741,7.02026],[-71.31954,7.02009],[-71.32654,7.02182],[-71.32697,7.03011],[-71.32697,7.06396]]]}},{"type":"Feature","properties":{"nombre":"GUAFITA-LA VICTORIA","campo":"OCCIDENTE","etiqueta":"GUAFITA-LA VICTORIA","area_km2":69.25},"geometry":{"type":"Polygon","coordinates":[[[-71.15196,7.09678],[-71.15189,7.08202],[-71.16637,7.08213],[-71.1662,7.03057],[-71.17374,7.0296],[-71.18375,7.02528],[-71.18915,7.02475],[-71.19167,7.02387],[-71.1946,7.02689],[-71.19687,7.02813],[-71.20015,7.02874],[-71.20236,7.02849],[-71.21086,7.02356],[-71.2135,7.0243],[-71.22209,7.02973],[-71.22696,7.03123],[-71.22697,7.11345],[-71.15196,7.11345],[-71.15196,7.09678]]]}},{"type":"Feature","properties":{"nombre":"GUAFITA-LA VICTORIA","campo":"OCCIDENTE","etiqueta":"GUAFITA-LA VICTORIA","area_km2":60.95},"geometry":{"type":"Polygon","coordinates":[[[-71.22697,7.11345],[-71.22697,7.06345],[-71.32697,7.06345],[-71.32697,7.11345],[-71.22697,7.11345]]]}},{"type":"Feature","properties":{"nombre":"GUACAMARAL","campo":"OCCIDENTE","etiqueta":"GUACAMARAL","empresa":"PDVSA","area_km2":1657.12},"geometry":{"type":"Polygon","coordinates":[[[-69.87691,9.1801],[-69.87691,9.16343],[-69.75191,9.16343],[-69.75191,9.06343],[-69.80191,9.06343],[-69.80191,9.04676],[-69.87691,9.04676],[-69.87691,9.03009],[-69.90191,9.03009],[-69.90191,9.01343],[-69.92691,9.01343],[-69.92691,8.99676],[-69.95191,8.99676],[-69.95191,8.96343],[-69.97692,8.96343],[-69.97692,8.94676],[-70.00192,8.94676],[-70.00192,8.91342],[-70.02692,8.91342],[-70.02692,8.86342],[-70.05192,8.86342],[-70.05192,8.83009],[-70.10192,8.83009],[-70.10192,8.74675],[-70.12692,8.74675],[-70.12692,8.73009],[-70.25193,8.73009],[-70.25193,8.78009],[-70.30193,8.78009],[-70.30193,8.89676],[-70.25193,8.89676],[-70.25193,8.99676],[-70.22693,8.99676],[-70.22693,9.08009],[-70.20193,9.08009],[-70.20193,9.11343],[-70.17692,9.11343],[-70.17692,9.1301],[-70.15192,9.1301],[-70.15192,9.16343],[-70.12692,9.16343],[-70.12692,9.19676],[-69.87691,9.19676],[-69.87691,9.1801]]]}},{"type":"Feature","properties":{"nombre":"BARRANCAS","campo":"OCCIDENTE","etiqueta":"BARRANCAS","empresa":"PDVSA","area_km2":314.21},"geometry":{"type":"Polygon","coordinates":[[[-70.00192,8.86342],[-70.02692,8.86342],[-70.02692,8.91342],[-70.00192,8.91342],[-70.00192,8.94676],[-69.97692,8.94676],[-69.97692,8.96343],[-69.95191,8.96343],[-69.95191,8.99676],[-69.92691,8.99676],[-69.92691,9.01343],[-69.90191,9.01343],[-69.90191,9.03009],[-69.87691,9.03009],[-69.87691,9.04676],[-69.80191,9.04676],[-69.80191,8.93009],[-69.87691,8.93009],[-69.87691,8.86342],[-70.00192,8.86342]]]}},{"type":"Feature","properties":{"campo":"OCCIDENTE","area_km2":10.02},"geometry":{"type":"Polygon","coordinates":[[[-70.05192,8.39675],[-70.05192,8.3838],[-70.06316,8.38381],[-70.06315,8.39856],[-70.07692,8.39856],[-70.07692,8.41213],[-70.08584,8.41213],[-70.08583,8.43008],[-70.06313,8.43008],[-70.06315,8.40415],[-70.05192,8.40415],[-70.05192,8.39675]]]}},{"type":"Feature","properties":{"nombre":"BORBURATA","campo":"OCCIDENTE","etiqueta":"BORBURATA","empresa":"PDVSA","area_km2":577.42},"geometry":{"type":"MultiPolygon","coordinates":[[[[-69.99368,8.3519],[-70.01749,8.37328],[-70.01776,8.37298],[-70.01775,8.39592],[-70.01171,8.39592],[-70.0117,8.41389],[-70.00149,8.41388],[-70.00148,8.4184],[-69.99032,8.4184],[-69.99048,8.42744],[-69.98141,8.42743],[-69.98139,8.44552],[-69.99048,8.44553],[-69.99045,8.47265],[-69.97596,8.47264],[-69.96653,8.48306],[-69.96644,8.59443],[-70.23268,8.59454],[-70.23269,8.49351],[-70.25671,8.49347],[-70.25745,8.49051],[-70.25694,8.48682],[-70.25918,8.48064],[-70.25831,8.47857],[-70.25928,8.47749],[-70.25919,8.47521],[-70.25963,8.47425],[-70.25908,8.47345],[-70.26075,8.472],[-70.26075,8.46827],[-70.26161,8.46635],[-70.26083,8.46423],[-70.25958,8.46434],[-70.25861,8.4629],[-70.33689,8.46287],[-70.33746,8.4138],[-70.37694,8.41346],[-70.37608,8.64728],[-69.95168,8.64857],[-69.95206,8.43423],[-69.97229,8.45295],[-69.97237,8.37295],[-69.9805,8.37294],[-69.9811,8.37427],[-69.98096,8.37622],[-69.97986,8.37935],[-69.98146,8.38184],[-69.98201,8.3838],[-69.98083,8.38614],[-69.98181,8.3873],[-69.98452,8.38866],[-69.98497,8.38982],[-69.98406,8.39229],[-69.98105,8.39251],[-69.98056,8.39311],[-69.98099,8.39418],[-69.98449,8.39502],[-69.98528,8.39652],[-69.98488,8.39699],[-69.98186,8.3975],[-69.97981,8.39906],[-69.97996,8.40192],[-69.98175,8.4052],[-69.98129,8.40745],[-69.97973,8.40848],[-69.97649,8.40758],[-69.97441,8.40754],[-69.97422,8.40946],[-69.97469,8.41054],[-69.97573,8.4114],[-69.97839,8.41224],[-69.98021,8.41232],[-69.9828,8.41162],[-70.01095,8.38053],[-69.98713,8.35913],[-69.99368,8.3519]]]]}},{"type":"Feature","properties":{"nombre":"GUANARE","campo":"OCCIDENTE","etiqueta":"GUANARE","empresa":"PDVSA","area_km2":1900.09},"geometry":{"type":"Polygon","coordinates":[[[-69.37692,9.41345],[-69.37689,9.24677],[-69.50191,9.24681],[-69.50193,9.0801],[-69.75188,9.08009],[-69.75191,9.16344],[-69.87691,9.16339],[-69.87687,9.24674],[-70.00189,9.24675],[-70.00193,9.41342],[-69.37692,9.41345]]]}},{"type":"Feature","properties":{"nombre":"MANTECAL","campo":"OCCIDENTE","etiqueta":"MANTECAL","empresa":"PDVSA","area_km2":4839.12},"geometry":{"type":"Polygon","coordinates":[[[-68.50185,7.91341],[-68.50185,7.89674],[-68.47685,7.89674],[-68.47685,7.84674],[-68.45185,7.84674],[-68.45185,7.78007],[-68.42684,7.78007],[-68.42684,7.73007],[-68.40184,7.73007],[-68.40184,7.6634],[-68.37684,7.6634],[-68.37684,7.63007],[-68.40184,7.63007],[-68.40184,7.6134],[-68.42684,7.6134],[-68.42684,7.59674],[-68.47685,7.59674],[-68.47685,7.58007],[-68.52685,7.58007],[-68.52685,7.5634],[-68.55185,7.5634],[-68.55185,7.54673],[-68.60185,7.54673],[-68.60185,7.53007],[-68.62685,7.53007],[-68.62685,7.5134],[-68.67685,7.5134],[-68.67685,7.49673],[-68.72686,7.49673],[-68.72686,7.48006],[-68.75186,7.48006],[-68.75186,7.4634],[-68.80186,7.4634],[-68.80186,7.44673],[-68.82686,7.44673],[-68.82686,7.43006],[-68.87686,7.43006],[-68.87686,7.4134],[-68.90186,7.4134],[-68.90186,7.39673],[-68.95187,7.39673],[-68.95187,7.38006],[-69.00187,7.38006],[-69.00187,7.36339],[-69.02687,7.36339],[-69.02687,7.34673],[-69.07687,7.34673],[-69.07687,7.33006],[-69.10187,7.33006],[-69.10187,7.31339],[-69.15187,7.31339],[-69.15187,7.29673],[-69.20188,7.29673],[-69.20188,7.28006],[-69.22688,7.28006],[-69.22688,7.26339],[-69.27688,7.26339],[-69.27688,7.24672],[-69.30188,7.24672],[-69.30188,7.23006],[-69.35188,7.23006],[-69.35188,7.21339],[-69.40188,7.21339],[-69.40188,7.19672],[-69.45189,7.19672],[-69.45189,7.24672],[-69.47689,7.24672],[-69.47689,7.31339],[-69.50189,7.31339],[-69.50189,7.36339],[-69.52689,7.36339],[-69.52689,7.43006],[-69.55189,7.43006],[-69.55189,7.48006],[-69.57689,7.48006],[-69.57689,7.5134],[-69.52689,7.5134],[-69.52689,7.53006],[-69.47689,7.53006],[-69.47689,7.54673],[-69.45189,7.54673],[-69.45189,7.5634],[-69.40188,7.5634],[-69.40188,7.58006],[-69.37688,7.58006],[-69.37688,7.59673],[-69.32688,7.59673],[-69.32688,7.6134],[-69.27688,7.6134],[-69.27688,7.63007],[-69.25188,7.63007],[-69.25188,7.64673],[-69.20188,7.64673],[-69.20188,7.6634],[-69.17688,7.6634],[-69.17688,7.68007],[-69.12687,7.68007],[-69.12687,7.69673],[-69.10187,7.69673],[-69.10187,7.7134],[-69.05187,7.7134],[-69.05187,7.73007],[-69.00187,7.73007],[-69.00187,7.74674],[-68.97687,7.74674],[-68.97687,7.7634],[-68.92687,7.7634],[-68.92687,7.78007],[-68.90186,7.78007],[-68.90186,7.79674],[-68.85186,7.79674],[-68.85186,7.81341],[-68.80186,7.81341],[-68.80186,7.83007],[-68.77686,7.83007],[-68.77686,7.84674],[-68.72686,7.84674],[-68.72686,7.86341],[-68.70186,7.86341],[-68.70186,7.88007],[-68.65185,7.88007],[-68.65185,7.89674],[-68.60185,7.89674],[-68.60185,7.91341],[-68.57685,7.91341],[-68.57685,7.93008],[-68.52685,7.93008],[-68.52685,7.94674],[-68.50185,7.94674],[-68.50185,7.91341]]]}},{"type":"Feature","properties":{"nombre":"TINACO","campo":"CENTRO","etiqueta":"TINACO","area_km2":960.14},"geometry":{"type":"Polygon","coordinates":[[[-68.37707,9.43011],[-68.37703,9.33011],[-68.62686,9.33011],[-68.62681,9.64634],[-68.37705,9.64629],[-68.37707,9.43011]]]}},{"type":"Feature","properties":{"nombre":"BARBACOAS","campo":"CENTRO","etiqueta":"BARBACOAS","empresa":"PLUSPETROL","area_km2":1220.61},"geometry":{"type":"MultiPolygon","coordinates":[[[[-67.07679,9.41345],[-67.07679,9.39678],[-66.95179,9.39679],[-66.95179,9.38012],[-66.90179,9.38012],[-66.90179,9.29678],[-67.2268,9.29678],[-67.2268,9.33012],[-67.2018,9.33012],[-67.2018,9.36345],[-67.1768,9.36345],[-67.1768,9.38012],[-67.1518,9.38012],[-67.1518,9.39678],[-67.1018,9.39678],[-67.1018,9.41345],[-67.07679,9.41345]]],[[[-66.97679,9.69679],[-66.97679,9.68013],[-66.95179,9.68013],[-66.95179,9.64679],[-66.97679,9.64679],[-66.97679,9.63012],[-67.02679,9.63012],[-67.02679,9.61346],[-67.05179,9.61346],[-67.05179,9.59679],[-67.0768,9.59679],[-67.0768,9.58012],[-67.1018,9.58012],[-67.1018,9.54679],[-67.1268,9.54679],[-67.1268,9.53012],[-67.1018,9.53012],[-67.1018,9.49679],[-67.00179,9.49679],[-67.00179,9.53012],[-66.97679,9.53012],[-66.97679,9.59679],[-66.90179,9.59679],[-66.90179,9.49679],[-66.92679,9.49679],[-66.92679,9.48012],[-66.95179,9.48012],[-66.95179,9.46345],[-66.97679,9.46345],[-66.97679,9.44679],[-67.02679,9.44679],[-67.02679,9.46345],[-67.2018,9.46345],[-67.2018,9.44679],[-67.2268,9.44678],[-67.2268,9.43012],[-67.2518,9.43012],[-67.2518,9.73013],[-66.97679,9.73013],[-66.97679,9.69679]]]]}},{"type":"Feature","properties":{"nombre":"TIZNADO","campo":"CENTRO","etiqueta":"TIZNADO","empresa":"PLUSPETROL","pais":"ARGENTINA","area_km2":1215.52},"geometry":{"type":"Polygon","coordinates":[[[-67.2518,9.58012],[-67.2518,9.56345],[-67.35181,9.56345],[-67.35181,9.53012],[-67.37681,9.53012],[-67.37681,9.49679],[-67.47681,9.49678],[-67.47681,9.48012],[-67.50181,9.48012],[-67.50181,9.46345],[-67.52681,9.46345],[-67.52681,9.41345],[-67.55182,9.41345],[-67.55181,9.39678],[-67.47681,9.39678],[-67.47681,9.43012],[-67.40181,9.43012],[-67.40181,9.44678],[-67.32681,9.44678],[-67.32681,9.43012],[-67.3018,9.43012],[-67.3018,9.46345],[-67.2518,9.46345],[-67.2518,9.43012],[-67.2768,9.43012],[-67.2768,9.41345],[-67.42681,9.41345],[-67.42681,9.39678],[-67.45181,9.39678],[-67.45181,9.36345],[-67.42681,9.36345],[-67.42681,9.33011],[-67.60182,9.33011],[-67.60182,9.38011],[-67.62682,9.38011],[-67.62682,9.43012],[-67.65182,9.43012],[-67.65182,9.48012],[-67.67682,9.48012],[-67.67682,9.54679],[-67.65182,9.54679],[-67.65182,9.58012],[-67.67682,9.58012],[-67.67682,9.59679],[-67.65182,9.59679],[-67.65182,9.64679],[-67.62682,9.64679],[-67.62682,9.66345],[-67.37681,9.66346],[-67.37681,9.73012],[-67.2518,9.73013],[-67.2518,9.58012]]]}},{"type":"Feature","properties":{"nombre":"YUCAL PLACER NORTE","campo":"CENTRO","etiqueta":"YUCAL PLACER NORTE","empresa":"YPERGAS","pais":"ESPAÑA","area_km2":708.94},"geometry":{"type":"Polygon","coordinates":[[[-66.32676,9.78013],[-66.32676,9.76346],[-66.27676,9.76346],[-66.27676,9.78013],[-66.17676,9.78013],[-66.17676,9.76346],[-66.15176,9.76346],[-66.15176,9.73013],[-66.12675,9.73013],[-66.12675,9.71346],[-66.10175,9.71346],[-66.10175,9.63013],[-66.52677,9.63013],[-66.52677,9.71346],[-66.50177,9.71346],[-66.50177,9.7468],[-66.47677,9.7468],[-66.47677,9.76346],[-66.45177,9.76346],[-66.45177,9.78013],[-66.37677,9.78013],[-66.37677,9.81347],[-66.32676,9.81347],[-66.32676,9.78013]]]}},{"type":"Feature","properties":{"nombre":"YUCAL PLACER SUR","campo":"CENTRO","etiqueta":"YUCAL PLACER SUR","empresa":"YPERGAS","pais":"ESPAÑA","area_km2":476.06},"geometry":{"type":"Polygon","coordinates":[[[-66.25176,9.54679],[-66.25176,9.53013],[-66.27676,9.53012],[-66.27676,9.51346],[-66.35176,9.51346],[-66.35176,9.53012],[-66.40177,9.53012],[-66.40177,9.54679],[-66.57677,9.54679],[-66.57677,9.61346],[-66.52677,9.61346],[-66.52677,9.63013],[-66.10175,9.63013],[-66.10175,9.58013],[-66.17676,9.58013],[-66.17676,9.56346],[-66.22676,9.56346],[-66.22676,9.54679],[-66.25176,9.54679]]]}},{"type":"Feature","properties":{"nombre":"GUARICO OCCIDENTAL","campo":"CENTRO","etiqueta":"GUARICO OCCIDENTAL","empresa":"PDVSA","area_km2":3271.89},"geometry":{"type":"Polygon","coordinates":[[[-66.13691,9.45549],[-66.1327,8.99421],[-66.79551,8.99871],[-66.79338,9.34892],[-66.47396,9.34956],[-66.47306,9.45811],[-66.13691,9.45549]]]}},{"type":"Feature","properties":{"nombre":"SAN CARLOS","campo":"CENTRO","etiqueta":"SAN CARLOS","area_km2":1772.26},"geometry":{"type":"Polygon","coordinates":[[[-68.62685,9.41125],[-68.62683,9.33013],[-69.12688,9.33014],[-69.12686,9.58012],[-68.87686,9.58012],[-68.87684,9.66343],[-68.62689,9.66341],[-68.62685,9.41125]]]}},{"type":"Feature","properties":{"nombre":"LA GALERA","campo":"CENTRO","etiqueta":"LA GALERA","area_km2":966.76},"geometry":{"type":"Polygon","coordinates":[[[-68.1272,9.64658],[-68.12596,9.32894],[-68.37703,9.329],[-68.37705,9.64638],[-68.1272,9.64658]]]}},{"type":"Feature","properties":{"nombre":"EL PAO","campo":"CENTRO","etiqueta":"EL PAO","area_km2":1814.77},"geometry":{"type":"Polygon","coordinates":[[[-67.67985,9.66305],[-67.67985,9.33001],[-68.12621,9.32886],[-68.12736,9.6642],[-67.67985,9.66305]]]}},{"type":"Feature","properties":{"nombre":"TIZNADO","campo":"CENTRO","etiqueta":"TIZNADO","empresa":"PDVSA","area_km2":141.36},"geometry":{"type":"Polygon","coordinates":[[[-67.67682,9.59679],[-67.67682,9.58012],[-67.65182,9.58012],[-67.65182,9.54679],[-67.67682,9.54679],[-67.67682,9.48012],[-67.65182,9.48012],[-67.65182,9.43012],[-67.62682,9.43012],[-67.62682,9.38011],[-67.60182,9.38011],[-67.60182,9.33064],[-67.68052,9.33048],[-67.68055,9.66385],[-67.62682,9.66345],[-67.62682,9.64679],[-67.65182,9.64679],[-67.65182,9.59679],[-67.67682,9.59679]]]}},{"type":"Feature","properties":{"nombre":"TIZNADO","campo":"CENTRO","etiqueta":"TIZNADO","empresa":"PDVSA","area_km2":192.29},"geometry":{"type":"Polygon","coordinates":[[[-67.25094,9.43012],[-67.25094,9.33063],[-67.42681,9.33076],[-67.42681,9.36345],[-67.45181,9.36345],[-67.45181,9.39678],[-67.42681,9.39678],[-67.42681,9.41345],[-67.2768,9.41345],[-67.2768,9.43012],[-67.25094,9.43012]]]}},{"type":"Feature","properties":{"nombre":"TIZNADO","campo":"CENTRO","etiqueta":"TIZNADO","empresa":"PDVSA","area_km2":290.05},"geometry":{"type":"Polygon","coordinates":[[[-67.25066,9.56345],[-67.25073,9.46341],[-67.3018,9.46345],[-67.3018,9.43012],[-67.32681,9.43012],[-67.32681,9.44678],[-67.40181,9.44678],[-67.40181,9.43012],[-67.47681,9.43012],[-67.47681,9.39678],[-67.55181,9.39678],[-67.55182,9.41345],[-67.52681,9.41345],[-67.52681,9.46345],[-67.50181,9.46345],[-67.50181,9.48012],[-67.47681,9.48012],[-67.47681,9.49678],[-67.37681,9.49679],[-67.37681,9.53012],[-67.35181,9.53012],[-67.35181,9.56345],[-67.25066,9.56345]]]}},{"type":"Feature","properties":{"nombre":"EL TOTUMO","campo":"CENTRO","etiqueta":"EL TOTUMO","empresa":"PDVSA","area_km2":880.38},"geometry":{"type":"Polygon","coordinates":[[[-66.79337,9.34893],[-66.79371,9.29632],[-66.90194,9.2968],[-66.90138,9.73099],[-66.72691,9.73109],[-66.72691,9.34911],[-66.79337,9.34893]]]}},{"type":"Feature","properties":{"nombre":"MEMO","campo":"CENTRO","etiqueta":"MEMO","empresa":"PDVSA","area_km2":926.37},"geometry":{"type":"Polygon","coordinates":[[[-66.47382,9.34982],[-66.72691,9.34911],[-66.72691,9.73109],[-66.52676,9.73121],[-66.52669,9.63011],[-66.6018,9.6301],[-66.60175,9.51344],[-66.47692,9.5134],[-66.47669,9.46349],[-66.47308,9.46333],[-66.47382,9.34982]]]}},{"type":"Feature","properties":{"nombre":"BARBACOAS","campo":"CENTRO","etiqueta":"BARBACOAS","area_km2":332.95},"geometry":{"type":"Polygon","coordinates":[[[-66.90187,9.49679],[-66.90192,9.38012],[-66.95179,9.38012],[-66.95179,9.39679],[-67.07679,9.39678],[-67.07679,9.41345],[-67.1018,9.41345],[-67.1018,9.39678],[-67.1518,9.39678],[-67.1518,9.38012],[-67.1768,9.38012],[-67.1768,9.36345],[-67.2018,9.36345],[-67.2018,9.33012],[-67.22606,9.33012],[-67.22606,9.33069],[-67.25094,9.33063],[-67.25094,9.43012],[-67.2268,9.43012],[-67.2268,9.44678],[-67.2018,9.44679],[-67.2018,9.46345],[-67.02679,9.46345],[-67.02679,9.44679],[-66.97679,9.44679],[-66.97679,9.46345],[-66.95179,9.46345],[-66.95179,9.48012],[-66.92679,9.48012],[-66.92679,9.49679],[-66.90187,9.49679]]]}},{"type":"Feature","properties":{"nombre":"BARBACOAS","campo":"CENTRO","etiqueta":"BARBACOAS","empresa":"PDVSA","area_km2":279.13},"geometry":{"type":"Polygon","coordinates":[[[-66.9014,9.731],[-66.90183,9.59679],[-66.97679,9.59679],[-66.97679,9.53012],[-67.00179,9.53012],[-67.00179,9.49679],[-67.1018,9.49679],[-67.1018,9.53012],[-67.1268,9.53012],[-67.1268,9.54679],[-67.1018,9.54679],[-67.1018,9.58012],[-67.0768,9.58012],[-67.0768,9.59679],[-67.05179,9.59679],[-67.05179,9.61346],[-67.02679,9.61346],[-67.02679,9.63012],[-66.97679,9.63012],[-66.97679,9.64679],[-66.95179,9.64679],[-66.95179,9.68013],[-66.97679,9.68013],[-66.97679,9.73013],[-66.9014,9.731]]]}},{"type":"Feature","properties":{"nombre":"YUCAL PLACER NORTE","campo":"CENTRO","etiqueta":"YUCAL PLACER NORTE","empresa":"PDVSA","area_km2":96.21},"geometry":{"type":"Polygon","coordinates":[[[-66.50177,9.71346],[-66.52677,9.71346],[-66.52677,9.81346],[-66.37677,9.81347],[-66.37677,9.78013],[-66.45177,9.78013],[-66.45177,9.76346],[-66.47677,9.76346],[-66.47677,9.7468],[-66.50177,9.7468],[-66.50177,9.71346]]]}},{"type":"Feature","properties":{"nombre":"YUCAL PLACER NORTE","campo":"CENTRO","etiqueta":"YUCAL PLACER NORTE","empresa":"PDVSA","area_km2":141.78},"geometry":{"type":"Polygon","coordinates":[[[-66.10175,9.78013],[-66.10175,9.71346],[-66.12675,9.71346],[-66.12675,9.73013],[-66.15176,9.73013],[-66.15176,9.76346],[-66.17676,9.76346],[-66.17676,9.78013],[-66.27676,9.78013],[-66.27676,9.76346],[-66.32676,9.76346],[-66.32676,9.81347],[-66.10175,9.81347],[-66.10175,9.78013]]]}},{"type":"Feature","properties":{"nombre":"YUCAL PLACER SUR","campo":"CENTRO","etiqueta":"YUCAL PLACER SUR","empresa":"PDVSA","area_km2":389.99},"geometry":{"type":"Polygon","coordinates":[[[-66.57677,9.56346],[-66.57677,9.54679],[-66.40177,9.54679],[-66.40177,9.53012],[-66.35176,9.53012],[-66.35176,9.51346],[-66.27676,9.51346],[-66.27676,9.53012],[-66.25176,9.53013],[-66.25176,9.54679],[-66.22676,9.54679],[-66.22676,9.56346],[-66.17676,9.56346],[-66.17676,9.58013],[-66.15175,9.58013],[-66.15175,9.46346],[-66.47677,9.46346],[-66.47677,9.51346],[-66.60177,9.51346],[-66.60177,9.63013],[-66.52677,9.63013],[-66.52677,9.61346],[-66.57677,9.61346],[-66.57677,9.56346]]]}},{"type":"Feature","properties":{"nombre":"ADAS","campo":"AYACUCHO","etiqueta":"A46","empresa":"PETROLERA VENCUPET","pais":"CUBA","caracteristica":"PETROLERA VENCUPET","area_km2":212.77},"geometry":{"type":"Polygon","coordinates":[[[-63.3632,8.97846],[-63.35718,8.9662],[-63.35295,8.96825],[-63.34685,8.95586],[-63.35563,8.9516],[-63.35415,8.95062],[-63.35357,8.94958],[-63.35398,8.94797],[-63.35457,8.94747],[-63.35398,8.94667],[-63.35243,8.94771],[-63.35186,8.94578],[-63.35246,8.94533],[-63.35423,8.94552],[-63.3543,8.9449],[-63.35309,8.94355],[-63.35534,8.94263],[-63.35559,8.94183],[-63.35507,8.94147],[-63.35188,8.94239],[-63.35013,8.94569],[-63.34813,8.94411],[-63.34693,8.94123],[-63.34614,8.94182],[-63.34564,8.94364],[-63.34602,8.9447],[-63.34682,8.94524],[-63.3457,8.94604],[-63.34501,8.9456],[-63.34387,8.94347],[-63.34537,8.93894],[-63.34577,8.9384],[-63.34714,8.93911],[-63.34737,8.93832],[-63.34588,8.93755],[-63.34402,8.93744],[-63.34351,8.93797],[-63.34345,8.93959],[-63.34199,8.93983],[-63.33832,8.93394],[-63.35163,8.92998],[-63.35163,8.88012],[-63.42663,8.88012],[-63.42663,8.89587],[-63.42907,8.89514],[-63.4296,8.89679],[-63.47663,8.89679],[-63.47663,8.88012],[-63.49998,8.88012],[-63.50002,8.86636],[-63.5182,8.86642],[-63.51816,8.87998],[-63.53634,8.88004],[-63.53627,8.90265],[-63.54536,8.90268],[-63.54529,8.92528],[-63.55101,8.9253],[-63.55099,8.92806],[-63.52778,8.92899],[-63.52685,8.97836],[-63.36375,8.97956],[-63.3632,8.97846]]]}},{"type":"Feature","properties":{"campo":"ORIENTE","empresa":"PDVSA","area_km2":574.53},"geometry":{"type":"Polygon","coordinates":[[[-63.96571,9.10215],[-63.96635,9.08539],[-63.95702,9.0805],[-63.95704,9.0679],[-63.98614,9.06796],[-63.98616,9.06024],[-64.01127,9.06017],[-64.01128,9.05345],[-64.0372,9.0535],[-64.03562,9.05117],[-64.03453,9.05068],[-64.03236,9.05105],[-64.03261,9.04961],[-64.03175,9.04841],[-64.03151,9.04685],[-64.03029,9.04625],[-64.03005,9.04482],[-64.02847,9.04494],[-64.02569,9.04254],[-64.02292,9.04231],[-64.02097,9.03919],[-64.01831,9.038],[-64.01914,9.03583],[-64.01589,9.03009],[-64.01685,9.029],[-64.01612,9.02445],[-64.01648,9.02216],[-64.01478,9.02156],[-64.01357,9.02048],[-64.01296,9.01868],[-64.01135,9.01731],[-64.00742,9.01638],[-64.00581,9.01426],[-64.00146,9.01139],[-64.00036,9.00851],[-63.99904,9.00815],[-63.99878,9.00515],[-63.99467,9.00288],[-63.99436,9.00209],[-63.995,9.00138],[-63.99467,9.00011],[-63.99369,9.00023],[-63.9908,9.00205],[-63.98982,8.99965],[-63.99127,8.99773],[-63.99019,8.99676],[-63.98716,8.99749],[-63.98628,8.99896],[-63.98499,8.99894],[-63.98366,8.99823],[-63.98318,8.9993],[-63.98403,8.99978],[-63.98234,9.00159],[-63.98198,9.00051],[-63.98222,8.99931],[-63.98101,8.99907],[-63.97991,8.99811],[-63.9749,8.99787],[-63.99492,8.97565],[-64.00093,8.981],[-64.01609,8.96416],[-64.03641,8.98224],[-64.05157,8.96541],[-63.99322,8.9135],[-63.98167,8.91355],[-63.98722,8.90811],[-63.98726,8.8887],[-63.93579,8.88859],[-63.93583,8.87096],[-63.89037,8.87086],[-63.89044,8.83922],[-63.98121,8.83941],[-63.98134,8.84393],[-64.04298,8.84405],[-64.0431,8.85564],[-64.07955,8.8557],[-64.09419,8.83943],[-64.14422,8.88395],[-64.13223,8.8975],[-64.13812,8.90273],[-64.13814,8.91],[-64.14625,8.91002],[-64.16869,8.92998],[-64.15897,8.94078],[-64.1455,8.92881],[-64.14238,8.93209],[-64.13084,8.92186],[-64.1181,8.93603],[-64.12973,8.94638],[-64.13579,8.93964],[-64.14935,8.9517],[-64.13947,8.96267],[-64.16036,8.98014],[-64.14858,8.99392],[-64.14145,8.98759],[-64.11255,9.01967],[-64.1604,9.06222],[-64.12199,9.06217],[-64.12201,9.04886],[-64.1046,9.04883],[-64.09239,9.0624],[-64.07641,9.04818],[-64.05724,9.06946],[-64.05561,9.06949],[-64.05631,9.08036],[-64.07891,9.08215],[-64.07891,9.09404],[-64.1152,9.09583],[-64.11522,9.15319],[-64.10161,9.15327],[-64.10167,9.18865],[-64.03071,9.18886],[-64.03068,9.17938],[-64.0109,9.17934],[-64.01092,9.17131],[-63.98581,9.17126],[-63.98582,9.16484],[-63.97572,9.16482],[-63.97725,9.16403],[-63.97725,9.16203],[-63.98,9.16002],[-63.97957,9.15855],[-63.98147,9.1557],[-63.97968,9.1547],[-63.96414,9.15455],[-63.96571,9.10215]]]}},{"type":"Feature","properties":{"campo":"ORIENTE","area_km2":35.78},"geometry":{"type":"Polygon","coordinates":[[[-63.83641,8.92166],[-63.83645,8.90358],[-63.79099,8.90346],[-63.79103,8.88538],[-63.74103,8.88525],[-63.74109,8.86265],[-63.79836,8.8628],[-63.80058,8.86452],[-63.80117,8.8655],[-63.80098,8.86674],[-63.80524,8.86726],[-63.80623,8.87143],[-63.8082,8.87058],[-63.80892,8.87097],[-63.8088,8.87364],[-63.80932,8.87455],[-63.8128,8.87455],[-63.81576,8.87611],[-63.81615,8.87734],[-63.82284,8.87844],[-63.82337,8.87974],[-63.82528,8.88039],[-63.82646,8.88006],[-63.8302,8.88201],[-63.83331,8.88549],[-63.83421,8.88566],[-63.83606,8.88878],[-63.83606,8.89087],[-63.83652,8.89172],[-63.8402,8.89406],[-63.84119,8.89653],[-63.84336,8.89829],[-63.84526,8.89861],[-63.8467,8.89789],[-63.84802,8.89906],[-63.85031,8.89984],[-63.85065,8.90121],[-63.8498,8.9018],[-63.85064,8.90361],[-63.85094,8.90606],[-63.8563,8.90778],[-63.85917,8.91087],[-63.85914,8.92171],[-63.83641,8.92166]]]}},{"type":"Feature","properties":{"nombre":"LIDO-LIMON","campo":"AYACUCHO","etiqueta":"A47","empresa":"PETROLERA VENCUPET","pais":"CUBA","caracteristica":"PETROLERA VENCUPET","area_km2":338.34},"geometry":{"type":"Polygon","coordinates":[[[-63.7616,9.1205],[-63.76157,9.11422],[-63.72873,9.11429],[-63.72705,9.10236],[-63.72706,9.09926],[-63.74635,9.05411],[-63.76195,9.05607],[-63.76167,9.02254],[-63.79982,9.01198],[-63.85049,8.97909],[-63.8794,8.97888],[-63.87942,8.97594],[-63.8907,8.97596],[-63.89083,8.98251],[-63.90007,8.98253],[-63.89748,8.98793],[-63.92533,8.9883],[-63.9253,8.99021],[-63.92703,8.98974],[-63.93472,8.99238],[-63.93844,8.99302],[-63.94354,8.99628],[-63.94475,8.9958],[-63.94608,8.99628],[-63.94729,8.99555],[-63.95213,8.99699],[-63.95539,8.9989],[-63.95717,8.99822],[-63.95926,8.99948],[-63.9601,8.999],[-63.96155,8.9996],[-63.96482,8.99875],[-63.96674,8.99898],[-63.96976,8.9979],[-63.97182,8.99813],[-63.97314,8.99705],[-63.9749,8.99787],[-63.97991,8.99811],[-63.98101,8.99907],[-63.98222,8.99931],[-63.98198,9.00051],[-63.98234,9.00159],[-63.98403,8.99978],[-63.98318,8.9993],[-63.98366,8.99823],[-63.98499,8.99894],[-63.98628,8.99896],[-63.98716,8.99749],[-63.99019,8.99676],[-63.99127,8.99773],[-63.98982,8.99965],[-63.9908,9.00205],[-63.99369,9.00023],[-63.99467,9.00011],[-63.995,9.00138],[-63.99436,9.00209],[-63.99467,9.00288],[-63.99878,9.00515],[-63.99904,9.00815],[-64.00036,9.00851],[-64.00146,9.01139],[-64.00581,9.01426],[-64.00742,9.01638],[-64.01135,9.01731],[-64.01296,9.01868],[-64.01357,9.02048],[-64.01478,9.02156],[-64.01648,9.02216],[-64.01612,9.02445],[-64.01685,9.029],[-64.01589,9.03009],[-64.01916,9.03584],[-64.01833,9.03801],[-64.02099,9.0392],[-64.02294,9.04232],[-64.02571,9.04255],[-64.0285,9.04495],[-64.03007,9.04483],[-64.03031,9.04626],[-64.03153,9.04686],[-64.03177,9.04842],[-64.03263,9.04962],[-64.03238,9.05106],[-64.03455,9.05069],[-64.03565,9.05118],[-64.0372,9.0535],[-64.01128,9.05345],[-64.01127,9.06017],[-63.98616,9.06024],[-63.98614,9.06796],[-63.95704,9.0679],[-63.95702,9.0805],[-63.96635,9.08539],[-63.96605,9.09557],[-63.88562,9.0954],[-63.88557,9.11452],[-63.80701,9.11433],[-63.807,9.1204],[-63.7616,9.1205]]]}},{"type":"Feature","properties":{"nombre":"KARINA","campo":"ORIENTE","etiqueta":"KARINA","area_km2":709.02},"geometry":{"type":"MultiPolygon","coordinates":[[[[-63.58216,8.92534],[-63.54529,8.92528],[-63.54536,8.90274],[-63.53639,8.90271],[-63.53647,8.88012],[-63.5183,8.88005],[-63.51834,8.8665],[-63.50016,8.86643],[-63.50016,8.86552],[-63.51436,8.85717],[-63.50509,8.8416],[-63.52466,8.8301],[-63.52682,8.73698],[-63.52561,8.64772],[-63.54673,8.64748],[-63.54739,8.81459],[-63.54697,8.81696],[-63.56376,8.80707],[-63.57302,8.82263],[-63.6204,8.79473],[-63.62032,8.82034],[-63.64421,8.82041],[-63.63942,8.81789],[-63.66591,8.8023],[-63.66828,8.80628],[-63.69745,8.78909],[-63.70366,8.79952],[-63.74233,8.77721],[-63.71877,8.73767],[-63.73264,8.72948],[-63.7104,8.69215],[-63.74297,8.67294],[-63.74535,8.67695],[-63.79094,8.65006],[-63.79226,8.65228],[-63.87028,8.60624],[-63.91184,8.67201],[-63.91094,8.68451],[-63.92511,8.68499],[-63.92512,8.69463],[-63.93618,8.69466],[-63.93604,8.76698],[-63.8906,8.76689],[-63.89056,8.78497],[-63.84512,8.78486],[-63.84499,8.83911],[-63.79295,8.83898],[-63.78925,8.84116],[-63.7823,8.8295],[-63.78058,8.82832],[-63.78227,8.82949],[-63.78179,8.83061],[-63.77968,8.83211],[-63.77996,8.83475],[-63.78296,8.83414],[-63.7833,8.83501],[-63.78262,8.83766],[-63.78139,8.83881],[-63.78379,8.84187],[-63.78284,8.84302],[-63.783,8.84798],[-63.78734,8.85287],[-63.78977,8.85423],[-63.79135,8.85442],[-63.79207,8.85671],[-63.79628,8.85904],[-63.79733,8.86009],[-63.79835,8.8628],[-63.74109,8.86265],[-63.74101,8.88524],[-63.63179,8.88487],[-63.63174,8.90295],[-63.59992,8.90285],[-63.59985,8.92545],[-63.58216,8.92534]]]]}},{"type":"Feature","properties":{"nombre":"OFICINA CENTRAL","campo":"AYACUCHO","etiqueta":"A45","empresa":"PETROLERA VENCUPET","pais":"CUBA","caracteristica":"PETROLERA VENCUPET","area_km2":249.46},"geometry":{"type":"Polygon","coordinates":[[[-64.13814,8.91],[-64.13808,8.89077],[-64.14422,8.88395],[-64.14693,8.88636],[-64.16208,8.86951],[-64.16885,8.87554],[-64.17795,8.86543],[-64.18472,8.87146],[-64.22109,8.83103],[-64.24141,8.84911],[-64.2718,8.81549],[-64.29886,8.83955],[-64.31491,8.82169],[-64.32848,8.83376],[-64.34454,8.81589],[-64.37223,8.84051],[-64.35756,8.84056],[-64.35307,8.84556],[-64.35312,8.85832],[-64.35167,8.85993],[-64.35167,8.87698],[-64.37667,8.87689],[-64.37667,8.88012],[-64.40167,8.88012],[-64.40167,8.89678],[-64.36324,8.89678],[-64.36661,8.89977],[-64.356,8.91156],[-64.34922,8.90554],[-64.34316,8.91228],[-64.33639,8.90626],[-64.33393,8.90899],[-64.33405,8.94193],[-64.17566,8.94252],[-64.17554,8.9101],[-64.13814,8.91]]]}},{"type":"Feature","properties":{"campo":"ORIENTE","area_km2":246.88},"geometry":{"type":"Polygon","coordinates":[[[-64.35508,8.82523],[-64.34454,8.81589],[-64.32848,8.83376],[-64.31491,8.82169],[-64.29886,8.83955],[-64.27182,8.81547],[-64.2586,8.83018],[-64.25426,8.83018],[-64.22957,8.80821],[-64.22969,8.80789],[-64.21316,8.80787],[-64.21307,8.79092],[-64.18722,8.79088],[-64.1872,8.80089],[-64.17678,8.81249],[-64.17678,8.79685],[-64.15177,8.79685],[-64.15177,8.78018],[-64.12677,8.78018],[-64.12677,8.77949],[-64.11664,8.7797],[-64.11693,8.76742],[-64.12677,8.76734],[-64.12677,8.74925],[-64.1778,8.74933],[-64.1778,8.74684],[-64.30178,8.74684],[-64.30178,8.74382],[-64.32104,8.74384],[-64.32101,8.7348],[-64.3245,8.73018],[-64.40178,8.73018],[-64.40178,8.84046],[-64.37234,8.84057],[-64.35508,8.82523]]]}},{"type":"Feature","properties":{"nombre":"YOPALES NORTE","campo":"ORIENTE","etiqueta":"YOPALES NORTE","empresa":"PDVSA","area_km2":239.01},"geometry":{"type":"Polygon","coordinates":[[[-64.52679,8.86351],[-64.52653,8.83997],[-64.40178,8.84046],[-64.40178,8.73018],[-64.44607,8.73018],[-64.44607,8.7349],[-64.47743,8.73499],[-64.47772,8.73553],[-64.47642,8.73849],[-64.4768,8.7398],[-64.49812,8.73982],[-64.49818,8.73018],[-64.51352,8.72952],[-64.51981,8.7521],[-64.53837,8.75281],[-64.53944,8.76959],[-64.52679,8.78018],[-64.53445,8.79172],[-64.55443,8.78458],[-64.5605,8.79172],[-64.57679,8.79684],[-64.57679,8.80976],[-64.57816,8.8119],[-64.57817,8.81896],[-64.59155,8.81897],[-64.59155,8.82801],[-64.59239,8.82743],[-64.59752,8.82743],[-64.59743,8.83018],[-64.60179,8.83018],[-64.60179,8.86056],[-64.61754,8.87892],[-64.60206,8.87907],[-64.60179,8.88018],[-64.55179,8.88018],[-64.55179,8.88327],[-64.52679,8.88338],[-64.52679,8.86351]]]}},{"type":"Feature","properties":{"campo":"ORIENTE","area_km2":209.68},"geometry":{"type":"Polygon","coordinates":[[[-64.19612,8.7425],[-64.1902,8.73632],[-64.18836,8.73207],[-64.18736,8.73114],[-64.18776,8.72974],[-64.18657,8.72881],[-64.18617,8.72768],[-64.18448,8.71881],[-64.18488,8.71438],[-64.19618,8.71365],[-64.19547,8.68456],[-64.26436,8.685],[-64.26436,8.68048],[-64.46522,8.68067],[-64.46622,8.70356],[-64.49155,8.70246],[-64.49108,8.69163],[-64.52894,8.69],[-64.52862,8.69696],[-64.52968,8.70679],[-64.51352,8.72952],[-64.4982,8.72667],[-64.49812,8.73982],[-64.4768,8.7398],[-64.47642,8.73849],[-64.47772,8.73553],[-64.47743,8.73499],[-64.44607,8.7349],[-64.44607,8.73018],[-64.3245,8.73018],[-64.32101,8.7348],[-64.32104,8.74384],[-64.2643,8.74377],[-64.2643,8.74151],[-64.20725,8.74145],[-64.20724,8.74684],[-64.20317,8.74684],[-64.20281,8.74484],[-64.19921,8.74439],[-64.19612,8.7425]]]}},{"type":"Feature","properties":{"nombre":"GUARICO ORIENTAL","campo":"JUNIN","etiqueta":"J33","empresa":"PETROGUARICO","pais":"VENEZUELA","area_km2":1936.28},"geometry":{"type":"MultiPolygon","coordinates":[[[[-65.59924,9.22564],[-65.42569,9.22685],[-65.42482,9.09813],[-65.18526,9.09964],[-65.18488,9.03674],[-65.26759,9.03624],[-65.26661,8.87696],[-65.28808,8.87683],[-65.28785,8.8393],[-65.31135,8.83915],[-65.31164,8.88611],[-65.42936,8.88536],[-65.43018,9.00899],[-65.64833,9.00749],[-65.64887,9.08158],[-65.5982,9.08194],[-65.59924,9.22564]]],[[[-65.80976,9.5565],[-65.80862,9.41739],[-65.75603,9.4178],[-65.75429,9.19554],[-65.7952,9.19523],[-65.79381,9.01635],[-66.00281,9.0147],[-66.00369,9.12128],[-65.90371,9.1221],[-65.90731,9.5557],[-65.80976,9.5565]]]]}},{"type":"Feature","properties":{"nombre":"ORITUPANO LEONA","campo":"AYACUCHO","etiqueta":"A17","empresa":"A17","pais":"BRASIL","caracteristica":"PETRORITUPANO","area_km2":1022.54},"geometry":{"type":"Polygon","coordinates":[[[-63.30995,9.17717],[-63.27389,9.10464],[-63.20557,9.13777],[-63.19201,9.11048],[-63.1767,9.1098],[-63.17669,9.09423],[-63.30187,8.99463],[-63.30231,8.98001],[-63.52685,8.97836],[-63.52778,8.92899],[-63.55099,8.92806],[-63.55101,8.9253],[-63.59985,8.92545],[-63.59992,8.90285],[-63.63174,8.90295],[-63.63179,8.88487],[-63.72248,8.88513],[-63.72236,8.92078],[-63.74519,8.92066],[-63.7452,8.96094],[-63.87951,8.96152],[-63.8794,8.97888],[-63.85049,8.97909],[-63.79982,9.01198],[-63.76162,9.02255],[-63.76163,9.01791],[-63.7602,9.02],[-63.75758,9.02121],[-63.75434,9.0214],[-63.75294,9.02199],[-63.7488,9.0215],[-63.74711,9.02221],[-63.74403,9.02237],[-63.74231,9.02131],[-63.74047,9.01662],[-63.73556,9.0181],[-63.7329,9.0195],[-63.72916,9.02023],[-63.72591,9.02203],[-63.72385,9.02155],[-63.72261,9.01975],[-63.72025,9.02049],[-63.715,9.01892],[-63.713,9.01781],[-63.7088,9.02083],[-63.70587,9.0206],[-63.70092,9.02247],[-63.69836,9.02209],[-63.69421,9.01958],[-63.69106,9.02031],[-63.63884,9.02025],[-63.61131,9.09396],[-63.57161,9.09393],[-63.57128,9.09305],[-63.56886,9.09116],[-63.56695,9.09029],[-63.56587,9.09033],[-63.56459,9.09042],[-63.56089,9.09249],[-63.55903,9.091],[-63.5273,9.10643],[-63.5241,9.09993],[-63.51628,9.10374],[-63.51906,9.10939],[-63.5074,9.10935],[-63.50882,9.11223],[-63.50603,9.11287],[-63.49355,9.11893],[-63.49355,9.12033],[-63.49069,9.12032],[-63.47821,9.12638],[-63.47536,9.12637],[-63.47536,9.12671],[-63.45138,9.12634],[-63.30995,9.17717]]]}},{"type":"Feature","properties":{"campo":"ORIENTE","area_km2":356.31},"geometry":{"type":"MultiPolygon","coordinates":[[[[-63.17278,9.10995],[-63.19201,9.11048],[-63.20557,9.13777],[-63.27389,9.10464],[-63.30995,9.17717],[-63.17743,9.22474],[-63.00286,9.22516],[-63.00529,9.07804],[-63.03442,9.07821],[-63.06472,9.13054],[-63.14736,9.13148],[-63.14735,9.10996],[-63.17278,9.10995]]]]}},{"type":"Feature","properties":{"nombre":"MATA","campo":"AYACUCHO","etiqueta":"A23","empresa":"PETROKARINNA","pais":"BRASIL","caracteristica":"PETROKARINA","area_km2":162.49},"geometry":{"type":"Polygon","coordinates":[[[-63.92215,9.22794],[-63.92212,9.21328],[-63.85165,9.21346],[-63.85159,9.18756],[-63.87147,9.18751],[-63.87145,9.17984],[-63.88749,9.1798],[-63.88747,9.17361],[-63.90166,9.17358],[-63.90164,9.16338],[-63.92199,9.16333],[-63.92202,9.1775],[-63.95529,9.17742],[-63.95532,9.18704],[-63.9697,9.187],[-63.96977,9.21349],[-63.98196,9.21346],[-63.98194,9.20268],[-64.01669,9.20258],[-64.01668,9.19685],[-64.03073,9.19681],[-64.03071,9.18886],[-64.10167,9.18865],[-64.10161,9.15327],[-64.1401,9.15305],[-64.14009,9.14858],[-64.17645,9.14847],[-64.17656,9.1802],[-64.20161,9.18012],[-64.20167,9.19679],[-64.22661,9.1967],[-64.22667,9.21329],[-64.17667,9.21345],[-64.17664,9.20527],[-64.15169,9.20535],[-64.15167,9.199],[-64.08851,9.1992],[-64.08853,9.20812],[-64.01671,9.20833],[-64.01673,9.2134],[-63.99638,9.21345],[-63.99643,9.23009],[-63.98834,9.23012],[-63.98838,9.24675],[-63.9222,9.24692],[-63.92215,9.22794]]]}},{"type":"Feature","properties":{"nombre":"CARACOLES","campo":"AYACUCHO","etiqueta":"A27","empresa":"PETROLERA SINOVENEZOLANA ORI","pais":"VENEZUELA","caracteristica":"PETROLERA SINOVENEZOLANA ORI","area_km2":204.64},"geometry":{"type":"Polygon","coordinates":[[[-64.44221,9.07749],[-64.44202,9.03006],[-64.42669,9.03012],[-64.42662,9.01345],[-64.42002,9.01348],[-64.41995,8.99681],[-64.37668,8.99698],[-64.37667,8.99526],[-64.35485,8.99533],[-64.35482,8.98706],[-64.32785,8.98716],[-64.32783,8.98012],[-64.33438,8.9801],[-64.33436,8.97521],[-64.35166,8.97515],[-64.35168,8.98011],[-64.36422,8.98007],[-64.36421,8.97827],[-64.40166,8.97813],[-64.40168,8.98021],[-64.42662,8.98011],[-64.42668,8.99679],[-64.45155,8.99669],[-64.45162,9.01345],[-64.50602,9.01345],[-64.50581,8.96334],[-64.47668,8.96345],[-64.47669,8.98025],[-64.45831,8.98032],[-64.4583,8.94683],[-64.50169,8.94658],[-64.50162,8.93012],[-64.5766,8.92981],[-64.5767,8.95298],[-64.58257,8.95296],[-64.58262,8.96343],[-64.59023,8.9634],[-64.59032,8.9846],[-64.60152,8.98456],[-64.60169,9.02422],[-64.5742,9.02999],[-64.574,9.03433],[-64.52413,9.03507],[-64.48557,9.0853],[-64.44225,9.08587],[-64.44221,9.07749]]]}},{"type":"Feature","properties":{"nombre":"MONAGAS SUR","campo":"CARABOBO","etiqueta":"C22","empresa":"PETRODELTA","pais":"VENEZUELA","caracteristica":"PETRODELTA","area_km2":122.56},"geometry":{"type":"Polygon","coordinates":[[[-62.37077,9.05083],[-62.37114,9.00293],[-62.38431,9.00295],[-62.38433,8.99201],[-62.41962,8.99207],[-62.41962,8.9915],[-62.44607,8.97648],[-62.44674,8.97648],[-62.45342,8.98798],[-62.49288,8.96556],[-62.49594,8.97085],[-62.52579,8.95395],[-62.53026,8.96177],[-62.54002,8.95626],[-62.54736,8.96893],[-62.58677,8.94654],[-62.59511,8.96084],[-62.63449,8.93857],[-62.63927,8.94682],[-62.63924,8.9689],[-62.60675,8.96886],[-62.60674,8.97534],[-62.60438,8.97671],[-62.60658,8.98048],[-62.58704,8.99163],[-62.58487,8.98797],[-62.56513,8.99937],[-62.55809,8.98747],[-62.51852,9.00989],[-62.51403,9.00213],[-62.4746,9.02445],[-62.46892,9.01466],[-62.4479,9.02022],[-62.44422,9.01392],[-62.42301,9.02605],[-62.42217,9.02461],[-62.40873,9.0293],[-62.40458,9.03521],[-62.39232,9.03963],[-62.38469,9.04849],[-62.37077,9.05083]]]}},{"type":"Feature","properties":{"nombre":"MONAGAS SUR","campo":"CARABOBO","etiqueta":"C22","empresa":"PETRODELTA","pais":"VENEZUELA","caracteristica":"PETRODELTA","area_km2":73.56},"geometry":{"type":"Polygon","coordinates":[[[-61.93318,9.09249],[-62.12285,9.03499],[-62.15951,9.03507],[-62.15949,9.04666],[-62.08764,9.06874],[-62.08994,9.07642],[-61.9416,9.11976],[-61.93318,9.09249]]]}},{"type":"Feature","properties":{"nombre":"MONAGAS SUR","campo":"CARABOBO","etiqueta":"C22","empresa":"PETRODELTA","pais":"VENEZUELA","caracteristica":"PETRODELTA","area_km2":47.97},"geometry":{"type":"Polygon","coordinates":[[[-62.18267,9.0451],[-62.31849,9.0197],[-62.32306,9.04712],[-62.18846,9.07399],[-62.18267,9.0451]]]}},{"type":"Feature","properties":{"nombre":"ACEMA","campo":"AYACUCHO","etiqueta":"A29","empresa":"PETROVEN-BRAS","pais":"BRASIL","area_km2":198.69},"geometry":{"type":"Polygon","coordinates":[[[-63.55164,9.28014],[-63.55159,9.2478],[-63.55207,9.24877],[-63.56311,9.24341],[-63.56104,9.2392],[-63.56117,9.20002],[-63.55448,9.2],[-63.55453,9.18346],[-63.5794,9.18354],[-63.57944,9.17079],[-63.58433,9.17078],[-63.57947,9.16091],[-63.61761,9.16103],[-63.61762,9.1661],[-63.64071,9.16617],[-63.64087,9.13636],[-63.6377,9.13639],[-63.63773,9.12507],[-63.66213,9.12514],[-63.66217,9.11218],[-63.80157,9.11345],[-63.80165,9.14673],[-63.77663,9.14679],[-63.77664,9.15335],[-63.75157,9.15341],[-63.75161,9.17062],[-63.71682,9.17069],[-63.71684,9.18005],[-63.67662,9.18013],[-63.67665,9.1967],[-63.62658,9.1968],[-63.6266,9.21346],[-63.61544,9.21347],[-63.61549,9.23828],[-63.61757,9.23827],[-63.6248,9.25294],[-63.57882,9.27529],[-63.57792,9.27349],[-63.56688,9.27885],[-63.56751,9.28011],[-63.55164,9.28014]]]}},{"type":"Feature","properties":{"campo":"ORIENTE","area_km2":53.06},"geometry":{"type":"MultiPolygon","coordinates":[[[[-63.61414,9.30467],[-63.65153,9.30461],[-63.65156,9.32041],[-63.61417,9.32047],[-63.61414,9.30467]]],[[[-63.52671,9.32997],[-63.60164,9.32985],[-63.60164,9.34652],[-63.52673,9.34665],[-63.52671,9.32997]]],[[[-63.50164,9.37079],[-63.57637,9.37068],[-63.57639,9.38624],[-63.55164,9.38624],[-63.55164,9.39665],[-63.45164,9.39679],[-63.45162,9.37992],[-63.50164,9.37985],[-63.50164,9.37079]]]]}},{"type":"Feature","properties":{"campo":"ORIENTE","area_km2":106.04},"geometry":{"type":"Polygon","coordinates":[[[-63.42662,9.39701],[-63.42659,9.37089],[-63.4448,9.37087],[-63.44478,9.3558],[-63.47518,9.35576],[-63.47517,9.34672],[-63.60164,9.34652],[-63.60164,9.32985],[-63.52671,9.32997],[-63.52663,9.28018],[-63.57654,9.2801],[-63.57659,9.31345],[-63.61415,9.31338],[-63.61417,9.32047],[-63.62425,9.32046],[-63.62431,9.35438],[-63.58782,9.35445],[-63.5879,9.39677],[-63.42662,9.39701]],[[-63.57639,9.38624],[-63.57637,9.37068],[-63.50164,9.37079],[-63.50164,9.37985],[-63.45162,9.37992],[-63.45164,9.39679],[-63.55164,9.39665],[-63.55164,9.38624],[-63.57639,9.38624]]]}},{"type":"Feature","properties":{"nombre":"CASMA ANACO","campo":"ORIENTE","etiqueta":"26","empresa":"PETROCURAGUA","pais":"VENEZUELA","area_km2":100.84},"geometry":{"type":"Polygon","coordinates":[[[-63.39313,9.28035],[-63.37667,9.24742],[-63.37666,9.23706],[-63.42428,9.2136],[-63.46006,9.21355],[-63.46009,9.23431],[-63.47357,9.2343],[-63.48312,9.22978],[-63.52664,9.22974],[-63.52664,9.23017],[-63.54093,9.23015],[-63.5516,9.2521],[-63.55161,9.25918],[-63.50887,9.2802],[-63.50804,9.2802],[-63.50111,9.26606],[-63.4728,9.28025],[-63.45075,9.28028],[-63.44761,9.27436],[-63.4355,9.2803],[-63.42223,9.28031],[-63.41726,9.27109],[-63.39906,9.28034],[-63.39313,9.28035]]]}},{"type":"Feature","properties":{"nombre":"BLOQUE GOLFO DE PARIA OESTE","campo":"ORIENTE","etiqueta":"BLOQUE GOLFO DE PARIA OESTE","pais":"ITALIA","area_km2":379.1},"geometry":{"type":"Polygon","coordinates":[[[-62.25158,10.0272],[-62.25158,10.02277],[-62.25464,10.02277],[-62.25471,10.00226],[-62.2935,10.00236],[-62.29914,9.99673],[-62.30335,9.98495],[-62.32355,9.985],[-62.32352,9.99682],[-62.37659,9.99683],[-62.37659,10.24683],[-62.25158,10.24683],[-62.25158,10.0272]]]}},{"type":"Feature","properties":{"nombre":"GOLFO DE PARIA ESTE","campo":"ORIENTE","etiqueta":"36","empresa":"PETROLERA PARIA","pais":"CHINA","area_km2":131.56},"geometry":{"type":"Polygon","coordinates":[[[-62.06383,10.09684],[-62.15158,10.09683],[-62.15158,10.19683],[-62.02282,10.19683],[-62.06383,10.09684]]]}},{"type":"Feature","properties":{"nombre":"GOLFO DE PARIA CENTRAL","campo":"ORIENTE","etiqueta":"34","empresa":"PETROLERA GUIRIA","pais":"ITALIA","caracteristica":"PETROLERA GUIRIA","area_km2":240.19},"geometry":{"type":"Polygon","coordinates":[[[-62.15158,10.14683],[-62.15158,10.08016],[-62.07067,10.08017],[-62.08741,10.03755],[-62.11138,10.04279],[-62.13273,10.05053],[-62.15456,10.0561],[-62.17639,10.06239],[-62.1765,10.04595],[-62.19874,10.04611],[-62.19871,10.03653],[-62.22432,10.03662],[-62.2243,10.03897],[-62.23305,10.03894],[-62.22514,10.02272],[-62.25157,10.02272],[-62.25158,10.2135],[-62.15158,10.2135],[-62.15158,10.14683]]]}},{"type":"Feature","properties":{"nombre":"ZAMACA OESTE","campo":"ORIENTE","etiqueta":"ZAMACA OESTE","empresa":"PETROLERA BIELOVENEZOLANA S.A.","pais":"BIELORUSIA","area_km2":357.93},"geometry":{"type":"Polygon","coordinates":[[[-64.16291,9.31357],[-64.16302,9.24123],[-64.18577,9.24127],[-64.18581,9.21342],[-64.22667,9.21329],[-64.22661,9.1967],[-64.20167,9.19678],[-64.20161,9.18012],[-64.17656,9.1802],[-64.17645,9.14847],[-64.20187,9.14838],[-64.20228,9.15609],[-64.23798,9.15614],[-64.23797,9.16754],[-64.28734,9.16779],[-64.28745,9.18276],[-64.30555,9.18291],[-64.30555,9.19584],[-64.33488,9.19587],[-64.33489,9.18886],[-64.36424,9.18889],[-64.36423,9.19047],[-64.38698,9.19049],[-64.387,9.17241],[-64.40974,9.17243],[-64.40976,9.15887],[-64.45387,9.1589],[-64.4539,9.16666],[-64.49209,9.16699],[-64.49229,9.21339],[-64.47612,9.21345],[-64.47619,9.23012],[-64.35991,9.23058],[-64.36005,9.2678],[-64.32663,9.26792],[-64.32668,9.28013],[-64.30167,9.28022],[-64.30174,9.29679],[-64.27667,9.29688],[-64.27671,9.30766],[-64.22667,9.30767],[-64.22665,9.30144],[-64.20169,9.30152],[-64.20167,9.29679],[-64.17666,9.29688],[-64.17672,9.31346],[-64.16291,9.31357]]]}},{"type":"Feature","properties":{"nombre":"ORITUPANO NORTE","campo":"AYACUCHO","etiqueta":"A43","empresa":"PETROLERA BIELOVENEZOLANA ORI.","pais":"BIELORUSIA","area_km2":209.82},"geometry":{"type":"Polygon","coordinates":[[[-63.37666,9.23965],[-63.36563,9.21723],[-63.33624,9.23149],[-63.30995,9.17717],[-63.45138,9.12634],[-63.47536,9.12671],[-63.47536,9.12637],[-63.47821,9.12638],[-63.49069,9.12032],[-63.49355,9.12033],[-63.49355,9.11893],[-63.50603,9.11287],[-63.50882,9.11223],[-63.5074,9.10935],[-63.51906,9.10939],[-63.51628,9.10374],[-63.5241,9.09993],[-63.5273,9.10643],[-63.53459,9.10288],[-63.53861,9.11103],[-63.56551,9.11112],[-63.56667,9.11347],[-63.58675,9.10371],[-63.59875,9.12806],[-63.60164,9.12665],[-63.60166,9.13838],[-63.55074,9.16313],[-63.54608,9.15366],[-63.42663,9.21168],[-63.42663,9.21359],[-63.42428,9.2136],[-63.37668,9.23705],[-63.37666,9.23965]]]}},{"type":"Feature","properties":{"nombre":"OSTRA","campo":"AYACUCHO","etiqueta":"A41","empresa":"PETROLERA BIELOVENEZOLANA ORI.","pais":"BIELORUSIA","area_km2":157.63},"geometry":{"type":"Polygon","coordinates":[[[-64.13338,8.8743],[-64.09407,8.83933],[-64.07941,8.85563],[-64.04296,8.85556],[-64.04298,8.84398],[-63.9812,8.84386],[-63.98129,8.79413],[-64.02674,8.79422],[-64.02673,8.79874],[-64.07218,8.79882],[-64.07215,8.81583],[-64.11371,8.8159],[-64.13658,8.8165],[-64.17362,8.81599],[-64.1872,8.80089],[-64.18722,8.79088],[-64.21307,8.79092],[-64.21305,8.80787],[-64.22969,8.80789],[-64.22946,8.80815],[-64.25657,8.83226],[-64.24141,8.84911],[-64.22109,8.83103],[-64.18472,8.87146],[-64.17795,8.86543],[-64.16885,8.87554],[-64.16208,8.86951],[-64.14693,8.88636],[-64.13338,8.8743]]]}},{"type":"Feature","properties":{"nombre":"BLOQUE 4 STATOIL-TOTAL","campo":"ORIENTE","etiqueta":"BLOQUE 4 STATOIL-TOTAL","pais":"FRANCIA","area_km2":201.24},"geometry":{"type":"Polygon","coordinates":[[[-59.87647,9.83016],[-60.00148,9.83016],[-60.00148,9.94875],[-59.92397,9.96656],[-59.87647,9.9751],[-59.87647,9.83016]]]}},{"type":"Feature","properties":{"campo":"ORIENTE","area_km2":1114.82},"geometry":{"type":"Polygon","coordinates":[[[-64.5503,9.24562],[-64.5513,9.24406],[-64.57992,9.24557],[-64.5709,9.23236],[-64.57852,9.2327],[-64.57594,9.22834],[-64.57032,9.2283],[-64.56999,9.2183],[-64.56346,9.20725],[-64.55641,9.21137],[-64.55352,9.2065],[-64.55105,9.20231],[-64.5581,9.1982],[-64.5404,9.16828],[-64.50903,9.1866],[-64.50672,9.1827],[-64.52593,9.17148],[-64.49211,9.17147],[-64.49209,9.16699],[-64.4539,9.16666],[-64.45283,9.08575],[-64.48557,9.0853],[-64.52416,9.03511],[-64.574,9.03433],[-64.5742,9.02999],[-64.60169,9.02422],[-64.60158,8.99835],[-64.61013,8.99509],[-64.6394,8.99438],[-64.6394,8.98545],[-64.64975,8.97867],[-64.65296,8.97403],[-64.65189,8.96297],[-64.75111,8.96047],[-64.75076,8.89515],[-64.80056,8.89709],[-64.80176,8.88142],[-64.93682,8.88076],[-64.93777,9.07753],[-64.84098,9.07778],[-64.67814,9.19226],[-64.62792,9.19518],[-64.60188,9.2285],[-64.60195,9.24692],[-64.57661,9.24703],[-64.57669,9.26345],[-64.56321,9.26351],[-64.56351,9.25945],[-64.54045,9.25758],[-64.54965,9.24714],[-64.5503,9.24562]]]}},{"type":"Feature","properties":{"nombre":"BOCA CACHAMA","campo":"ORIENTE","etiqueta":"BOCA CACHAMA","empresa":"PDVSA","area_km2":513.08},"geometry":{"type":"Polygon","coordinates":[[[-64.2784,9.14065],[-64.27829,9.11149],[-64.25171,9.11158],[-64.2517,9.06253],[-64.17612,9.06278],[-64.17589,9.00334],[-64.19268,8.98468],[-64.18591,8.97865],[-64.18287,8.98202],[-64.1761,8.97599],[-64.17003,8.98273],[-64.16664,8.97972],[-64.16361,8.98309],[-64.16023,8.98007],[-64.16282,8.97719],[-64.16278,8.96367],[-64.13566,8.93957],[-64.12959,8.94631],[-64.11807,8.93606],[-64.13084,8.92186],[-64.14236,8.93211],[-64.14539,8.92875],[-64.15895,8.9408],[-64.16869,8.92998],[-64.14625,8.91002],[-64.17554,8.9101],[-64.17566,8.94252],[-64.33405,8.94193],[-64.33402,8.93143],[-64.34988,8.94552],[-64.33472,8.96238],[-64.34347,8.97015],[-64.33893,8.9752],[-64.33436,8.97521],[-64.33438,8.9801],[-64.32783,8.98012],[-64.32785,8.98716],[-64.35482,8.98706],[-64.35485,8.99533],[-64.37667,8.99526],[-64.37668,8.99698],[-64.41995,8.99681],[-64.42002,9.01348],[-64.42662,9.01345],[-64.42669,9.03012],[-64.44202,9.03006],[-64.44225,9.08587],[-64.45283,9.08574],[-64.45349,9.13999],[-64.2784,9.14065]]]}},{"type":"Feature","properties":{"nombre":"TORTA MAULPA","campo":"ORIENTE","etiqueta":"TORTA MAULPA","empresa":"PDVSA GAS","area_km2":528.03},"geometry":{"type":"Polygon","coordinates":[[[-64.0174,9.42058],[-64.01734,9.40001],[-64.02488,9.40516],[-64.04653,9.37393],[-64.07554,9.39373],[-64.09666,9.36325],[-64.10109,9.36626],[-64.1011,9.36436],[-64.1155,9.3644],[-64.11547,9.38028],[-64.16685,9.38012],[-64.16663,9.3135],[-64.17672,9.31346],[-64.17666,9.29688],[-64.20167,9.29679],[-64.20169,9.30152],[-64.22665,9.30144],[-64.22667,9.30784],[-64.27671,9.30766],[-64.27667,9.29688],[-64.30174,9.29679],[-64.30167,9.28022],[-64.32668,9.28013],[-64.32663,9.26792],[-64.36005,9.2678],[-64.36018,9.301],[-64.36413,9.30098],[-64.36414,9.29897],[-64.40965,9.29901],[-64.40966,9.23039],[-64.47146,9.23017],[-64.485,9.25306],[-64.48903,9.25071],[-64.49165,9.25515],[-64.48109,9.26131],[-64.48685,9.27106],[-64.47761,9.27645],[-64.52106,9.27647],[-64.52106,9.28722],[-64.52658,9.28722],[-64.52668,9.31345],[-64.50156,9.31356],[-64.50161,9.3302],[-64.47659,9.33031],[-64.47665,9.34669],[-64.45154,9.34679],[-64.45168,9.37906],[-64.30197,9.37964],[-64.30212,9.41962],[-64.0174,9.42058]]]}},{"type":"Feature","properties":{"nombre":"ESQUINA TRICO","campo":"ORIENTE","etiqueta":"ESQUINA TRICO","empresa":"PDVSA","area_km2":317.79},"geometry":{"type":"Polygon","coordinates":[[[-64.45162,9.01345],[-64.45155,8.99669],[-64.42668,8.99679],[-64.42662,8.98011],[-64.40168,8.98021],[-64.40166,8.97813],[-64.36421,8.97827],[-64.36422,8.98007],[-64.35168,8.98011],[-64.35166,8.97515],[-64.33893,8.9752],[-64.34347,8.97015],[-64.33472,8.96238],[-64.34988,8.94552],[-64.33402,8.93143],[-64.33393,8.90899],[-64.33639,8.90626],[-64.34316,8.91228],[-64.34922,8.90554],[-64.356,8.91156],[-64.36661,8.89977],[-64.36324,8.89678],[-64.40167,8.89678],[-64.40167,8.88012],[-64.37667,8.88012],[-64.37667,8.87689],[-64.35167,8.87698],[-64.35167,8.85993],[-64.35312,8.85832],[-64.35307,8.84556],[-64.35756,8.84056],[-64.52642,8.83991],[-64.5266,8.88331],[-64.56206,8.88317],[-64.56217,8.90848],[-64.57653,8.90843],[-64.5766,8.92981],[-64.50162,8.93012],[-64.50169,8.94658],[-64.4583,8.94683],[-64.45831,8.98032],[-64.47669,8.98025],[-64.47668,8.96345],[-64.50581,8.96334],[-64.50602,9.01345],[-64.45162,9.01345]]]}},{"type":"Feature","properties":{"nombre":"GUARICO ORIENTAL","campo":"ORIENTE","etiqueta":"GUARICO ORIENTAL","pais":"JAPON","area_km2":290},"geometry":{"type":"Polygon","coordinates":[[[-65.59903,9.1967],[-65.75429,9.19554],[-65.75548,9.34913],[-65.60016,9.3503],[-65.59903,9.1967]]]}},{"type":"Feature","properties":{"nombre":"BLOQUE ZAMACA","campo":"ORIENTE","etiqueta":"BLOQUE ZAMACA","empresa":"PDVSA","area_km2":920.32},"geometry":{"type":"Polygon","coordinates":[[[-64.02488,9.40516],[-63.98901,9.38066],[-63.60153,9.38153],[-63.6015,9.36347],[-63.65164,9.36338],[-63.65152,9.29679],[-63.67676,9.29675],[-63.67673,9.28007],[-63.80179,9.27981],[-63.80167,9.23005],[-63.85169,9.22993],[-63.85165,9.21345],[-63.92212,9.21328],[-63.9222,9.24692],[-63.98838,9.24675],[-63.98834,9.23012],[-63.99643,9.23009],[-63.99638,9.21345],[-64.01673,9.2134],[-64.01671,9.20833],[-64.08853,9.20812],[-64.08851,9.1992],[-64.15167,9.199],[-64.15169,9.20535],[-64.17664,9.20527],[-64.17667,9.21345],[-64.18581,9.21342],[-64.18577,9.24127],[-64.16302,9.24123],[-64.16291,9.31357],[-64.16663,9.31357],[-64.16685,9.38012],[-64.11547,9.38028],[-64.1155,9.3644],[-64.1011,9.36436],[-64.10109,9.36626],[-64.09666,9.36325],[-64.07554,9.39373],[-64.04653,9.37393],[-64.02488,9.40516]]]}},{"type":"Feature","properties":{"nombre":"AREA MAYOR DE ANACO","campo":"ORIENTE","etiqueta":"AREA MAYOR DE ANACO","empresa":"PDVSA","area_km2":2148.97},"geometry":{"type":"Polygon","coordinates":[[[-64.24878,9.58117],[-64.24839,9.475],[-64.30233,9.4748],[-64.30197,9.37964],[-64.45168,9.37906],[-64.45154,9.34679],[-64.47668,9.34669],[-64.47661,9.33032],[-64.50163,9.33022],[-64.50156,9.31356],[-64.52669,9.31345],[-64.52655,9.28023],[-64.55167,9.28013],[-64.55159,9.26356],[-64.57669,9.26345],[-64.57661,9.24703],[-64.602,9.24692],[-64.60191,9.22852],[-64.62792,9.19518],[-64.67814,9.19226],[-64.84098,9.07778],[-64.97909,9.07741],[-64.97922,9.10082],[-65.0517,9.10042],[-65.05293,9.31346],[-64.70169,9.31531],[-64.70258,9.4968],[-64.52668,9.49761],[-64.52705,9.58005],[-64.24878,9.58117]]]}},{"type":"Feature","properties":{"nombre":"TEMBLADOR","campo":"CARABOBO","etiqueta":"C44","empresa":"PETRODELTA","pais":"VENEZUELA","caracteristica":"PETRODELTA","area_km2":163.11},"geometry":{"type":"Polygon","coordinates":[[[-62.54376,9.05593],[-62.58308,9.03335],[-62.58352,9.03412],[-62.62277,9.01151],[-62.62235,9.01078],[-62.66179,8.98809],[-62.66863,8.99994],[-62.70798,8.97734],[-62.71479,8.98915],[-62.7937,8.94402],[-62.79829,8.95189],[-62.8771,8.90686],[-62.88624,8.92256],[-62.92682,8.89927],[-62.936,8.91484],[-62.93606,8.93013],[-62.92661,8.93013],[-62.92661,8.94679],[-62.88025,8.94679],[-62.81655,8.98329],[-62.812,8.97547],[-62.7883,8.98892],[-62.79203,8.99535],[-62.77638,9.00431],[-62.77259,8.99789],[-62.73291,9.02054],[-62.72839,9.01272],[-62.68897,9.03517],[-62.67543,9.01171],[-62.59673,9.05684],[-62.59218,9.049],[-62.55285,9.07157],[-62.54376,9.05593]]]}},{"type":"Feature","properties":{"nombre":"EL ISLENO","campo":"CARABOBO","etiqueta":"C39","empresa":"PETRODELTA","pais":"VENEZUELA","caracteristica":"PETRODELTA","area_km2":117.9},"geometry":{"type":"Polygon","coordinates":[[[-62.38257,8.95698],[-62.36469,8.92608],[-62.44332,8.88067],[-62.45241,8.89634],[-62.45244,8.91056],[-62.50093,8.91053],[-62.51009,8.90535],[-62.51002,8.89639],[-62.53865,8.89641],[-62.53864,8.89909],[-62.55387,8.89036],[-62.55595,8.89394],[-62.58405,8.89394],[-62.60234,8.88344],[-62.61631,8.90752],[-62.57682,8.92993],[-62.57431,8.92537],[-62.55446,8.93663],[-62.55244,8.9329],[-62.5327,8.94425],[-62.53252,8.94394],[-62.44235,8.94394],[-62.43116,8.95029],[-62.42749,8.94394],[-62.40548,8.94394],[-62.38257,8.95698]]]}},{"type":"Feature","properties":{"campo":"ORIENTE","area_km2":142.6},"geometry":{"type":"Polygon","coordinates":[[[-62.67842,8.92673],[-62.67373,8.91862],[-62.66806,8.90606],[-62.69387,8.89214],[-62.72559,8.87309],[-62.75656,8.8533],[-62.79564,8.83277],[-62.82585,8.82174],[-62.85907,8.87551],[-62.86814,8.89131],[-62.82876,8.91399],[-62.8195,8.89814],[-62.76035,8.93201],[-62.75579,8.92409],[-62.73626,8.93523],[-62.72718,8.91975],[-62.68737,8.94248],[-62.67842,8.92673]]]}},{"type":"Feature","properties":{"campo":"ORIENTE","area_km2":68.26},"geometry":{"type":"Polygon","coordinates":[[[-63.93577,8.89308],[-63.83899,8.89314],[-63.8365,8.8917],[-63.83603,8.89086],[-63.83603,8.88877],[-63.83492,8.88675],[-63.83018,8.882],[-63.82643,8.88005],[-63.82525,8.88038],[-63.82335,8.87973],[-63.82282,8.87843],[-63.82204,8.87817],[-63.81613,8.87733],[-63.81573,8.87609],[-63.81278,8.87454],[-63.80931,8.87454],[-63.80878,8.87363],[-63.8089,8.87095],[-63.80818,8.87057],[-63.80622,8.87142],[-63.80522,8.86724],[-63.80096,8.86673],[-63.80115,8.86549],[-63.79834,8.86279],[-63.79733,8.86009],[-63.79628,8.85904],[-63.79207,8.85671],[-63.79135,8.85442],[-63.78859,8.85365],[-63.78642,8.85195],[-63.783,8.84798],[-63.78284,8.84302],[-63.78379,8.84187],[-63.78139,8.83881],[-63.78262,8.83766],[-63.7833,8.83501],[-63.78296,8.83414],[-63.77996,8.83475],[-63.77968,8.83211],[-63.78179,8.83061],[-63.78227,8.82949],[-63.78923,8.84115],[-63.79292,8.83897],[-63.89042,8.8392],[-63.89035,8.87085],[-63.93581,8.87096],[-63.93577,8.89308]]]}},{"type":"Feature","properties":{"nombre":"MANRESA","campo":"ORIENTE","etiqueta":"MANRESA","empresa":"PDVSA","area_km2":66.43},"geometry":{"type":"Polygon","coordinates":[[[-63.52678,9.91354],[-63.52678,9.88021],[-63.55178,9.88021],[-63.55178,9.90644],[-63.56544,9.90095],[-63.58829,9.95683],[-63.50653,9.95692],[-63.50653,9.95091],[-63.49457,9.95093],[-63.49457,9.94688],[-63.45992,9.94688],[-63.45992,9.94984],[-63.45407,9.94985],[-63.45405,9.91998],[-63.49455,9.91994],[-63.49455,9.92271],[-63.51132,9.9227],[-63.52678,9.91649],[-63.52678,9.91354]]]}},{"type":"Feature","properties":{"campo":"ORIENTE","caracteristica":"PATIOTANQUE CARABOBO","area_km2":508.82},"geometry":{"type":"Polygon","coordinates":[[[-62.9362,8.93362],[-62.93613,8.91491],[-62.93156,8.90715],[-62.8909,8.93042],[-62.87723,8.90694],[-62.85755,8.91817],[-62.84853,8.9026],[-62.86814,8.89131],[-62.85907,8.87551],[-62.82585,8.82174],[-62.85975,8.80778],[-62.90174,8.7967],[-62.93857,8.78856],[-62.96951,8.78335],[-63.02577,8.78422],[-63.17959,8.78403],[-63.17955,8.80079],[-63.17678,8.8468],[-63.17678,8.85362],[-63.15242,8.85365],[-63.15239,8.86995],[-63.12459,8.86995],[-63.12477,8.92073],[-63.12476,8.91861],[-63.12477,8.92073],[-63.079,8.92085],[-63.07884,8.91964],[-63.0766,8.91965],[-63.06628,8.91981],[-63.06628,8.92181],[-63.02571,8.92184],[-63.02571,8.94026],[-62.95878,8.94073],[-62.95876,8.93368],[-62.9362,8.93362]]]}},{"type":"Feature","properties":{"nombre":"BLOQUE 1 PDVSA","campo":"ORIENTE","etiqueta":"BLOQUE 1 PDVSA","empresa":"PDVSA","area_km2":64.01},"geometry":{"type":"Polygon","coordinates":[[[-60.37649,9.83016],[-60.37649,9.81349],[-60.4515,9.81349],[-60.4515,9.83016],[-60.5015,9.83016],[-60.5015,9.85307],[-60.37649,9.87152],[-60.37649,9.83016]]]}},{"type":"Feature","properties":{"nombre":"BLOQUE 3 CHEVRON","campo":"ORIENTE","etiqueta":"BLOQUE 3 CHEVRON","empresa":"PDVSA","pais":"ESTADOS UNIDOS","area_km2":131.66},"geometry":{"type":"Polygon","coordinates":[[[-59.97647,9.79683],[-59.97647,9.76349],[-59.95147,9.76349],[-59.95147,9.74683],[-59.92647,9.74683],[-59.92647,9.73016],[-59.90147,9.73016],[-59.90147,9.71349],[-59.87647,9.71349],[-59.87645,9.66349],[-60.00148,9.66349],[-60.00148,9.79683],[-59.97647,9.79683]]]}},{"type":"Feature","properties":{"campo":"ORIENTE","area_km2":1243.22},"geometry":{"type":"Polygon","coordinates":[[[-65.0267,9.29679],[-65.0267,9.29002],[-65.04525,9.29133],[-65.04718,9.26433],[-65.04705,9.13658],[-65.04506,9.13589],[-65.04437,9.13393],[-65.04336,9.13456],[-65.04371,9.13685],[-65.04309,9.13697],[-65.04247,9.13669],[-65.04099,9.13446],[-65.03974,9.13407],[-65.03907,9.13436],[-65.03868,9.13548],[-65.0401,9.1371],[-65.04028,9.13805],[-65.03887,9.13834],[-65.03779,9.13739],[-65.03665,9.13471],[-65.0336,9.1345],[-65.03438,9.13332],[-65.0341,9.1327],[-65.0315,9.13216],[-65.03088,9.13261],[-65.0323,9.13473],[-65.03169,9.13518],[-65.02914,9.1338],[-65.02788,9.13038],[-65.0267,9.12912],[-65.0267,9.11345],[-65.30172,9.11345],[-65.30172,9.4968],[-65.0267,9.4968],[-65.0267,9.29679]]]}},{"type":"Feature","properties":{"nombre":"BLOQUE DELTA CENTRO","campo":"ORIENTE","etiqueta":"BLOQUE DELTA CENTRO","empresa":"PDVSA","area_km2":2127.13},"geometry":{"type":"Polygon","coordinates":[[[-61.75159,9.66345],[-61.75159,9.31344],[-61.77652,9.31345],[-61.77655,9.26346],[-61.80157,9.26347],[-61.80151,9.24684],[-62.25154,9.24683],[-62.25161,9.58015],[-61.8766,9.58018],[-61.87652,9.66349],[-61.75159,9.66345]]]}},{"type":"Feature","properties":{"nombre":"GUARAPICHE","campo":"ORIENTE","etiqueta":"GUARAPICHE","empresa":"PDVSA","area_km2":2131.14},"geometry":{"type":"Polygon","coordinates":[[[-62.5016,10.16351],[-62.50158,9.99681],[-62.32354,9.99683],[-62.32368,9.93594],[-62.29444,9.93588],[-62.12647,10.01957],[-62.12639,10.04823],[-62.11138,10.04279],[-62.08936,10.03803],[-62.06828,10.02939],[-62.04756,10.02157],[-62.02759,10.01104],[-62.02761,9.99568],[-62.04766,9.99583],[-62.04759,10.00576],[-62.06836,10.00582],[-62.06838,9.9911],[-62.09064,9.99947],[-62.09071,9.98972],[-62.10589,9.99479],[-62.1059,9.97971],[-62.13634,9.97974],[-62.13637,9.96168],[-62.18202,9.96182],[-62.18209,9.92569],[-62.20486,9.92575],[-62.20493,9.91663],[-62.2277,9.9167],[-62.22774,9.89863],[-62.2506,9.8987],[-62.25058,9.8893],[-62.26424,9.8894],[-62.2643,9.88036],[-62.28252,9.8804],[-62.28249,9.89846],[-62.2916,9.89843],[-62.29159,9.91352],[-63.00162,9.91349],[-63.00163,9.68014],[-63.00201,9.68014],[-63.00182,9.94683],[-63.0766,9.94682],[-63.07694,9.94713],[-63.07697,10.04695],[-63.12663,10.04692],[-63.12665,10.1635],[-62.5016,10.16351]]]}},{"type":"Feature","properties":{"campo":"ORIENTE","area_km2":17.08},"geometry":{"type":"Polygon","coordinates":[[[-62.07067,10.08017],[-62.15158,10.08016],[-62.15158,10.09683],[-62.06383,10.09684],[-62.07067,10.08017]]]}},{"type":"Feature","properties":{"nombre":"GOLFO DE PARIA ESTE","campo":"ORIENTE","etiqueta":"GOLFO DE PARIA ESTE","empresa":"PDVSA","area_km2":700.55},"geometry":{"type":"Polygon","coordinates":[[[-62.00123,10.24585],[-62.02081,10.19648],[-62.02296,10.19648],[-62.02282,10.19683],[-62.15158,10.19683],[-62.15158,10.2135],[-62.25158,10.2135],[-62.2516,10.41349],[-61.93474,10.41351],[-62.00123,10.24585]]]}},{"type":"Feature","properties":{"nombre":"BLOQUE 5 PLATAFORMA DELTANA","campo":"ORIENTE","etiqueta":"BLOQUE 5 PLATAFORMA DELTANA","empresa":"PDVSA","area_km2":3737.16},"geometry":{"type":"Polygon","coordinates":[[[-59.62665,10.0201],[-59.24351,10.08832],[-59.25167,9.24299],[-59.63071,9.24676],[-59.62665,9.66356],[-59.62665,10.0201]]]}},{"type":"Feature","properties":{"nombre":"KAKI","campo":"AYACUCHO","etiqueta":"A24","empresa":"PETROLERA KAKI","pais":"VENEZUELA","caracteristica":"PETROLERA KAKI","area_km2":93.92},"geometry":{"type":"Polygon","coordinates":[[[-64.52106,9.28552],[-64.52106,9.27647],[-64.47761,9.27645],[-64.48685,9.27106],[-64.48109,9.26131],[-64.49165,9.25515],[-64.48903,9.25071],[-64.485,9.25306],[-64.47144,9.23014],[-64.47619,9.23012],[-64.47612,9.21345],[-64.49229,9.21339],[-64.49211,9.17147],[-64.52593,9.17148],[-64.50672,9.1827],[-64.50903,9.1866],[-64.5404,9.16828],[-64.5581,9.1982],[-64.55105,9.20231],[-64.55641,9.21137],[-64.56346,9.20725],[-64.56999,9.2183],[-64.57032,9.2283],[-64.57594,9.22834],[-64.57852,9.2327],[-64.5709,9.23236],[-64.57992,9.24557],[-64.5513,9.24406],[-64.54965,9.24714],[-64.54045,9.25758],[-64.56351,9.25945],[-64.56321,9.26351],[-64.55159,9.26356],[-64.55164,9.28013],[-64.52655,9.28023],[-64.52658,9.28722],[-64.52106,9.28722],[-64.52106,9.28552]]]}},{"type":"Feature","properties":{"nombre":"KAKI","campo":"AYACUCHO","etiqueta":"A24","empresa":"PETROLERA KAKI","pais":"VENEZUELA","caracteristica":"PETROLERA KAKI","area_km2":41.43},"geometry":{"type":"Polygon","coordinates":[[[-64.36018,9.301],[-64.35991,9.23058],[-64.40966,9.23038],[-64.40965,9.29901],[-64.36414,9.29897],[-64.36413,9.301],[-64.36018,9.301]]]}},{"type":"Feature","properties":{"nombre":"DZO","campo":"OCCIDENTAL DEL LAGO","etiqueta":"6","empresa":"PETROPERIJA","pais":"KAZAJISTAN","caracteristica":"PETROPERIJA","area_km2":593.08},"geometry":{"type":"Polygon","coordinates":[[[-72.58213,10.01948],[-72.40891,10.01377],[-72.407,10.13655],[-72.31944,10.1356],[-72.32229,9.97474],[-72.43556,9.9757],[-72.4346,9.93762],[-72.34514,9.93572],[-72.34323,9.86434],[-72.38987,9.86624],[-72.38797,9.72157],[-72.48029,9.72442],[-72.47553,9.94048],[-72.58499,9.94048],[-72.58213,10.01948]]]}},{"type":"Feature","properties":{"nombre":"DZO","campo":"OCCIDENTAL DEL LAGO","etiqueta":"6","empresa":"PETROPERIJA","pais":"KAZAJISTAN","caracteristica":"PETROPERIJA","area_km2":180.4},"geometry":{"type":"Polygon","coordinates":[[[-72.3123,10.10657],[-72.24187,10.14797],[-72.10195,10.22601],[-72.08911,10.19461],[-72.11338,10.167],[-72.1662,10.11561],[-72.17477,10.10514],[-72.17667,10.09277],[-72.18095,10.08467],[-72.18809,10.07992],[-72.19951,10.07516],[-72.22711,10.06088],[-72.24285,10.04868],[-72.3123,10.10657]]]}},{"type":"Feature","properties":{"campo":"OCCIDENTE","area_km2":2512.13},"geometry":{"type":"Polygon","coordinates":[[[-72.95321,9.34228],[-72.88814,9.34064],[-72.88528,9.3956],[-72.63615,9.39632],[-72.63615,9.33493],[-72.49696,9.33564],[-72.49901,9.08373],[-72.37706,9.07957],[-72.38479,8.4859],[-72.38777,8.40261],[-72.45261,8.40023],[-72.53827,8.50255],[-72.54753,8.51991],[-72.45872,8.51902],[-72.45677,8.8085],[-72.40226,8.80813],[-72.4015,8.91656],[-72.51509,8.91733],[-72.51244,9.29964],[-72.58522,9.30014],[-72.58616,9.16181],[-72.61799,9.16202],[-72.62087,8.7192],[-72.63904,8.71931],[-72.63932,8.67413],[-72.66627,8.67429],[-72.67931,8.72408],[-72.72595,8.91574],[-72.75165,9.02996],[-72.75807,9.06494],[-72.76378,9.07493],[-72.77021,9.0785],[-72.7752,9.08421],[-72.77556,9.08921],[-72.77056,9.09349],[-72.76771,9.10027],[-72.77235,9.1042],[-72.77877,9.10705],[-72.78163,9.11348],[-72.78912,9.11169],[-72.79162,9.10563],[-72.79698,9.10348],[-72.8009,9.10527],[-72.80019,9.11169],[-72.80054,9.1199],[-72.80626,9.12169],[-72.81161,9.1224],[-72.81411,9.12704],[-72.81554,9.13311],[-72.82267,9.13596],[-72.82624,9.13204],[-72.82624,9.12526],[-72.82803,9.12204],[-72.83195,9.12276],[-72.83909,9.12561],[-72.84909,9.12847],[-72.85979,9.12847],[-72.86765,9.1274],[-72.87621,9.13097],[-72.88335,9.12811],[-72.88692,9.1224],[-72.88835,9.11562],[-72.88835,9.10812],[-72.89085,9.10348],[-72.9094,9.0942],[-72.91654,9.09278],[-72.92796,9.08421],[-72.93332,9.08243],[-72.93724,9.08457],[-72.93974,9.08849],[-72.94367,9.08992],[-72.94831,9.08849],[-72.95188,9.09242],[-72.95224,9.10277],[-72.95759,9.10634],[-72.95321,9.34228]]]}},{"type":"Feature","properties":{"nombre":"GUAFITA-LA VICTORIA","campo":"OCCIDENTE","etiqueta":"GUAFITA-LA VICTORIA","area_km2":253.4},"geometry":{"type":"Polygon","coordinates":[[[-71.32697,7.11345],[-71.32697,7.03011],[-71.32659,7.02278],[-71.35536,7.02323],[-71.36926,7.0219],[-71.38144,7.02456],[-71.38468,7.03047],[-71.38963,7.03789],[-71.40067,7.03941],[-71.41551,7.0396],[-71.42636,7.04113],[-71.43207,7.03922],[-71.43569,7.03484],[-71.43588,7.02951],[-71.43817,7.02799],[-71.44273,7.02837],[-71.44864,7.02799],[-71.45206,7.02304],[-71.45378,7.01638],[-71.45777,7.01409],[-71.46234,7.016],[-71.46291,7.02],[-71.4631,7.03275],[-71.46634,7.03713],[-71.4737,7.03304],[-71.47477,7.19829],[-71.37412,7.19793],[-71.37626,7.11442],[-71.33686,7.11409],[-71.32697,7.11345]]]}},{"type":"Feature","properties":{"nombre":"GUAFITA-LA VICTORIA NORTE","campo":"OCCIDENTE","etiqueta":"GUAFITA-LA VICTORIA","empresa":"PDVSA","area_km2":1823.84},"geometry":{"type":"MultiPolygon","coordinates":[[[[-71.503,7.38201],[-71.15262,7.38141],[-71.15322,7.36535],[-71.06815,7.36535],[-71.06815,7.3481],[-71.04537,7.34751],[-71.03994,7.34435],[-71.03572,7.34284],[-71.02562,7.33198],[-71.01793,7.33198],[-71.00526,7.33289],[-71.00059,7.33229],[-70.99577,7.33093],[-70.99079,7.32852],[-70.98491,7.3246],[-70.97331,7.32823],[-70.9657,7.3249],[-70.96165,7.31966],[-70.95879,7.31038],[-70.95308,7.30681],[-70.94333,7.3061],[-70.93,7.31038],[-70.91953,7.31181],[-70.91097,7.31419],[-70.90478,7.31419],[-70.89479,7.31585],[-70.87908,7.31704],[-70.87837,7.29801],[-70.85434,7.29753],[-70.8541,7.26565],[-70.83007,7.26541],[-70.82959,7.21187],[-70.8303,7.1274],[-70.82908,7.08035],[-70.83456,7.07797],[-70.83955,7.07488],[-70.84407,7.07012],[-70.84621,7.06465],[-70.8524,7.05822],[-70.85859,7.05632],[-70.87501,7.06132],[-70.88452,7.06179],[-70.89142,7.05894],[-70.89428,7.05465],[-70.89404,7.0449],[-70.8919,7.03431],[-70.89618,7.03574],[-70.89868,7.03931],[-70.90475,7.04395],[-70.91117,7.03966],[-70.92045,7.03074],[-70.92724,7.02717],[-70.93116,7.02217],[-70.94223,7.01789],[-70.95044,7.01646],[-70.96114,7.01753],[-70.97149,7.01718],[-70.97578,7.01325],[-70.97756,7.00433],[-70.97935,7.00183],[-70.98434,7.00183],[-70.98898,6.99612],[-70.9897,6.99005],[-70.99826,6.98327],[-71.01183,6.97863],[-71.02467,6.9772],[-71.04288,6.9822],[-71.04894,6.98291],[-71.05787,6.98077],[-71.07036,6.98291],[-71.08107,6.98077],[-71.09784,6.9822],[-71.10784,6.98827],[-71.11248,6.99719],[-71.10962,7.00361],[-71.10855,7.00932],[-71.11319,7.01147],[-71.1214,7.01432],[-71.1239,7.02146],[-71.12318,7.02646],[-71.12568,7.03145],[-71.13425,7.03181],[-71.14317,7.03145],[-71.16623,7.02641],[-71.16637,7.08213],[-71.15189,7.08202],[-71.15196,7.11345],[-71.22697,7.11345],[-71.22144,7.12223],[-71.21739,7.12746],[-71.21477,7.13413],[-71.21596,7.15221],[-71.21454,7.20694],[-71.21787,7.21265],[-71.22548,7.21336],[-71.24047,7.22217],[-71.24666,7.22336],[-71.25213,7.22597],[-71.25499,7.23882],[-71.25522,7.24549],[-71.25689,7.24763],[-71.2676,7.2481],[-71.27236,7.25524],[-71.2764,7.25929],[-71.28901,7.25786],[-71.29449,7.25786],[-71.29901,7.25881],[-71.30472,7.26381],[-71.30757,7.26761],[-71.31852,7.27856],[-71.34065,7.28617],[-71.34731,7.28546],[-71.36016,7.28617],[-71.36777,7.28951],[-71.38752,7.28736],[-71.40061,7.29165],[-71.40751,7.28855],[-71.40989,7.2838],[-71.41893,7.28213],[-71.43012,7.28403],[-71.44368,7.2838],[-71.44963,7.2876],[-71.45343,7.29141],[-71.45391,7.29712],[-71.45914,7.29926],[-71.47247,7.29831],[-71.47604,7.2995],[-71.47747,7.30521],[-71.47723,7.3114],[-71.47961,7.31663],[-71.49317,7.31687],[-71.49888,7.31901],[-71.50221,7.32187],[-71.50221,7.3597],[-71.503,7.38201]]]]}},{"type":"Feature","properties":{"campo":"OCCIDENTE","area_km2":11.53},"geometry":{"type":"Polygon","coordinates":[[[-71.70891,10.91227],[-71.68393,10.91168],[-71.68274,10.86766],[-71.69999,10.86647],[-71.70891,10.91227]]]}},{"type":"Feature","properties":{"campo":"OCCIDENTE","area_km2":27.61},"geometry":{"type":"Polygon","coordinates":[[[-71.68095,10.83375],[-71.63039,10.83316],[-71.62742,10.77546],[-71.64467,10.76891],[-71.65062,10.77427],[-71.65954,10.78616],[-71.6643,10.79985],[-71.67025,10.81353],[-71.67501,10.82186],[-71.68095,10.83375]]]}},{"type":"Feature","properties":{"campo":"OCCIDENTE","area_km2":10.48},"geometry":{"type":"Polygon","coordinates":[[[-70.94973,9.89107],[-70.93484,9.85616],[-70.96102,9.84486],[-70.96726,9.85914],[-70.95685,9.8639],[-70.96446,9.87726],[-70.96723,9.88417],[-70.94973,9.89107]]]}},{"type":"Feature","properties":{"nombre":"FALCON OESTE","campo":"OCCIDENTE","etiqueta":"FALCON OESTE","area_km2":6658.25},"geometry":{"type":"Polygon","coordinates":[[[-69.75055,11.41889],[-69.75007,11.33276],[-69.62781,11.33419],[-69.62775,11.30371],[-69.62587,11.29659],[-69.62503,11.13145],[-69.62563,10.91611],[-70.09747,10.91473],[-70.4996,10.91092],[-70.49865,10.83383],[-70.62619,10.8343],[-70.62577,10.6672],[-70.7501,10.6672],[-70.7498,10.5863],[-70.87532,10.58422],[-70.87341,10.41703],[-71.12183,10.41561],[-71.12183,10.66616],[-71.24889,10.66616],[-71.25032,10.83249],[-71.12374,10.83128],[-71.12493,10.99963],[-71.00001,11.00201],[-70.99941,11.08232],[-70.87449,11.08291],[-70.87389,11.16262],[-70.60085,11.165],[-70.55865,11.16331],[-70.55805,11.02909],[-70.14616,11.03093],[-70.14671,11.16649],[-70.23827,11.16612],[-70.23894,11.3297],[-70.23406,11.33371],[-70.20027,11.33514],[-70.19932,11.35132],[-70.176,11.35274],[-70.17409,11.3694],[-70.15173,11.36845],[-70.15125,11.40224],[-70.12413,11.40366],[-70.12222,11.41604],[-69.75055,11.41889]],[[-70.96919,10.93631],[-70.96828,10.80069],[-71.10537,10.7999],[-71.10445,10.66427],[-70.96736,10.66507],[-70.96687,10.58932],[-70.78425,10.59048],[-70.78547,10.80191],[-70.73975,10.8021],[-70.73993,10.84732],[-70.64856,10.84787],[-70.64923,10.9835],[-70.83229,10.98228],[-70.83198,10.93711],[-70.96919,10.93631]]]}},{"type":"Feature","properties":{"nombre":"FALCON ESTE","campo":"OCCIDENTE","etiqueta":"FALCON ESTE","area_km2":4661.56},"geometry":{"type":"Polygon","coordinates":[[[-69.62563,10.91611],[-69.62503,11.13145],[-69.62587,11.29659],[-69.62775,11.30371],[-69.18516,11.30431],[-69.1853,11.51725],[-69.12666,11.51875],[-69.12381,11.41881],[-68.87634,11.41786],[-68.87634,11.3341],[-68.75071,11.33315],[-68.75138,10.91627],[-69.62563,10.91611]]]}},{"type":"Feature","properties":{"campo":"OCCIDENTE","empresa":"PDVSA","area_km2":1729.46},"geometry":{"type":"Polygon","coordinates":[[[-69.96649,8.52688],[-69.96653,8.48306],[-69.97596,8.47264],[-69.99045,8.47265],[-69.99048,8.44553],[-69.98139,8.44552],[-69.98141,8.42743],[-69.99048,8.42744],[-69.99032,8.4184],[-70.00148,8.4184],[-70.00149,8.41388],[-70.0117,8.41389],[-70.01171,8.39592],[-70.01775,8.39592],[-70.01776,8.37298],[-70.01749,8.37328],[-69.99368,8.3519],[-70.00279,8.35048],[-69.98197,8.33025],[-69.98376,8.32252],[-69.95699,8.29992],[-69.9671,8.29099],[-69.97424,8.22675],[-69.90999,8.22675],[-69.90999,8.24043],[-69.86597,8.20117],[-69.89929,8.16131],[-69.88739,8.15239],[-69.92249,8.11313],[-69.91535,8.10837],[-69.94331,8.07506],[-69.99209,8.11075],[-70.02421,8.07565],[-70.06823,8.11848],[-70.10035,8.08576],[-70.12593,8.10718],[-70.24431,8.10659],[-70.24478,8.21251],[-70.23733,8.20583],[-70.23262,8.21104],[-70.22924,8.208],[-70.22571,8.2119],[-70.2291,8.21493],[-70.19779,8.24957],[-70.21372,8.26386],[-70.21371,8.2867],[-70.19528,8.2867],[-70.19527,8.31321],[-70.19655,8.313],[-70.19837,8.31397],[-70.20002,8.31608],[-70.19961,8.31863],[-70.19787,8.32276],[-70.19746,8.3255],[-70.19958,8.32674],[-70.1994,8.3271],[-70.19972,8.32695],[-70.20164,8.32455],[-70.20257,8.32103],[-70.20339,8.32005],[-70.20458,8.31958],[-70.20727,8.32435],[-70.24611,8.32503],[-70.24611,8.38616],[-70.3369,8.38616],[-70.33691,8.41385],[-70.33746,8.41384],[-70.33689,8.46287],[-70.25861,8.4629],[-70.25958,8.46434],[-70.26083,8.46423],[-70.26161,8.46635],[-70.26075,8.46827],[-70.26075,8.472],[-70.25908,8.47345],[-70.25963,8.47425],[-70.25919,8.47521],[-70.25928,8.47749],[-70.25831,8.47857],[-70.25918,8.48064],[-70.25694,8.48682],[-70.25745,8.49051],[-70.25671,8.49347],[-70.23269,8.49351],[-70.23268,8.59454],[-69.96644,8.59443],[-69.96649,8.52688]],[[-70.1088,8.43624],[-70.1091,8.40203],[-70.07692,8.39856],[-70.06315,8.39856],[-70.06316,8.38381],[-70.05192,8.3838],[-70.05192,8.40415],[-70.06315,8.40415],[-70.06313,8.43008],[-70.08262,8.43008],[-70.08381,8.44367],[-70.08173,8.44962],[-70.06389,8.45021],[-70.06359,8.45319],[-70.0859,8.45319],[-70.0859,8.44516],[-70.08887,8.44486],[-70.08828,8.4398],[-70.09958,8.43951],[-70.09988,8.43624],[-70.1088,8.43624]]]}},{"type":"Feature","properties":{"campo":"OCCIDENTE","area_km2":13.71},"geometry":{"type":"Polygon","coordinates":[[[-70.07692,8.41213],[-70.07692,8.39856],[-70.1091,8.40203],[-70.1088,8.43624],[-70.09988,8.43624],[-70.09958,8.43951],[-70.08828,8.4398],[-70.08887,8.44486],[-70.0859,8.44516],[-70.0859,8.45319],[-70.06359,8.45319],[-70.06389,8.45021],[-70.08173,8.44962],[-70.08381,8.44367],[-70.08262,8.43008],[-70.08583,8.43008],[-70.08584,8.41213],[-70.07692,8.41213]]]}},{"type":"Feature","properties":{"campo":"OCCIDENTE","area_km2":342.16},"geometry":{"type":"Polygon","coordinates":[[[-69.95206,8.43423],[-69.84795,8.34627],[-69.71886,8.22967],[-69.75575,8.18863],[-69.75218,8.18387],[-69.79917,8.12914],[-69.80809,8.13331],[-69.81999,8.14044],[-69.82178,8.14639],[-69.8194,8.15294],[-69.82416,8.16186],[-69.83248,8.16543],[-69.84141,8.17138],[-69.84319,8.17911],[-69.84022,8.18982],[-69.84319,8.19874],[-69.84973,8.20112],[-69.85509,8.20945],[-69.86342,8.2148],[-69.86699,8.21837],[-69.8658,8.22551],[-69.85985,8.23384],[-69.85033,8.24098],[-69.81999,8.27369],[-69.8652,8.31771],[-69.89613,8.285],[-69.90506,8.27429],[-69.90803,8.28024],[-69.9122,8.2844],[-69.91636,8.29868],[-69.92409,8.29868],[-69.92776,8.3072],[-69.93252,8.31043],[-69.93747,8.31177],[-69.94413,8.31119],[-69.9487,8.30777],[-69.95079,8.3072],[-69.95593,8.30739],[-69.97516,8.32528],[-69.97516,8.32814],[-69.97249,8.33118],[-69.9723,8.33328],[-69.97611,8.33784],[-69.99368,8.3519],[-69.98713,8.35913],[-70.01091,8.38039],[-69.9828,8.41162],[-69.98021,8.41232],[-69.97839,8.41224],[-69.97573,8.4114],[-69.97469,8.41054],[-69.97422,8.40946],[-69.97441,8.40754],[-69.97649,8.40758],[-69.97973,8.40848],[-69.98129,8.40745],[-69.98175,8.4052],[-69.97996,8.40192],[-69.97981,8.39906],[-69.98186,8.3975],[-69.98488,8.39699],[-69.98528,8.39652],[-69.98449,8.39502],[-69.98099,8.39418],[-69.98056,8.39311],[-69.98105,8.39251],[-69.98406,8.39229],[-69.98497,8.38982],[-69.98452,8.38866],[-69.98181,8.3873],[-69.98083,8.38614],[-69.98201,8.3838],[-69.98146,8.38184],[-69.97986,8.37935],[-69.98096,8.37622],[-69.9811,8.37427],[-69.9805,8.37294],[-69.97237,8.37295],[-69.97229,8.45295],[-69.95206,8.43423]]]}},{"type":"Feature","properties":{"campo":"OCCIDENTE","area_km2":32.92},"geometry":{"type":"Polygon","coordinates":[[[-69.73997,8.25618],[-69.72676,8.2726],[-69.68536,8.23441],[-69.68001,8.23762],[-69.63718,8.20086],[-69.65752,8.18159],[-69.73997,8.25618]]]}},{"type":"Feature","properties":{"campo":"OCCIDENTE","area_km2":105.99},"geometry":{"type":"Polygon","coordinates":[[[-69.6643,8.17124],[-69.62199,8.17217],[-69.62217,8.17508],[-69.57173,8.17508],[-69.62265,8.21744],[-69.63361,8.20752],[-69.67382,8.24607],[-69.67882,8.24107],[-69.71891,8.27867],[-69.70499,8.29294],[-69.67287,8.26546],[-69.66537,8.27153],[-69.63325,8.24226],[-69.62647,8.24976],[-69.66109,8.27902],[-69.65431,8.28545],[-69.62076,8.25368],[-69.61326,8.26118],[-69.64788,8.2908],[-69.64182,8.29651],[-69.58007,8.24119],[-69.55723,8.21335],[-69.53902,8.20586],[-69.54759,8.19836],[-69.5815,8.22799],[-69.58792,8.22192],[-69.55223,8.19301],[-69.55937,8.18551],[-69.59435,8.21656],[-69.60077,8.20978],[-69.56758,8.18016],[-69.56294,8.18016],[-69.56329,8.15196],[-69.68144,8.15268],[-69.6643,8.17124]]]}},{"type":"Feature","properties":{"campo":"OCCIDENTE","etiqueta":"PDVSA","empresa":"PDVSA","area_km2":419.1},"geometry":{"type":"Polygon","coordinates":[[[-72.3759,10.30343],[-72.37477,10.49956],[-72.14782,10.496],[-72.14878,10.3968],[-72.25201,10.3968],[-72.25201,10.3024],[-72.3759,10.30343]]]}},{"type":"Feature","properties":{"nombre":"GUARICO ORIENTAL","campo":"OCCIDENTE","etiqueta":"GUARICO ORIENTAL","empresa":"PDVSA","area_km2":2329.92},"geometry":{"type":"Polygon","coordinates":[[[-65.67222,8.91346],[-65.67252,8.93117],[-65.68208,8.93788],[-65.72145,8.9614],[-65.79756,8.99185],[-65.85746,8.99949],[-66.01107,8.9985],[-66.13275,8.99934],[-66.13691,9.45549],[-66.13666,9.57526],[-65.80996,9.57764],[-65.80976,9.5565],[-65.90731,9.5557],[-65.90371,9.1221],[-66.00369,9.12128],[-66.00281,9.0147],[-65.79381,9.01635],[-65.7952,9.19523],[-65.59903,9.1967],[-65.5982,9.08194],[-65.64887,9.08158],[-65.64833,9.00749],[-65.43018,9.00899],[-65.42939,8.88955],[-65.58755,8.8887],[-65.58745,8.9132],[-65.67222,8.91346]]]}},{"type":"Feature","properties":{"campo":"ORIENTE","area_km2":129.61},"geometry":{"type":"Polygon","coordinates":[[[-65.60016,9.3503],[-65.75548,9.34913],[-65.75603,9.4178],[-65.60054,9.41885],[-65.60016,9.3503]]]}},{"type":"Feature","properties":{"campo":"ORIENTE","area_km2":658.55},"geometry":{"type":"Polygon","coordinates":[[[-65.18526,9.09964],[-65.10098,9.10047],[-64.97922,9.10082],[-64.97909,9.07741],[-64.93777,9.07752],[-64.93706,8.93127],[-64.95161,8.92997],[-64.95268,8.92141],[-64.96945,8.92176],[-64.97124,8.9157],[-64.9798,8.91605],[-64.98301,8.91034],[-65.00122,8.91248],[-65.00229,8.92105],[-65.01014,8.91998],[-65.01121,8.9264],[-65.01906,8.92605],[-65.01871,8.91391],[-65.0519,8.91498],[-65.05083,8.84365],[-65.08145,8.8437],[-65.08125,8.9425],[-65.15785,8.9427],[-65.15695,8.9228],[-65.23635,8.9229],[-65.23635,8.9174],[-65.25375,8.9174],[-65.25375,8.8984],[-65.26465,8.8984],[-65.26465,8.8811],[-65.26663,8.88111],[-65.26759,9.03624],[-65.18488,9.03674],[-65.18526,9.09964]]]}},{"type":"Feature","properties":{"campo":"ORIENTE","area_km2":80.14},"geometry":{"type":"Polygon","coordinates":[[[-65.05083,8.84365],[-65.0519,8.91498],[-65.01871,8.91391],[-65.01906,8.92605],[-65.01121,8.9264],[-65.01014,8.91998],[-65.00229,8.92105],[-65.00122,8.91248],[-64.98301,8.91034],[-64.9798,8.91605],[-64.97124,8.9157],[-64.96945,8.92176],[-64.95268,8.92141],[-64.95161,8.92997],[-64.93706,8.93127],[-64.93682,8.88076],[-64.93635,8.88076],[-64.93635,8.8688],[-65.01755,8.8681],[-65.01765,8.8436],[-65.05083,8.84365]]]}},{"type":"Feature","properties":{"nombre":"MIGA-MELONES OESTE","campo":"AYACUCHO","etiqueta":"A60","empresa":"PETROLERA VENANGOCUPET","pais":"CUBA","caracteristica":"SONANGOLPESQUISA & PRODUCAO","area_km2":210.41},"geometry":{"type":"Polygon","coordinates":[[[-64.13599,8.74926],[-64.07239,8.74917],[-64.07248,8.69945],[-64.02704,8.69936],[-64.027,8.72196],[-63.93613,8.72178],[-63.93618,8.69466],[-63.93712,8.6854],[-63.91094,8.68451],[-63.91184,8.67201],[-63.87492,8.61401],[-63.91398,8.59095],[-63.9279,8.61428],[-63.9215,8.61805],[-63.95723,8.61813],[-63.95717,8.65269],[-63.98169,8.65223],[-63.98161,8.69169],[-63.99183,8.69168],[-63.99182,8.68573],[-64.02707,8.6858],[-64.02708,8.68127],[-64.11794,8.68144],[-64.11795,8.68034],[-64.17081,8.68043],[-64.17075,8.6815],[-64.172,8.68529],[-64.17402,8.68541],[-64.17696,8.68777],[-64.17981,8.6911],[-64.18072,8.69391],[-64.1815,8.6946],[-64.18186,8.69662],[-64.18115,8.6986],[-64.18191,8.70031],[-64.18284,8.70627],[-64.185,8.71334],[-64.18448,8.71881],[-64.18617,8.72768],[-64.18657,8.72881],[-64.18776,8.72974],[-64.18736,8.73114],[-64.18836,8.73207],[-64.1902,8.73632],[-64.19612,8.7425],[-64.19843,8.74408],[-64.19843,8.74684],[-64.1778,8.74684],[-64.1778,8.74933],[-64.13599,8.74926]]]}},{"type":"Feature","properties":{"nombre":"MEREY-OLEOS-MIGA-OCA-YOPALES SUR","campo":"ORIENTE","etiqueta":"MEREY-YOPALES SUR","area_km2":289.12},"geometry":{"type":"MultiPolygon","coordinates":[[[[-63.84507,8.80294],[-63.84512,8.78486],[-63.89056,8.78497],[-63.8906,8.76689],[-63.93604,8.76698],[-63.93613,8.72178],[-64.027,8.72196],[-64.02704,8.69936],[-64.07248,8.69945],[-64.07239,8.74917],[-64.12677,8.74926],[-64.12677,8.76734],[-64.11693,8.76742],[-64.11664,8.7797],[-64.12677,8.77949],[-64.12677,8.78018],[-64.15177,8.78018],[-64.15177,8.79685],[-64.1696,8.79685],[-64.1696,8.79884],[-64.17678,8.7988],[-64.17678,8.81249],[-64.17362,8.81599],[-64.13658,8.8165],[-64.11371,8.8159],[-64.0723,8.81583],[-64.07218,8.79882],[-64.02673,8.79874],[-64.02674,8.79422],[-63.98129,8.79413],[-63.98121,8.83941],[-63.84499,8.83911],[-63.84507,8.80294]]]]}},{"type":"Feature","properties":{"campo":"ORIENTE","etiqueta":"A6","area_km2":130.36},"geometry":{"type":"Polygon","coordinates":[[[-63.36935,8.68391],[-63.46243,8.6838],[-63.45815,8.80167],[-63.36848,8.80054],[-63.36935,8.68391]]]}},{"type":"Feature","properties":{"campo":"ORIENTE","area_km2":144.41},"geometry":{"type":"Polygon","coordinates":[[[-63.52466,8.8301],[-63.46126,8.82883],[-63.45815,8.80167],[-63.46243,8.6838],[-63.4614,8.64845],[-63.52561,8.64772],[-63.52682,8.73698],[-63.52466,8.8301]]]}},{"type":"Feature","properties":{"campo":"ORIENTE","area_km2":152.73},"geometry":{"type":"Polygon","coordinates":[[[-63.76195,9.05607],[-63.74635,9.05411],[-63.72706,9.09926],[-63.72705,9.10236],[-63.72853,9.11284],[-63.66217,9.11218],[-63.60157,9.11092],[-63.60164,9.12706],[-63.59875,9.12806],[-63.58675,9.10371],[-63.56667,9.11347],[-63.56551,9.11112],[-63.53861,9.11103],[-63.53459,9.10288],[-63.55903,9.091],[-63.56089,9.09249],[-63.56459,9.09042],[-63.56695,9.09029],[-63.57128,9.09305],[-63.57161,9.09393],[-63.61131,9.09396],[-63.63884,9.02025],[-63.69106,9.02031],[-63.69421,9.01958],[-63.69836,9.02209],[-63.70092,9.02247],[-63.70587,9.0206],[-63.7088,9.02083],[-63.713,9.01781],[-63.715,9.01892],[-63.72025,9.02049],[-63.72261,9.01975],[-63.72385,9.02155],[-63.72591,9.02203],[-63.72916,9.02023],[-63.7329,9.0195],[-63.73556,9.0181],[-63.74047,9.01662],[-63.74231,9.02131],[-63.74403,9.02237],[-63.74711,9.02221],[-63.7488,9.0215],[-63.75294,9.02199],[-63.75434,9.0214],[-63.75758,9.02121],[-63.7602,9.02],[-63.76163,9.01791],[-63.76195,9.05607]]]}},{"type":"Feature","properties":{"campo":"ORIENTE","area_km2":102.59},"geometry":{"type":"Polygon","coordinates":[[[-63.6377,9.13639],[-63.64087,9.13636],[-63.64071,9.16617],[-63.61762,9.1661],[-63.61761,9.16103],[-63.57947,9.16091],[-63.58433,9.17078],[-63.57944,9.17079],[-63.5794,9.18354],[-63.55453,9.18346],[-63.55448,9.2],[-63.56117,9.20002],[-63.56104,9.2392],[-63.56311,9.24341],[-63.55207,9.24877],[-63.55159,9.2478],[-63.5516,9.2521],[-63.54093,9.23015],[-63.52664,9.23017],[-63.52664,9.22974],[-63.48312,9.22978],[-63.47357,9.2343],[-63.46009,9.23431],[-63.46006,9.21355],[-63.42663,9.21359],[-63.42663,9.21168],[-63.54608,9.15366],[-63.55074,9.16313],[-63.60166,9.13838],[-63.60166,9.136],[-63.6377,9.13639]]]}},{"type":"Feature","properties":{"campo":"ORIENTE","area_km2":176.69},"geometry":{"type":"Polygon","coordinates":[[[-63.12825,9.05143],[-63.12778,9.03525],[-63.14885,9.03244],[-63.17719,9.03246],[-63.17719,9.03997],[-63.18863,9.03997],[-63.18863,9.03535],[-63.21094,9.03544],[-63.21096,9.02625],[-63.22924,9.02637],[-63.22562,9.02008],[-63.2261,9.0198],[-63.22183,9.01274],[-63.26555,8.98772],[-63.23952,8.94325],[-63.31725,8.89745],[-63.33336,8.89391],[-63.35163,8.88012],[-63.35163,8.92998],[-63.33832,8.93394],[-63.34199,8.93983],[-63.34345,8.93959],[-63.34351,8.93797],[-63.34402,8.93744],[-63.34588,8.93755],[-63.34737,8.93832],[-63.34714,8.93911],[-63.34577,8.9384],[-63.34537,8.93894],[-63.34387,8.94347],[-63.34501,8.9456],[-63.3457,8.94604],[-63.34682,8.94524],[-63.34602,8.9447],[-63.34564,8.94364],[-63.34614,8.94182],[-63.34693,8.94123],[-63.34813,8.94411],[-63.35013,8.94569],[-63.35188,8.94239],[-63.35507,8.94147],[-63.35559,8.94183],[-63.35534,8.94263],[-63.35309,8.94355],[-63.3543,8.9449],[-63.35423,8.94552],[-63.35246,8.94533],[-63.35186,8.94578],[-63.35243,8.94771],[-63.35398,8.94667],[-63.35457,8.94747],[-63.35398,8.94797],[-63.35357,8.94958],[-63.35415,8.95062],[-63.35563,8.9516],[-63.34685,8.95586],[-63.35295,8.96825],[-63.35718,8.9662],[-63.36375,8.97956],[-63.30231,8.98001],[-63.30187,8.99463],[-63.17669,9.09423],[-63.1767,9.1098],[-63.14735,9.10996],[-63.14967,9.0519],[-63.12825,9.05143]]]}},{"type":"Feature","properties":{"campo":"ORIENTE","area_km2":484.75},"geometry":{"type":"MultiPolygon","coordinates":[[[[-61.96172,9.1363],[-61.96208,9.13202],[-61.91104,9.13274],[-61.91211,9.04458],[-62.05381,9.04493],[-62.05417,9.03708],[-62.1142,9.03761],[-61.93318,9.09249],[-61.9416,9.11976],[-62.08994,9.07642],[-62.08764,9.06874],[-62.15949,9.04666],[-62.15951,9.03801],[-62.17623,9.03815],[-62.17588,9.02959],[-62.27189,9.02744],[-62.27332,9.0121],[-62.35184,9.01174],[-62.35148,9.00389],[-62.37112,9.00451],[-62.37077,9.05083],[-62.38469,9.04849],[-62.39232,9.03963],[-62.40458,9.03521],[-62.40873,9.0293],[-62.42217,9.02461],[-62.42301,9.02605],[-62.44422,9.01392],[-62.4479,9.02022],[-62.46892,9.01466],[-62.4746,9.02445],[-62.51403,9.00213],[-62.51852,9.00989],[-62.55809,8.98747],[-62.56488,8.99896],[-62.56449,9.01026],[-62.51973,9.0107],[-62.52003,9.02602],[-62.47482,9.02647],[-62.47482,9.03985],[-62.4299,9.03985],[-62.42946,9.0577],[-62.35793,9.0577],[-62.35824,9.08246],[-62.2771,9.08198],[-62.27688,9.10133],[-62.17552,9.10168],[-62.17588,9.10847],[-62.13019,9.10811],[-62.12876,9.12024],[-62.08629,9.11882],[-62.08522,9.13095],[-61.99313,9.13024],[-61.9942,9.13523],[-61.96172,9.1363]]],[[[-62.18846,9.07399],[-62.32306,9.04712],[-62.31849,9.0197],[-62.18267,9.0451],[-62.18846,9.07399]]],[[[-62.56581,8.99898],[-62.58487,8.98797],[-62.58704,8.99163],[-62.60568,8.981],[-62.60598,8.99241],[-62.58591,8.99241],[-62.58546,8.9994],[-62.56581,8.99898]]],[[[-62.4193,8.97783],[-62.44551,8.9768],[-62.41962,8.9915],[-62.41962,8.99207],[-62.41896,8.99207],[-62.4193,8.97783]]],[[[-62.44645,8.97648],[-62.44749,8.96641],[-62.4902,8.96708],[-62.45342,8.98798],[-62.44645,8.97648]]],[[[-62.60438,8.97671],[-62.60554,8.97603],[-62.60562,8.97883],[-62.60438,8.97671]]],[[[-62.49594,8.97085],[-62.49282,8.96559],[-62.49282,8.95642],[-62.52201,8.95609],[-62.49594,8.97085]]],[[[-62.60675,8.97018],[-62.60675,8.96886],[-62.63073,8.96889],[-62.60675,8.97018]]],[[[-62.54736,8.96893],[-62.54002,8.95626],[-62.53026,8.96177],[-62.52579,8.95395],[-62.52463,8.95461],[-62.52316,8.94785],[-62.44071,8.94678],[-62.43072,8.95178],[-62.42251,8.94535],[-62.40288,8.94785],[-62.38325,8.95785],[-62.36933,8.94036],[-62.34934,8.94143],[-62.35826,8.91858],[-62.44321,8.86862],[-62.46748,8.9093],[-62.51245,8.89074],[-62.55278,8.87861],[-62.59062,8.8679],[-62.62167,8.90574],[-62.63786,8.90687],[-62.66806,8.90606],[-62.67842,8.92673],[-62.68737,8.94211],[-62.68555,8.94794],[-62.63945,8.94779],[-62.63926,8.9521],[-62.63927,8.94682],[-62.63449,8.93857],[-62.59511,8.96084],[-62.58677,8.94654],[-62.54736,8.96893]]],[[[-62.43116,8.95029],[-62.44235,8.94394],[-62.53252,8.94394],[-62.5327,8.94425],[-62.55244,8.9329],[-62.55446,8.93663],[-62.57431,8.92537],[-62.57682,8.92993],[-62.61631,8.90752],[-62.60234,8.88344],[-62.58405,8.89394],[-62.55595,8.89394],[-62.55387,8.89036],[-62.53864,8.89909],[-62.53865,8.89641],[-62.51002,8.89639],[-62.51009,8.90535],[-62.50093,8.91053],[-62.45244,8.91056],[-62.45241,8.89634],[-62.44332,8.88067],[-62.36469,8.92608],[-62.38257,8.95698],[-62.40548,8.94394],[-62.42749,8.94394],[-62.43116,8.95029]]]]}},{"type":"Feature","properties":{"campo":"ORIENTE","area_km2":17.57},"geometry":{"type":"Polygon","coordinates":[[[-63.03148,9.06626],[-63.09979,9.02709],[-63.10162,9.03039],[-63.11283,9.04402],[-63.07684,9.06514],[-63.07238,9.05771],[-63.03603,9.08099],[-63.03442,9.07821],[-63.03223,9.07109],[-63.03148,9.06626]]]}},{"type":"Feature","properties":{"campo":"ORIENTE","area_km2":44.64},"geometry":{"type":"Polygon","coordinates":[[[-62.97958,8.9931],[-63.0021,9.03266],[-62.97561,9.04785],[-62.94606,9.04477],[-62.92464,9.05488],[-62.90739,9.00967],[-62.93892,8.99242],[-62.94903,9.01027],[-62.97958,8.9931]]]}},{"type":"Feature","properties":{"campo":"ORIENTE","empresa":"PDVSA","area_km2":45.33},"geometry":{"type":"Polygon","coordinates":[[[-63.61415,9.31338],[-63.57659,9.31345],[-63.57654,9.2801],[-63.56751,9.28011],[-63.56688,9.27885],[-63.57792,9.27349],[-63.57882,9.27529],[-63.6248,9.25294],[-63.62897,9.26141],[-63.65859,9.24702],[-63.67886,9.24701],[-63.68234,9.25405],[-63.63636,9.27641],[-63.65026,9.30461],[-63.61414,9.30467],[-63.61415,9.31338]]]}},{"type":"Feature","properties":{"campo":"ORIENTE","empresa":"PDVSA","area_km2":2105.25},"geometry":{"type":"MultiPolygon","coordinates":[[[[-63.00924,9.47913],[-63.00853,9.46092],[-63.05421,9.46163],[-63.05421,9.44307],[-63.07563,9.44414],[-63.07563,9.4263],[-63.14308,9.42487],[-63.14415,9.40631],[-63.1231,9.40595],[-63.12274,9.38811],[-63.09883,9.38811],[-63.09918,9.38347],[-63.05171,9.38418],[-63.05064,9.38918],[-63.02245,9.38846],[-62.97498,9.38918],[-62.91787,9.38918],[-62.91696,9.3776],[-62.91797,9.35381],[-62.91113,9.35351],[-62.90548,9.35976],[-62.89745,9.35857],[-62.88942,9.35976],[-62.8808,9.36244],[-62.87306,9.36541],[-62.8683,9.36809],[-62.85217,9.37478],[-62.84003,9.37835],[-62.82825,9.36478],[-62.81754,9.36692],[-62.81719,9.363],[-62.79613,9.35515],[-62.79577,9.27841],[-62.8022,9.27769],[-62.79078,9.2313],[-62.80505,9.22915],[-62.79078,9.17419],[-62.91356,9.14671],[-62.91177,9.13635],[-62.96424,9.10923],[-62.95139,9.08853],[-62.96067,9.08781],[-62.96352,9.06925],[-63.00529,9.07804],[-63.00286,9.22516],[-63.17743,9.22474],[-63.30995,9.17717],[-63.33624,9.23149],[-63.36563,9.21723],[-63.37666,9.23965],[-63.37667,9.24742],[-63.39313,9.28035],[-63.39906,9.28034],[-63.41726,9.27109],[-63.42223,9.28031],[-63.4355,9.2803],[-63.44761,9.27436],[-63.45075,9.28028],[-63.4728,9.28025],[-63.50111,9.26606],[-63.50804,9.2802],[-63.50887,9.2802],[-63.55161,9.25918],[-63.55164,9.28014],[-63.52663,9.28018],[-63.52673,9.34665],[-63.47517,9.34672],[-63.47518,9.35576],[-63.44478,9.3558],[-63.4448,9.37087],[-63.42659,9.37089],[-63.42662,9.39701],[-63.5879,9.39677],[-63.58782,9.35445],[-63.62431,9.35438],[-63.62425,9.32046],[-63.65156,9.32041],[-63.65164,9.36338],[-63.6015,9.36347],[-63.60153,9.38153],[-63.98901,9.38066],[-64.00237,9.38978],[-63.99768,9.39657],[-63.8982,9.3962],[-63.90199,9.40552],[-63.87665,9.43013],[-63.86059,9.43352],[-63.83174,9.44482],[-63.82906,9.44066],[-63.79039,9.45702],[-63.77939,9.43501],[-63.72436,9.45851],[-63.49593,9.45791],[-63.49653,9.41657],[-63.44864,9.42668],[-63.44329,9.42847],[-63.43823,9.42549],[-63.43437,9.42073],[-63.42931,9.4243],[-63.42514,9.42371],[-63.42306,9.42043],[-63.4189,9.41806],[-63.41592,9.41151],[-63.41325,9.41121],[-63.40879,9.41478],[-63.40373,9.4133],[-63.40373,9.40854],[-63.40135,9.40675],[-63.38916,9.4127],[-63.29844,9.44125],[-63.25115,9.3544],[-63.18214,9.3553],[-63.18393,9.38415],[-63.14229,9.38415],[-63.14158,9.39759],[-63.16633,9.39664],[-63.16586,9.44518],[-63.18965,9.44613],[-63.19013,9.47945],[-63.00924,9.47913]]],[[[-62.91696,9.47897],[-62.91696,9.42558],[-62.93964,9.42701],[-62.93964,9.44272],[-62.96248,9.44414],[-62.96355,9.46127],[-62.98711,9.46092],[-62.98568,9.47909],[-62.91696,9.47897]]]]}},{"type":"Feature","properties":{"nombre":"LAS PIEDRITAS","campo":"ORIENTE","etiqueta":"LAS PIEDRITAS","area_km2":171.13},"geometry":{"type":"Polygon","coordinates":[[[-63.00924,9.47913],[-62.98568,9.47909],[-62.98711,9.46092],[-62.96355,9.46127],[-62.96248,9.44414],[-62.93964,9.44272],[-62.93964,9.42701],[-62.91696,9.42558],[-62.91696,9.41139],[-62.87651,9.4133],[-62.87508,9.37951],[-62.91696,9.3776],[-62.91787,9.38918],[-62.97498,9.38918],[-63.02245,9.38846],[-63.05064,9.38918],[-63.05171,9.38418],[-63.09918,9.38347],[-63.09883,9.38811],[-63.12274,9.38811],[-63.1231,9.40595],[-63.14415,9.40631],[-63.14308,9.42487],[-63.07563,9.4263],[-63.07563,9.44414],[-63.05421,9.44307],[-63.05421,9.46163],[-63.00853,9.46092],[-63.00924,9.47913]]]}},{"type":"Feature","properties":{"nombre":"PATO","campo":"ORIENTE","etiqueta":"PATO","empresa":"PDVSA","area_km2":208.84},"geometry":{"type":"Polygon","coordinates":[[[-63.87665,9.43013],[-63.90199,9.40552],[-63.8982,9.3962],[-63.99768,9.39657],[-64.00237,9.38978],[-64.02488,9.40516],[-64.01734,9.40001],[-64.0174,9.42058],[-64.13945,9.42017],[-64.14088,9.44614],[-64.05141,9.44376],[-64.05236,9.43044],[-63.97431,9.43044],[-63.97479,9.46137],[-64.05188,9.46375],[-64.05236,9.47755],[-64.03047,9.49611],[-63.97669,9.49516],[-63.97479,9.51134],[-63.87485,9.51086],[-63.87665,9.43013]]]}},{"type":"Feature","properties":{"campo":"ORIENTE","area_km2":148.82},"geometry":{"type":"Polygon","coordinates":[[[-64.24847,9.49707],[-64.15134,9.49563],[-64.1523,9.4785],[-64.05236,9.47755],[-64.05188,9.46375],[-63.97479,9.46137],[-63.97431,9.43044],[-64.05236,9.43044],[-64.05141,9.44376],[-64.14088,9.44614],[-64.16676,9.44557],[-64.30222,9.44576],[-64.30233,9.4748],[-64.24839,9.475],[-64.24847,9.49707]]]}},{"type":"Feature","properties":{"campo":"ORIENTE","area_km2":50.82},"geometry":{"type":"Polygon","coordinates":[[[-64.30222,9.44576],[-64.16676,9.44557],[-64.14088,9.44614],[-64.13945,9.42017],[-64.30212,9.41962],[-64.30222,9.44576]]]}},{"type":"Feature","properties":{"campo":"ORIENTE","area_km2":67.12},"geometry":{"type":"Polygon","coordinates":[[[-63.56964,9.8153],[-63.47732,9.81197],[-63.47732,9.79769],[-63.46429,9.79813],[-63.45257,9.77437],[-63.53823,9.73915],[-63.55457,9.77643],[-63.56964,9.8153]]]}},{"type":"Feature","properties":{"campo":"ORIENTE","area_km2":54.02},"geometry":{"type":"Polygon","coordinates":[[[-63.37648,9.73192],[-63.41265,9.73192],[-63.42693,9.76762],[-63.40884,9.77285],[-63.34698,9.79712],[-63.34507,9.79331],[-63.32033,9.80188],[-63.32141,9.74925],[-63.37713,9.74981],[-63.37648,9.73192]]]}},{"type":"Feature","properties":{"campo":"ORIENTE","area_km2":104.5},"geometry":{"type":"Polygon","coordinates":[[[-64.46035,9.94923],[-64.38184,9.94837],[-64.38186,9.94053],[-64.37091,9.941],[-64.37044,9.93625],[-64.36139,9.93577],[-64.36235,9.92625],[-64.34854,9.92435],[-64.34807,9.91769],[-64.33617,9.91769],[-64.33474,9.9096],[-64.3238,9.90769],[-64.32332,9.88104],[-64.42564,9.88009],[-64.42564,9.86629],[-64.47704,9.86343],[-64.47704,9.872],[-64.46038,9.872],[-64.46035,9.94923]]]}},{"type":"Feature","properties":{"nombre":"QUIAMARE","campo":"ORIENTE","etiqueta":"QUIAMARE","area_km2":143.39},"geometry":{"type":"Polygon","coordinates":[[[-64.47704,9.86343],[-64.42564,9.86629],[-64.42564,9.88009],[-64.32332,9.88104],[-64.32364,9.89911],[-64.29415,9.89971],[-64.27511,9.89685],[-64.27478,9.86724],[-64.28906,9.86629],[-64.29096,9.8206],[-64.37615,9.8187],[-64.37662,9.81489],[-64.45134,9.81299],[-64.45229,9.83155],[-64.47751,9.83345],[-64.47704,9.86343]]]}},{"type":"Feature","properties":{"campo":"ORIENTE","area_km2":30.83},"geometry":{"type":"Polygon","coordinates":[[[-64.27573,9.7811],[-64.27573,9.74732],[-64.40137,9.74874],[-64.40089,9.76445],[-64.29953,9.76588],[-64.3,9.78158],[-64.27573,9.7811]]]}},{"type":"Feature","properties":{"campo":"ORIENTE","empresa":"PDVSA","area_km2":53.1},"geometry":{"type":"Polygon","coordinates":[[[-64.0002,9.59698],[-64.00163,9.56081],[-64.02983,9.56248],[-64.12156,9.56034],[-64.12298,9.59793],[-64.0002,9.59698]]]}},{"type":"Feature","properties":{"campo":"ORIENTE","empresa":"PDVSA","area_km2":2288.9},"geometry":{"type":"MultiPolygon","coordinates":[[[[-64.47704,9.872],[-64.47704,9.86343],[-64.42564,9.86629],[-64.42564,9.88009],[-64.32332,9.88104],[-64.3238,9.90769],[-64.33474,9.9096],[-64.33617,9.91769],[-64.34807,9.91769],[-64.34854,9.92435],[-64.36235,9.92625],[-64.36139,9.93577],[-64.37044,9.93625],[-64.37091,9.941],[-64.38186,9.94053],[-64.38184,9.94837],[-64.34911,9.94801],[-64.35006,9.9304],[-64.32127,9.93017],[-64.32103,9.91303],[-64.29343,9.9128],[-64.29415,9.89971],[-64.27511,9.89685],[-64.2744,9.89162],[-64.26535,9.89257],[-64.26654,9.87544],[-64.24013,9.87496],[-64.23918,9.85807],[-64.21229,9.85759],[-64.21253,9.83808],[-64.18469,9.83808],[-64.18493,9.80929],[-64.15733,9.80858],[-64.15756,9.78692],[-64.13115,9.78549],[-64.12973,9.76574],[-64.19959,9.76588],[-64.19959,9.78063],[-64.3,9.78158],[-64.29953,9.76588],[-64.40089,9.76445],[-64.4028,9.71496],[-64.30143,9.71496],[-64.30095,9.65648],[-64.33691,9.65891],[-64.3387,9.64582],[-64.37558,9.6476],[-64.37668,9.58066],[-64.50169,9.58016],[-64.50348,9.83261],[-64.50675,9.94974],[-64.46035,9.94923],[-64.46038,9.872],[-64.47704,9.872]]],[[[-63.25201,9.92552],[-63.252,9.91481],[-63.2263,9.91482],[-63.22627,9.87039],[-63.20848,9.87041],[-63.20802,9.72717],[-63.23171,9.72522],[-63.232,9.79755],[-63.30009,9.79754],[-63.30006,9.72521],[-63.32223,9.72574],[-63.32033,9.80188],[-63.34507,9.79331],[-63.34698,9.79712],[-63.40884,9.77285],[-63.42693,9.76762],[-63.41265,9.73192],[-63.37648,9.73192],[-63.37648,9.66863],[-63.41598,9.66768],[-63.41217,9.63056],[-63.47975,9.62961],[-63.47975,9.58154],[-63.53448,9.58059],[-63.53448,9.54585],[-63.57969,9.5468],[-63.58159,9.56727],[-63.63061,9.57202],[-63.62823,9.61057],[-63.70152,9.57964],[-63.6939,9.55632],[-63.72531,9.54252],[-63.72578,9.60883],[-63.84856,9.61454],[-63.85046,9.66689],[-63.86415,9.66677],[-63.86206,9.68521],[-63.85611,9.70365],[-63.83083,9.70395],[-63.83054,9.70811],[-63.81983,9.70871],[-63.82001,9.71384],[-63.81716,9.73192],[-63.78718,9.73192],[-63.78813,9.7443],[-63.73341,9.74414],[-63.73343,9.73795],[-63.71075,9.73576],[-63.72057,9.72272],[-63.7234,9.69098],[-63.72002,9.69111],[-63.7194,9.69075],[-63.71907,9.6894],[-63.71728,9.68919],[-63.71457,9.68953],[-63.7136,9.69134],[-63.71277,9.69117],[-63.71225,9.69026],[-63.71134,9.69073],[-63.70969,9.6899],[-63.70828,9.69016],[-63.70653,9.68906],[-63.7039,9.6907],[-63.69952,9.69069],[-63.6993,9.68944],[-63.69829,9.68828],[-63.69724,9.68798],[-63.69631,9.68669],[-63.69408,9.68667],[-63.69181,9.68779],[-63.69133,9.68764],[-63.69065,9.68506],[-63.68905,9.6848],[-63.68906,9.68409],[-63.68782,9.68364],[-63.68672,9.68201],[-63.68585,9.68162],[-63.68517,9.68194],[-63.68389,9.68103],[-63.68236,9.68218],[-63.68168,9.68215],[-63.68011,9.68035],[-63.67877,9.67968],[-63.67842,9.67819],[-63.6766,9.67776],[-63.65955,9.68455],[-63.66212,9.69093],[-63.62067,9.7074],[-63.6145,9.69209],[-63.57367,9.7083],[-63.5807,9.72569],[-63.57223,9.72905],[-63.57575,9.73775],[-63.56379,9.7425],[-63.57081,9.75989],[-63.55949,9.76439],[-63.563,9.77308],[-63.55457,9.77643],[-63.53823,9.73915],[-63.45257,9.77437],[-63.46429,9.79813],[-63.46452,9.80712],[-63.47547,9.83329],[-63.48546,9.83091],[-63.49308,9.84233],[-63.47594,9.84899],[-63.48451,9.85851],[-63.47166,9.85804],[-63.47119,9.87231],[-63.46214,9.87279],[-63.46119,9.8804],[-63.44406,9.87993],[-63.44311,9.88945],[-63.40028,9.88707],[-63.35174,9.90753],[-63.34174,9.8904],[-63.31842,9.90563],[-63.31509,9.89754],[-63.259,9.92551],[-63.25201,9.92552]]],[[[-64.04835,9.72315],[-64.04811,9.71292],[-63.97182,9.71384],[-63.97182,9.69592],[-63.94237,9.69651],[-63.94178,9.67748],[-63.91382,9.67748],[-63.91411,9.66588],[-63.97848,9.66451],[-63.978,9.59789],[-64.0002,9.59698],[-64.12298,9.59793],[-64.18225,9.59645],[-64.25185,9.59764],[-64.25185,9.61216],[-64.22576,9.61359],[-64.22529,9.63548],[-64.19816,9.63738],[-64.19816,9.69735],[-64.10108,9.69877],[-64.10141,9.72339],[-64.04835,9.72315]]]]}},{"type":"Feature","properties":{"campo":"ORIENTE","empresa":"PDVSA","area_km2":53.74},"geometry":{"type":"Polygon","coordinates":[[[-63.85611,9.70365],[-63.86206,9.68521],[-63.86415,9.66677],[-63.91411,9.66588],[-63.91382,9.67748],[-63.94178,9.67748],[-63.94237,9.69651],[-63.97182,9.69592],[-63.97182,9.71384],[-63.82001,9.71384],[-63.81983,9.70871],[-63.83054,9.70811],[-63.83083,9.70395],[-63.85611,9.70365]]]}},{"type":"Feature","properties":{"campo":"ORIENTE","area_km2":367.27},"geometry":{"type":"Polygon","coordinates":[[[-63.72531,9.54252],[-63.72626,9.51159],[-63.80098,9.51206],[-63.80241,9.52967],[-63.97468,9.52919],[-63.97563,9.54538],[-64.00085,9.54585],[-64.00163,9.56081],[-64.0002,9.59698],[-63.978,9.59789],[-63.97848,9.66451],[-63.85046,9.66689],[-63.84856,9.61454],[-63.72578,9.60883],[-63.72531,9.54252]]]}},{"type":"Feature","properties":{"campo":"ORIENTE","empresa":"PDVSA","area_km2":137.27},"geometry":{"type":"Polygon","coordinates":[[[-64.03047,9.49611],[-64.05236,9.47755],[-64.1523,9.4785],[-64.15134,9.49563],[-64.24847,9.49707],[-64.24858,9.5275],[-64.204,9.52643],[-64.20293,9.52072],[-64.18866,9.52036],[-64.17224,9.49966],[-64.16082,9.50038],[-64.13262,9.52215],[-64.12798,9.51679],[-64.10264,9.53821],[-64.12156,9.56034],[-64.02983,9.56248],[-64.0002,9.51858],[-64.03047,9.49611]]]}},{"type":"Feature","properties":{"campo":"ORIENTE","area_km2":19.58},"geometry":{"type":"Polygon","coordinates":[[[-63.14614,9.86885],[-63.1045,9.86885],[-63.10569,9.82959],[-63.14614,9.82959],[-63.14614,9.86885]]]}},{"type":"Feature","properties":{"campo":"ORIENTE","empresa":"PDVSA","area_km2":760.33},"geometry":{"type":"Polygon","coordinates":[[[-62.5016,10.16351],[-62.49873,10.24456],[-62.62603,10.24694],[-62.62484,10.33141],[-62.2516,10.32966],[-62.25159,10.24683],[-62.37659,10.24683],[-62.37659,9.99682],[-62.50158,9.99681],[-62.5016,10.16351]]]}},{"type":"Feature","properties":{"nombre":"LA VIEJA CERRO PELAO","campo":"ORIENTE","etiqueta":"LA VIEJA CERRO PELAO","empresa":"PDVSA","area_km2":294.91},"geometry":{"type":"Polygon","coordinates":[[[-64.10117,9.76479],[-64.10108,9.69877],[-64.19816,9.69735],[-64.19816,9.63738],[-64.22529,9.63548],[-64.22576,9.61359],[-64.25185,9.61216],[-64.25185,9.63868],[-64.2923,9.63868],[-64.29289,9.65593],[-64.30095,9.65648],[-64.30143,9.71496],[-64.4028,9.71496],[-64.40137,9.74874],[-64.27573,9.74732],[-64.27573,9.7811],[-64.19959,9.78063],[-64.19959,9.76588],[-64.12973,9.76574],[-64.10117,9.76479]]]}},{"type":"Feature","properties":{"nombre":"SANVI GUERE","campo":"ORIENTE","etiqueta":"SANVI GUERE","empresa":"PDVSA","area_km2":367.26},"geometry":{"type":"MultiPolygon","coordinates":[[[[-64.80056,8.89709],[-64.75076,8.89515],[-64.75111,8.96047],[-64.65189,8.96297],[-64.65296,8.97403],[-64.64975,8.97867],[-64.6394,8.98545],[-64.6394,8.99438],[-64.61013,8.99509],[-64.60158,8.99835],[-64.60152,8.98456],[-64.59032,8.9846],[-64.59023,8.9634],[-64.58262,8.96343],[-64.58257,8.95296],[-64.5767,8.95298],[-64.57653,8.90843],[-64.56217,8.90848],[-64.56206,8.88317],[-64.56167,8.88018],[-64.56814,8.88018],[-64.57065,8.89671],[-64.57368,8.89928],[-64.57816,8.90125],[-64.58079,8.90469],[-64.58339,8.90673],[-64.58775,8.9061],[-64.59284,8.90748],[-64.62543,8.88685],[-64.64899,8.88757],[-64.66183,8.87615],[-64.6654,8.86972],[-64.65612,8.86687],[-64.65398,8.85902],[-64.69182,8.85902],[-64.69396,8.84474],[-64.68539,8.84331],[-64.68396,8.81119],[-64.69467,8.80905],[-64.69396,8.77121],[-64.71609,8.76907],[-64.71323,8.75765],[-64.74928,8.75402],[-64.79583,8.75066],[-64.79818,8.78287],[-64.80472,8.80369],[-64.80176,8.88142],[-64.80056,8.89709]]]]}},{"type":"Feature","properties":{"campo":"ORIENTE","area_km2":15.15},"geometry":{"type":"Polygon","coordinates":[[[-64.74071,8.72475],[-64.74999,8.72547],[-64.74928,8.75402],[-64.69793,8.75953],[-64.69294,8.75738],[-64.69508,8.7506],[-64.70614,8.74489],[-64.70971,8.73704],[-64.71721,8.73347],[-64.72542,8.73276],[-64.7322,8.72705],[-64.74071,8.72475]]]}},{"type":"Feature","properties":{"campo":"ORIENTE","area_km2":57.6},"geometry":{"type":"Polygon","coordinates":[[[-64.69407,8.77738],[-64.68152,8.77633],[-64.68009,8.76384],[-64.68508,8.76277],[-64.68401,8.74956],[-64.66724,8.74742],[-64.66545,8.73421],[-64.67152,8.73386],[-64.66974,8.72743],[-64.63654,8.72493],[-64.63583,8.71565],[-64.63226,8.70887],[-64.62691,8.70316],[-64.61867,8.69844],[-64.74062,8.69663],[-64.74071,8.72475],[-64.7322,8.72705],[-64.72542,8.73276],[-64.71721,8.73347],[-64.70971,8.73704],[-64.70614,8.74489],[-64.69508,8.7506],[-64.69294,8.75738],[-64.69793,8.75953],[-64.71323,8.75765],[-64.71609,8.76907],[-64.69396,8.77121],[-64.69407,8.77738]]]}},{"type":"Feature","properties":{"nombre":"CARICARI-SOCORORO-CACHICAMO","campo":"ORIENTE","etiqueta":"CARICARI-SOCORORO-CACHICAMO","empresa":"PDVSA","area_km2":250.75},"geometry":{"type":"Polygon","coordinates":[[[-64.53837,8.75281],[-64.51981,8.7521],[-64.51352,8.72952],[-64.52968,8.70679],[-64.52862,8.69696],[-64.52894,8.69],[-64.52854,8.68088],[-64.54619,8.68012],[-64.5425,8.7081],[-64.55205,8.73062],[-64.57432,8.73692],[-64.60753,8.69861],[-64.61867,8.69844],[-64.62691,8.70316],[-64.63226,8.70887],[-64.63583,8.71565],[-64.63654,8.72493],[-64.66974,8.72743],[-64.67152,8.73386],[-64.66545,8.73421],[-64.66724,8.74742],[-64.68401,8.74956],[-64.68508,8.76277],[-64.68009,8.76384],[-64.68152,8.77633],[-64.69407,8.77738],[-64.69467,8.80905],[-64.68396,8.81119],[-64.68539,8.84331],[-64.69396,8.84474],[-64.69182,8.85902],[-64.65398,8.85902],[-64.65612,8.86687],[-64.6654,8.86972],[-64.66183,8.87615],[-64.64899,8.88757],[-64.62543,8.88685],[-64.59284,8.90748],[-64.58775,8.9061],[-64.58339,8.90673],[-64.58079,8.90469],[-64.57816,8.90125],[-64.57368,8.89928],[-64.57065,8.89671],[-64.56814,8.88018],[-64.60179,8.88018],[-64.60206,8.87907],[-64.61754,8.87892],[-64.60179,8.86056],[-64.60179,8.83018],[-64.59743,8.83018],[-64.59752,8.82743],[-64.59239,8.82743],[-64.59155,8.82801],[-64.59155,8.81897],[-64.57817,8.81896],[-64.57816,8.8119],[-64.57679,8.80976],[-64.57679,8.79684],[-64.5605,8.79172],[-64.55443,8.78458],[-64.53445,8.79172],[-64.52679,8.78018],[-64.53944,8.76959],[-64.53837,8.75281]]]}},{"type":"Feature","properties":{"campo":"ORIENTE","area_km2":184.27},"geometry":{"type":"Polygon","coordinates":[[[-63.7452,8.96094],[-63.74546,8.92142],[-63.74519,8.92066],[-63.72273,8.92078],[-63.72282,8.88519],[-63.79101,8.88537],[-63.79097,8.90345],[-63.83643,8.90357],[-63.83639,8.92165],[-63.85911,8.92171],[-63.85914,8.91085],[-63.85628,8.90778],[-63.85092,8.90605],[-63.85052,8.90526],[-63.85061,8.9036],[-63.84977,8.90179],[-63.85063,8.9012],[-63.8503,8.89983],[-63.84799,8.89906],[-63.84668,8.89788],[-63.84524,8.8986],[-63.84334,8.89828],[-63.84117,8.89652],[-63.84018,8.89405],[-63.83899,8.89314],[-63.93577,8.89308],[-63.93577,8.88858],[-63.98723,8.88869],[-63.9872,8.9081],[-63.98167,8.91355],[-63.97663,8.91356],[-63.97666,8.93011],[-63.95165,8.9302],[-63.95166,8.9519],[-63.90982,8.95185],[-63.90972,8.95708],[-63.89117,8.9571],[-63.89115,8.96153],[-63.7452,8.96094]]]}},{"type":"Feature","properties":{"nombre":"JAVILLA","campo":"OCCIDENTE","etiqueta":"JAVILLA","area_km2":192.85},"geometry":{"type":"Polygon","coordinates":[[[-71.70775,10.87044],[-71.70871,10.78335],[-71.68396,10.78193],[-71.68348,10.72196],[-71.75677,10.72006],[-71.75677,10.77098],[-71.82815,10.77098],[-71.86013,10.77018],[-71.85984,10.77621],[-71.86052,10.83579],[-71.78387,10.83517],[-71.78209,10.85266],[-71.75675,10.85302],[-71.7571,10.86943],[-71.70775,10.87044]]]}},{"type":"Feature","properties":{"nombre":"ZAMACA OESTE","campo":"AYACUCHO","etiqueta":"A43","empresa":"PETROLERA BIELOVENEZOLANA ORI.","pais":"BIELORUSIA","area_km2":277.31},"geometry":{"type":"Polygon","coordinates":[[[-64.38695,9.23047],[-64.35991,9.23058],[-64.36005,9.2678],[-64.32663,9.26792],[-64.32668,9.28013],[-64.30167,9.28022],[-64.30174,9.29679],[-64.27667,9.29688],[-64.27671,9.30766],[-64.22667,9.30767],[-64.22665,9.30144],[-64.20169,9.30152],[-64.20167,9.29679],[-64.17666,9.29688],[-64.17672,9.31346],[-64.16291,9.31357],[-64.16302,9.24123],[-64.18577,9.24127],[-64.18581,9.21342],[-64.22667,9.21329],[-64.22661,9.1967],[-64.20167,9.19678],[-64.20161,9.18012],[-64.17656,9.1802],[-64.17645,9.14847],[-64.20187,9.14838],[-64.20228,9.15609],[-64.23798,9.15614],[-64.23797,9.16754],[-64.28734,9.16779],[-64.28745,9.18276],[-64.30555,9.18291],[-64.30555,9.19584],[-64.33488,9.19587],[-64.33489,9.18886],[-64.36424,9.18889],[-64.36423,9.19047],[-64.38698,9.19049],[-64.38695,9.23047]]]}},{"type":"Feature","properties":{"nombre":"BLOQUE 3","campo":"ORIENTE","etiqueta":"BLOQUE 3","empresa":"PDVSA","area_km2":3886.22},"geometry":{"type":"Polygon","coordinates":[[[-60.22649,9.89683],[-60.22649,9.88016],[-60.20149,9.88016],[-60.20149,9.84683],[-60.17648,9.84683],[-60.17648,9.83016],[-60.12648,9.83016],[-60.12648,9.8135],[-60.10148,9.8135],[-60.10148,9.79683],[-60.05148,9.79683],[-60.05148,9.83016],[-60.02562,9.83095],[-60.02609,9.81334],[-60.0023,9.81192],[-60.00148,9.79683],[-60.00148,9.66349],[-59.87645,9.66349],[-59.69047,9.66201],[-59.62665,9.66356],[-59.62981,9.33846],[-59.75829,9.34197],[-59.90819,9.3384],[-60.35077,9.34911],[-60.34363,9.67034],[-60.50663,9.66558],[-60.50544,9.77622],[-60.5015,9.85307],[-60.5015,9.83016],[-60.4515,9.83016],[-60.4515,9.81349],[-60.37649,9.81349],[-60.37649,9.87152],[-60.34016,9.87579],[-60.31018,9.88103],[-60.2645,9.88817],[-60.24689,9.89007],[-60.22649,9.89683]]]}},{"type":"Feature","properties":{"nombre":"BLOQUE 4","campo":"ORIENTE","etiqueta":"BLOQUE 4","empresa":"PDVSA","area_km2":1242.26},"geometry":{"type":"Polygon","coordinates":[[[-59.62665,10.0201],[-59.62665,9.66356],[-59.69047,9.66201],[-59.87645,9.66349],[-59.87647,9.71349],[-59.90147,9.71349],[-59.90147,9.73016],[-59.92647,9.73016],[-59.92647,9.74683],[-59.95147,9.74683],[-59.95147,9.76349],[-59.97647,9.76349],[-59.97647,9.79683],[-60.00148,9.79683],[-60.0023,9.81192],[-60.02609,9.81334],[-60.02562,9.83095],[-60.05148,9.83016],[-60.05148,9.88016],[-60.07648,9.88016],[-60.07648,9.9135],[-60.10148,9.9135],[-60.10148,9.92582],[-60.05951,9.93533],[-60.01287,9.94865],[-60.00148,9.94875],[-60.00148,9.83016],[-59.87647,9.83016],[-59.87647,9.97459],[-59.8748,9.97899],[-59.85457,9.98316],[-59.70347,10.00909],[-59.62665,10.0201]]]}}]}