{"type":"FeatureCollection","features":[{"type":"Feature","geometry":{"type":"Polygon","coordinates":[[[-62.32975,6.00386],[-62.34871,6.02363],[-62.36069,6.02878],[-62.3812,6.04648],[-62.39442,6.07108],[-62.39982,6.0736],[-62.41072,6.07288],[-62.4243,6.07801],[-62.43372,6.07803],[-62.43591,6.08656],[-62.43388,6.09281],[-62.44419,6.10397],[-62.47028,6.12205],[-62.48977,6.1338],[-62.5026,6.13967],[-62.51614,6.14099],[-62.5378,6.13476],[-62.55272,6.13243],[-62.56405,6.14086],[-62.57517,6.13176],[-62.58236,6.12924],[-62.59686,6.13269],[-62.60619,6.12648],[-62.60701,6.11941],[-62.59081,6.10636],[-62.58709,6.10157],[-62.58742,6.09138],[-62.59203,6.08374],[-62.59098,6.07437],[-62.59468,6.06946],[-62.60951,6.05675],[-62.60973,6.04633],[-62.6139,6.04034],[-62.62529,6.04309],[-62.63805,6.05032],[-62.64545,6.0601],[-62.66247,6.06368],[-62.67184,6.07542],[-62.69,6.07945],[-62.68925,6.09602],[-62.69621,6.09998],[-62.70651,6.09913],[-62.71755,6.1062],[-62.73843,6.12404],[-62.74658,6.12703],[-62.75609,6.13793],[-62.75957,6.14972],[-62.77474,6.17877],[-62.78797,6.19555],[-62.79373,6.21229],[-62.79948,6.22238],[-62.81181,6.22719],[-62.82473,6.23709],[-62.83637,6.24331],[-62.85441,6.24489],[-62.85443,6.26052],[-62.84835,6.28794],[-62.85233,6.29709],[-62.86971,6.30007],[-62.88087,6.3039],[-62.88893,6.31033],[-62.89193,6.31875],[-62.89926,6.32449],[-62.91143,6.32706],[-62.91538,6.32237],[-62.91356,6.29435],[-62.91779,6.27618],[-62.91989,6.25811],[-62.91302,6.23909],[-62.89863,6.2121],[-62.88867,6.18473],[-62.8771,6.16227],[-62.87603,6.14828],[-62.8815,6.13344],[-62.88196,6.12662],[-62.87829,6.09598],[-62.88181,6.02788],[-62.88131,6.01963],[-62.873,5.99749],[-62.86841,5.98939],[-62.85426,5.97599],[-62.85426,5.96865],[-62.86048,5.96203],[-62.86139,5.95547],[-62.86881,5.94729],[-62.87113,5.93738],[-62.87441,5.91096],[-62.8804,5.89265],[-62.89449,5.86232],[-62.90499,5.84377],[-62.90677,5.8278],[-62.91877,5.81429],[-62.92446,5.79087],[-62.92114,5.77105],[-62.91393,5.75274],[-62.90401,5.73863],[-62.9038,5.72748],[-62.91158,5.72243],[-62.91373,5.71509],[-62.90818,5.6966],[-62.90937,5.68189],[-62.90426,5.65788],[-62.89314,5.65097],[-62.89104,5.64527],[-62.89374,5.63806],[-62.90214,5.62966],[-62.90333,5.61765],[-62.89611,5.60264],[-62.90421,5.59093],[-62.9048,5.58162],[-62.9027,5.57172],[-62.90411,5.55281],[-62.90237,5.54109],[-62.89606,5.53059],[-62.89306,5.52128],[-62.89245,5.50657],[-62.89454,5.49816],[-62.89182,5.47058],[-62.88431,5.45734],[-62.87109,5.44833],[-62.85981,5.42868],[-62.85044,5.40303],[-62.83498,5.39123],[-62.81497,5.37328],[-62.79891,5.36641],[-62.75696,5.34178],[-62.72573,5.32798],[-62.71403,5.33338],[-62.70837,5.34386],[-62.70353,5.3475],[-62.68047,5.34517],[-62.6615,5.3376],[-62.62427,5.3265],[-62.59605,5.3193],[-62.57554,5.31223],[-62.55889,5.30416],[-62.55157,5.29609],[-62.53984,5.29416],[-62.53672,5.28946],[-62.53802,5.2708],[-62.51752,5.25237],[-62.50026,5.23311],[-62.49287,5.23517],[-62.47801,5.22361],[-62.45578,5.19264],[-62.44587,5.18753],[-62.43956,5.17583],[-62.44688,5.16448],[-62.4628,5.15859],[-62.46866,5.14493],[-62.47915,5.13199],[-62.48064,5.10497],[-62.4928,5.09884],[-62.49414,5.09506],[-62.48512,5.07465],[-62.48211,5.05934],[-62.47962,5.03257],[-62.48496,5.02056],[-62.49533,5.00449],[-62.49532,4.99801],[-62.50033,4.99153],[-62.49745,4.97894],[-62.49136,4.97378],[-62.48897,4.9661],[-62.49104,4.94916],[-62.48862,4.93325],[-62.48213,4.92783],[-62.46598,4.90883],[-62.45227,4.89843],[-62.44417,4.88582],[-62.43483,4.87515],[-62.41857,4.85067],[-62.40779,4.85236],[-62.39006,4.84067],[-62.38024,4.83134],[-62.38358,4.82129],[-62.38094,4.81702],[-62.35436,4.80298],[-62.35457,4.79083],[-62.34023,4.77806],[-62.33234,4.75779],[-62.33973,4.75071],[-62.33924,4.74423],[-62.33315,4.74051],[-62.32549,4.74195],[-62.31919,4.73364],[-62.3175,4.72041],[-62.30741,4.71165],[-62.31504,4.70218],[-62.3133,4.6945],[-62.30446,4.69491],[-62.30175,4.68861],[-62.29462,4.6831],[-62.28382,4.68117],[-62.27587,4.66911],[-62.27772,4.66249],[-62.26894,4.65819],[-62.2552,4.64439],[-62.26176,4.64026],[-62.26179,4.63248],[-62.254,4.63192],[-62.24719,4.621],[-62.23859,4.615],[-62.23608,4.60966],[-62.23866,4.60036],[-62.23294,4.58685],[-62.22243,4.58115],[-62.21702,4.56554],[-62.22223,4.5393],[-62.22795,4.5285],[-62.22329,4.52106],[-62.22585,4.51663],[-62.21867,4.50283],[-62.20483,4.5042],[-62.20107,4.50162],[-62.19836,4.48869],[-62.19385,4.48178],[-62.20081,4.47181],[-62.19383,4.45687],[-62.20407,4.4492],[-62.2031,4.44302],[-62.19761,4.4348],[-62.20225,4.42593],[-62.19231,4.41964],[-62.1944,4.40973],[-62.19078,4.40553],[-62.18488,4.40937],[-62.18248,4.40163],[-62.17687,4.39887],[-62.17937,4.39275],[-62.18748,4.39054],[-62.18318,4.38226],[-62.18717,4.37551],[-62.18632,4.36498],[-62.189,4.35683],[-62.18625,4.34759],[-62.17965,4.34819],[-62.17361,4.35508],[-62.15941,4.35536],[-62.15755,4.34924],[-62.16799,4.34067],[-62.15443,4.32795],[-62.15364,4.30978],[-62.14725,4.30696],[-62.13698,4.29034],[-62.12779,4.29699],[-62.11741,4.29081],[-62.11704,4.28205],[-62.10666,4.27435],[-62.10848,4.26999],[-62.10079,4.25902],[-62.10942,4.24945],[-62.11778,4.24715],[-62.11894,4.24223],[-62.11053,4.23683],[-62.09836,4.24039],[-62.09522,4.22632],[-62.0999,4.21551],[-62.11742,4.20831],[-62.11832,4.2026],[-62.128,4.19946],[-62.14023,4.2029],[-62.15344,4.211],[-62.16514,4.20019],[-62.17564,4.18638],[-62.18265,4.18619],[-62.19244,4.17437],[-62.20204,4.16776],[-62.19703,4.14948],[-62.19602,4.13834],[-62.19151,4.12513],[-62.19528,4.11209],[-62.18776,4.09624],[-62.16547,4.09011],[-62.15298,4.08342],[-62.1469,4.07623],[-62.14248,4.07562],[-62.13921,4.08366],[-62.11803,4.08696],[-62.11062,4.09424],[-62.11749,4.10363],[-62.11746,4.11715],[-62.10328,4.11538],[-62.0977,4.12057],[-62.09813,4.1278],[-62.09109,4.12684],[-62.08263,4.12175],[-62.07459,4.1221],[-62.06996,4.12944],[-62.07172,4.13879],[-62.07081,4.15167],[-62.06674,4.15773],[-62.05452,4.15223],[-62.04752,4.1516],[-62.04012,4.15867],[-62.03168,4.15844],[-62.02888,4.15208],[-62.01166,4.15623],[-61.99833,4.16532],[-61.99041,4.17765],[-61.98263,4.17778],[-61.97907,4.16399],[-61.96899,4.16056],[-61.96096,4.15438],[-61.95439,4.138],[-61.94881,4.13186],[-61.93767,4.12993],[-61.9345,4.11958],[-61.92615,4.11968],[-61.92501,4.13419],[-61.92078,4.13958],[-61.92078,4.14667],[-61.92463,4.1548],[-61.91247,4.15863],[-61.905,4.15643],[-61.89626,4.16176],[-61.88699,4.15349],[-61.87004,4.15382],[-61.87329,4.16919],[-61.8666,4.17594],[-61.85148,4.16959],[-61.84172,4.16186],[-61.83565,4.15988],[-61.82019,4.16635],[-61.81593,4.17112],[-61.81885,4.17956],[-61.8152,4.1901],[-61.82099,4.19786],[-61.81455,4.20313],[-61.80924,4.20064],[-61.80664,4.20928],[-61.79895,4.21855],[-61.79959,4.22532],[-61.79041,4.22968],[-61.78146,4.2233],[-61.76866,4.22759],[-61.76592,4.23587],[-61.77512,4.2474],[-61.7533,4.25452],[-61.73584,4.25715],[-61.73541,4.26234],[-61.72757,4.26724],[-61.72149,4.26565],[-61.72762,4.2548],[-61.72245,4.24387],[-61.71111,4.24866],[-61.7016,4.2549],[-61.69219,4.25266],[-61.68665,4.25648],[-61.67844,4.25376],[-61.67231,4.2625],[-61.65332,4.26237],[-61.64622,4.2589],[-61.64136,4.23862],[-61.63097,4.24133],[-61.62532,4.25297],[-61.6187,4.25129],[-61.60789,4.26063],[-61.60212,4.25636],[-61.59855,4.24743],[-61.58884,4.24302],[-61.57517,4.24785],[-61.57323,4.25094],[-61.55773,4.25195],[-61.55297,4.25581],[-61.54738,4.26863],[-61.53225,4.28445],[-61.52143,4.28817],[-61.5267,4.29579],[-61.51918,4.29881],[-61.51496,4.3077],[-61.50592,4.31984],[-61.51991,4.32583],[-61.52388,4.33874],[-61.52124,4.34504],[-61.51232,4.34949],[-61.51462,4.36391],[-61.52219,4.36904],[-61.5176,4.37791],[-61.52051,4.38465],[-61.51367,4.39124],[-61.51477,4.39902],[-61.51152,4.40611],[-61.48567,4.41138],[-61.47641,4.41718],[-61.47443,4.42188],[-61.46193,4.42711],[-61.46237,4.43464],[-61.44865,4.43849],[-61.44037,4.42441],[-61.42853,4.42579],[-61.42114,4.43325],[-61.40927,4.43192],[-61.40398,4.42446],[-61.3921,4.42322],[-61.37299,4.42727],[-61.35655,4.41994],[-61.34454,4.41746],[-61.33808,4.42572],[-61.31977,4.42989],[-61.32476,4.44099],[-61.30904,4.45813],[-61.29459,4.45744],[-61.27834,4.46799],[-61.28168,4.4777],[-61.2896,4.47656],[-61.294,4.48086],[-61.29668,4.4912],[-61.30578,4.49481],[-61.31061,4.50256],[-61.32278,4.50293],[-61.32124,4.50905],[-61.32791,4.51594],[-61.32492,4.53222],[-61.30952,4.53509],[-61.30576,4.53964],[-61.30028,4.53551],[-61.29,4.53469],[-61.28463,4.53742],[-61.27436,4.52771],[-61.26713,4.53741],[-61.25731,4.53634],[-61.25458,4.52849],[-61.24672,4.53323],[-61.23867,4.52708],[-61.21961,4.52282],[-61.21767,4.5332],[-61.2094,4.52258],[-61.20086,4.51596],[-61.19556,4.52012],[-61.17805,4.5119],[-61.1701,4.50121],[-61.16054,4.49517],[-61.15185,4.49586],[-61.14941,4.48333],[-61.13462,4.4924],[-61.12767,4.49896],[-61.1255,4.50572],[-61.10457,4.51203],[-61.09677,4.51673],[-61.09278,4.52328],[-61.0831,4.5176],[-61.07664,4.51708],[-61.06515,4.52314],[-61.04652,4.52382],[-61.03038,4.51944],[-61.02132,4.51988],[-61.01707,4.51485],[-61.01097,4.51838],[-60.99788,4.5156],[-60.99318,4.52074],[-60.99706,4.52844],[-60.99446,4.53283],[-60.9867,4.53214],[-60.98486,4.54267],[-60.97745,4.54134],[-60.95783,4.54521],[-60.95691,4.55684],[-60.95374,4.55828],[-60.95689,4.58159],[-60.9394,4.57987],[-60.93396,4.58493],[-60.93828,4.60265],[-60.93334,4.61671],[-60.93973,4.62984],[-60.93884,4.63384],[-60.95082,4.63756],[-60.95148,4.64382],[-60.94759,4.65556],[-60.934,4.65623],[-60.93097,4.66166],[-60.9196,4.66337],[-60.91258,4.67933],[-60.91026,4.68827],[-60.91229,4.70039],[-60.89967,4.71771],[-60.88741,4.71516],[-60.87818,4.71548],[-60.86759,4.70777],[-60.85107,4.70294],[-60.84634,4.71149],[-60.84005,4.71303],[-60.83783,4.71986],[-60.82986,4.72819],[-60.81945,4.72516],[-60.81523,4.72802],[-60.80743,4.74781],[-60.78847,4.75299],[-60.77276,4.75312],[-60.7659,4.75782],[-60.75704,4.75379],[-60.74228,4.76166],[-60.73958,4.76978],[-60.73042,4.77179],[-60.72088,4.77738],[-60.72706,4.78861],[-60.7167,4.8002],[-60.70548,4.80862],[-60.6969,4.81021],[-60.68812,4.81663],[-60.68665,4.82306],[-60.67234,4.83051],[-60.67323,4.8412],[-60.66635,4.84293],[-60.66055,4.8488],[-60.65783,4.86043],[-60.6523,4.86136],[-60.64777,4.8687],[-60.65426,4.88459],[-60.64675,4.88387],[-60.63325,4.88645],[-60.62591,4.89003],[-60.62298,4.90142],[-60.61882,4.90265],[-60.6155,4.91178],[-60.60489,4.91439],[-60.58933,4.93446],[-60.59195,4.94816],[-60.58363,4.95487],[-60.58713,4.96292],[-60.58904,4.97996],[-60.59787,4.99542],[-60.60742,5.00345],[-60.61906,5.00518],[-60.61506,5.01765],[-60.6151,5.0361],[-60.61683,5.04388],[-60.636,5.0551],[-60.64288,5.0559],[-60.64574,5.06056],[-60.64373,5.08483],[-60.6466,5.09137],[-60.644,5.11165],[-60.65252,5.11434],[-60.65874,5.12484],[-60.65984,5.15278],[-60.68017,5.17943],[-60.67794,5.18665],[-60.68082,5.19328],[-60.70301,5.19422],[-60.7133,5.19844],[-60.71888,5.19884],[-60.72147,5.20002],[-60.72581,5.20093],[-60.72741,5.20107],[-60.72865,5.20115],[-60.72989,5.20126],[-60.73116,5.20144],[-60.73414,5.20214],[-60.73534,5.2031],[-60.73569,5.20385],[-60.73584,5.20439],[-60.73591,5.20477],[-61.37108,5.91615],[-61.36991,5.92602],[-61.36645,5.93129],[-61.36343,5.933],[-61.63344,5.92548],[-61.63793,5.9216],[-61.64811,5.91864],[-61.66387,5.91757],[-61.67715,5.90904],[-61.68791,5.91097],[-61.69953,5.92162],[-61.70708,5.92295],[-61.71606,5.91998],[-61.72357,5.91429],[-61.7235,5.90261],[-61.72642,5.8918],[-61.73066,5.88621],[-61.72808,5.87515],[-61.74051,5.87466],[-61.74984,5.86722],[-61.75815,5.87046],[-61.7651,5.86951],[-61.76851,5.87481],[-61.76415,5.89],[-61.76984,5.89391],[-61.77164,5.90083],[-61.77046,5.91676],[-61.77614,5.92067],[-61.78273,5.916],[-61.78847,5.9207],[-61.79647,5.91707],[-61.80126,5.92369],[-61.79738,5.9309],[-61.80965,5.93722],[-61.81576,5.93652],[-61.8216,5.93091],[-61.82848,5.93662],[-61.82401,5.94594],[-61.82491,5.95075],[-61.83629,5.96729],[-61.84735,5.9694],[-61.85542,5.96399],[-61.86947,5.96129],[-61.88024,5.96521],[-61.88622,5.9628],[-61.8949,5.97092],[-61.89525,5.98421],[-61.90209,5.98806],[-61.909,5.98476],[-61.91526,5.99228],[-61.92609,5.99772],[-61.93482,6.01278],[-61.94247,6.01022],[-61.95406,6.0165],[-61.96386,6.01729],[-61.97229,6.0213],[-61.99319,6.02104],[-62.00156,6.02465],[-62.0173,6.04038],[-62.02531,6.04242],[-62.04527,6.04411],[-62.07323,6.04042],[-62.08387,6.04127],[-62.09605,6.03422],[-62.1081,6.02503],[-62.11887,6.03388],[-62.11864,6.04213],[-62.14948,6.04442],[-62.16643,6.03146],[-62.17802,6.02967],[-62.18376,6.03111],[-62.19618,6.02765],[-62.20503,6.01886],[-62.21062,6.01654],[-62.21849,6.02217],[-62.21492,6.0396],[-62.22262,6.04774],[-62.23039,6.04548],[-62.24485,6.04536],[-62.26276,6.03652],[-62.2692,6.02924],[-62.28281,6.01896],[-62.28785,6.01258],[-62.30992,6.00737],[-62.32975,6.00386]]]},"properties":{"municipio":"Gran Sabana","estado":"BOLÍVAR"}},{"type":"Feature","geometry":{"type":"Polygon","coordinates":[[[-61.64088,7.6672],[-61.65239,7.66734],[-61.6675,7.66331],[-61.68381,7.65403],[-61.69326,7.64251],[-61.7001,7.63093],[-61.71773,7.59211],[-61.72927,7.5614],[-61.73643,7.54625],[-61.74542,7.51746],[-61.7491,7.49179],[-61.74697,7.46021],[-61.75081,7.44993],[-61.76004,7.44397],[-61.77346,7.44316],[-61.78568,7.44558],[-61.79371,7.44093],[-61.79899,7.43341],[-61.81429,7.42526],[-61.8254,7.4169],[-61.83613,7.40347],[-61.84991,7.39297],[-61.85732,7.38542],[-61.88554,7.36511],[-61.91041,7.35385],[-61.93218,7.3376],[-61.94479,7.31696],[-61.94662,7.30342],[-61.94273,7.28325],[-61.93409,7.26758],[-61.91324,7.25261],[-61.88975,7.23918],[-61.87788,7.22733],[-61.8762,7.21872],[-61.87811,7.20569],[-61.88182,7.20044],[-61.89069,7.19483],[-61.90099,7.1915],[-61.92746,7.18915],[-61.93501,7.18617],[-61.93955,7.18044],[-61.93799,7.17231],[-61.92996,7.16835],[-61.92193,7.1589],[-61.90432,7.15146],[-61.90108,7.14142],[-61.90405,7.12752],[-61.91126,7.11256],[-61.91674,7.09051],[-61.92081,7.08454],[-61.92148,7.06587],[-61.92418,7.05809],[-61.92007,7.04629],[-61.91789,7.02363],[-61.91969,7.00746],[-61.90986,6.99523],[-61.89787,6.97142],[-61.8817,6.95072],[-61.87714,6.94235],[-61.86337,6.93264],[-61.85821,6.91865],[-61.85856,6.88793],[-61.84741,6.86651],[-61.83855,6.85634],[-61.83329,6.86123],[-61.81964,6.86635],[-61.80504,6.85964],[-61.80024,6.86102],[-61.79797,6.87057],[-61.78897,6.87223],[-61.78337,6.86396],[-61.78243,6.85616],[-61.78662,6.84208],[-61.77869,6.83066],[-61.76714,6.80864],[-61.7556,6.80594],[-61.74546,6.80767],[-61.74336,6.79381],[-61.73275,6.77063],[-61.72727,6.76631],[-61.72132,6.75466],[-61.71004,6.74373],[-61.70628,6.74322],[-61.6991,6.75111],[-61.69162,6.74769],[-61.6851,6.75545],[-61.68534,6.77063],[-61.67128,6.78083],[-61.64729,6.78314],[-61.63945,6.79311],[-61.63837,6.8044],[-61.62359,6.81107],[-61.62723,6.81893],[-61.6237,6.82604],[-61.61305,6.82888],[-61.6191,6.83995],[-61.62035,6.85561],[-61.62269,6.86225],[-61.62765,6.89117],[-61.63819,6.90058],[-61.6407,6.90818],[-61.63418,6.92297],[-61.63825,6.9424],[-61.64825,6.9472],[-61.64867,6.95377],[-61.64268,6.97408],[-61.6346,6.97586],[-61.6361,6.98417],[-61.63131,6.9976],[-61.62454,7.00619],[-61.62227,7.01539],[-61.61257,7.02213],[-61.61018,7.03355],[-61.61784,7.05089],[-61.61639,7.06313],[-61.61784,7.09129],[-61.6164,7.09577],[-61.61634,7.11489],[-61.61262,7.12773],[-61.61328,7.14602],[-61.62088,7.16181],[-61.61645,7.16885],[-61.61621,7.18833],[-61.61974,7.19402],[-61.62136,7.2043],[-61.62549,7.21172],[-61.62465,7.21889],[-61.63124,7.22189],[-61.63058,7.23599],[-61.63489,7.24293],[-61.64226,7.23912],[-61.65921,7.25732],[-61.66537,7.27484],[-61.65603,7.29783],[-61.67585,7.30062],[-61.6825,7.30791],[-61.68574,7.31795],[-61.68448,7.32919],[-61.68873,7.33511],[-61.68376,7.35685],[-61.67747,7.36252],[-61.67375,7.37267],[-61.66201,7.38896],[-61.64524,7.40046],[-61.64128,7.40649],[-61.62559,7.42167],[-61.62264,7.43166],[-61.61455,7.44342],[-61.61491,7.45023],[-61.62162,7.47134],[-61.62203,7.48377],[-61.63186,7.50022],[-61.62688,7.50715],[-61.62676,7.51575],[-61.62292,7.53247],[-61.62472,7.54431],[-61.64281,7.56954],[-61.64365,7.58125],[-61.63621,7.59719],[-61.63249,7.60931],[-61.63219,7.61995],[-61.63536,7.63448],[-61.6359,7.64906],[-61.64088,7.6672]]]},"properties":{"municipio":"El Callao","estado":"BOLÍVAR"}},{"type":"Feature","geometry":{"type":"Polygon","coordinates":[[[-65.36257,7.88119],[-65.36898,7.8751],[-65.38292,7.86963],[-65.41044,7.86066],[-65.42733,7.8612],[-65.44544,7.85913],[-65.45902,7.86202],[-65.46729,7.86628],[-65.47548,7.87392],[-65.49659,7.88676],[-65.51325,7.89558],[-65.5307,7.91025],[-65.5456,7.91864],[-65.56371,7.92309],[-65.56758,7.92259],[-65.58883,7.92227],[-65.61147,7.91653],[-65.63558,7.9138],[-65.65642,7.91275],[-65.66356,7.91036],[-65.68274,7.89802],[-65.68967,7.89036],[-65.70663,7.87533],[-65.71415,7.87167],[-65.7294,7.8707],[-65.74142,7.86128],[-65.74693,7.85423],[-65.76083,7.82845],[-65.76527,7.82646],[-65.78117,7.81177],[-65.79312,7.78763],[-65.80311,7.77846],[-65.80818,7.76704],[-65.82445,7.75475],[-65.83769,7.74662],[-65.8465,7.72243],[-65.84534,7.71289],[-65.87102,7.70371],[-65.88312,7.70342],[-65.89156,7.70011],[-65.91267,7.69522],[-65.92944,7.69955],[-65.95139,7.70356],[-65.96682,7.70058],[-65.98117,7.70095],[-65.99238,7.69778],[-66.01529,7.69816],[-66.03016,7.69652],[-66.04459,7.70026],[-66.07056,7.69968],[-66.09865,7.7016],[-66.10636,7.70473],[-66.12013,7.70331],[-66.12765,7.70066],[-66.14783,7.68693],[-66.17914,7.67698],[-66.19744,7.66641],[-66.20536,7.65952],[-66.2177,7.64557],[-66.23902,7.63798],[-66.25228,7.63772],[-66.26075,7.6428],[-66.27519,7.65864],[-66.28639,7.6614],[-66.30031,7.66737],[-66.3347,7.65935],[-66.34192,7.65826],[-66.35251,7.65214],[-66.35717,7.64591],[-66.36911,7.63754],[-66.37861,7.63409],[-66.38833,7.62363],[-66.39581,7.61917],[-66.41388,7.62062],[-66.42196,7.61535],[-66.43011,7.60403],[-66.46377,7.58596],[-66.47279,7.58002],[-66.48425,7.56417],[-66.48877,7.53979],[-66.48675,7.53371],[-66.49518,7.51403],[-66.51041,7.50787],[-66.51725,7.49781],[-66.51349,7.48827],[-66.51166,7.47675],[-66.51651,7.44418],[-66.52564,7.43533],[-66.5468,7.43146],[-66.55622,7.42806],[-66.57781,7.39813],[-66.59237,7.38587],[-66.59588,7.37594],[-66.59457,7.35554],[-66.59499,7.332],[-66.60295,7.33359],[-66.60561,7.32465],[-66.60983,7.32011],[-66.62167,7.31744],[-66.63369,7.31889],[-66.65808,7.3166],[-66.67142,7.31197],[-66.68415,7.31398],[-66.69262,7.31019],[-66.71476,7.29156],[-66.73577,7.283],[-66.77354,7.28454],[-66.7917,7.27644],[-66.81117,7.26362],[-66.83644,7.24883],[-66.84444,7.24247],[-66.85184,7.22122],[-66.8583,7.20797],[-66.86733,7.19885],[-66.87894,7.19346],[-66.89312,7.17952],[-66.90323,7.17854],[-66.91399,7.18233],[-66.91769,7.18691],[-66.93196,7.19407],[-66.9621,7.20067],[-66.97348,7.1952],[-66.99635,7.18785],[-67.00287,7.18359],[-67.0177,7.16543],[-67.03043,7.15237],[-67.04794,7.138],[-67.06727,7.12368],[-67.0774,7.09627],[-67.08173,7.08821],[-67.08294,7.07904],[-67.07838,7.07256],[-67.07705,7.06249],[-67.08013,7.03945],[-67.07872,7.03187],[-67.08105,7.01956],[-67.07965,7.00075],[-67.06922,6.98278],[-67.06876,6.97584],[-67.05861,6.95316],[-67.04304,6.93071],[-67.03721,6.90534],[-67.02595,6.89701],[-67.02794,6.88902],[-67.0407,6.87534],[-67.04212,6.86492],[-67.03765,6.86003],[-67.038,6.84132],[-67.04268,6.8194],[-67.03943,6.79392],[-67.03927,6.78395],[-67.04532,6.7749],[-67.06543,6.7589],[-67.07973,6.75322],[-67.0941,6.74052],[-67.10129,6.72654],[-67.11246,6.70883],[-67.11606,6.69612],[-67.11468,6.68924],[-67.11521,6.66961],[-67.12607,6.64346],[-67.12465,6.62684],[-67.12526,6.60515],[-67.13165,6.59234],[-67.13534,6.57839],[-67.14406,6.55529],[-67.15297,6.54834],[-67.15811,6.54019],[-67.15833,6.52648],[-67.16081,6.50773],[-67.16302,6.50276],[-67.15956,6.47602],[-67.16313,6.46337],[-67.17322,6.44752],[-67.18516,6.43761],[-67.20304,6.43162],[-67.22081,6.41786],[-67.22847,6.41377],[-67.24762,6.41176],[-67.25858,6.40236],[-67.2727,6.39702],[-67.28401,6.38535],[-67.28298,6.37471],[-67.2841,6.35204],[-67.28877,6.33563],[-67.30271,6.32871],[-67.30797,6.3218],[-67.31469,6.30773],[-67.32814,6.28577],[-67.34493,6.28168],[-67.36822,6.26578],[-67.38626,6.25883],[-67.39316,6.25865],[-67.40256,6.26222],[-67.41066,6.26186],[-67.41806,6.25242],[-67.42799,6.23336],[-67.43146,6.21505],[-67.43796,6.20477],[-67.43924,6.19717],[-67.43338,6.18201],[-67.42763,6.17162],[-67.4167,6.16811],[-67.40766,6.15445],[-67.40565,6.1432],[-67.40736,6.13568],[-67.39772,6.12957],[-67.39314,6.12991],[-67.38018,6.12388],[-67.36918,6.12603],[-67.35964,6.13207],[-67.35368,6.14268],[-67.34287,6.14922],[-67.33364,6.15007],[-67.30807,6.14857],[-67.29753,6.1398],[-67.29449,6.13111],[-67.28415,6.11915],[-67.28292,6.11383],[-67.27528,6.11424],[-67.27277,6.10824],[-67.25891,6.10971],[-67.25369,6.10804],[-67.22945,6.11563],[-67.22234,6.11987],[-67.21543,6.11707],[-67.20121,6.12104],[-67.18439,6.11707],[-67.17188,6.10449],[-67.16983,6.09813],[-67.16395,6.09451],[-67.1634,6.07755],[-67.16552,6.07284],[-67.14282,6.06538],[-67.14658,6.05882],[-67.14467,6.04474],[-67.14152,6.04057],[-67.14768,6.02368],[-67.1485,6.01294],[-67.14198,6.00347],[-67.14399,5.99571],[-67.1437,5.9813],[-67.14703,5.95127],[-67.15259,5.93384],[-67.1638,5.91297],[-67.18626,5.89666],[-67.19166,5.88706],[-67.19138,5.87054],[-67.1893,5.85583],[-67.18961,5.84292],[-67.19291,5.83811],[-67.21146,5.83153],[-67.22222,5.83124],[-67.23359,5.82585],[-67.23642,5.81847],[-67.23282,5.81079],[-67.21208,5.80901],[-67.20337,5.80024],[-67.20264,5.78776],[-67.2067,5.78417],[-67.22942,5.77433],[-67.23492,5.76953],[-67.24017,5.75778],[-67.24014,5.74219],[-67.23705,5.7328],[-67.22839,5.72108],[-67.20651,5.709],[-67.19725,5.70539],[-67.18409,5.70538],[-67.15328,5.71555],[-67.14342,5.71964],[-67.13801,5.72454],[-67.12527,5.74243],[-67.11287,5.74884],[-67.09852,5.73891],[-67.09196,5.73079],[-67.0621,5.70073],[-67.0579,5.67196],[-67.05407,5.66584],[-67.0253,5.64201],[-67.00676,5.63218],[-66.99069,5.63098],[-66.97672,5.63138],[-66.95328,5.64001],[-66.9415,5.65243],[-66.93195,5.66021],[-66.91911,5.6611],[-66.90277,5.65645],[-66.88993,5.66123],[-66.86054,5.68994],[-66.85463,5.69218],[-66.83971,5.69217],[-66.80958,5.68704],[-66.77974,5.6861],[-66.75661,5.68415],[-66.74537,5.68583],[-66.7346,5.69014],[-66.69676,5.72077],[-66.65317,5.74049],[-66.63706,5.74527],[-66.62542,5.74705],[-66.61594,5.74465],[-66.58808,5.72908],[-66.57107,5.72607],[-66.55405,5.73623],[-66.54933,5.74726],[-66.53887,5.76014],[-66.51976,5.77659],[-66.50215,5.78317],[-66.4772,5.78173],[-66.44706,5.7763],[-66.42528,5.76698],[-66.40828,5.75737],[-66.38911,5.75923],[-66.37907,5.76786],[-66.37286,5.77842],[-66.3669,5.79688],[-66.35376,5.80984],[-66.34464,5.81215],[-66.3331,5.80919],[-66.32496,5.79204],[-66.31125,5.77824],[-66.29156,5.76683],[-66.25456,5.75839],[-66.24501,5.75508],[-66.2077,5.75089],[-66.1735,5.74513],[-66.16682,5.7424],[-66.12341,5.72973],[-66.08804,5.71804],[-66.06089,5.71111],[-66.05253,5.7102],[-66.0376,5.71408],[-66.03014,5.71857],[-66.02505,5.73175],[-66.02503,5.74314],[-66.02768,5.77492],[-66.02528,5.7908],[-66.0187,5.79889],[-66.00705,5.80427],[-65.99217,5.80357],[-65.98071,5.80051],[-65.97575,5.8028],[-65.98061,5.81592],[-65.98242,5.83133],[-65.99027,5.84267],[-65.98622,5.85443],[-65.97772,5.85599],[-65.954,5.85581],[-65.94877,5.86242],[-65.95279,5.88465],[-65.9451,5.89172],[-65.93387,5.89886],[-65.93387,5.90747],[-65.91451,5.92158],[-65.91009,5.92756],[-65.90998,5.94227],[-65.90796,5.95662],[-65.89807,5.97946],[-65.89306,5.99485],[-65.8866,6.00138],[-65.86536,6.01573],[-65.85218,6.03343],[-65.84646,6.07097],[-65.83986,6.08838],[-65.82639,6.10008],[-65.79584,6.11181],[-65.7812,6.11546],[-65.74927,6.11404],[-65.72272,6.11057],[-65.71232,6.11153],[-65.70073,6.11859],[-65.6831,6.12541],[-65.65768,6.12748],[-65.64867,6.13125],[-65.63756,6.14016],[-65.63067,6.14796],[-65.61661,6.15365],[-65.59747,6.15243],[-65.5888,6.14941],[-65.57483,6.13787],[-65.56765,6.12519],[-65.5619,6.10797],[-65.56069,6.09788],[-65.56355,6.08142],[-65.58246,6.05356],[-65.59386,6.02354],[-65.60633,6.00633],[-65.60898,5.99715],[-65.60872,5.97802],[-65.6123,5.96769],[-65.61297,5.9562],[-65.62276,5.92553],[-65.62179,5.91351],[-65.61173,5.89043],[-65.60945,5.87201],[-65.60238,5.85778],[-65.60309,5.84642],[-65.6139,5.83512],[-65.61336,5.81939],[-65.61421,5.79765],[-65.60582,5.79093],[-65.58967,5.79561],[-65.58512,5.79141],[-65.5881,5.7797],[-65.58439,5.77264],[-65.57851,5.76928],[-65.56664,5.75415],[-65.56141,5.73988],[-65.56026,5.72941],[-65.56455,5.715],[-65.56214,5.70335],[-65.54705,5.69891],[-65.54154,5.69494],[-65.54046,5.6869],[-65.5311,5.68533],[-65.52033,5.7039],[-65.5138,5.70647],[-65.50744,5.69362],[-65.50121,5.68881],[-65.49169,5.68978],[-65.47886,5.71175],[-65.46688,5.72182],[-65.45005,5.72639],[-65.43807,5.72351],[-65.43018,5.72567],[-65.41346,5.73432],[-65.4042,5.73311],[-65.40063,5.72891],[-65.39853,5.71845],[-65.38928,5.71094],[-65.37734,5.71153],[-65.34178,5.75064],[-65.32756,5.76024],[-65.31619,5.763],[-65.30999,5.77621],[-65.30483,5.77622],[-65.2961,5.77033],[-65.28738,5.77885],[-65.28044,5.78101],[-65.26176,5.77681],[-65.25191,5.76863],[-65.23733,5.76083],[-65.22474,5.74594],[-65.22278,5.73391],[-65.22446,5.72955],[-65.22017,5.72481],[-65.21059,5.72177],[-65.20186,5.7291],[-65.199,5.73762],[-65.19818,5.75708],[-65.19969,5.76698],[-65.20877,5.79106],[-65.21149,5.81834],[-65.21054,5.8605],[-65.20905,5.87399],[-65.20245,5.88542],[-65.19264,5.89082],[-65.18259,5.89226],[-65.16201,5.89165],[-65.14216,5.90066],[-65.13738,5.90714],[-65.11825,5.91951],[-65.10462,5.93007],[-65.09315,5.94232],[-65.08022,5.94925],[-65.07154,5.95765],[-65.05775,5.96305],[-65.05266,5.96844],[-65.04008,5.97294],[-65.0245,5.98524],[-65.01881,5.99453],[-65.00768,6.00283],[-64.99535,6.00199],[-64.96818,6.03111],[-64.9595,6.0458],[-64.95111,6.0491],[-64.94817,6.05975],[-64.94333,6.06379],[-64.9323,6.08868],[-64.92236,6.08268],[-64.91375,6.0906],[-64.91963,6.09937],[-64.92567,6.09917],[-64.92987,6.10696],[-64.92268,6.10846],[-64.91999,6.11685],[-64.92209,6.13004],[-64.90986,6.13407],[-64.9094,6.14224],[-64.91251,6.14623],[-64.91229,6.15629],[-64.92128,6.16542],[-64.93183,6.18259],[-64.93892,6.1852],[-64.93892,6.19479],[-64.93413,6.20048],[-64.9381,6.21105],[-64.93684,6.21877],[-64.93026,6.23226],[-64.92437,6.23711],[-64.90808,6.23406],[-64.89733,6.23554],[-64.89817,6.24323],[-64.90667,6.24107],[-64.92247,6.24695],[-64.92219,6.26823],[-64.9147,6.27333],[-64.9145,6.28082],[-64.9249,6.28562],[-64.92983,6.29126],[-64.92722,6.30111],[-64.93298,6.3184],[-64.94021,6.32159],[-64.94081,6.33238],[-64.94964,6.3351],[-64.95757,6.35251],[-64.95851,6.35905],[-64.95447,6.36308],[-64.94743,6.36145],[-64.94054,6.37554],[-64.93787,6.38685],[-64.94244,6.40438],[-64.94147,6.41811],[-64.93848,6.4295],[-64.93279,6.4379],[-64.9361,6.44869],[-64.9355,6.45948],[-64.92952,6.46757],[-64.91693,6.47717],[-64.91664,6.49066],[-64.90916,6.50535],[-64.90227,6.50985],[-64.89245,6.50897],[-64.88157,6.51353],[-64.8813,6.52604],[-64.87471,6.53083],[-64.85851,6.50476],[-64.84952,6.50746],[-64.84622,6.51136],[-64.85192,6.51765],[-64.84923,6.52874],[-64.84354,6.53234],[-64.83265,6.53106],[-64.83006,6.54163],[-64.82377,6.54823],[-64.81905,6.5582],[-64.81959,6.57521],[-64.81301,6.59859],[-64.80058,6.61463],[-64.78671,6.62028],[-64.77966,6.62964],[-64.77439,6.66335],[-64.7738,6.67324],[-64.77681,6.68733],[-64.7915,6.69632],[-64.7981,6.70351],[-64.8002,6.71251],[-64.80051,6.72943],[-64.80442,6.73768],[-64.81489,6.74625],[-64.81922,6.7597],[-64.82122,6.77455],[-64.82057,6.786],[-64.8108,6.80236],[-64.8071,6.81205],[-64.79944,6.81696],[-64.79741,6.82534],[-64.79492,6.87198],[-64.80032,6.88217],[-64.8225,6.89116],[-64.83809,6.89865],[-64.8408,6.90464],[-64.84231,6.92503],[-64.84651,6.93942],[-64.85822,6.96369],[-64.86692,6.97358],[-64.87771,6.97928],[-64.89241,6.9792],[-64.91863,6.99834],[-64.92307,7.00588],[-64.92419,7.01914],[-64.92751,7.02479],[-64.93739,7.03352],[-64.94789,7.04011],[-64.97037,7.04581],[-64.98747,7.06259],[-64.99917,7.07877],[-65.01267,7.10635],[-65.01328,7.11804],[-65.00461,7.14352],[-65.00432,7.16061],[-65.01631,7.1714],[-65.02693,7.16911],[-65.04631,7.1709],[-65.05768,7.16743],[-65.06893,7.16707],[-65.08072,7.17318],[-65.10111,7.19626],[-65.1143,7.19865],[-65.12974,7.19231],[-65.14487,7.19697],[-65.15716,7.20417],[-65.17396,7.21855],[-65.18146,7.22784],[-65.1884,7.24391],[-65.18781,7.2547],[-65.18452,7.26189],[-65.17942,7.26339],[-65.16474,7.2628],[-65.15276,7.26456],[-65.142,7.27127],[-65.13721,7.27869],[-65.1377,7.29018],[-65.14228,7.29787],[-65.15123,7.30705],[-65.16943,7.31877],[-65.18427,7.33084],[-65.19656,7.34702],[-65.19746,7.36102],[-65.19449,7.3764],[-65.18934,7.38651],[-65.18851,7.39991],[-65.19602,7.42886],[-65.2023,7.44479],[-65.20474,7.47052],[-65.20955,7.48731],[-65.20954,7.51887],[-65.20715,7.52965],[-65.1958,7.55251],[-65.18324,7.56436],[-65.17068,7.5737],[-65.15011,7.58579],[-65.14341,7.58842],[-65.13228,7.58651],[-65.12,7.58175],[-65.10666,7.57311],[-65.09637,7.56928],[-65.08212,7.56713],[-65.05962,7.55852],[-65.05014,7.54729],[-65.03807,7.54117],[-65.03089,7.54105],[-65.02431,7.54512],[-65.01343,7.56356],[-65.00841,7.56918],[-64.99693,7.57313],[-64.98723,7.57206],[-64.97462,7.5635],[-64.96186,7.56129],[-64.94822,7.57266],[-64.94166,7.58239],[-64.93507,7.58539],[-64.91831,7.58093],[-64.9091,7.58572],[-64.90331,7.59918],[-64.89913,7.61987],[-64.89369,7.62557],[-64.87037,7.63906],[-64.85027,7.64772],[-64.83256,7.65874],[-64.80648,7.66928],[-64.80659,7.67394],[-64.85049,7.66645],[-64.8709,7.66595],[-64.8878,7.67047],[-64.89954,7.67549],[-64.91857,7.68686],[-64.93553,7.69176],[-64.94546,7.69666],[-64.94602,7.69044],[-64.95682,7.69069],[-64.96198,7.70847],[-64.97196,7.71625],[-64.9866,7.73127],[-65.00274,7.75614],[-65.01652,7.77066],[-65.02936,7.77836],[-65.05862,7.79321],[-65.07034,7.79589],[-65.08966,7.79589],[-65.12059,7.80471],[-65.13365,7.8161],[-65.15074,7.83307],[-65.16838,7.84033],[-65.18368,7.84223],[-65.23996,7.84357],[-65.26061,7.84814],[-65.27089,7.85239],[-65.30316,7.8755],[-65.31332,7.87885],[-65.33163,7.88242],[-65.34525,7.88343],[-65.36257,7.88119]]]},"properties":{"municipio":"Cedeño","estado":"BOLÍVAR"}},{"type":"Feature","geometry":{"type":"Polygon","coordinates":[[[-62.16379,7.75995],[-62.15919,7.75191],[-62.15702,7.73945],[-62.15773,7.72699],[-62.15075,7.72471],[-62.1511,7.70902],[-62.14142,7.70011],[-62.14165,7.68646],[-62.13978,7.68238],[-62.14385,7.67179],[-62.14551,7.64496],[-62.15832,7.65599],[-62.16283,7.663],[-62.17035,7.66918],[-62.19193,7.67435],[-62.20027,7.66974],[-62.2052,7.67029],[-62.21086,7.67748],[-62.21068,7.68401],[-62.21928,7.68563],[-62.22163,7.69564],[-62.2277,7.69858],[-62.23455,7.69517],[-62.24322,7.70554],[-62.25272,7.71249],[-62.25951,7.714],[-62.26358,7.70436],[-62.25534,7.68986],[-62.25635,7.68231],[-62.26169,7.67824],[-62.27443,7.6774],[-62.28711,7.67908],[-62.29029,7.67561],[-62.28823,7.6607],[-62.29098,7.64944],[-62.29024,7.63704],[-62.29329,7.62704],[-62.29833,7.62153],[-62.28809,7.59637],[-62.27762,7.58342],[-62.27609,7.56402],[-62.27128,7.55713],[-62.25301,7.55412],[-62.24892,7.54759],[-62.23054,7.54817],[-62.22585,7.54625],[-62.22187,7.53379],[-62.22607,7.52571],[-62.23381,7.5232],[-62.24209,7.5147],[-62.25631,7.50483],[-62.26544,7.50064],[-62.27787,7.50104],[-62.28351,7.49028],[-62.28272,7.48607],[-62.29537,7.46889],[-62.30567,7.44739],[-62.31846,7.44332],[-62.32758,7.43842],[-62.34589,7.43519],[-62.35393,7.43137],[-62.37325,7.41688],[-62.38799,7.3952],[-62.41568,7.36371],[-62.41999,7.35329],[-62.41961,7.33999],[-62.4155,7.32789],[-62.39372,7.29829],[-62.39022,7.28368],[-62.36937,7.23443],[-62.35425,7.1866],[-62.35331,7.15929],[-62.34918,7.1411],[-62.33943,7.12217],[-62.32081,7.11413],[-62.31071,7.10095],[-62.31045,7.08622],[-62.30515,7.07184],[-62.28646,7.04915],[-62.2868,6.99013],[-62.27731,6.98653],[-62.26856,6.99419],[-62.25957,6.99646],[-62.24024,6.99142],[-62.23004,6.99309],[-62.213,6.98769],[-62.21154,6.97499],[-62.20337,6.96288],[-62.19388,6.95844],[-62.18643,6.94897],[-62.15689,6.92427],[-62.14669,6.92367],[-62.14404,6.91073],[-62.13299,6.89754],[-62.1385,6.88904],[-62.13441,6.88257],[-62.12779,6.86531],[-62.12465,6.84495],[-62.13147,6.82663],[-62.13121,6.81165],[-62.13492,6.80411],[-62.13369,6.77823],[-62.138,6.76973],[-62.14711,6.76578],[-62.16978,6.76412],[-62.17672,6.75416],[-62.18421,6.74848],[-62.19289,6.73803],[-62.21244,6.73624],[-62.22293,6.73395],[-62.24612,6.72261],[-62.26458,6.71842],[-62.27344,6.70561],[-62.28038,6.69984],[-62.29507,6.69742],[-62.2988,6.70161],[-62.31197,6.69015],[-62.31753,6.68243],[-62.33436,6.66818],[-62.34303,6.65345],[-62.34247,6.63859],[-62.33568,6.63284],[-62.33411,6.62122],[-62.34069,6.61319],[-62.34918,6.5987],[-62.35873,6.57373],[-62.35787,6.56474],[-62.42035,6.50689],[-62.41647,6.48006],[-62.41151,6.45648],[-62.41672,6.418],[-62.41718,6.4089],[-62.41333,6.39752],[-62.4105,6.38086],[-62.40956,6.35295],[-62.40146,6.32935],[-62.38284,6.29927],[-62.36734,6.31603],[-62.36166,6.31705],[-62.34477,6.33067],[-62.33583,6.34392],[-62.33357,6.35326],[-62.33401,6.37735],[-62.32707,6.39706],[-62.33871,6.40842],[-62.3316,6.42796],[-62.32347,6.43618],[-62.31096,6.42949],[-62.28232,6.44437],[-62.27877,6.4527],[-62.27157,6.45807],[-62.26986,6.47453],[-62.26016,6.48803],[-62.25295,6.48918],[-62.24388,6.49837],[-62.23898,6.5125],[-62.24124,6.53108],[-62.23674,6.53863],[-62.22421,6.541],[-62.21702,6.53746],[-62.20177,6.53775],[-62.1946,6.54271],[-62.18236,6.55807],[-62.17733,6.55597],[-62.16932,6.55815],[-62.1566,6.57103],[-62.15357,6.59732],[-62.15184,6.59959],[-62.12784,6.59646],[-62.1211,6.6068],[-62.11134,6.60243],[-62.11201,6.61462],[-62.10544,6.61898],[-62.09341,6.61711],[-62.08163,6.61991],[-62.05847,6.62043],[-62.04771,6.62957],[-62.04665,6.64283],[-62.03834,6.654],[-62.02404,6.65351],[-62.02058,6.66265],[-62.01312,6.66894],[-61.99744,6.67662],[-61.98314,6.67851],[-61.96836,6.67658],[-61.95933,6.6841],[-61.96179,6.69289],[-61.95803,6.69875],[-61.95019,6.69802],[-61.9341,6.70087],[-61.92746,6.70863],[-61.91508,6.71066],[-61.90856,6.71908],[-61.90845,6.72865],[-61.90019,6.73312],[-61.8978,6.73766],[-61.88823,6.7383],[-61.87603,6.74331],[-61.87406,6.75914],[-61.87784,6.76853],[-61.87599,6.77451],[-61.86754,6.78392],[-61.86014,6.79972],[-61.85093,6.79852],[-61.84704,6.8021],[-61.85038,6.81428],[-61.84572,6.82479],[-61.83447,6.82872],[-61.8292,6.83804],[-61.82837,6.84592],[-61.83855,6.85634],[-61.84741,6.86651],[-61.85856,6.88793],[-61.85821,6.91865],[-61.86337,6.93264],[-61.87714,6.94235],[-61.8817,6.95072],[-61.89787,6.97142],[-61.90986,6.99523],[-61.91969,7.00746],[-61.91789,7.02363],[-61.92007,7.04629],[-61.92418,7.05809],[-61.92148,7.06587],[-61.92081,7.08454],[-61.91674,7.09051],[-61.91126,7.11256],[-61.90405,7.12752],[-61.90108,7.14142],[-61.90432,7.15146],[-61.92193,7.1589],[-61.92996,7.16835],[-61.93799,7.17231],[-61.93955,7.18044],[-61.93501,7.18617],[-61.92746,7.18915],[-61.90099,7.1915],[-61.89069,7.19483],[-61.88182,7.20044],[-61.87811,7.20569],[-61.8762,7.21872],[-61.87788,7.22733],[-61.88975,7.23918],[-61.91324,7.25261],[-61.93409,7.26758],[-61.94273,7.28325],[-61.94662,7.30342],[-61.94479,7.31696],[-61.93218,7.3376],[-61.91041,7.35385],[-61.88554,7.36511],[-61.85732,7.38542],[-61.84991,7.39297],[-61.83613,7.40347],[-61.8254,7.4169],[-61.81429,7.42526],[-61.79899,7.43341],[-61.79371,7.44093],[-61.78568,7.44558],[-61.77346,7.44316],[-61.76004,7.44397],[-61.75081,7.44993],[-61.74697,7.46021],[-61.7491,7.49179],[-61.74542,7.51746],[-61.73643,7.54625],[-61.72927,7.5614],[-61.71773,7.59211],[-61.7001,7.63093],[-61.69326,7.64251],[-61.68381,7.65403],[-61.6675,7.66331],[-61.65239,7.66734],[-61.64088,7.6672],[-61.62217,7.67158],[-61.58787,7.6917],[-61.55978,7.71464],[-61.55392,7.7215],[-61.53147,7.76184],[-61.51815,7.78464],[-61.50242,7.80967],[-61.4941,7.81978],[-61.58132,7.86354],[-61.60672,7.86907],[-61.61458,7.8828],[-61.61544,7.90646],[-61.62216,7.92507],[-61.62115,7.94628],[-61.62865,7.95419],[-61.64296,7.95649],[-61.65437,7.94431],[-61.67144,7.93193],[-61.70291,7.92662],[-61.72824,7.92799],[-61.73749,7.9322],[-61.7573,7.94839],[-61.76607,7.95379],[-61.78853,7.96197],[-61.8045,7.96487],[-61.81399,7.97075],[-61.82071,7.97937],[-61.82768,7.98214],[-61.83801,7.97366],[-61.83993,7.96374],[-61.83716,7.94615],[-61.84425,7.93097],[-61.85313,7.92345],[-61.85618,7.90663],[-61.8458,7.88524],[-61.83812,7.87243],[-61.82995,7.86966],[-61.83055,7.8577],[-61.83847,7.84467],[-61.84243,7.83463],[-61.84411,7.82291],[-61.84963,7.80414],[-61.85755,7.79386],[-61.85923,7.77688],[-61.87339,7.74664],[-61.87242,7.72929],[-61.8663,7.7203],[-61.86449,7.71145],[-61.84901,7.69874],[-61.84781,7.68893],[-61.85189,7.67913],[-61.85068,7.67039],[-61.84468,7.65519],[-61.8586,7.66275],[-61.8622,7.66682],[-61.87025,7.68382],[-61.88081,7.68803],[-61.89594,7.69762],[-61.90098,7.71414],[-61.90987,7.73425],[-61.91504,7.73857],[-61.92068,7.75126],[-61.93029,7.76168],[-61.93978,7.76864],[-61.95467,7.77225],[-61.96487,7.77944],[-61.9806,7.77719],[-61.98672,7.77863],[-61.99909,7.77626],[-62.01037,7.78034],[-62.01842,7.78933],[-62.03235,7.78456],[-62.06366,7.75732],[-62.07746,7.75208],[-62.08718,7.75029],[-62.1052,7.7557],[-62.11192,7.75606],[-62.12405,7.7611],[-62.13953,7.76004],[-62.15106,7.76329],[-62.16379,7.75995]]]},"properties":{"municipio":"Roscio","estado":"BOLÍVAR"}},{"type":"Feature","geometry":{"type":"Polygon","coordinates":[[[-62.38284,6.29927],[-62.36339,6.27801],[-62.34599,6.26303],[-62.33052,6.25188],[-62.30172,6.22755],[-62.28444,6.20574],[-62.27374,6.18561],[-62.26724,6.16524],[-62.26519,6.15386],[-62.26957,6.12104],[-62.27743,6.09097],[-62.2816,6.07995],[-62.30322,6.03967],[-62.32975,6.00386],[-62.30992,6.00737],[-62.28785,6.01258],[-62.28281,6.01896],[-62.2692,6.02924],[-62.26276,6.03652],[-62.24485,6.04536],[-62.23039,6.04548],[-62.22262,6.04774],[-62.21492,6.0396],[-62.21849,6.02217],[-62.21062,6.01654],[-62.20503,6.01886],[-62.19618,6.02765],[-62.18376,6.03111],[-62.17802,6.02967],[-62.16643,6.03146],[-62.14948,6.04442],[-62.11864,6.04213],[-62.11887,6.03388],[-62.1081,6.02503],[-62.09605,6.03422],[-62.08387,6.04127],[-62.07323,6.04042],[-62.04527,6.04411],[-62.02531,6.04242],[-62.0173,6.04038],[-62.00156,6.02465],[-61.99319,6.02104],[-61.97229,6.0213],[-61.96386,6.01729],[-61.95406,6.0165],[-61.94247,6.01022],[-61.93482,6.01278],[-61.92609,5.99772],[-61.91526,5.99228],[-61.909,5.98476],[-61.90209,5.98806],[-61.89525,5.98421],[-61.8949,5.97092],[-61.88622,5.9628],[-61.88024,5.96521],[-61.86947,5.96129],[-61.85542,5.96399],[-61.84735,5.9694],[-61.83629,5.96729],[-61.82491,5.95075],[-61.82401,5.94594],[-61.82848,5.93662],[-61.8216,5.93091],[-61.81576,5.93652],[-61.80965,5.93722],[-61.79738,5.9309],[-61.80126,5.92369],[-61.79647,5.91707],[-61.78847,5.9207],[-61.78273,5.916],[-61.77614,5.92067],[-61.77046,5.91676],[-61.77164,5.90083],[-61.76984,5.89391],[-61.76415,5.89],[-61.76851,5.87481],[-61.7651,5.86951],[-61.75815,5.87046],[-61.74984,5.86722],[-61.74051,5.87466],[-61.72808,5.87515],[-61.73066,5.88621],[-61.72642,5.8918],[-61.7235,5.90261],[-61.72357,5.91429],[-61.71606,5.91998],[-61.70708,5.92295],[-61.69953,5.92162],[-61.68791,5.91097],[-61.67715,5.90904],[-61.66387,5.91757],[-61.64811,5.91864],[-61.63793,5.9216],[-61.63344,5.92548],[-61.36343,5.933],[-61.35795,5.93609],[-61.34923,5.93859],[-61.33265,5.93864],[-61.31328,5.94996],[-61.31136,5.95184],[-61.31049,5.95226],[-61.30985,5.95229],[-61.30941,5.95249],[-61.30921,5.9528],[-61.30905,5.95327],[-61.30948,5.9534],[-61.31055,5.95349],[-61.3109,5.95405],[-61.31109,5.95457],[-61.31266,5.95566],[-61.3135,5.9645],[-61.29607,5.98529],[-61.29517,5.99134],[-61.29464,5.99236],[-61.29451,5.99323],[-61.2945,5.99337],[-61.29446,5.99375],[-61.29401,5.99541],[-61.29364,5.99612],[-61.29142,5.99648],[-61.29006,5.99754],[-61.29005,5.99873],[-61.28969,5.99924],[-61.28917,5.99935],[-61.28889,5.99974],[-61.28885,6.00015],[-61.28885,6.00018],[-61.28887,6.0003],[-61.28892,6.00061],[-61.28935,6.0007],[-61.28998,6.0011],[-61.29045,6.00158],[-61.29012,6.00566],[-61.28506,6.00528],[-61.28429,6.0069],[-61.28236,6.00628],[-61.27989,6.00771],[-61.28227,6.01068],[-61.28226,6.01107],[-61.28226,6.01147],[-61.28226,6.01147],[-61.28226,6.01147],[-61.28186,6.01166],[-61.28177,6.01198],[-61.28177,6.01241],[-61.28204,6.01329],[-61.28207,6.01389],[-61.27974,6.01519],[-61.27974,6.01519],[-61.27974,6.01519],[-61.27896,6.01546],[-61.27824,6.01589],[-61.27708,6.01626],[-61.27693,6.01638],[-61.27652,6.01669],[-61.27604,6.02],[-61.27146,6.02491],[-61.27238,6.0263],[-61.27067,6.02639],[-61.26933,6.02814],[-61.26801,6.02773],[-61.26551,6.02925],[-61.26561,6.03008],[-61.2653,6.03038],[-61.265,6.03068],[-61.26429,6.0305],[-61.26335,6.03027],[-61.26274,6.03098],[-61.26382,6.03215],[-61.26426,6.03282],[-61.26271,6.03341],[-61.26042,6.03564],[-61.2571,6.03643],[-61.2549,6.04501],[-61.25274,6.04586],[-61.25239,6.0474],[-61.25161,6.04817],[-61.25132,6.04878],[-61.25116,6.0491],[-61.25154,6.05832],[-61.25154,6.05832],[-61.25088,6.0587],[-61.25082,6.05876],[-61.25032,6.05935],[-61.24783,6.05954],[-61.24736,6.06251],[-61.24448,6.06303],[-61.24389,6.06247],[-61.24322,6.06246],[-61.24294,6.06278],[-61.24289,6.06284],[-61.24316,6.06334],[-61.2432,6.06406],[-61.24259,6.06439],[-61.23951,6.06429],[-61.23834,6.06544],[-61.2369,6.06597],[-61.23668,6.06575],[-61.23657,6.06564],[-61.23608,6.06491],[-61.23449,6.06473],[-61.23193,6.06243],[-61.22329,6.06128],[-61.22057,6.0624],[-61.22008,6.06218],[-61.21996,6.06306],[-61.21994,6.06422],[-61.21993,6.06504],[-61.21694,6.06633],[-61.21614,6.06864],[-61.2147,6.06917],[-61.2148,6.07022],[-61.21429,6.07082],[-61.21346,6.07109],[-61.21302,6.07152],[-61.21325,6.07182],[-61.21345,6.07208],[-61.21374,6.07235],[-61.21411,6.07269],[-61.21411,6.07269],[-61.21411,6.07269],[-61.21442,6.07375],[-61.21442,6.07441],[-61.21336,6.07528],[-61.21142,6.07559],[-61.2107,6.07629],[-61.20982,6.07639],[-61.20979,6.07681],[-61.20975,6.07733],[-61.20847,6.07825],[-61.20862,6.07941],[-61.20971,6.08053],[-61.20971,6.08053],[-61.20971,6.08053],[-61.20943,6.08119],[-61.2064,6.08082],[-61.20023,6.07782],[-61.19633,6.06865],[-61.19222,6.06782],[-61.19173,6.0681],[-61.19086,6.06721],[-61.18824,6.06531],[-61.18794,6.06551],[-61.18716,6.06559],[-61.18716,6.06559],[-61.18716,6.06559],[-61.18717,6.06491],[-61.18678,6.06412],[-61.18619,6.0649],[-61.18603,6.06531],[-61.18568,6.06626],[-61.18507,6.06773],[-61.18407,6.06948],[-61.18562,6.07087],[-61.18482,6.07204],[-61.18294,6.07378],[-61.18227,6.07448],[-61.18155,6.07523],[-61.18162,6.07769],[-61.1816,6.07926],[-61.1812,6.0795],[-61.18051,6.07993],[-61.17963,6.07992],[-61.18086,6.08376],[-61.18004,6.0864],[-61.17762,6.08352],[-61.16798,6.08654],[-61.1681,6.08708],[-61.16817,6.08743],[-61.16782,6.08818],[-61.16777,6.0883],[-61.16765,6.08984],[-61.16765,6.08987],[-61.16812,6.09135],[-61.16289,6.09945],[-61.16265,6.0995],[-61.16244,6.09954],[-61.16159,6.09938],[-61.16113,6.09973],[-61.16144,6.10325],[-61.16132,6.10455],[-61.16106,6.10505],[-61.16086,6.10514],[-61.16031,6.10539],[-61.1597,6.10584],[-61.15939,6.10643],[-61.15913,6.10718],[-61.16431,6.11403],[-61.16583,6.12143],[-61.15642,6.13929],[-61.13938,6.1341],[-61.13385,6.13504],[-61.13346,6.13363],[-61.13302,6.13312],[-61.13295,6.13311],[-61.13217,6.13301],[-61.1312,6.13294],[-61.12915,6.13292],[-61.12779,6.13228],[-61.12418,6.13228],[-61.12291,6.13221],[-61.12172,6.13216],[-61.12145,6.13202],[-61.12004,6.13127],[-61.11785,6.13115],[-61.11518,6.1286],[-61.11294,6.12926],[-61.11187,6.13048],[-61.11063,6.13165],[-61.10984,6.13251],[-61.11097,6.16205],[-61.11184,6.16234],[-61.11553,6.16289],[-61.11845,6.1669],[-61.11741,6.16958],[-61.11803,6.17128],[-61.11766,6.17174],[-61.11732,6.17329],[-61.11704,6.17351],[-61.1164,6.17355],[-61.11613,6.17351],[-61.11558,6.17345],[-61.11438,6.17398],[-61.11478,6.17531],[-61.11462,6.17691],[-61.114,6.17919],[-61.11362,6.18019],[-61.11159,6.18199],[-61.10893,6.18296],[-61.11103,6.19382],[-61.10836,6.20224],[-61.10854,6.20654],[-61.10525,6.20646],[-61.10478,6.20759],[-61.10443,6.2082],[-61.10431,6.20841],[-61.10251,6.20976],[-61.10244,6.21048],[-61.10241,6.21076],[-61.10259,6.21106],[-61.10263,6.21113],[-61.10263,6.21113],[-61.10263,6.21173],[-61.10262,6.21227],[-61.10229,6.21309],[-61.10118,6.21399],[-61.10168,6.21446],[-61.10177,6.21455],[-61.10249,6.21529],[-61.10257,6.21564],[-61.10262,6.21589],[-61.10261,6.21666],[-61.10218,6.22031],[-61.10934,6.22919],[-61.10195,6.23959],[-61.10101,6.24091],[-61.11247,6.2453],[-61.11247,6.2453],[-61.10145,6.25365],[-61.12019,6.25722],[-61.12019,6.25722],[-61.11698,6.26186],[-61.10939,6.27284],[-61.1156,6.27565],[-61.13289,6.28345],[-61.1511,6.32005],[-61.14895,6.3414],[-61.14596,6.34576],[-61.14591,6.34968],[-61.14586,6.35359],[-61.1458,6.35848],[-61.14575,6.3624],[-61.14621,6.36485],[-61.14711,6.37073],[-61.14513,6.37315],[-61.14312,6.37753],[-61.1342,6.38672],[-61.13119,6.39255],[-61.13058,6.40233],[-61.1202,6.41052],[-61.11863,6.41881],[-61.11987,6.43645],[-61.12173,6.4443],[-61.12274,6.44746],[-61.12314,6.44872],[-61.1231,6.45214],[-61.12305,6.45655],[-61.12445,6.46146],[-61.13474,6.46012],[-61.13834,6.46259],[-61.13911,6.46311],[-61.14688,6.46712],[-61.14688,6.46712],[-61.14688,6.46712],[-61.1507,6.47451],[-61.1507,6.47451],[-61.14963,6.48184],[-61.14956,6.48222],[-61.14806,6.49013],[-61.15518,6.50784],[-61.15924,6.51387],[-61.1595,6.51425],[-61.1604,6.52063],[-61.16137,6.52297],[-61.16325,6.52751],[-61.16866,6.52464],[-61.16963,6.52514],[-61.17644,6.52866],[-61.18328,6.52923],[-61.18909,6.53468],[-61.1881,6.53565],[-61.19633,6.5426],[-61.19972,6.54509],[-61.20658,6.54469],[-61.21295,6.54379],[-61.21295,6.54379],[-61.21295,6.54379],[-61.21191,6.54867],[-61.21234,6.55357],[-61.21625,6.55362],[-61.2152,6.55947],[-61.21663,6.56243],[-61.21661,6.5639],[-61.21661,6.5639],[-61.21266,6.56678],[-61.20332,6.57009],[-61.21356,6.57364],[-61.21208,6.61326],[-61.20901,6.62399],[-61.20014,6.62926],[-61.1874,6.63057],[-61.18441,6.63542],[-61.18436,6.63885],[-61.18433,6.64129],[-61.18962,6.64475],[-61.18967,6.64478],[-61.19061,6.64822],[-61.19001,6.65702],[-61.18797,6.66336],[-61.18398,6.66918],[-61.18106,6.67378],[-61.17749,6.67937],[-61.17372,6.68387],[-61.17302,6.6847],[-61.16757,6.69001],[-61.15971,6.69285],[-61.15817,6.69468],[-61.15524,6.69818],[-61.15519,6.70209],[-61.1551,6.70894],[-61.15308,6.71381],[-61.1525,6.71531],[-61.15157,6.7177],[-61.14613,6.72204],[-61.12311,6.72322],[-61.11586,6.72141],[-61.11482,6.72115],[-61.11443,6.72094],[-61.10947,6.71815],[-61.1051,6.71516],[-61.09348,6.70523],[-61.08908,6.70517],[-61.08592,6.70737],[-61.08562,6.70757],[-61.08553,6.71491],[-61.08399,6.72027],[-61.08246,6.72564],[-61.07995,6.7305],[-61.07798,6.73145],[-61.07798,6.73145],[-61.0726,6.73089],[-61.06728,6.72593],[-61.05999,6.72193],[-61.05461,6.72186],[-61.04385,6.72038],[-61.04288,6.72024],[-61.03114,6.72009],[-61.02672,6.72101],[-61.01982,6.72484],[-61.01536,6.72919],[-61.01256,6.7313],[-61.01091,6.73255],[-61.00504,6.73248],[-61.00113,6.73194],[-60.99726,6.72846],[-60.99388,6.72499],[-60.99195,6.72301],[-60.98368,6.71899],[-60.96657,6.7173],[-60.95383,6.71861],[-60.94496,6.7229],[-60.94196,6.72775],[-60.94184,6.73705],[-60.94184,6.73705],[-60.93786,6.74238],[-60.92947,6.74716],[-60.9192,6.74654],[-60.91379,6.74842],[-60.90787,6.75106],[-60.90739,6.75128],[-60.90732,6.75137],[-60.90342,6.75612],[-60.90335,6.76101],[-60.90328,6.76688],[-60.9042,6.7713],[-60.9086,6.77135],[-60.90861,6.77135],[-60.91544,6.77242],[-60.9227,6.77839],[-60.9275,6.78628],[-60.9273,6.80144],[-60.92276,6.81166],[-60.91583,6.81744],[-60.90996,6.81737],[-60.90078,6.81531],[-60.90069,6.81529],[-60.90069,6.81529],[-60.90069,6.81529],[-60.8939,6.80982],[-60.88665,6.80287],[-60.8648,6.78986],[-60.85311,6.78482],[-60.84725,6.78425],[-60.83302,6.787],[-60.83052,6.79039],[-60.829,6.79173],[-60.82557,6.79473],[-60.80894,6.79353],[-60.80812,6.79297],[-60.80603,6.79154],[-60.79876,6.78655],[-60.77489,6.77742],[-60.76033,6.76793],[-60.74817,6.76239],[-60.74083,6.76229],[-60.73111,6.75727],[-60.72231,6.75666],[-60.71925,6.75789],[-60.7164,6.75903],[-60.70796,6.76821],[-60.70304,6.77629],[-60.70145,6.77889],[-60.69549,6.78517],[-60.68537,6.80999],[-60.6734,6.82597],[-60.6586,6.83458],[-60.63452,6.8411],[-60.61244,6.84521],[-60.605,6.85196],[-60.58633,6.85708],[-60.57703,6.85696],[-60.57167,6.85542],[-60.56384,6.85531],[-60.56087,6.85592],[-60.555,6.85715],[-60.54663,6.86046],[-60.54213,6.86724],[-60.54004,6.877],[-60.53459,6.88133],[-60.51305,6.88103],[-60.50324,6.88285],[-60.49087,6.89198],[-60.48379,6.90852],[-60.47784,6.91382],[-60.46949,6.91566],[-60.46502,6.92],[-60.46353,6.92145],[-60.46133,6.92595],[-60.4595,6.92971],[-60.45261,6.93206],[-60.44939,6.93519],[-60.44616,6.93833],[-60.41864,6.94529],[-60.41664,6.94819],[-60.41122,6.95105],[-60.40289,6.95094],[-60.38936,6.93851],[-60.37911,6.93592],[-60.37658,6.94225],[-60.37658,6.94225],[-60.3763,6.94632],[-60.37596,6.95154],[-60.37178,6.96958],[-60.37006,6.97322],[-60.36926,6.97493],[-60.36916,6.98227],[-60.36709,6.98958],[-60.3694,6.99988],[-60.36296,7.00469],[-60.35255,7.01384],[-60.34953,7.01966],[-60.3471,7.02545],[-60.34514,7.03028],[-60.34425,7.03246],[-60.33789,7.03902],[-60.33077,7.04401],[-60.32012,7.04934],[-60.31108,7.05078],[-60.30672,7.05463],[-60.30664,7.06011],[-60.30649,7.06248],[-60.30614,7.06793],[-60.29873,7.09287],[-60.29743,7.10186],[-60.2969,7.11164],[-60.30193,7.11612],[-60.3027,7.11681],[-60.30183,7.12306],[-60.29305,7.13389],[-60.29145,7.13544],[-60.28908,7.13775],[-60.28979,7.14246],[-60.28697,7.1479],[-60.28768,7.15339],[-60.28659,7.15615],[-60.28646,7.1565],[-60.28873,7.1624],[-60.29337,7.16638],[-60.29959,7.17],[-60.30545,7.17164],[-60.31519,7.17531],[-60.32183,7.17697],[-60.3363,7.17913],[-60.3429,7.18353],[-60.34407,7.18393],[-60.34521,7.18669],[-60.35606,7.19506],[-60.37838,7.19655],[-60.38399,7.18763],[-60.38676,7.1861],[-60.38949,7.18653],[-60.3918,7.18969],[-60.39564,7.19523],[-60.41246,7.19781],[-60.42193,7.19325],[-60.43366,7.19498],[-60.43758,7.19503],[-60.44305,7.19589],[-60.44578,7.19749],[-60.44965,7.20068],[-60.45435,7.20114],[-60.45735,7.2003],[-60.46104,7.19927],[-60.46905,7.18686],[-60.47767,7.18698],[-60.48501,7.18838],[-60.48673,7.18506],[-60.48956,7.18176],[-60.49017,7.17787],[-60.49021,7.17509],[-60.49248,7.17178],[-60.4953,7.1696],[-60.50032,7.16966],[-60.5031,7.1697],[-60.50756,7.16976],[-60.51313,7.16984],[-60.51706,7.16823],[-60.51891,7.1642],[-60.51935,7.16325],[-60.51942,7.15879],[-60.5195,7.15267],[-60.52012,7.14823],[-60.52357,7.14048],[-60.53026,7.14057],[-60.53976,7.13848],[-60.54465,7.14801],[-60.54955,7.15643],[-60.56597,7.17836],[-60.57632,7.1952],[-60.58403,7.20254],[-60.5862,7.20703],[-60.5901,7.21154],[-60.59059,7.2121],[-60.60059,7.21446],[-60.60497,7.22009],[-60.61041,7.23018],[-60.61532,7.23804],[-60.61489,7.26921],[-60.60923,7.27525],[-60.60307,7.2768],[-60.60084,7.27737],[-60.59866,7.27972],[-60.59575,7.28286],[-60.59334,7.2852],[-60.59236,7.28616],[-60.58719,7.29722],[-60.58621,7.30237],[-60.58539,7.30666],[-60.58539,7.30666],[-60.58139,7.30924],[-60.57864,7.31102],[-60.57629,7.31989],[-60.57651,7.32173],[-60.57729,7.32826],[-60.57885,7.33663],[-60.58208,7.34447],[-60.58912,7.36015],[-60.59621,7.37193],[-60.59779,7.37808],[-60.59935,7.38645],[-60.61252,7.40221],[-60.61576,7.41005],[-60.62675,7.42189],[-60.62438,7.43243],[-60.62367,7.443],[-60.63294,7.45871],[-60.63594,7.46217],[-60.63733,7.46378],[-60.65071,7.46452],[-60.65568,7.46792],[-60.65568,7.46792],[-60.65568,7.46792],[-60.65562,7.47238],[-60.66003,7.47311],[-60.66285,7.47359],[-60.66787,7.47365],[-60.67509,7.47598],[-60.67728,7.47879],[-60.6776,7.47945],[-60.68054,7.48551],[-60.68544,7.49449],[-60.68827,7.49547],[-60.68877,7.49564],[-60.69208,7.49792],[-60.69761,7.50189],[-60.69846,7.50677],[-60.69916,7.51081],[-60.70179,7.52254],[-60.70198,7.5249],[-60.70227,7.52867],[-60.70386,7.53425],[-60.69992,7.53698],[-60.69817,7.54308],[-60.69807,7.55032],[-60.69243,7.55525],[-60.6868,7.55851],[-60.68677,7.56074],[-60.68672,7.56464],[-60.68665,7.56964],[-60.68547,7.57156],[-60.68494,7.5724],[-60.68215,7.57292],[-60.6794,7.5701],[-60.66993,7.56886],[-60.66322,7.56989],[-60.65936,7.56649],[-60.65367,7.56566],[-60.65101,7.56527],[-60.64538,7.56909],[-60.63802,7.57734],[-60.63846,7.58625],[-60.63745,7.59093],[-60.63667,7.59457],[-60.63325,7.60009],[-60.62763,7.60336],[-60.62227,7.61559],[-60.61992,7.61749],[-60.61598,7.62208],[-60.61155,7.63439],[-60.60875,7.63661],[-60.60724,7.63781],[-60.60371,7.64124],[-60.60054,7.64623],[-60.58486,7.65916],[-60.57929,7.66991],[-60.56227,7.69558],[-60.55983,7.70328],[-60.55817,7.71177],[-60.55683,7.71858],[-60.5565,7.72025],[-60.55837,7.7253],[-60.58304,7.7353],[-60.5857,7.73827],[-60.58724,7.74],[-60.59104,7.74585],[-60.59172,7.75243],[-60.59164,7.75823],[-60.59156,7.76442],[-60.59453,7.76708],[-60.59602,7.76841],[-60.60033,7.7796],[-60.60167,7.79074],[-60.60167,7.79074],[-60.60167,7.79074],[-60.58598,7.79572],[-60.55631,7.79012],[-60.54069,7.79334],[-60.53756,7.80289],[-60.53741,7.81368],[-60.53066,7.82318],[-60.51679,7.82659],[-60.50047,7.83236],[-60.48426,7.83094],[-60.46188,7.84022],[-60.45626,7.84057],[-60.45406,7.84071],[-60.44685,7.84001],[-60.43846,7.8381],[-60.42713,7.83134],[-60.40674,7.82806],[-60.3977,7.82913],[-60.39462,7.83449],[-60.38996,7.83558],[-60.38497,7.83675],[-60.37781,7.83305],[-60.3743,7.83325],[-60.36938,7.83353],[-60.36212,7.83989],[-60.36065,7.84072],[-60.34938,7.84712],[-60.33739,7.85363],[-60.3225,7.85564],[-60.31563,7.86814],[-60.31452,7.86911],[-60.3081,7.87471],[-60.29915,7.8768],[-60.29291,7.87741],[-60.29245,7.87745],[-60.29026,7.88064],[-60.28638,7.88626],[-60.26457,7.90374],[-60.67419,7.90352],[-60.68021,7.89543],[-60.68829,7.89553],[-60.69589,7.88831],[-60.70762,7.88951],[-60.7163,7.88482],[-60.72632,7.88774],[-60.7455,7.89759],[-60.74342,7.90299],[-60.75112,7.9073],[-60.75652,7.90198],[-60.77437,7.90515],[-60.78418,7.90031],[-60.78863,7.90263],[-60.81335,7.89269],[-60.8408,7.88884],[-60.84965,7.88084],[-60.85652,7.88307],[-60.87083,7.86983],[-60.86615,7.86659],[-60.87548,7.85579],[-60.8865,7.85024],[-60.8883,7.8377],[-60.88268,7.83712],[-60.88762,7.82678],[-60.89245,7.82495],[-60.90519,7.81385],[-60.90527,7.81076],[-60.92256,7.81189],[-60.9312,7.80529],[-60.93219,7.79072],[-60.93834,7.78434],[-60.93426,7.77155],[-60.9451,7.76783],[-60.95995,7.76919],[-60.97223,7.76818],[-60.99095,7.7717],[-60.99932,7.77754],[-61.01141,7.78105],[-61.02554,7.78738],[-61.04281,7.79725],[-61.0547,7.80074],[-61.0652,7.80032],[-61.07852,7.80939],[-61.22382,7.97312],[-61.23319,7.9844],[-61.24145,7.98949],[-61.28183,7.98838],[-61.29681,7.98099],[-61.31347,7.97721],[-61.33687,7.97346],[-61.34944,7.96702],[-61.35934,7.96489],[-61.37866,7.95776],[-61.38929,7.95251],[-61.43881,7.93154],[-61.44462,7.92459],[-61.45652,7.90179],[-61.46865,7.88285],[-61.47716,7.86196],[-61.46783,7.84389],[-61.46785,7.83716],[-61.45994,7.82343],[-61.45758,7.81164],[-61.46502,7.80519],[-61.4941,7.81978],[-61.50242,7.80967],[-61.51815,7.78464],[-61.53147,7.76184],[-61.55392,7.7215],[-61.55978,7.71464],[-61.58787,7.6917],[-61.62217,7.67158],[-61.64088,7.6672],[-61.6359,7.64906],[-61.63536,7.63448],[-61.63219,7.61995],[-61.63249,7.60931],[-61.63621,7.59719],[-61.64365,7.58125],[-61.64281,7.56954],[-61.62472,7.54431],[-61.62292,7.53247],[-61.62676,7.51575],[-61.62688,7.50715],[-61.63186,7.50022],[-61.62203,7.48377],[-61.62162,7.47134],[-61.61491,7.45023],[-61.61455,7.44342],[-61.62264,7.43166],[-61.62559,7.42167],[-61.64128,7.40649],[-61.64524,7.40046],[-61.66201,7.38896],[-61.67375,7.37267],[-61.67747,7.36252],[-61.68376,7.35685],[-61.68873,7.33511],[-61.68448,7.32919],[-61.68574,7.31795],[-61.6825,7.30791],[-61.67585,7.30062],[-61.65603,7.29783],[-61.66537,7.27484],[-61.65921,7.25732],[-61.64226,7.23912],[-61.63489,7.24293],[-61.63058,7.23599],[-61.63124,7.22189],[-61.62465,7.21889],[-61.62549,7.21172],[-61.62136,7.2043],[-61.61974,7.19402],[-61.61621,7.18833],[-61.61645,7.16885],[-61.62088,7.16181],[-61.61328,7.14602],[-61.61262,7.12773],[-61.61634,7.11489],[-61.6164,7.09577],[-61.61784,7.09129],[-61.61639,7.06313],[-61.61784,7.05089],[-61.61018,7.03355],[-61.61257,7.02213],[-61.62227,7.01539],[-61.62454,7.00619],[-61.63131,6.9976],[-61.6361,6.98417],[-61.6346,6.97586],[-61.64268,6.97408],[-61.64867,6.95377],[-61.64825,6.9472],[-61.63825,6.9424],[-61.63418,6.92297],[-61.6407,6.90818],[-61.63819,6.90058],[-61.62765,6.89117],[-61.62269,6.86225],[-61.62035,6.85561],[-61.6191,6.83995],[-61.61305,6.82888],[-61.6237,6.82604],[-61.62723,6.81893],[-61.62359,6.81107],[-61.63837,6.8044],[-61.63945,6.79311],[-61.64729,6.78314],[-61.67128,6.78083],[-61.68534,6.77063],[-61.6851,6.75545],[-61.69162,6.74769],[-61.6991,6.75111],[-61.70628,6.74322],[-61.71004,6.74373],[-61.72132,6.75466],[-61.72727,6.76631],[-61.73275,6.77063],[-61.74336,6.79381],[-61.74546,6.80767],[-61.7556,6.80594],[-61.76714,6.80864],[-61.77869,6.83066],[-61.78662,6.84208],[-61.78243,6.85616],[-61.78337,6.86396],[-61.78897,6.87223],[-61.79797,6.87057],[-61.80024,6.86102],[-61.80504,6.85964],[-61.81964,6.86635],[-61.83329,6.86123],[-61.83855,6.85634],[-61.82837,6.84592],[-61.8292,6.83804],[-61.83447,6.82872],[-61.84572,6.82479],[-61.85038,6.81428],[-61.84704,6.8021],[-61.85093,6.79852],[-61.86014,6.79972],[-61.86754,6.78392],[-61.87599,6.77451],[-61.87784,6.76853],[-61.87406,6.75914],[-61.87603,6.74331],[-61.88823,6.7383],[-61.8978,6.73766],[-61.90019,6.73312],[-61.90845,6.72865],[-61.90856,6.71908],[-61.91508,6.71066],[-61.92746,6.70863],[-61.9341,6.70087],[-61.95019,6.69802],[-61.95803,6.69875],[-61.96179,6.69289],[-61.95933,6.6841],[-61.96836,6.67658],[-61.98314,6.67851],[-61.99744,6.67662],[-62.01312,6.66894],[-62.02058,6.66265],[-62.02404,6.65351],[-62.03834,6.654],[-62.04665,6.64283],[-62.04771,6.62957],[-62.05847,6.62043],[-62.08163,6.61991],[-62.09341,6.61711],[-62.10544,6.61898],[-62.11201,6.61462],[-62.11134,6.60243],[-62.1211,6.6068],[-62.12784,6.59646],[-62.15184,6.59959],[-62.15357,6.59732],[-62.1566,6.57103],[-62.16932,6.55815],[-62.17733,6.55597],[-62.18236,6.55807],[-62.1946,6.54271],[-62.20177,6.53775],[-62.21702,6.53746],[-62.22421,6.541],[-62.23674,6.53863],[-62.24124,6.53108],[-62.23898,6.5125],[-62.24388,6.49837],[-62.25295,6.48918],[-62.26016,6.48803],[-62.26986,6.47453],[-62.27157,6.45807],[-62.27877,6.4527],[-62.28232,6.44437],[-62.31096,6.42949],[-62.32347,6.43618],[-62.3316,6.42796],[-62.33871,6.40842],[-62.32707,6.39706],[-62.33401,6.37735],[-62.33357,6.35326],[-62.33583,6.34392],[-62.34477,6.33067],[-62.36166,6.31705],[-62.36734,6.31603],[-62.38284,6.29927]]]},"properties":{"municipio":"Sifontes","estado":"BOLÍVAR"}},{"type":"Feature","geometry":{"type":"Polygon","coordinates":[[[-62.98557,8.03286],[-62.98078,8.03803],[-62.97796,8.04532],[-62.99147,8.04403],[-63.00048,8.04083],[-63.00031,8.07232],[-63.09503,7.99622],[-63.47521,7.68931],[-63.51781,7.65627],[-63.55111,7.62895],[-63.57241,7.61243],[-63.59791,7.58991],[-63.6132,7.55628],[-63.62969,7.52986],[-63.63697,7.5098],[-63.63663,7.50193],[-63.64886,7.47841],[-63.6604,7.473],[-63.66701,7.47408],[-63.68516,7.46349],[-63.69268,7.4617],[-63.69982,7.45207],[-63.71412,7.44437],[-63.71556,7.42958],[-63.74727,7.43403],[-63.78313,7.43497],[-63.79312,7.43846],[-63.81223,7.44062],[-63.8239,7.43761],[-63.83965,7.43749],[-63.86201,7.43989],[-63.8655,7.43736],[-63.88065,7.43736],[-63.89829,7.44395],[-63.91408,7.44108],[-63.92225,7.43687],[-63.93295,7.44108],[-63.94317,7.43759],[-63.96205,7.43626],[-63.96722,7.43758],[-63.97423,7.44573],[-63.99176,7.44852],[-63.99862,7.45946],[-64.0139,7.4763],[-64.01901,7.47785],[-64.0248,7.47385],[-64.02277,7.46944],[-64.01981,7.45011],[-64.00382,7.43425],[-64.00008,7.41923],[-64.00798,7.41024],[-64.00184,7.38072],[-63.99953,7.35509],[-63.99231,7.33899],[-63.9774,7.32325],[-63.97414,7.30859],[-63.97232,7.29094],[-63.96305,7.26877],[-63.95852,7.26661],[-63.94,7.26709],[-63.92979,7.26232],[-63.91164,7.24241],[-63.90911,7.23323],[-63.90141,7.2244],[-63.88368,7.21725],[-63.88051,7.21379],[-63.87197,7.194],[-63.85068,7.16466],[-63.84287,7.15667],[-63.84226,7.15095],[-63.84763,7.11865],[-63.85026,7.11078],[-63.85024,7.09016],[-63.8585,7.07704],[-63.8597,7.07108],[-63.85536,7.05678],[-63.84418,7.0439],[-63.84586,7.03353],[-63.8559,7.00647],[-63.85553,6.99967],[-63.84388,6.99442],[-63.84076,6.99037],[-63.84097,6.96891],[-63.83623,6.95782],[-63.84851,6.94376],[-63.85882,6.93685],[-63.86109,6.92826],[-63.86828,6.91825],[-63.87899,6.90934],[-63.88347,6.89857],[-63.89047,6.89477],[-63.8955,6.88476],[-63.88504,6.87307],[-63.88394,6.85567],[-63.87984,6.8416],[-63.88355,6.83218],[-63.87789,6.82038],[-63.88471,6.79582],[-63.88186,6.77681],[-63.88401,6.76408],[-63.88845,6.75339],[-63.88472,6.74991],[-63.87398,6.75898],[-63.86966,6.756],[-63.87385,6.74754],[-63.88272,6.73788],[-63.88259,6.7324],[-63.87262,6.72572],[-63.87141,6.71892],[-63.86133,6.72178],[-63.85581,6.71904],[-63.85544,6.71034],[-63.86119,6.70438],[-63.86191,6.69889],[-63.84954,6.6971],[-63.84737,6.68816],[-63.85759,6.67983],[-63.86859,6.66241],[-63.87735,6.65944],[-63.87998,6.65252],[-63.89232,6.63393],[-63.91777,6.63048],[-63.93265,6.61999],[-63.9498,6.61177],[-63.95521,6.61213],[-63.9671,6.62167],[-63.98666,6.61843],[-63.99219,6.62105],[-64.00671,6.61864],[-64.01427,6.60759],[-64.03047,6.59498],[-64.03635,6.5933],[-64.04666,6.58429],[-64.05313,6.56304],[-64.05265,6.55656],[-64.06752,6.53914],[-64.08181,6.53806],[-64.1058,6.51584],[-64.11949,6.50876],[-64.15621,6.4989],[-64.1675,6.49374],[-64.1729,6.48857],[-64.17829,6.4708],[-64.17047,6.45351],[-64.17214,6.43538],[-64.18041,6.41653],[-64.18377,6.41317],[-64.18676,6.39792],[-64.18363,6.38075],[-64.18746,6.37282],[-64.18601,6.35698],[-64.18288,6.34257],[-64.18671,6.32324],[-64.19559,6.31291],[-64.20842,6.30246],[-64.23183,6.28937],[-64.25847,6.27651],[-64.28019,6.2639],[-64.29878,6.24541],[-64.30442,6.23664],[-64.31041,6.22103],[-64.31197,6.21059],[-64.30967,6.1951],[-64.30246,6.17793],[-64.28928,6.17344],[-64.23902,6.17913],[-64.23103,6.18203],[-64.2124,6.18512],[-64.20366,6.18825],[-64.19265,6.18932],[-64.16752,6.18783],[-64.15256,6.18274],[-64.14147,6.17481],[-64.13534,6.16761],[-64.12644,6.1496],[-64.12475,6.13351],[-64.12642,6.11118],[-64.13708,6.07551],[-64.14594,6.04237],[-64.15059,5.99903],[-64.14823,5.98435],[-64.13236,5.95772],[-64.12306,5.93019],[-64.0943,5.87065],[-64.07872,5.83953],[-64.07063,5.82697],[-64.04997,5.80453],[-64.035,5.78388],[-63.99997,5.74738],[-63.9829,5.72524],[-63.97541,5.71328],[-63.97061,5.69053],[-63.97599,5.67886],[-63.98167,5.67408],[-64.00979,5.6627],[-64.02803,5.64713],[-64.03371,5.63935],[-64.03818,5.61781],[-64.03667,5.59357],[-64.02228,5.55168],[-64.01928,5.54031],[-64.01388,5.52894],[-64.00161,5.51967],[-63.99024,5.51338],[-63.91572,5.48108],[-63.90165,5.4766],[-63.88788,5.46912],[-63.84537,5.43172],[-63.82351,5.41078],[-63.80765,5.39821],[-63.78699,5.37847],[-63.77472,5.36471],[-63.76333,5.34675],[-63.75495,5.3312],[-63.74955,5.31803],[-63.74865,5.30876],[-63.74953,5.28123],[-63.75428,5.23933],[-63.75757,5.22856],[-63.76684,5.21599],[-63.80154,5.2076],[-63.82248,5.20341],[-63.83953,5.19533],[-63.86285,5.17827],[-63.88079,5.16001],[-63.89394,5.14205],[-63.91128,5.11153],[-63.91605,5.09836],[-63.91635,5.08729],[-63.91364,5.07203],[-63.91423,5.05258],[-63.92886,5.00679],[-63.93931,4.98554],[-63.95097,4.96908],[-63.96143,4.94634],[-63.9665,4.93078],[-63.9656,4.92],[-63.9581,4.89846],[-63.94852,4.87931],[-63.93085,4.85508],[-63.92246,4.8464],[-63.91349,4.84191],[-63.9004,4.83923],[-63.87429,4.83803],[-63.86531,4.83594],[-63.85184,4.82756],[-63.83238,4.80991],[-63.82519,4.79376],[-63.82039,4.77131],[-63.81199,4.7378],[-63.80658,4.70608],[-63.79968,4.67975],[-63.79848,4.66539],[-63.79876,4.64085],[-63.80562,4.60763],[-63.8071,4.59148],[-63.8056,4.57681],[-63.76546,4.50919],[-63.7424,4.48556],[-63.73222,4.46791],[-63.70587,4.4338],[-63.68611,4.41345],[-63.64778,4.37247],[-63.62891,4.34494],[-63.56303,4.25459],[-63.53728,4.22527],[-63.52747,4.21107],[-63.50862,4.13969],[-63.49536,4.11124],[-63.47947,4.08724],[-63.45069,4.05173],[-63.43902,4.04275],[-63.40789,4.02421],[-63.38604,4.01613],[-63.36173,4.00572],[-63.35761,4.00177],[-63.35713,3.9874],[-63.35999,3.97843],[-63.36946,3.965],[-63.34963,3.95617],[-63.33386,3.95269],[-63.32477,3.93661],[-63.31887,3.93222],[-63.31139,3.93182],[-63.31028,3.92562],[-63.30376,3.92115],[-63.2921,3.92015],[-63.28557,3.9253],[-63.27713,3.92066],[-63.27002,3.92447],[-63.25191,3.92422],[-63.24555,3.91579],[-63.2372,3.91459],[-63.2248,3.91849],[-63.2165,3.91513],[-63.22334,3.89869],[-63.23334,3.88251],[-63.23261,3.87535],[-63.22758,3.87041],[-63.22608,3.86097],[-63.22824,3.84166],[-63.22742,3.83292],[-63.2194,3.8316],[-63.21368,3.82644],[-63.20608,3.81489],[-63.19929,3.81382],[-63.18678,3.81655],[-63.16756,3.805],[-63.15706,3.80626],[-63.15165,3.80352],[-63.13804,3.80151],[-63.1224,3.80407],[-63.10873,3.79599],[-63.09608,3.79084],[-63.08818,3.77642],[-63.08875,3.76997],[-63.07828,3.76904],[-63.07213,3.75031],[-63.06397,3.74705],[-63.05953,3.74066],[-63.06387,3.73439],[-63.0647,3.72228],[-63.06817,3.71391],[-63.06453,3.7072],[-63.06761,3.69924],[-63.07693,3.69505],[-63.07291,3.6867],[-63.06014,3.68222],[-63.04529,3.67063],[-63.03292,3.67057],[-63.02944,3.66745],[-63.02985,3.65837],[-63.02727,3.65207],[-63.01144,3.6383],[-63.00833,3.63184],[-62.99138,3.61826],[-62.97272,3.61331],[-62.96143,3.61441],[-62.95097,3.61114],[-62.94322,3.6222],[-62.92992,3.63322],[-62.92749,3.64313],[-62.92044,3.65426],[-62.92201,3.67362],[-62.91426,3.67553],[-62.90775,3.6708],[-62.90203,3.67186],[-62.88922,3.67895],[-62.88041,3.69393],[-62.87101,3.70279],[-62.85366,3.71089],[-62.84941,3.71992],[-62.84287,3.72546],[-62.83932,3.73539],[-62.83342,3.73757],[-62.82476,3.73535],[-62.8144,3.72919],[-62.80419,3.72794],[-62.79611,3.72333],[-62.78814,3.70209],[-62.77966,3.69679],[-62.75121,3.67427],[-62.74391,3.67643],[-62.74405,3.68776],[-62.73594,3.6921],[-62.73104,3.70459],[-62.73364,3.73237],[-62.73229,3.73824],[-62.74054,3.75341],[-62.73963,3.76974],[-62.73501,3.77794],[-62.73672,3.78894],[-62.72776,3.80013],[-62.72831,3.80758],[-62.74181,3.8116],[-62.74869,3.81854],[-62.75843,3.82201],[-62.77196,3.83399],[-62.76838,3.8391],[-62.76054,3.8428],[-62.75496,3.84913],[-62.75645,3.85803],[-62.77381,3.872],[-62.77962,3.88217],[-62.78889,3.8927],[-62.78848,3.90352],[-62.78264,3.916],[-62.78357,3.9334],[-62.77357,3.9341],[-62.7627,3.9412],[-62.74704,3.97176],[-62.75171,3.98075],[-62.76001,3.98198],[-62.76135,3.98941],[-62.76811,4.00681],[-62.76368,4.01456],[-62.75329,4.01826],[-62.75055,4.03352],[-62.7336,4.03929],[-62.72897,4.03685],[-62.7114,4.03528],[-62.70271,4.03047],[-62.69134,4.03163],[-62.67773,4.03872],[-62.67093,4.03519],[-62.65757,4.03646],[-62.65717,4.04043],[-62.64873,4.04911],[-62.63906,4.04865],[-62.63559,4.0431],[-62.62778,4.03986],[-62.60867,4.04389],[-62.59999,4.03545],[-62.59374,4.03503],[-62.58056,4.0257],[-62.57998,4.01854],[-62.57422,4.01423],[-62.55714,4.01617],[-62.56213,4.03781],[-62.5479,4.04496],[-62.54011,4.03988],[-62.5332,4.04916],[-62.54105,4.0566],[-62.54285,4.06617],[-62.53983,4.07624],[-62.5569,4.0794],[-62.55101,4.09468],[-62.54857,4.11145],[-62.54427,4.10883],[-62.53538,4.11161],[-62.53603,4.11842],[-62.54116,4.12638],[-62.53837,4.13571],[-62.52872,4.12983],[-62.51023,4.13034],[-62.50772,4.13497],[-62.5097,4.14364],[-62.50495,4.14629],[-62.49754,4.1434],[-62.4864,4.13468],[-62.47276,4.13526],[-62.46427,4.14007],[-62.46279,4.15224],[-62.45762,4.16032],[-62.46598,4.16463],[-62.46324,4.17871],[-62.44879,4.17511],[-62.44784,4.17997],[-62.43272,4.18259],[-62.42091,4.18298],[-62.41482,4.18018],[-62.40122,4.17969],[-62.39652,4.17449],[-62.38956,4.17824],[-62.38481,4.17596],[-62.37526,4.16597],[-62.36531,4.16387],[-62.36299,4.17166],[-62.35409,4.16476],[-62.35043,4.15132],[-62.33827,4.14481],[-62.3357,4.13761],[-62.33086,4.13556],[-62.31672,4.13694],[-62.30081,4.13662],[-62.29457,4.14161],[-62.28556,4.13389],[-62.27746,4.12978],[-62.2693,4.13187],[-62.24669,4.1255],[-62.24426,4.11768],[-62.23464,4.11889],[-62.21883,4.11081],[-62.20422,4.11042],[-62.19528,4.11209],[-62.19151,4.12513],[-62.19602,4.13834],[-62.19703,4.14948],[-62.20204,4.16776],[-62.19244,4.17437],[-62.18265,4.18619],[-62.17564,4.18638],[-62.16514,4.20019],[-62.15344,4.211],[-62.14023,4.2029],[-62.128,4.19946],[-62.11832,4.2026],[-62.11742,4.20831],[-62.0999,4.21551],[-62.09522,4.22632],[-62.09836,4.24039],[-62.11053,4.23683],[-62.11894,4.24223],[-62.11778,4.24715],[-62.10942,4.24945],[-62.10079,4.25902],[-62.10848,4.26999],[-62.10666,4.27435],[-62.11704,4.28205],[-62.11741,4.29081],[-62.12779,4.29699],[-62.13698,4.29034],[-62.14725,4.30696],[-62.15364,4.30978],[-62.15443,4.32795],[-62.16799,4.34067],[-62.15755,4.34924],[-62.15941,4.35536],[-62.17361,4.35508],[-62.17965,4.34819],[-62.18625,4.34759],[-62.189,4.35683],[-62.18632,4.36498],[-62.18717,4.37551],[-62.18318,4.38226],[-62.18748,4.39054],[-62.17937,4.39275],[-62.17687,4.39887],[-62.18248,4.40163],[-62.18488,4.40937],[-62.19078,4.40553],[-62.1944,4.40973],[-62.19231,4.41964],[-62.20225,4.42593],[-62.19761,4.4348],[-62.2031,4.44302],[-62.20407,4.4492],[-62.19383,4.45687],[-62.20081,4.47181],[-62.19385,4.48178],[-62.19836,4.48869],[-62.20107,4.50162],[-62.20483,4.5042],[-62.21867,4.50283],[-62.22585,4.51663],[-62.22329,4.52106],[-62.22795,4.5285],[-62.22223,4.5393],[-62.21702,4.56554],[-62.22243,4.58115],[-62.23294,4.58685],[-62.23866,4.60036],[-62.23608,4.60966],[-62.23859,4.615],[-62.24719,4.621],[-62.254,4.63192],[-62.26179,4.63248],[-62.26176,4.64026],[-62.2552,4.64439],[-62.26894,4.65819],[-62.27772,4.66249],[-62.27587,4.66911],[-62.28382,4.68117],[-62.29462,4.6831],[-62.30175,4.68861],[-62.30446,4.69491],[-62.3133,4.6945],[-62.31504,4.70218],[-62.30741,4.71165],[-62.3175,4.72041],[-62.31919,4.73364],[-62.32549,4.74195],[-62.33315,4.74051],[-62.33924,4.74423],[-62.33973,4.75071],[-62.33234,4.75779],[-62.34023,4.77806],[-62.35457,4.79083],[-62.35436,4.80298],[-62.38094,4.81702],[-62.38358,4.82129],[-62.38024,4.83134],[-62.39006,4.84067],[-62.40779,4.85236],[-62.41857,4.85067],[-62.43483,4.87515],[-62.44417,4.88582],[-62.45227,4.89843],[-62.46598,4.90883],[-62.48213,4.92783],[-62.48862,4.93325],[-62.49104,4.94916],[-62.48897,4.9661],[-62.49136,4.97378],[-62.49745,4.97894],[-62.50033,4.99153],[-62.49532,4.99801],[-62.49533,5.00449],[-62.48496,5.02056],[-62.47962,5.03257],[-62.48211,5.05934],[-62.48512,5.07465],[-62.49414,5.09506],[-62.4928,5.09884],[-62.48064,5.10497],[-62.47915,5.13199],[-62.46866,5.14493],[-62.4628,5.15859],[-62.44688,5.16448],[-62.43956,5.17583],[-62.44587,5.18753],[-62.45578,5.19264],[-62.47801,5.22361],[-62.49287,5.23517],[-62.50026,5.23311],[-62.51752,5.25237],[-62.53802,5.2708],[-62.53672,5.28946],[-62.53984,5.29416],[-62.55157,5.29609],[-62.55889,5.30416],[-62.57554,5.31223],[-62.59605,5.3193],[-62.62427,5.3265],[-62.6615,5.3376],[-62.68047,5.34517],[-62.70353,5.3475],[-62.70837,5.34386],[-62.71403,5.33338],[-62.72573,5.32798],[-62.75696,5.34178],[-62.79891,5.36641],[-62.81497,5.37328],[-62.83498,5.39123],[-62.85044,5.40303],[-62.85981,5.42868],[-62.87109,5.44833],[-62.88431,5.45734],[-62.89182,5.47058],[-62.89454,5.49816],[-62.89245,5.50657],[-62.89306,5.52128],[-62.89606,5.53059],[-62.90237,5.54109],[-62.90411,5.55281],[-62.9027,5.57172],[-62.9048,5.58162],[-62.90421,5.59093],[-62.89611,5.60264],[-62.90333,5.61765],[-62.90214,5.62966],[-62.89374,5.63806],[-62.89104,5.64527],[-62.89314,5.65097],[-62.90426,5.65788],[-62.90937,5.68189],[-62.90818,5.6966],[-62.91373,5.71509],[-62.91158,5.72243],[-62.9038,5.72748],[-62.90401,5.73863],[-62.91393,5.75274],[-62.92114,5.77105],[-62.92446,5.79087],[-62.91877,5.81429],[-62.90677,5.8278],[-62.90499,5.84377],[-62.89449,5.86232],[-62.8804,5.89265],[-62.87441,5.91096],[-62.87113,5.93738],[-62.86881,5.94729],[-62.86139,5.95547],[-62.86048,5.96203],[-62.85426,5.96865],[-62.85426,5.97599],[-62.86841,5.98939],[-62.873,5.99749],[-62.88131,6.01963],[-62.88181,6.02788],[-62.87829,6.09598],[-62.88196,6.12662],[-62.8815,6.13344],[-62.87603,6.14828],[-62.8771,6.16227],[-62.88867,6.18473],[-62.89863,6.2121],[-62.91302,6.23909],[-62.91989,6.25811],[-62.91779,6.27618],[-62.93701,6.29748],[-62.94371,6.30266],[-62.95163,6.31356],[-62.97076,6.35394],[-62.97212,6.35956],[-62.9688,6.36984],[-62.95796,6.37976],[-62.95333,6.39063],[-62.95099,6.4072],[-62.94066,6.43113],[-62.93974,6.44666],[-62.93487,6.45693],[-62.92261,6.47211],[-62.9058,6.48717],[-62.90092,6.49367],[-62.89976,6.50772],[-62.89069,6.51251],[-62.88342,6.5192],[-62.87353,6.5327],[-62.86892,6.55134],[-62.84929,6.58503],[-62.81772,6.62805],[-62.80797,6.6438],[-62.80198,6.66841],[-62.80279,6.68165],[-62.80749,6.69562],[-62.81444,6.70183],[-62.82546,6.70792],[-62.83194,6.71771],[-62.84301,6.74421],[-62.84347,6.75757],[-62.85018,6.79139],[-62.8508,6.79879],[-62.84471,6.82212],[-62.8458,6.85302],[-62.85564,6.86663],[-62.8723,6.87856],[-62.88462,6.88082],[-62.90247,6.88857],[-62.93028,6.91121],[-62.93424,6.91649],[-62.9357,6.92664],[-62.93275,6.95209],[-62.92815,6.96522],[-62.91043,7.00143],[-62.89389,7.03306],[-62.87888,7.05923],[-62.87615,7.06723],[-62.85471,7.10594],[-62.85283,7.11729],[-62.83937,7.14106],[-62.80802,7.19005],[-62.79645,7.20725],[-62.78489,7.22816],[-62.7799,7.24094],[-62.77717,7.25336],[-62.76778,7.28179],[-62.76729,7.29857],[-62.76892,7.30771],[-62.77603,7.32419],[-62.78818,7.34878],[-62.79465,7.36911],[-62.80352,7.40312],[-62.80852,7.44181],[-62.81251,7.45662],[-62.82314,7.48993],[-62.83794,7.51918],[-62.85105,7.54175],[-62.86583,7.5593],[-62.87592,7.56849],[-62.91063,7.60501],[-62.92158,7.621],[-62.93352,7.64834],[-62.94412,7.67031],[-62.96048,7.6943],[-62.97687,7.72689],[-62.98737,7.75375],[-62.98924,7.77704],[-62.99364,7.80546],[-63.00045,7.83288],[-63.00383,7.86409],[-63.01773,7.88484],[-63.00994,7.89925],[-63.00195,7.90814],[-62.99764,7.93227],[-63.00036,7.94008],[-62.99153,7.94559],[-63.00349,7.96952],[-63.00606,7.98791],[-63.0031,8.00051],[-63.00521,8.01303],[-63.00256,8.02176],[-62.98557,8.03286]]]},"properties":{"municipio":"Bolivariano Angostura","estado":"BOLÍVAR"}},{"type":"Feature","geometry":{"type":"Polygon","coordinates":[[[-64.12456,8.00623],[-64.14467,8.0177],[-64.15047,8.02635],[-64.16489,8.03056],[-64.16838,8.02797],[-64.17692,8.03336],[-64.18318,8.04464],[-64.19022,8.06962],[-64.19687,8.07705],[-64.20572,8.08089],[-64.20943,8.09293],[-64.21425,8.09703],[-64.22935,8.10231],[-64.25585,8.09807],[-64.26464,8.09553],[-64.29114,8.09723],[-64.30891,8.09072],[-64.32199,8.08024],[-64.3351,8.06512],[-64.341,8.05693],[-64.35815,8.02413],[-64.38328,8.00698],[-64.40186,8.00201],[-64.41561,8.00293],[-64.42281,8.00764],[-64.42568,8.02209],[-64.43187,8.0349],[-64.44269,8.04226],[-64.46029,8.04432],[-64.47148,8.04196],[-64.49099,8.0335],[-64.50056,8.03188],[-64.52551,8.02216],[-64.55025,8.0078],[-64.56983,7.99073],[-64.58183,7.97659],[-64.58669,7.95583],[-64.58728,7.93316],[-64.59324,7.91865],[-64.59523,7.90938],[-64.59155,7.88449],[-64.58897,7.87529],[-64.58124,7.86314],[-64.5716,7.85556],[-64.5381,7.84599],[-64.52316,7.83959],[-64.49062,7.82795],[-64.48237,7.82162],[-64.48443,7.81029],[-64.48944,7.80837],[-64.50865,7.79173],[-64.51918,7.7698],[-64.52625,7.76508],[-64.53567,7.76368],[-64.56674,7.76928],[-64.57764,7.76876],[-64.60532,7.77473],[-64.61687,7.77119],[-64.63918,7.76891],[-64.64897,7.77384],[-64.65656,7.7723],[-64.66716,7.76413],[-64.68519,7.755],[-64.69668,7.74771],[-64.71398,7.7324],[-64.72973,7.71259],[-64.73474,7.70884],[-64.76397,7.69595],[-64.78127,7.6841],[-64.79231,7.68152],[-64.80659,7.67394],[-64.80648,7.66928],[-64.83256,7.65874],[-64.85027,7.64772],[-64.87037,7.63906],[-64.89369,7.62557],[-64.89913,7.61987],[-64.90331,7.59918],[-64.9091,7.58572],[-64.91831,7.58093],[-64.93507,7.58539],[-64.94166,7.58239],[-64.94822,7.57266],[-64.96186,7.56129],[-64.97462,7.5635],[-64.98723,7.57206],[-64.99693,7.57313],[-65.00841,7.56918],[-65.01343,7.56356],[-65.02431,7.54512],[-65.03089,7.54105],[-65.03807,7.54117],[-65.05014,7.54729],[-65.05962,7.55852],[-65.08212,7.56713],[-65.09637,7.56928],[-65.10666,7.57311],[-65.12,7.58175],[-65.13228,7.58651],[-65.14341,7.58842],[-65.15011,7.58579],[-65.17068,7.5737],[-65.18324,7.56436],[-65.1958,7.55251],[-65.20715,7.52965],[-65.20954,7.51887],[-65.20955,7.48731],[-65.20474,7.47052],[-65.2023,7.44479],[-65.19602,7.42886],[-65.18851,7.39991],[-65.18934,7.38651],[-65.19449,7.3764],[-65.19746,7.36102],[-65.19656,7.34702],[-65.18427,7.33084],[-65.16943,7.31877],[-65.15123,7.30705],[-65.14228,7.29787],[-65.1377,7.29018],[-65.13721,7.27869],[-65.142,7.27127],[-65.15276,7.26456],[-65.16474,7.2628],[-65.17942,7.26339],[-65.18452,7.26189],[-65.18781,7.2547],[-65.1884,7.24391],[-65.18146,7.22784],[-65.17396,7.21855],[-65.15716,7.20417],[-65.14487,7.19697],[-65.12974,7.19231],[-65.1143,7.19865],[-65.10111,7.19626],[-65.08072,7.17318],[-65.06893,7.16707],[-65.05768,7.16743],[-65.04631,7.1709],[-65.02693,7.16911],[-65.01631,7.1714],[-65.00432,7.16061],[-65.00461,7.14352],[-65.01328,7.11804],[-65.01267,7.10635],[-64.99917,7.07877],[-64.98747,7.06259],[-64.97037,7.04581],[-64.94789,7.04011],[-64.93739,7.03352],[-64.92751,7.02479],[-64.92419,7.01914],[-64.92307,7.00588],[-64.91863,6.99834],[-64.89241,6.9792],[-64.87771,6.97928],[-64.86692,6.97358],[-64.85822,6.96369],[-64.84651,6.93942],[-64.84231,6.92503],[-64.8408,6.90464],[-64.83809,6.89865],[-64.8225,6.89116],[-64.80032,6.88217],[-64.79492,6.87198],[-64.79741,6.82534],[-64.79944,6.81696],[-64.8071,6.81205],[-64.8108,6.80236],[-64.82057,6.786],[-64.82122,6.77455],[-64.81922,6.7597],[-64.81489,6.74625],[-64.80442,6.73768],[-64.80051,6.72943],[-64.8002,6.71251],[-64.7981,6.70351],[-64.7915,6.69632],[-64.77681,6.68733],[-64.7738,6.67324],[-64.77439,6.66335],[-64.77966,6.62964],[-64.78671,6.62028],[-64.80058,6.61463],[-64.81301,6.59859],[-64.81959,6.57521],[-64.81905,6.5582],[-64.82377,6.54823],[-64.83006,6.54163],[-64.83265,6.53106],[-64.84354,6.53234],[-64.84923,6.52874],[-64.85192,6.51765],[-64.84622,6.51136],[-64.84952,6.50746],[-64.85851,6.50476],[-64.87471,6.53083],[-64.8813,6.52604],[-64.88157,6.51353],[-64.89245,6.50897],[-64.90227,6.50985],[-64.90916,6.50535],[-64.91664,6.49066],[-64.91693,6.47717],[-64.92952,6.46757],[-64.9355,6.45948],[-64.9361,6.44869],[-64.93279,6.4379],[-64.93848,6.4295],[-64.94147,6.41811],[-64.94244,6.40438],[-64.93787,6.38685],[-64.94054,6.37554],[-64.94743,6.36145],[-64.95447,6.36308],[-64.95851,6.35905],[-64.95757,6.35251],[-64.94964,6.3351],[-64.94081,6.33238],[-64.94021,6.32159],[-64.93298,6.3184],[-64.92722,6.30111],[-64.92983,6.29126],[-64.9249,6.28562],[-64.9145,6.28082],[-64.9147,6.27333],[-64.92219,6.26823],[-64.92247,6.24695],[-64.90667,6.24107],[-64.89817,6.24323],[-64.89733,6.23554],[-64.90808,6.23406],[-64.92437,6.23711],[-64.93026,6.23226],[-64.93684,6.21877],[-64.9381,6.21105],[-64.93413,6.20048],[-64.93892,6.19479],[-64.93892,6.1852],[-64.93183,6.18259],[-64.92128,6.16542],[-64.91229,6.15629],[-64.91251,6.14623],[-64.9094,6.14224],[-64.90986,6.13407],[-64.92209,6.13004],[-64.91999,6.11685],[-64.92268,6.10846],[-64.92987,6.10696],[-64.92567,6.09917],[-64.91963,6.09937],[-64.91375,6.0906],[-64.92236,6.08268],[-64.9323,6.08868],[-64.94333,6.06379],[-64.94817,6.05975],[-64.95111,6.0491],[-64.9595,6.0458],[-64.96818,6.03111],[-64.99535,6.00199],[-65.00768,6.00283],[-65.01881,5.99453],[-65.0245,5.98524],[-65.04008,5.97294],[-65.05266,5.96844],[-65.05775,5.96305],[-65.07154,5.95765],[-65.08022,5.94925],[-65.09315,5.94232],[-65.10462,5.93007],[-65.11825,5.91951],[-65.13738,5.90714],[-65.14216,5.90066],[-65.16201,5.89165],[-65.18259,5.89226],[-65.19264,5.89082],[-65.20245,5.88542],[-65.20905,5.87399],[-65.21054,5.8605],[-65.21149,5.81834],[-65.20877,5.79106],[-65.19969,5.76698],[-65.19818,5.75708],[-65.199,5.73762],[-65.20186,5.7291],[-65.21059,5.72177],[-65.22017,5.72481],[-65.22446,5.72955],[-65.23305,5.72225],[-65.23769,5.70869],[-65.24393,5.70268],[-65.24651,5.69129],[-65.25916,5.67546],[-65.25903,5.66598],[-65.24635,5.65052],[-65.22812,5.62428],[-65.2297,5.61244],[-65.2451,5.5811],[-65.24449,5.5649],[-65.23957,5.5578],[-65.22886,5.53736],[-65.22019,5.53588],[-65.20012,5.54272],[-65.19074,5.54374],[-65.16965,5.54301],[-65.16184,5.53721],[-65.1601,5.52692],[-65.15474,5.51283],[-65.15552,5.48916],[-65.15977,5.47857],[-65.1589,5.46586],[-65.16149,5.46052],[-65.17138,5.45082],[-65.17378,5.44212],[-65.17182,5.42624],[-65.16645,5.42113],[-65.16616,5.41064],[-65.16348,5.40644],[-65.15155,5.39834],[-65.14152,5.39956],[-65.12707,5.4049],[-65.11901,5.40609],[-65.11404,5.40188],[-65.11249,5.38962],[-65.11893,5.38301],[-65.12848,5.37883],[-65.13399,5.37097],[-65.13786,5.36083],[-65.14256,5.33898],[-65.14596,5.33687],[-65.17806,5.33205],[-65.19167,5.32616],[-65.21333,5.31298],[-65.2235,5.29741],[-65.23508,5.29603],[-65.24949,5.28845],[-65.26222,5.29235],[-65.27852,5.28506],[-65.2808,5.28047],[-65.27601,5.2667],[-65.26804,5.25992],[-65.25162,5.25293],[-65.23837,5.22819],[-65.243,5.212],[-65.243,5.20451],[-65.23961,5.19286],[-65.23293,5.18468],[-65.23163,5.1767],[-65.23528,5.16823],[-65.24283,5.15846],[-65.23875,5.15245],[-65.2304,5.15046],[-65.22205,5.15275],[-65.20765,5.16702],[-65.1992,5.16791],[-65.1969,5.15903],[-65.20106,5.14403],[-65.19687,5.13549],[-65.18343,5.12271],[-65.17983,5.10762],[-65.17116,5.09487],[-65.17184,5.08799],[-65.17748,5.07794],[-65.17183,5.06175],[-65.17208,5.04508],[-65.18199,5.02403],[-65.18197,5.01186],[-65.17699,5.00597],[-65.16854,5.00447],[-65.14403,5.01832],[-65.13736,5.02374],[-65.12353,5.02465],[-65.11348,5.01832],[-65.1089,5.01162],[-65.10772,4.99783],[-65.11959,4.98374],[-65.12781,4.96369],[-65.12512,4.94292],[-65.11154,4.91639],[-65.10892,4.89534],[-65.10413,4.87987],[-65.107,4.85185],[-65.10551,4.84196],[-65.0953,4.82748],[-65.08852,4.82156],[-65.0751,4.81465],[-65.05849,4.81271],[-65.05152,4.80543],[-65.0424,4.75454],[-65.03444,4.74218],[-65.01374,4.73708],[-65.00191,4.72926],[-64.99059,4.71606],[-64.98641,4.71425],[-64.97254,4.72019],[-64.96489,4.71406],[-64.97255,4.69733],[-64.97346,4.68654],[-64.96841,4.68002],[-64.95099,4.67026],[-64.94066,4.66821],[-64.93214,4.67182],[-64.91463,4.68218],[-64.89944,4.67866],[-64.88912,4.67155],[-64.88819,4.66121],[-64.89129,4.64471],[-64.90242,4.62519],[-64.90285,4.61007],[-64.88584,4.60346],[-64.86703,4.61063],[-64.85474,4.61025],[-64.83949,4.60663],[-64.82519,4.60061],[-64.80957,4.59085],[-64.79396,4.59024],[-64.78389,4.59988],[-64.76985,4.60361],[-64.7597,4.61372],[-64.75597,4.62987],[-64.74682,4.65327],[-64.73632,4.66361],[-64.72973,4.66613],[-64.70115,4.66746],[-64.69454,4.65709],[-64.69427,4.64095],[-64.68713,4.62925],[-64.67489,4.62744],[-64.67071,4.63073],[-64.66571,4.6489],[-64.65145,4.66143],[-64.64124,4.66359],[-64.62548,4.6638],[-64.61353,4.66918],[-64.60548,4.67034],[-64.59204,4.67624],[-64.57467,4.69088],[-64.55306,4.70177],[-64.54177,4.69478],[-64.54291,4.659],[-64.5471,4.6466],[-64.55653,4.63451],[-64.56988,4.62588],[-64.59626,4.60248],[-64.60015,4.59709],[-64.60494,4.58331],[-64.60292,4.56516],[-64.60351,4.55131],[-64.60048,4.53794],[-64.58437,4.52035],[-64.58388,4.50842],[-64.58818,4.49577],[-64.60357,4.48049],[-64.60357,4.476],[-64.61599,4.46746],[-64.62222,4.46072],[-64.64548,4.44398],[-64.65702,4.4459],[-64.66698,4.4434],[-64.67436,4.43651],[-64.67343,4.41952],[-64.67126,4.4147],[-64.67261,4.39425],[-64.66696,4.38105],[-64.6622,4.36546],[-64.65803,4.36096],[-64.6408,4.35799],[-64.63715,4.34835],[-64.64044,4.33816],[-64.63926,4.33096],[-64.63211,4.3245],[-64.62793,4.31596],[-64.63123,4.29798],[-64.64178,4.28738],[-64.64993,4.27447],[-64.64894,4.25649],[-64.65398,4.24106],[-64.67344,4.233],[-64.68013,4.22473],[-64.68232,4.21641],[-64.6824,4.20164],[-64.67724,4.19038],[-64.6753,4.18065],[-64.664,4.17553],[-64.66494,4.16636],[-64.65263,4.15814],[-64.63823,4.15976],[-64.64259,4.14048],[-64.63188,4.13498],[-64.63237,4.11811],[-64.61216,4.11101],[-64.59923,4.11629],[-64.58441,4.1153],[-64.57597,4.10617],[-64.56472,4.10192],[-64.55732,4.10401],[-64.54829,4.11073],[-64.52636,4.11986],[-64.52706,4.12811],[-64.51814,4.13433],[-64.50179,4.13929],[-64.49636,4.14963],[-64.48861,4.14895],[-64.47777,4.14447],[-64.47079,4.13931],[-64.46664,4.13021],[-64.4621,4.13317],[-64.4539,4.12841],[-64.45329,4.12078],[-64.44322,4.11635],[-64.4363,4.1163],[-64.4266,4.13095],[-64.42206,4.14338],[-64.41205,4.13384],[-64.39179,4.13682],[-64.38287,4.13608],[-64.37989,4.14247],[-64.37013,4.14272],[-64.35973,4.13913],[-64.35106,4.14608],[-64.34011,4.14277],[-64.34284,4.13074],[-64.33832,4.12634],[-64.32844,4.12709],[-64.32499,4.13103],[-64.31128,4.13458],[-64.30461,4.14901],[-64.30473,4.16498],[-64.30031,4.16873],[-64.29467,4.16181],[-64.27347,4.14945],[-64.26014,4.14761],[-64.25775,4.13815],[-64.25065,4.13283],[-64.22751,4.12307],[-64.21921,4.12108],[-64.19823,4.10795],[-64.18356,4.10195],[-64.177,4.09416],[-64.15974,4.09953],[-64.15612,4.09672],[-64.1419,4.10132],[-64.14021,4.1073],[-64.13041,4.10248],[-64.12696,4.0814],[-64.11976,4.07104],[-64.10816,4.07002],[-64.1052,4.06154],[-64.09837,4.05913],[-64.10008,4.05027],[-64.09512,4.04033],[-64.08584,4.02858],[-64.07318,4.0208],[-64.07114,4.00802],[-64.06444,3.99875],[-64.05584,3.98002],[-64.04863,3.97228],[-64.04828,3.96373],[-64.04083,3.96764],[-64.03661,3.97683],[-64.02424,3.97613],[-64.01908,3.97045],[-64.01612,3.95575],[-64.00928,3.94621],[-64.00818,3.93437],[-63.99957,3.92301],[-63.99631,3.90396],[-63.9838,3.89677],[-63.97543,3.89644],[-63.97321,3.88605],[-63.96173,3.87573],[-63.95638,3.87634],[-63.95757,3.8855],[-63.95042,3.88974],[-63.93914,3.90089],[-63.93258,3.92213],[-63.92016,3.92874],[-63.91783,3.93356],[-63.90664,3.93895],[-63.89684,3.92914],[-63.89005,3.93328],[-63.87474,3.93691],[-63.87048,3.93431],[-63.86561,3.94578],[-63.84962,3.94834],[-63.83749,3.94494],[-63.83288,3.94087],[-63.81792,3.93738],[-63.81058,3.93934],[-63.80712,3.93573],[-63.79088,3.93346],[-63.77615,3.93777],[-63.76431,3.93732],[-63.76122,3.94275],[-63.74374,3.93461],[-63.73866,3.92828],[-63.74194,3.92213],[-63.73635,3.9142],[-63.72475,3.91615],[-63.71995,3.91393],[-63.69292,3.91176],[-63.68371,3.90711],[-63.66599,3.90994],[-63.66316,3.91268],[-63.66273,3.92397],[-63.65712,3.93936],[-63.63776,3.95651],[-63.64229,3.96293],[-63.64111,3.96987],[-63.64371,3.97804],[-63.64108,3.98122],[-63.6186,3.96245],[-63.609,3.94425],[-63.59367,3.92282],[-63.58612,3.91737],[-63.59582,3.90475],[-63.58998,3.90027],[-63.58201,3.89893],[-63.57029,3.88896],[-63.55783,3.88755],[-63.55448,3.88291],[-63.55529,3.87527],[-63.55071,3.86375],[-63.54133,3.86379],[-63.5299,3.8548],[-63.5203,3.85493],[-63.5135,3.84815],[-63.49782,3.85215],[-63.50512,3.85799],[-63.50152,3.87023],[-63.48431,3.88469],[-63.47927,3.88436],[-63.47217,3.87196],[-63.46333,3.87168],[-63.46304,3.86133],[-63.45124,3.85873],[-63.44428,3.86692],[-63.43638,3.87147],[-63.43364,3.87992],[-63.43703,3.88624],[-63.43097,3.89227],[-63.41513,3.90157],[-63.41271,3.91483],[-63.41884,3.92352],[-63.41795,3.9347],[-63.43179,3.93741],[-63.45114,3.95569],[-63.4507,3.96089],[-63.44152,3.96363],[-63.43366,3.97314],[-63.42567,3.97679],[-63.40761,3.97682],[-63.40201,3.98003],[-63.39232,3.97912],[-63.36946,3.965],[-63.35999,3.97843],[-63.35713,3.9874],[-63.35761,4.00177],[-63.36173,4.00572],[-63.38604,4.01613],[-63.40789,4.02421],[-63.43902,4.04275],[-63.45069,4.05173],[-63.47947,4.08724],[-63.49536,4.11124],[-63.50862,4.13969],[-63.52747,4.21107],[-63.53728,4.22527],[-63.56303,4.25459],[-63.62891,4.34494],[-63.64778,4.37247],[-63.68611,4.41345],[-63.70587,4.4338],[-63.73222,4.46791],[-63.7424,4.48556],[-63.76546,4.50919],[-63.8056,4.57681],[-63.8071,4.59148],[-63.80562,4.60763],[-63.79876,4.64085],[-63.79848,4.66539],[-63.79968,4.67975],[-63.80658,4.70608],[-63.81199,4.7378],[-63.82039,4.77131],[-63.82519,4.79376],[-63.83238,4.80991],[-63.85184,4.82756],[-63.86531,4.83594],[-63.87429,4.83803],[-63.9004,4.83923],[-63.91349,4.84191],[-63.92246,4.8464],[-63.93085,4.85508],[-63.94852,4.87931],[-63.9581,4.89846],[-63.9656,4.92],[-63.9665,4.93078],[-63.96143,4.94634],[-63.95097,4.96908],[-63.93931,4.98554],[-63.92886,5.00679],[-63.91423,5.05258],[-63.91364,5.07203],[-63.91635,5.08729],[-63.91605,5.09836],[-63.91128,5.11153],[-63.89394,5.14205],[-63.88079,5.16001],[-63.86285,5.17827],[-63.83953,5.19533],[-63.82248,5.20341],[-63.80154,5.2076],[-63.76684,5.21599],[-63.75757,5.22856],[-63.75428,5.23933],[-63.74953,5.28123],[-63.74865,5.30876],[-63.74955,5.31803],[-63.75495,5.3312],[-63.76333,5.34675],[-63.77472,5.36471],[-63.78699,5.37847],[-63.80765,5.39821],[-63.82351,5.41078],[-63.84537,5.43172],[-63.88788,5.46912],[-63.90165,5.4766],[-63.91572,5.48108],[-63.99024,5.51338],[-64.00161,5.51967],[-64.01388,5.52894],[-64.01928,5.54031],[-64.02228,5.55168],[-64.03667,5.59357],[-64.03818,5.61781],[-64.03371,5.63935],[-64.02803,5.64713],[-64.00979,5.6627],[-63.98167,5.67408],[-63.97599,5.67886],[-63.97061,5.69053],[-63.97541,5.71328],[-63.9829,5.72524],[-63.99997,5.74738],[-64.035,5.78388],[-64.04997,5.80453],[-64.07063,5.82697],[-64.07872,5.83953],[-64.0943,5.87065],[-64.12306,5.93019],[-64.13236,5.95772],[-64.14823,5.98435],[-64.15059,5.99903],[-64.14594,6.04237],[-64.13708,6.07551],[-64.12642,6.11118],[-64.12475,6.13351],[-64.12644,6.1496],[-64.13534,6.16761],[-64.14147,6.17481],[-64.15256,6.18274],[-64.16752,6.18783],[-64.19265,6.18932],[-64.20366,6.18825],[-64.2124,6.18512],[-64.23103,6.18203],[-64.23902,6.17913],[-64.28928,6.17344],[-64.30246,6.17793],[-64.30967,6.1951],[-64.31197,6.21059],[-64.31041,6.22103],[-64.30442,6.23664],[-64.29878,6.24541],[-64.28019,6.2639],[-64.25847,6.27651],[-64.23183,6.28937],[-64.20842,6.30246],[-64.19559,6.31291],[-64.18671,6.32324],[-64.18288,6.34257],[-64.18601,6.35698],[-64.18746,6.37282],[-64.18363,6.38075],[-64.18676,6.39792],[-64.18377,6.41317],[-64.18041,6.41653],[-64.17214,6.43538],[-64.17047,6.45351],[-64.17829,6.4708],[-64.1729,6.48857],[-64.1675,6.49374],[-64.15621,6.4989],[-64.11949,6.50876],[-64.1058,6.51584],[-64.08181,6.53806],[-64.06752,6.53914],[-64.05265,6.55656],[-64.05313,6.56304],[-64.04666,6.58429],[-64.03635,6.5933],[-64.03047,6.59498],[-64.01427,6.60759],[-64.00671,6.61864],[-63.99219,6.62105],[-63.98666,6.61843],[-63.9671,6.62167],[-63.95521,6.61213],[-63.9498,6.61177],[-63.93265,6.61999],[-63.91777,6.63048],[-63.89232,6.63393],[-63.87998,6.65252],[-63.87735,6.65944],[-63.86859,6.66241],[-63.85759,6.67983],[-63.84737,6.68816],[-63.84954,6.6971],[-63.86191,6.69889],[-63.86119,6.70438],[-63.85544,6.71034],[-63.85581,6.71904],[-63.86133,6.72178],[-63.87141,6.71892],[-63.87262,6.72572],[-63.88259,6.7324],[-63.88272,6.73788],[-63.87385,6.74754],[-63.86966,6.756],[-63.87398,6.75898],[-63.88472,6.74991],[-63.88845,6.75339],[-63.88401,6.76408],[-63.88186,6.77681],[-63.88471,6.79582],[-63.87789,6.82038],[-63.88355,6.83218],[-63.87984,6.8416],[-63.88394,6.85567],[-63.88504,6.87307],[-63.8955,6.88476],[-63.89047,6.89477],[-63.88347,6.89857],[-63.87899,6.90934],[-63.86828,6.91825],[-63.86109,6.92826],[-63.85882,6.93685],[-63.84851,6.94376],[-63.83623,6.95782],[-63.84097,6.96891],[-63.84076,6.99037],[-63.84388,6.99442],[-63.85553,6.99967],[-63.8559,7.00647],[-63.84586,7.03353],[-63.84418,7.0439],[-63.85536,7.05678],[-63.8597,7.07108],[-63.8585,7.07704],[-63.85024,7.09016],[-63.85026,7.11078],[-63.84763,7.11865],[-63.84226,7.15095],[-63.84287,7.15667],[-63.85068,7.16466],[-63.87197,7.194],[-63.88051,7.21379],[-63.88368,7.21725],[-63.90141,7.2244],[-63.90911,7.23323],[-63.91164,7.24241],[-63.92979,7.26232],[-63.94,7.26709],[-63.95852,7.26661],[-63.96305,7.26877],[-63.97232,7.29094],[-63.97414,7.30859],[-63.9774,7.32325],[-63.99231,7.33899],[-63.99953,7.35509],[-64.00184,7.38072],[-64.00798,7.41024],[-64.00008,7.41923],[-64.00382,7.43425],[-64.01981,7.45011],[-64.02277,7.46944],[-64.0248,7.47385],[-64.04184,7.48175],[-64.03526,7.48504],[-64.03092,7.50876],[-64.03214,7.52224],[-64.03779,7.52963],[-64.05269,7.53905],[-64.0685,7.5371],[-64.09004,7.55015],[-64.09413,7.55742],[-64.1137,7.56043],[-64.11639,7.56612],[-64.11155,7.57555],[-64.11853,7.58675],[-64.11554,7.59677],[-64.12151,7.60561],[-64.12002,7.61429],[-64.12302,7.63003],[-64.13457,7.64803],[-64.14501,7.64613],[-64.15271,7.65984],[-64.16305,7.67284],[-64.16378,7.67951],[-64.15647,7.6881],[-64.15552,7.69966],[-64.16501,7.70527],[-64.17414,7.71433],[-64.18159,7.71683],[-64.18843,7.71421],[-64.19372,7.71886],[-64.19817,7.72852],[-64.20454,7.73365],[-64.21306,7.7352],[-64.22387,7.73413],[-64.23168,7.74212],[-64.23398,7.75452],[-64.25094,7.78313],[-64.26123,7.79513],[-64.2655,7.81211],[-64.26252,7.8375],[-64.26758,7.85252],[-64.26303,7.86241],[-64.26436,7.87112],[-64.27529,7.8747],[-64.2819,7.88209],[-64.28119,7.88805],[-64.2752,7.89449],[-64.26452,7.89806],[-64.26429,7.91082],[-64.26707,7.92894],[-64.2654,7.93311],[-64.25413,7.94539],[-64.24561,7.94851],[-64.23683,7.94061],[-64.22399,7.94025],[-64.21195,7.93288],[-64.20461,7.93685],[-64.19953,7.94613],[-64.19415,7.94882],[-64.17814,7.95014],[-64.16085,7.94834],[-64.15966,7.96062],[-64.16723,7.96635],[-64.1774,7.96648],[-64.17621,7.97247],[-64.15497,7.97935],[-64.13165,7.99641],[-64.12456,8.00623]]]},"properties":{"municipio":"Sucre","estado":"BOLÍVAR"}},{"type":"Feature","geometry":{"type":"Polygon","coordinates":[[[-63.00121,8.33811],[-63.02676,8.33026],[-63.04701,8.32558],[-63.06937,8.33073],[-63.07535,8.34006],[-63.08131,8.3569],[-63.09392,8.37915],[-63.10203,8.38393],[-63.11104,8.38365],[-63.12123,8.37859],[-63.12982,8.36889],[-63.14083,8.35078],[-63.15907,8.33274],[-63.16857,8.32879],[-63.18554,8.31847],[-63.18998,8.31999],[-63.20321,8.33039],[-63.20848,8.33822],[-63.20966,8.34937],[-63.21971,8.35325],[-63.23329,8.34965],[-63.24167,8.34397],[-63.25332,8.32976],[-63.26163,8.31715],[-63.26233,8.30017],[-63.26052,8.29304],[-63.26706,8.28062],[-63.28341,8.26613],[-63.29261,8.26608],[-63.30432,8.26206],[-63.3222,8.25111],[-63.32899,8.24487],[-63.33616,8.24207],[-63.33995,8.24636],[-63.3489,8.2471],[-63.36704,8.23518],[-63.37981,8.22982],[-63.39622,8.21721],[-63.40636,8.20531],[-63.41787,8.20251],[-63.42276,8.19757],[-63.43192,8.18135],[-63.43871,8.17796],[-63.4581,8.1798],[-63.47565,8.1672],[-63.48797,8.1657],[-63.49963,8.16785],[-63.52433,8.16023],[-63.52884,8.16094],[-63.54284,8.15698],[-63.54951,8.15326],[-63.55763,8.15415],[-63.57139,8.15235],[-63.58107,8.14833],[-63.59441,8.1479],[-63.60294,8.15245],[-63.61736,8.15359],[-63.62572,8.1567],[-63.6372,8.16521],[-63.66178,8.17461],[-63.68557,8.17178],[-63.70276,8.15463],[-63.7119,8.15072],[-63.73257,8.14646],[-63.74525,8.14657],[-63.75337,8.15088],[-63.77266,8.15339],[-63.79279,8.15278],[-63.811,8.14726],[-63.822,8.14072],[-63.83216,8.1298],[-63.8351,8.12314],[-63.84682,8.10713],[-63.8575,8.09786],[-63.87168,8.07981],[-63.87577,8.06661],[-63.88226,8.05174],[-63.89992,8.02967],[-63.91049,8.01234],[-63.91723,8.00645],[-63.94005,7.99141],[-63.96582,7.97935],[-63.9785,7.97132],[-64.00009,7.96337],[-64.00883,7.95842],[-64.03058,7.95464],[-64.06765,7.96236],[-64.06801,7.97544],[-64.07682,7.98568],[-64.09106,7.98785],[-64.10632,7.99694],[-64.10911,8.00032],[-64.12456,8.00623],[-64.13165,7.99641],[-64.15497,7.97935],[-64.17621,7.97247],[-64.1774,7.96648],[-64.16723,7.96635],[-64.15966,7.96062],[-64.16085,7.94834],[-64.17814,7.95014],[-64.19415,7.94882],[-64.19953,7.94613],[-64.20461,7.93685],[-64.21195,7.93288],[-64.22399,7.94025],[-64.23683,7.94061],[-64.24561,7.94851],[-64.25413,7.94539],[-64.2654,7.93311],[-64.26707,7.92894],[-64.26429,7.91082],[-64.26452,7.89806],[-64.2752,7.89449],[-64.28119,7.88805],[-64.2819,7.88209],[-64.27529,7.8747],[-64.26436,7.87112],[-64.26303,7.86241],[-64.26758,7.85252],[-64.26252,7.8375],[-64.2655,7.81211],[-64.26123,7.79513],[-64.25094,7.78313],[-64.23398,7.75452],[-64.23168,7.74212],[-64.22387,7.73413],[-64.21306,7.7352],[-64.20454,7.73365],[-64.19817,7.72852],[-64.19372,7.71886],[-64.18843,7.71421],[-64.18159,7.71683],[-64.17414,7.71433],[-64.16501,7.70527],[-64.15552,7.69966],[-64.15647,7.6881],[-64.16378,7.67951],[-64.16305,7.67284],[-64.15271,7.65984],[-64.14501,7.64613],[-64.13457,7.64803],[-64.12302,7.63003],[-64.12002,7.61429],[-64.12151,7.60561],[-64.11554,7.59677],[-64.11853,7.58675],[-64.11155,7.57555],[-64.11639,7.56612],[-64.1137,7.56043],[-64.09413,7.55742],[-64.09004,7.55015],[-64.0685,7.5371],[-64.05269,7.53905],[-64.03779,7.52963],[-64.03214,7.52224],[-64.03092,7.50876],[-64.03526,7.48504],[-64.04184,7.48175],[-64.0248,7.47385],[-64.01901,7.47785],[-64.0139,7.4763],[-63.99862,7.45946],[-63.99176,7.44852],[-63.97423,7.44573],[-63.96722,7.43758],[-63.96205,7.43626],[-63.94317,7.43759],[-63.93295,7.44108],[-63.92225,7.43687],[-63.91408,7.44108],[-63.89829,7.44395],[-63.88065,7.43736],[-63.8655,7.43736],[-63.86201,7.43989],[-63.83965,7.43749],[-63.8239,7.43761],[-63.81223,7.44062],[-63.79312,7.43846],[-63.78313,7.43497],[-63.74727,7.43403],[-63.71556,7.42958],[-63.71412,7.44437],[-63.69982,7.45207],[-63.69268,7.4617],[-63.68516,7.46349],[-63.66701,7.47408],[-63.6604,7.473],[-63.64886,7.47841],[-63.63663,7.50193],[-63.63697,7.5098],[-63.62969,7.52986],[-63.6132,7.55628],[-63.59791,7.58991],[-63.57241,7.61243],[-63.55111,7.62895],[-63.51781,7.65627],[-63.47521,7.68931],[-63.09503,7.99622],[-62.9996,8.0729],[-62.99993,8.2367],[-63.00011,8.33802],[-63.00121,8.33811]]]},"properties":{"municipio":"Heres","estado":"BOLÍVAR"}},{"type":"Feature","geometry":{"type":"Polygon","coordinates":[[[-62.32127,8.28036],[-62.45655,8.36046],[-62.47355,8.31958],[-62.5187,8.33658],[-62.54292,8.24612],[-62.57525,8.08652],[-62.68217,8.08325],[-62.92388,8.08444],[-62.93547,8.0761],[-62.94577,8.07161],[-62.94925,8.06601],[-62.95607,8.06392],[-62.96573,8.05815],[-62.97088,8.05237],[-62.97422,8.04883],[-62.97831,8.04477],[-62.98078,8.03803],[-62.98557,8.03286],[-63.00256,8.02176],[-63.00521,8.01303],[-63.0031,8.00051],[-63.00606,7.98791],[-63.00349,7.96952],[-62.99153,7.94559],[-63.00036,7.94008],[-62.99764,7.93227],[-63.00195,7.90814],[-63.00994,7.89925],[-63.01773,7.88484],[-63.00383,7.86409],[-63.00045,7.83288],[-62.99364,7.80546],[-62.98924,7.77704],[-62.98737,7.75375],[-62.97687,7.72689],[-62.96048,7.6943],[-62.94412,7.67031],[-62.93352,7.64834],[-62.92158,7.621],[-62.91063,7.60501],[-62.87592,7.56849],[-62.86583,7.5593],[-62.85105,7.54175],[-62.83794,7.51918],[-62.82314,7.48993],[-62.81251,7.45662],[-62.80852,7.44181],[-62.80352,7.40312],[-62.79465,7.36911],[-62.78818,7.34878],[-62.77603,7.32419],[-62.76892,7.30771],[-62.76729,7.29857],[-62.76778,7.28179],[-62.77717,7.25336],[-62.7799,7.24094],[-62.78489,7.22816],[-62.79645,7.20725],[-62.80802,7.19005],[-62.83937,7.14106],[-62.85283,7.11729],[-62.85471,7.10594],[-62.87615,7.06723],[-62.87888,7.05923],[-62.89389,7.03306],[-62.91043,7.00143],[-62.92815,6.96522],[-62.93275,6.95209],[-62.9357,6.92664],[-62.93424,6.91649],[-62.93028,6.91121],[-62.90247,6.88857],[-62.88462,6.88082],[-62.8723,6.87856],[-62.85564,6.86663],[-62.8458,6.85302],[-62.84471,6.82212],[-62.8508,6.79879],[-62.85018,6.79139],[-62.84347,6.75757],[-62.84301,6.74421],[-62.83194,6.71771],[-62.82546,6.70792],[-62.81444,6.70183],[-62.80749,6.69562],[-62.80279,6.68165],[-62.80198,6.66841],[-62.80797,6.6438],[-62.81772,6.62805],[-62.84929,6.58503],[-62.86892,6.55134],[-62.87353,6.5327],[-62.88342,6.5192],[-62.89069,6.51251],[-62.89976,6.50772],[-62.90092,6.49367],[-62.9058,6.48717],[-62.92261,6.47211],[-62.93487,6.45693],[-62.93974,6.44666],[-62.94066,6.43113],[-62.95099,6.4072],[-62.95333,6.39063],[-62.95796,6.37976],[-62.9688,6.36984],[-62.97212,6.35956],[-62.97076,6.35394],[-62.95163,6.31356],[-62.94371,6.30266],[-62.93701,6.29748],[-62.91779,6.27618],[-62.91356,6.29435],[-62.91538,6.32237],[-62.91143,6.32706],[-62.89926,6.32449],[-62.89193,6.31875],[-62.88893,6.31033],[-62.88087,6.3039],[-62.86971,6.30007],[-62.85233,6.29709],[-62.84835,6.28794],[-62.85443,6.26052],[-62.85441,6.24489],[-62.83637,6.24331],[-62.82473,6.23709],[-62.81181,6.22719],[-62.79948,6.22238],[-62.79373,6.21229],[-62.78797,6.19555],[-62.77474,6.17877],[-62.75957,6.14972],[-62.75609,6.13793],[-62.74658,6.12703],[-62.73843,6.12404],[-62.71755,6.1062],[-62.70651,6.09913],[-62.69621,6.09998],[-62.68925,6.09602],[-62.69,6.07945],[-62.67184,6.07542],[-62.66247,6.06368],[-62.64545,6.0601],[-62.63805,6.05032],[-62.62529,6.04309],[-62.6139,6.04034],[-62.60973,6.04633],[-62.60951,6.05675],[-62.59468,6.06946],[-62.59098,6.07437],[-62.59203,6.08374],[-62.58742,6.09138],[-62.58709,6.10157],[-62.59081,6.10636],[-62.60701,6.11941],[-62.60619,6.12648],[-62.59686,6.13269],[-62.58236,6.12924],[-62.57517,6.13176],[-62.56405,6.14086],[-62.55272,6.13243],[-62.5378,6.13476],[-62.51614,6.14099],[-62.5026,6.13967],[-62.48977,6.1338],[-62.47028,6.12205],[-62.44419,6.10397],[-62.43388,6.09281],[-62.43591,6.08656],[-62.43372,6.07803],[-62.4243,6.07801],[-62.41072,6.07288],[-62.39982,6.0736],[-62.39442,6.07108],[-62.3812,6.04648],[-62.36069,6.02878],[-62.34871,6.02363],[-62.32975,6.00386],[-62.30322,6.03967],[-62.2816,6.07995],[-62.27743,6.09097],[-62.26957,6.12104],[-62.26519,6.15386],[-62.26724,6.16524],[-62.27374,6.18561],[-62.28444,6.20574],[-62.30172,6.22755],[-62.33052,6.25188],[-62.34599,6.26303],[-62.36339,6.27801],[-62.38284,6.29927],[-62.40146,6.32935],[-62.40956,6.35295],[-62.4105,6.38086],[-62.41333,6.39752],[-62.41718,6.4089],[-62.41672,6.418],[-62.41151,6.45648],[-62.41647,6.48006],[-62.42035,6.50689],[-62.35787,6.56474],[-62.35873,6.57373],[-62.34918,6.5987],[-62.34069,6.61319],[-62.33411,6.62122],[-62.33568,6.63284],[-62.34247,6.63859],[-62.34303,6.65345],[-62.33436,6.66818],[-62.31753,6.68243],[-62.31197,6.69015],[-62.2988,6.70161],[-62.29507,6.69742],[-62.28038,6.69984],[-62.27344,6.70561],[-62.26458,6.71842],[-62.24612,6.72261],[-62.22293,6.73395],[-62.21244,6.73624],[-62.19289,6.73803],[-62.18421,6.74848],[-62.17672,6.75416],[-62.16978,6.76412],[-62.14711,6.76578],[-62.138,6.76973],[-62.13369,6.77823],[-62.13492,6.80411],[-62.13121,6.81165],[-62.13147,6.82663],[-62.12465,6.84495],[-62.12779,6.86531],[-62.13441,6.88257],[-62.1385,6.88904],[-62.13299,6.89754],[-62.14404,6.91073],[-62.14669,6.92367],[-62.15689,6.92427],[-62.18643,6.94897],[-62.19388,6.95844],[-62.20337,6.96288],[-62.21154,6.97499],[-62.213,6.98769],[-62.23004,6.99309],[-62.24024,6.99142],[-62.25957,6.99646],[-62.26856,6.99419],[-62.27731,6.98653],[-62.2868,6.99013],[-62.28646,7.04915],[-62.30515,7.07184],[-62.31045,7.08622],[-62.31071,7.10095],[-62.32081,7.11413],[-62.33943,7.12217],[-62.34918,7.1411],[-62.35331,7.15929],[-62.35425,7.1866],[-62.36937,7.23443],[-62.39022,7.28368],[-62.39372,7.29829],[-62.4155,7.32789],[-62.41961,7.33999],[-62.41999,7.35329],[-62.41568,7.36371],[-62.38799,7.3952],[-62.37325,7.41688],[-62.35393,7.43137],[-62.34589,7.43519],[-62.32758,7.43842],[-62.31846,7.44332],[-62.30567,7.44739],[-62.29537,7.46889],[-62.28272,7.48607],[-62.28351,7.49028],[-62.27787,7.50104],[-62.26544,7.50064],[-62.25631,7.50483],[-62.24209,7.5147],[-62.23381,7.5232],[-62.22607,7.52571],[-62.22187,7.53379],[-62.22585,7.54625],[-62.23054,7.54817],[-62.24892,7.54759],[-62.25301,7.55412],[-62.27128,7.55713],[-62.27609,7.56402],[-62.27762,7.58342],[-62.28809,7.59637],[-62.29833,7.62153],[-62.29329,7.62704],[-62.29024,7.63704],[-62.29098,7.64944],[-62.28823,7.6607],[-62.29029,7.67561],[-62.28711,7.67908],[-62.27443,7.6774],[-62.26169,7.67824],[-62.25635,7.68231],[-62.25534,7.68986],[-62.26358,7.70436],[-62.25951,7.714],[-62.25272,7.71249],[-62.24322,7.70554],[-62.23455,7.69517],[-62.2277,7.69858],[-62.22163,7.69564],[-62.21928,7.68563],[-62.21068,7.68401],[-62.21086,7.67748],[-62.2052,7.67029],[-62.20027,7.66974],[-62.19193,7.67435],[-62.17035,7.66918],[-62.16283,7.663],[-62.15832,7.65599],[-62.14551,7.64496],[-62.14385,7.67179],[-62.13978,7.68238],[-62.14165,7.68646],[-62.14142,7.70011],[-62.1511,7.70902],[-62.15075,7.72471],[-62.15773,7.72699],[-62.15702,7.73945],[-62.15919,7.75191],[-62.16379,7.75995],[-62.16691,7.76366],[-62.17904,7.76499],[-62.183,7.76822],[-62.18806,7.7839],[-62.19563,7.79432],[-62.20192,7.8136],[-62.20266,7.83207],[-62.20003,7.84079],[-62.19485,7.84561],[-62.19427,7.85316],[-62.18873,7.85482],[-62.1831,7.86762],[-62.19944,7.87266],[-62.2045,7.89408],[-62.21664,7.9027],[-62.23467,7.91792],[-62.22976,7.93107],[-62.23746,7.93886],[-62.23693,7.95301],[-62.23454,7.95721],[-62.23509,7.97331],[-62.23308,7.97672],[-62.23199,7.99293],[-62.22595,8.00973],[-62.22385,8.0214],[-62.21258,8.07125],[-62.28483,8.19909],[-62.28149,8.21192],[-62.27405,8.22651],[-62.27681,8.2372],[-62.28177,8.24566],[-62.28193,8.25881],[-62.28493,8.26841],[-62.29213,8.27151],[-62.30766,8.27082],[-62.32127,8.28036]]]},"properties":{"municipio":"Piar","estado":"BOLÍVAR"}},{"type":"Feature","geometry":{"type":"Polygon","coordinates":[[[-62.61781,8.45987],[-62.61694,8.45242],[-62.63333,8.43249],[-62.64091,8.4185],[-62.65026,8.40534],[-62.66865,8.38965],[-62.6868,8.38574],[-62.7012,8.38377],[-62.72857,8.38544],[-62.74072,8.39139],[-62.7494,8.40563],[-62.75502,8.40927],[-62.76661,8.41181],[-62.78225,8.405],[-62.79987,8.36686],[-62.81463,8.34212],[-62.82217,8.3219],[-62.83162,8.31156],[-62.84878,8.30537],[-62.86457,8.29259],[-62.87684,8.28583],[-62.88531,8.28349],[-62.90257,8.28323],[-62.91982,8.29321],[-62.93659,8.32418],[-62.94449,8.32912],[-62.95692,8.3336],[-62.95365,8.34019],[-62.95926,8.34326],[-62.97087,8.33625],[-62.97477,8.34104],[-62.98288,8.33804],[-62.99247,8.3405],[-62.99917,8.33808],[-63.00011,8.33802],[-63.00048,8.04083],[-62.99147,8.04403],[-62.97796,8.04532],[-62.97088,8.05237],[-62.96573,8.05815],[-62.95607,8.06392],[-62.94963,8.06584],[-62.94577,8.07161],[-62.93547,8.0761],[-62.92388,8.08444],[-62.78544,8.08331],[-62.68217,8.08325],[-62.57525,8.08652],[-62.53868,8.26164],[-62.5187,8.33658],[-62.47355,8.31958],[-62.45655,8.36046],[-62.50395,8.38629],[-62.5593,8.42106],[-62.61781,8.45987]]]},"properties":{"municipio":"Caroní","estado":"BOLÍVAR"}},{"type":"Feature","geometry":{"type":"Polygon","coordinates":[[[-62.32127,8.28036],[-62.30766,8.27082],[-62.29213,8.27151],[-62.28493,8.26841],[-62.28193,8.25881],[-62.28177,8.24566],[-62.27681,8.2372],[-62.27405,8.22651],[-62.28149,8.21192],[-62.28483,8.19909],[-62.21258,8.07125],[-62.22385,8.0214],[-62.22595,8.00973],[-62.23199,7.99293],[-62.23308,7.97672],[-62.23509,7.97331],[-62.23454,7.95721],[-62.23693,7.95301],[-62.23746,7.93886],[-62.22976,7.93107],[-62.23467,7.91792],[-62.21664,7.9027],[-62.2045,7.89408],[-62.19944,7.87266],[-62.1831,7.86762],[-62.18873,7.85482],[-62.19427,7.85316],[-62.19485,7.84561],[-62.20003,7.84079],[-62.20266,7.83207],[-62.20192,7.8136],[-62.19563,7.79432],[-62.18806,7.7839],[-62.183,7.76822],[-62.17904,7.76499],[-62.16691,7.76366],[-62.16379,7.75995],[-62.15106,7.76329],[-62.13953,7.76004],[-62.12405,7.7611],[-62.11192,7.75606],[-62.1052,7.7557],[-62.08718,7.75029],[-62.07746,7.75208],[-62.06366,7.75732],[-62.03235,7.78456],[-62.01842,7.78933],[-62.01037,7.78034],[-61.99909,7.77626],[-61.98672,7.77863],[-61.9806,7.77719],[-61.96487,7.77944],[-61.95467,7.77225],[-61.93978,7.76864],[-61.93029,7.76168],[-61.92068,7.75126],[-61.91504,7.73857],[-61.90987,7.73425],[-61.90098,7.71414],[-61.89594,7.69762],[-61.88081,7.68803],[-61.87025,7.68382],[-61.8622,7.66682],[-61.8586,7.66275],[-61.84468,7.65519],[-61.85068,7.67039],[-61.85189,7.67913],[-61.84781,7.68893],[-61.84901,7.69874],[-61.86449,7.71145],[-61.8663,7.7203],[-61.87242,7.72929],[-61.87339,7.74664],[-61.85923,7.77688],[-61.85755,7.79386],[-61.84963,7.80414],[-61.84411,7.82291],[-61.84243,7.83463],[-61.83847,7.84467],[-61.83055,7.8577],[-61.82995,7.86966],[-61.83812,7.87243],[-61.8458,7.88524],[-61.85618,7.90663],[-61.85313,7.92345],[-61.84425,7.93097],[-61.83716,7.94615],[-61.83993,7.96374],[-61.83801,7.97366],[-61.82768,7.98214],[-61.82071,7.97937],[-61.81399,7.97075],[-61.8045,7.96487],[-61.78853,7.96197],[-61.76607,7.95379],[-61.7573,7.94839],[-61.73749,7.9322],[-61.72824,7.92799],[-61.70291,7.92662],[-61.67144,7.93193],[-61.65437,7.94431],[-61.64296,7.95649],[-61.65178,7.96572],[-61.64871,7.98374],[-61.65031,7.98784],[-61.64924,8.0284],[-61.65126,8.03962],[-61.65702,8.0559],[-61.65897,8.06996],[-61.66351,8.07966],[-61.67754,8.09241],[-61.68239,8.10214],[-61.69791,8.11379],[-61.70369,8.12558],[-61.71249,8.12841],[-61.71375,8.13835],[-61.71879,8.14036],[-61.72303,8.15327],[-61.72894,8.16246],[-61.73179,8.17148],[-61.72532,8.18332],[-61.73472,8.18254],[-61.74049,8.19007],[-61.73441,8.19734],[-61.73792,8.20246],[-61.73599,8.20933],[-61.72823,8.21059],[-61.72538,8.21734],[-61.74505,8.22152],[-61.74514,8.22805],[-61.7397,8.23198],[-61.73741,8.24043],[-61.74269,8.25149],[-61.74923,8.25884],[-61.755,8.26055],[-61.75762,8.27172],[-61.76596,8.28004],[-61.76231,8.28452],[-61.76645,8.29667],[-61.76691,8.3079],[-61.7611,8.31501],[-61.73824,8.32421],[-61.72095,8.32939],[-61.70942,8.33117],[-61.69942,8.34076],[-61.69778,8.35324],[-61.69268,8.35666],[-61.68523,8.3676],[-61.68179,8.37905],[-61.68637,8.38878],[-61.69893,8.40068],[-61.69575,8.41614],[-61.70582,8.42387],[-61.70599,8.43231],[-61.69598,8.44001],[-61.69777,8.44436],[-61.85773,8.40263],[-62.00359,8.36469],[-62.09435,8.34077],[-62.32127,8.28036]]]},"properties":{"municipio":"Padre Pedro Chien","estado":"BOLÍVAR"}},{"type":"Feature","geometry":{"type":"Polygon","coordinates":[[[-68.95366,7.30036],[-68.95391,7.2923],[-68.95798,7.28636],[-68.9666,7.28623],[-68.96744,7.27637],[-68.9806,7.27171],[-68.98013,7.25984],[-68.9909,7.25566],[-68.99114,7.24522],[-69.00215,7.24282],[-69.00531,7.2351],[-68.99641,7.2268],[-68.9979,7.22055],[-69.01359,7.22028],[-69.01634,7.20448],[-69.02999,7.20006],[-69.03739,7.20017],[-69.05033,7.20537],[-69.05596,7.2018],[-69.05953,7.18772],[-69.06879,7.18245],[-69.08639,7.17684],[-69.09609,7.1596],[-69.10277,7.15864],[-69.11308,7.16135],[-69.12601,7.15005],[-69.2416,7.17492],[-69.38818,7.20604],[-69.44331,7.21788],[-69.47277,7.20548],[-69.48068,7.2063],[-69.48858,7.18942],[-69.49453,7.18823],[-69.55209,7.27067],[-69.56909,7.29601],[-69.61826,7.36767],[-69.61297,7.35075],[-69.613,7.34247],[-69.63218,7.33804],[-69.63822,7.33497],[-69.65315,7.30927],[-69.6527,7.30323],[-69.66102,7.29648],[-69.66528,7.29985],[-69.68833,7.28515],[-69.69771,7.27377],[-69.7133,7.27574],[-69.71667,7.27061],[-69.72328,7.27166],[-69.73137,7.27693],[-69.75038,7.28216],[-69.75869,7.27837],[-69.76105,7.2731],[-69.7685,7.27353],[-69.78297,7.26653],[-69.78747,7.2573],[-69.80024,7.26138],[-69.8126,7.2599],[-69.81881,7.25541],[-69.83778,7.23708],[-69.84865,7.23392],[-69.85142,7.2375],[-69.87419,7.23078],[-69.88122,7.23141],[-69.89252,7.22867],[-69.90452,7.23476],[-69.90793,7.23266],[-69.91946,7.23322],[-69.92585,7.22795],[-69.93989,7.2236],[-69.95195,7.23248],[-69.97037,7.23728],[-69.98284,7.23604],[-69.9838,7.22132],[-69.99413,7.21607],[-70.01465,7.21764],[-70.03476,7.22149],[-70.05201,7.21736],[-70.06046,7.21322],[-70.07721,7.21645],[-70.10096,7.2137],[-70.10509,7.21008],[-70.11369,7.21337],[-70.1265,7.22347],[-70.13319,7.22438],[-70.1408,7.23149],[-70.14565,7.24391],[-70.16165,7.23803],[-70.17379,7.23853],[-70.18472,7.23148],[-70.19376,7.23239],[-70.2023,7.22718],[-70.21955,7.22395],[-70.23867,7.22682],[-70.2457,7.23245],[-70.26605,7.22807],[-70.27358,7.2289],[-70.2781,7.2332],[-70.28606,7.23303],[-70.30362,7.24134],[-70.31878,7.2406],[-70.32665,7.24217],[-70.34105,7.23464],[-70.3516,7.23563],[-70.35637,7.24027],[-70.37194,7.24268],[-70.3476,7.2235],[-70.29383,7.18012],[-70.22883,7.13152],[-70.15199,7.07085],[-70.08891,7.02243],[-70.09314,7.01434],[-70.09008,7.01036],[-70.0969,7.00113],[-70.09626,6.9959],[-70.1021,6.99037],[-70.1082,6.99012],[-70.11773,6.97923],[-69.54096,6.24565],[-69.53017,6.24516],[-69.52491,6.24877],[-69.51589,6.24488],[-69.5087,6.24922],[-69.50713,6.25866],[-69.49981,6.26095],[-69.49431,6.2825],[-69.48898,6.28473],[-69.49237,6.29241],[-69.4885,6.29926],[-69.48874,6.30622],[-69.47344,6.30654],[-69.46739,6.30847],[-69.45831,6.30657],[-69.45142,6.31144],[-69.4516,6.3172],[-69.43618,6.32065],[-69.42958,6.31502],[-69.42311,6.3184],[-69.40908,6.31494],[-69.40134,6.3182],[-69.39711,6.31227],[-69.3884,6.3124],[-69.37969,6.3204],[-69.37884,6.32526],[-69.36771,6.32414],[-69.3538,6.32537],[-69.34642,6.3306],[-69.34624,6.34512],[-69.33989,6.34387],[-69.3333,6.34947],[-69.3212,6.34667],[-69.31207,6.35184],[-69.30015,6.34671],[-69.29447,6.3505],[-69.27639,6.34753],[-69.27174,6.34226],[-69.25643,6.33431],[-69.24137,6.33355],[-69.2349,6.33951],[-69.22619,6.3391],[-69.22522,6.34456],[-69.21778,6.35316],[-69.21796,6.36534],[-69.21373,6.37219],[-69.2023,6.37185],[-69.19425,6.3784],[-69.18533,6.378],[-69.18853,6.38615],[-69.18545,6.39234],[-69.17879,6.38677],[-69.17547,6.40106],[-69.16748,6.40275],[-69.16452,6.40936],[-69.14595,6.42145],[-69.13881,6.41828],[-69.13403,6.42273],[-69.12381,6.42107],[-69.11516,6.42721],[-69.11582,6.43362],[-69.10881,6.43424],[-69.10645,6.42854],[-69.09411,6.42628],[-69.08443,6.43332],[-69.07784,6.42685],[-69.06774,6.42945],[-69.05988,6.42719],[-69.04564,6.42993],[-69.04171,6.43857],[-69.03572,6.43889],[-69.02592,6.44502],[-69.01025,6.44379],[-68.99953,6.45128],[-68.99911,6.4634],[-68.99221,6.46647],[-68.98477,6.46421],[-68.9826,6.45779],[-68.97231,6.45427],[-68.96354,6.446],[-68.95961,6.44625],[-68.94999,6.45659],[-68.94975,6.46253],[-68.94413,6.47304],[-68.93402,6.47493],[-68.92924,6.48436],[-68.91962,6.4896],[-68.91206,6.48613],[-68.90565,6.48963],[-68.89458,6.48587],[-68.88768,6.49266],[-68.88684,6.5037],[-68.87722,6.51194],[-68.86718,6.50332],[-68.85393,6.50154],[-68.84934,6.49561],[-68.83609,6.50163],[-68.82847,6.50087],[-68.81915,6.50592],[-68.81238,6.51686],[-68.80464,6.51243],[-68.79109,6.51342],[-68.78867,6.50976],[-68.78032,6.52952],[-68.77585,6.53103],[-68.76472,6.52259],[-68.75541,6.52003],[-68.74875,6.52724],[-68.74071,6.52167],[-68.73708,6.52426],[-68.73387,6.54065],[-68.7231,6.54174],[-68.71772,6.54553],[-68.71192,6.53985],[-68.70508,6.55162],[-68.70647,6.55852],[-68.70223,6.56938],[-68.69322,6.57174],[-68.69364,6.57948],[-68.68205,6.57867],[-68.67364,6.58714],[-68.66487,6.58956],[-68.66372,6.60408],[-68.6584,6.60529],[-68.65211,6.59144],[-68.63905,6.58589],[-68.63536,6.58859],[-68.64098,6.59848],[-68.62876,6.60433],[-68.62979,6.61386],[-68.62029,6.61958],[-68.59489,6.60997],[-68.58605,6.6166],[-68.58979,6.6199],[-68.72799,6.71917],[-68.87853,6.82864],[-68.88424,6.86216],[-68.90216,6.97665],[-68.91209,7.03482],[-68.92728,7.13263],[-68.94115,7.21988],[-68.95366,7.30036]]]},"properties":{"municipio":"Rómulo Gallegos","estado":"APURE"}},{"type":"Feature","geometry":{"type":"Polygon","coordinates":[[[-67.63344,7.70096],[-67.64745,7.69235],[-67.65671,7.6909],[-67.66455,7.68529],[-67.67274,7.69154],[-67.67784,7.68808],[-67.68567,7.69642],[-67.68629,7.70168],[-67.6992,7.70177],[-67.71657,7.69996],[-67.72112,7.70232],[-67.74428,7.69752],[-67.75506,7.69281],[-67.7595,7.70306],[-67.76956,7.70426],[-67.77713,7.70825],[-67.78898,7.71052],[-67.79298,7.71723],[-67.80411,7.72285],[-67.80865,7.72095],[-67.8164,7.72512],[-67.82077,7.72186],[-67.84591,7.72344],[-67.84131,7.67373],[-67.83039,7.57483],[-67.84935,7.57611],[-67.85984,7.57985],[-67.86276,7.58437],[-67.88061,7.5819],[-67.89548,7.58635],[-67.91171,7.58946],[-67.91859,7.58135],[-67.93165,7.58001],[-67.93804,7.57536],[-67.94374,7.57627],[-67.95096,7.56887],[-67.9575,7.56612],[-67.96208,7.55344],[-67.97724,7.54905],[-67.98134,7.5547],[-67.98711,7.54729],[-67.99975,7.54701],[-68.02633,7.53329],[-68.03293,7.53506],[-68.04229,7.53199],[-68.04322,7.52804],[-68.07618,7.32116],[-68.07953,7.30154],[-68.08881,7.05604],[-68.0923,6.96323],[-68.06865,6.86807],[-68.01355,6.64511],[-68.0216,6.6415],[-68.02299,6.63412],[-68.02874,6.62889],[-68.04434,6.6333],[-68.05475,6.62265],[-68.05318,6.61651],[-68.04611,6.61473],[-68.04248,6.60891],[-68.04145,6.59051],[-68.053,6.59049],[-68.0547,6.58237],[-68.05155,6.57098],[-68.07018,6.56604],[-68.07551,6.56861],[-68.0801,6.58082],[-68.09616,6.58007],[-68.10602,6.56355],[-68.10851,6.55034],[-68.1174,6.55237],[-68.11921,6.55728],[-68.13264,6.565],[-68.14552,6.55759],[-68.14812,6.54601],[-68.15776,6.5468],[-68.16054,6.55214],[-68.16962,6.55152],[-68.17651,6.55679],[-68.188,6.55623],[-68.19647,6.55321],[-68.19387,6.54782],[-68.21794,6.53541],[-68.22551,6.52448],[-68.23965,6.53496],[-68.25,6.53932],[-68.25495,6.55599],[-68.26608,6.56401],[-68.26856,6.55993],[-68.26814,6.54961],[-68.27497,6.55176],[-68.28187,6.56368],[-68.28665,6.56433],[-68.28447,6.54652],[-68.29911,6.54637],[-68.30504,6.54246],[-68.31775,6.54053],[-68.32567,6.55545],[-68.33843,6.56017],[-68.34382,6.55224],[-68.35379,6.5515],[-68.36553,6.55898],[-68.37756,6.5586],[-68.39091,6.56366],[-68.40234,6.56544],[-68.40367,6.57762],[-68.41232,6.58786],[-68.42538,6.60002],[-68.4376,6.60047],[-68.44335,6.595],[-68.43929,6.58313],[-68.44299,6.57706],[-68.45132,6.58342],[-68.46335,6.58604],[-68.46299,6.57879],[-68.47104,6.5699],[-68.47055,6.56108],[-68.47648,6.55681],[-68.48247,6.558],[-68.48386,6.55006],[-68.49741,6.54673],[-68.50984,6.54749],[-68.51275,6.56015],[-68.52224,6.56373],[-68.52605,6.57663],[-68.53863,6.57978],[-68.53851,6.59246],[-68.52515,6.60227],[-68.52176,6.61026],[-68.52351,6.6172],[-68.53397,6.62462],[-68.54274,6.62526],[-68.55073,6.63545],[-68.55938,6.63417],[-68.56065,6.62897],[-68.57184,6.61689],[-68.58605,6.6166],[-68.59489,6.60997],[-68.62029,6.61958],[-68.62979,6.61386],[-68.62876,6.60433],[-68.64098,6.59848],[-68.63536,6.58859],[-68.63905,6.58589],[-68.65211,6.59144],[-68.6584,6.60529],[-68.66372,6.60408],[-68.66487,6.58956],[-68.67364,6.58714],[-68.68205,6.57867],[-68.69364,6.57948],[-68.69322,6.57174],[-68.70223,6.56938],[-68.70647,6.55852],[-68.70508,6.55162],[-68.71192,6.53985],[-68.71772,6.54553],[-68.7231,6.54174],[-68.73387,6.54065],[-68.73708,6.52426],[-68.74071,6.52167],[-68.74875,6.52724],[-68.75541,6.52003],[-68.76472,6.52259],[-68.77585,6.53103],[-68.78032,6.52952],[-68.78867,6.50976],[-68.79109,6.51342],[-68.80464,6.51243],[-68.81238,6.51686],[-68.81915,6.50592],[-68.82847,6.50087],[-68.83609,6.50163],[-68.84934,6.49561],[-68.85393,6.50154],[-68.86718,6.50332],[-68.87722,6.51194],[-68.88684,6.5037],[-68.88768,6.49266],[-68.89458,6.48587],[-68.90565,6.48963],[-68.91206,6.48613],[-68.91962,6.4896],[-68.92924,6.48436],[-68.93402,6.47493],[-68.94413,6.47304],[-68.94975,6.46253],[-68.94999,6.45659],[-68.95961,6.44625],[-68.96354,6.446],[-68.97231,6.45427],[-68.9826,6.45779],[-68.98477,6.46421],[-68.99221,6.46647],[-68.99911,6.4634],[-68.99953,6.45128],[-69.01025,6.44379],[-69.02592,6.44502],[-69.03572,6.43889],[-69.04171,6.43857],[-69.04564,6.42993],[-69.05988,6.42719],[-69.06774,6.42945],[-69.07784,6.42685],[-69.08443,6.43332],[-69.09411,6.42628],[-69.10645,6.42854],[-69.10881,6.43424],[-69.11582,6.43362],[-69.11516,6.42721],[-69.12381,6.42107],[-69.13403,6.42273],[-69.13881,6.41828],[-69.14595,6.42145],[-69.16452,6.40936],[-69.16748,6.40275],[-69.17547,6.40106],[-69.17879,6.38677],[-69.18545,6.39234],[-69.18853,6.38615],[-69.18533,6.378],[-69.19425,6.3784],[-69.2023,6.37185],[-69.21373,6.37219],[-69.21796,6.36534],[-69.21778,6.35316],[-69.22522,6.34456],[-69.22619,6.3391],[-69.2349,6.33951],[-69.24137,6.33355],[-69.25643,6.33431],[-69.27174,6.34226],[-69.27639,6.34753],[-69.29447,6.3505],[-69.30015,6.34671],[-69.31207,6.35184],[-69.3212,6.34667],[-69.3333,6.34947],[-69.33989,6.34387],[-69.34624,6.34512],[-69.34642,6.3306],[-69.3538,6.32537],[-69.36771,6.32414],[-69.37884,6.32526],[-69.37969,6.3204],[-69.3884,6.3124],[-69.39711,6.31227],[-69.40134,6.3182],[-69.40908,6.31494],[-69.42311,6.3184],[-69.42958,6.31502],[-69.43618,6.32065],[-69.4516,6.3172],[-69.45142,6.31144],[-69.45831,6.30657],[-69.46739,6.30847],[-69.47344,6.30654],[-69.48874,6.30622],[-69.4885,6.29926],[-69.49237,6.29241],[-69.48898,6.28473],[-69.49431,6.2825],[-69.49981,6.26095],[-69.50713,6.25866],[-69.5087,6.24922],[-69.51589,6.24488],[-69.52491,6.24877],[-69.53017,6.24516],[-69.54096,6.24565],[-69.43389,6.10915],[-69.42337,6.09967],[-69.40442,6.11877],[-69.36648,6.12978],[-69.34588,6.13746],[-69.31757,6.10932],[-69.30881,6.08871],[-69.29898,6.07245],[-69.27832,6.06057],[-69.25661,6.05848],[-69.22633,6.08683],[-69.20797,6.11296],[-69.19066,6.12931],[-69.17334,6.14349],[-69.15598,6.14463],[-69.14517,6.15879],[-69.13091,6.18056],[-69.1201,6.19255],[-69.0984,6.19805],[-69.08,6.21331],[-69.05397,6.21991],[-69.03659,6.21779],[-69.0159,6.19396],[-68.98225,6.19406],[-68.96596,6.19302],[-68.94858,6.18655],[-68.93335,6.17573],[-68.91816,6.17577],[-68.87147,6.16938],[-68.84436,6.17815],[-68.83024,6.1771],[-68.81394,6.16954],[-68.80958,6.16086],[-68.79651,6.14568],[-68.78783,6.14353],[-68.76289,6.15446],[-68.72382,6.15456],[-68.70644,6.15134],[-68.6771,6.13403],[-68.65214,6.13517],[-68.63479,6.14064],[-68.61744,6.14937],[-68.60118,6.16027],[-68.58383,6.16465],[-68.5708,6.16251],[-68.55558,6.15059],[-68.53712,6.14846],[-68.5187,6.16261],[-68.51439,6.17892],[-68.49595,6.1833],[-68.45579,6.18338],[-68.43626,6.18776],[-68.41997,6.18562],[-68.37981,6.18569],[-68.36244,6.1792],[-68.35049,6.17813],[-68.33854,6.17164],[-68.32441,6.15971],[-68.3103,6.15973],[-68.29838,6.16627],[-68.2832,6.17716],[-68.26368,6.18914],[-68.23981,6.19677],[-68.19966,6.20661],[-68.17796,6.21424],[-68.14757,6.21428],[-68.09679,6.23064],[-68.07073,6.22632],[-68.05878,6.21439],[-68.04248,6.20028],[-68.02402,6.19704],[-68.00558,6.20684],[-67.96759,6.21122],[-67.95783,6.22209],[-67.9242,6.24602],[-67.91119,6.26015],[-67.89708,6.27211],[-67.86996,6.28734],[-67.84609,6.31126],[-67.8309,6.32213],[-67.80484,6.32541],[-67.78963,6.31129],[-67.77008,6.29501],[-67.74728,6.29502],[-67.71363,6.29721],[-67.68431,6.29179],[-67.64631,6.28963],[-67.6246,6.28964],[-67.59746,6.27226],[-67.5866,6.26249],[-67.57032,6.26249],[-67.55295,6.26684],[-67.541,6.26575],[-67.52255,6.2462],[-67.49975,6.22882],[-67.45685,6.1949],[-67.45685,6.1949],[-67.45685,6.1949],[-67.45575,6.19084],[-67.43924,6.19717],[-67.43796,6.20477],[-67.43146,6.21505],[-67.42799,6.23336],[-67.41806,6.25242],[-67.41066,6.26186],[-67.40256,6.26222],[-67.39316,6.25865],[-67.38626,6.25883],[-67.36822,6.26578],[-67.34493,6.28168],[-67.32814,6.28577],[-67.31469,6.30773],[-67.30797,6.3218],[-67.30271,6.32871],[-67.28877,6.33563],[-67.2841,6.35204],[-67.28298,6.37471],[-67.28401,6.38535],[-67.2727,6.39702],[-67.25858,6.40236],[-67.24762,6.41176],[-67.22847,6.41377],[-67.22081,6.41786],[-67.20304,6.43162],[-67.18516,6.43761],[-67.17322,6.44752],[-67.16313,6.46337],[-67.15956,6.47602],[-67.16302,6.50276],[-67.16081,6.50773],[-67.15833,6.52648],[-67.15811,6.54019],[-67.15297,6.54834],[-67.14406,6.55529],[-67.13534,6.57839],[-67.13165,6.59234],[-67.12526,6.60515],[-67.12465,6.62684],[-67.12607,6.64346],[-67.11521,6.66961],[-67.11468,6.68924],[-67.11606,6.69612],[-67.11246,6.70883],[-67.10129,6.72654],[-67.0941,6.74052],[-67.07973,6.75322],[-67.06543,6.7589],[-67.04532,6.7749],[-67.03927,6.78395],[-67.03943,6.79392],[-67.04268,6.8194],[-67.038,6.84132],[-67.03765,6.86003],[-67.04212,6.86492],[-67.0407,6.87534],[-67.02794,6.88902],[-67.02595,6.89701],[-67.03721,6.90534],[-67.04304,6.93071],[-67.05861,6.95316],[-67.06876,6.97584],[-67.06922,6.98278],[-67.07965,7.00075],[-67.08105,7.01956],[-67.07872,7.03187],[-67.08013,7.03945],[-67.07705,7.06249],[-67.07838,7.07256],[-67.08294,7.07904],[-67.08173,7.08821],[-67.0774,7.09627],[-67.06727,7.12368],[-67.04794,7.138],[-67.03043,7.15237],[-67.0177,7.16543],[-67.00287,7.18359],[-66.99635,7.18785],[-67.00095,7.19579],[-67.01279,7.19892],[-67.02178,7.19803],[-67.02391,7.21328],[-67.03583,7.20988],[-67.03625,7.22053],[-67.02972,7.23166],[-67.02286,7.22651],[-67.01771,7.22659],[-67.01494,7.23353],[-67.01674,7.24023],[-67.02646,7.23957],[-67.03741,7.2436],[-67.04844,7.25069],[-67.05954,7.25487],[-67.06803,7.24994],[-67.07849,7.248],[-67.09723,7.25993],[-67.10229,7.25936],[-67.10849,7.25331],[-67.11193,7.25959],[-67.11789,7.26136],[-67.12246,7.25547],[-67.1339,7.26127],[-67.1317,7.27063],[-67.12746,7.27676],[-67.13171,7.28781],[-67.12714,7.29104],[-67.13123,7.30572],[-67.12454,7.31097],[-67.11972,7.30969],[-67.12071,7.32622],[-67.13003,7.33525],[-67.12367,7.34598],[-67.13489,7.34927],[-67.14502,7.34998],[-67.14781,7.36329],[-67.15606,7.36587],[-67.15957,7.37321],[-67.16872,7.37215],[-67.17615,7.37537],[-67.18277,7.37214],[-67.18742,7.36463],[-67.19886,7.37567],[-67.22091,7.38066],[-67.23161,7.3792],[-67.23684,7.38919],[-67.23219,7.40315],[-67.23334,7.4109],[-67.24334,7.41503],[-67.24727,7.42148],[-67.2769,7.41057],[-67.2845,7.41201],[-67.29316,7.42395],[-67.30337,7.41999],[-67.32061,7.43699],[-67.32665,7.43642],[-67.33213,7.44206],[-67.33866,7.44359],[-67.34365,7.45367],[-67.35313,7.45867],[-67.37654,7.45858],[-67.38406,7.46979],[-67.39027,7.46946],[-67.39517,7.47365],[-67.40383,7.47486],[-67.40669,7.48655],[-67.42475,7.49089],[-67.43406,7.49758],[-67.43529,7.50524],[-67.44591,7.51024],[-67.45026,7.51836],[-67.31632,7.63393],[-67.30231,7.64546],[-67.30429,7.65107],[-67.31798,7.6581],[-67.32439,7.65584],[-67.33672,7.65833],[-67.34291,7.65291],[-67.34544,7.64296],[-67.35964,7.64933],[-67.36857,7.64384],[-67.39005,7.6448],[-67.39819,7.64348],[-67.41069,7.65658],[-67.4202,7.65556],[-67.41984,7.66354],[-67.42986,7.65849],[-67.43635,7.66852],[-67.44218,7.68382],[-67.45508,7.68463],[-67.46171,7.69188],[-67.4687,7.68873],[-67.48907,7.68408],[-67.50529,7.68826],[-67.52302,7.6827],[-67.53238,7.68468],[-67.54478,7.67458],[-67.55567,7.67319],[-67.56604,7.68088],[-67.579,7.68091],[-67.58375,7.68494],[-67.59283,7.68377],[-67.60645,7.68845],[-67.61813,7.68531],[-67.6262,7.70039],[-67.63344,7.70096]]]},"properties":{"municipio":"Pedro Camejo","estado":"APURE"}},{"type":"Feature","geometry":{"type":"Polygon","coordinates":[[[-69.90155,7.78962],[-69.90608,7.77961],[-69.92052,7.76704],[-69.92608,7.75505],[-69.939,7.74998],[-69.94504,7.7455],[-69.94937,7.73608],[-69.95657,7.73574],[-69.9666,7.75055],[-69.97241,7.75213],[-69.99014,7.74371],[-69.99782,7.74307],[-70.01268,7.74684],[-70.0224,7.74693],[-70.03759,7.74409],[-70.04318,7.74122],[-70.04908,7.73271],[-70.05997,7.72469],[-70.06891,7.72279],[-70.08607,7.72224],[-70.09177,7.72057],[-70.0987,7.70972],[-70.11041,7.70537],[-70.1143,7.69139],[-70.14588,7.68222],[-70.148,7.67412],[-70.15589,7.66441],[-70.15106,7.64801],[-70.1612,7.63243],[-70.16486,7.62289],[-70.17249,7.61444],[-70.18852,7.61508],[-70.2033,7.60659],[-70.2095,7.59877],[-70.21192,7.5907],[-70.2235,7.5916],[-70.2372,7.60166],[-70.24859,7.60479],[-70.26056,7.61423],[-70.27054,7.6077],[-70.28427,7.60659],[-70.29776,7.60963],[-70.30582,7.59872],[-70.3151,7.603],[-70.32062,7.60181],[-70.32727,7.59214],[-70.32254,7.57688],[-70.32292,7.57131],[-70.34275,7.56282],[-70.34558,7.54819],[-70.34999,7.53936],[-70.35841,7.52875],[-70.35765,7.52185],[-70.36215,7.51324],[-70.36005,7.49965],[-70.36062,7.48498],[-70.37335,7.47811],[-70.37878,7.46847],[-70.38154,7.45866],[-70.38751,7.44967],[-70.40446,7.43836],[-70.41721,7.43809],[-70.4367,7.42302],[-70.44667,7.41942],[-70.46534,7.41769],[-70.48571,7.41947],[-70.49849,7.41541],[-70.51126,7.40939],[-70.51368,7.40039],[-70.50826,7.38452],[-70.50871,7.37282],[-70.51699,7.36605],[-70.52496,7.36834],[-70.53151,7.37592],[-70.54814,7.37137],[-70.55564,7.35691],[-70.57959,7.33927],[-70.58881,7.33694],[-70.61174,7.32239],[-70.62294,7.32995],[-70.6346,7.33198],[-70.64479,7.33125],[-70.65161,7.32618],[-70.6682,7.3202],[-70.67616,7.3209],[-70.68346,7.31542],[-70.6853,7.30415],[-70.69215,7.29512],[-70.70061,7.29372],[-70.71498,7.29493],[-70.72938,7.30525],[-70.73727,7.29425],[-70.7461,7.29813],[-70.74559,7.28853],[-70.75133,7.28928],[-70.75404,7.29499],[-70.76342,7.29749],[-70.77169,7.30334],[-70.78822,7.29778],[-70.79428,7.30314],[-70.80312,7.30576],[-70.80217,7.31188],[-70.80826,7.31472],[-70.82264,7.31407],[-70.82799,7.31877],[-70.83938,7.3181],[-70.8498,7.32522],[-70.8725,7.33269],[-70.88294,7.33124],[-70.87515,7.32479],[-70.88257,7.31864],[-70.8904,7.32017],[-70.90408,7.31111],[-70.91446,7.3159],[-70.91928,7.31214],[-70.93645,7.30825],[-70.95551,7.30701],[-70.96243,7.31004],[-70.96251,7.31531],[-70.96777,7.32403],[-70.9745,7.32814],[-70.98737,7.32651],[-70.98845,7.33249],[-70.99788,7.34028],[-71.00234,7.33847],[-71.01598,7.34079],[-71.02743,7.33951],[-71.03149,7.34828],[-71.04392,7.35271],[-71.05922,7.34742],[-71.07387,7.35131],[-71.07579,7.35846],[-71.08196,7.35848],[-71.0862,7.36665],[-71.09819,7.36556],[-71.10426,7.37056],[-71.10815,7.3641],[-71.11854,7.36755],[-71.1284,7.36351],[-71.13646,7.36648],[-71.15367,7.36456],[-71.1693,7.37229],[-71.17859,7.37964],[-71.1784,7.38858],[-71.18904,7.39137],[-71.19944,7.38655],[-71.20081,7.39495],[-71.21566,7.40448],[-71.21962,7.41073],[-71.21961,7.4199],[-71.23104,7.42114],[-71.23922,7.41721],[-71.2437,7.42646],[-71.25284,7.42967],[-71.2603,7.4258],[-71.26931,7.4299],[-71.27722,7.42291],[-71.29006,7.43579],[-71.30664,7.44483],[-71.32279,7.43985],[-71.3267,7.44562],[-71.3405,7.44278],[-71.34563,7.44604],[-71.35433,7.43605],[-71.36077,7.44063],[-71.37109,7.43748],[-71.3802,7.44512],[-71.39159,7.44492],[-71.39827,7.44764],[-71.41209,7.44246],[-71.42088,7.44489],[-71.42736,7.44317],[-71.43659,7.44985],[-71.4414,7.45688],[-71.44774,7.45725],[-71.45382,7.46225],[-71.47363,7.44909],[-71.48112,7.45125],[-71.48435,7.44512],[-71.49264,7.44221],[-71.49634,7.43626],[-71.50773,7.44021],[-71.50953,7.42711],[-71.51852,7.41917],[-71.53345,7.42],[-71.54243,7.42684],[-71.5507,7.42083],[-71.55957,7.42929],[-71.57545,7.43294],[-71.57851,7.42856],[-71.5896,7.42644],[-71.59229,7.41941],[-71.59978,7.41868],[-71.60715,7.42775],[-71.61848,7.43146],[-71.62304,7.44017],[-71.62771,7.44029],[-71.64209,7.42609],[-71.65755,7.42061],[-71.67385,7.42257],[-71.68284,7.41721],[-71.69231,7.42315],[-71.7077,7.42085],[-71.7146,7.42757],[-71.72802,7.43338],[-71.73905,7.44334],[-71.74714,7.4479],[-71.74708,7.45583],[-71.74337,7.46461],[-71.74895,7.46928],[-71.75835,7.46789],[-71.76332,7.47697],[-71.76967,7.47802],[-71.77094,7.47058],[-71.77663,7.46817],[-71.78149,7.47333],[-71.79719,7.47547],[-71.80378,7.48213],[-71.81237,7.48612],[-71.82805,7.48233],[-71.83989,7.4893],[-71.85154,7.48372],[-71.84843,7.4687],[-71.85449,7.46436],[-71.85367,7.44733],[-71.85817,7.44488],[-71.86258,7.4288],[-71.86683,7.43011],[-71.87458,7.42169],[-71.88768,7.41091],[-71.90734,7.40798],[-71.91743,7.39955],[-71.92557,7.39749],[-71.94672,7.38645],[-71.95419,7.38591],[-71.96946,7.37864],[-71.9787,7.36883],[-71.99458,7.36282],[-72.00391,7.36435],[-72.01779,7.36153],[-72.02889,7.3651],[-72.03623,7.36289],[-72.05069,7.36867],[-72.05856,7.36934],[-72.07131,7.38322],[-72.07687,7.39461],[-72.09725,7.40299],[-72.12432,7.39635],[-72.12756,7.39368],[-72.14538,7.39155],[-72.16475,7.38269],[-72.17083,7.3955],[-72.17007,7.4005],[-72.18002,7.40334],[-72.18848,7.41043],[-72.19366,7.41794],[-72.19996,7.42019],[-72.21015,7.42328],[-72.2117,7.42755],[-72.22186,7.43412],[-72.22879,7.42886],[-72.2358,7.42936],[-72.24404,7.42531],[-72.2561,7.42811],[-72.26232,7.42347],[-72.27433,7.42569],[-72.28123,7.42997],[-72.28699,7.42688],[-72.29664,7.42675],[-72.30426,7.43271],[-72.32177,7.43403],[-72.32702,7.42604],[-72.34046,7.42893],[-72.34346,7.41875],[-72.35007,7.41803],[-72.36594,7.42146],[-72.3892,7.41214],[-72.39039,7.41135],[-72.40747,7.41134],[-72.41384,7.40551],[-72.41538,7.399],[-72.39,7.39503],[-72.37527,7.39864],[-72.35983,7.39435],[-72.3557,7.39693],[-72.34607,7.39335],[-72.32565,7.3759],[-72.31148,7.38143],[-72.3062,7.3896],[-72.29974,7.39141],[-72.28706,7.38907],[-72.27982,7.38401],[-72.25241,7.38002],[-72.24813,7.38762],[-72.24096,7.39154],[-72.23408,7.39046],[-72.22805,7.39436],[-72.21217,7.39286],[-72.20695,7.38749],[-72.19515,7.38545],[-72.19586,7.38103],[-72.18815,7.37455],[-72.18108,7.35619],[-72.15465,7.32887],[-72.16112,7.31825],[-72.1596,7.31269],[-72.16609,7.30357],[-72.17096,7.2911],[-72.16782,7.27795],[-72.16865,7.27083],[-72.17467,7.2595],[-72.16951,7.25201],[-72.05009,7.04255],[-72.02053,7.02564],[-72.01589,7.01874],[-71.99523,7.00945],[-71.98232,7.0113],[-71.96164,7.01057],[-71.9498,7.01276],[-71.92369,7.01254],[-71.88773,7.01554],[-71.88319,7.01476],[-71.86967,7.0184],[-71.86305,7.01714],[-71.85606,7.02046],[-71.84458,7.02075],[-71.83524,7.02326],[-71.8266,7.02946],[-71.82395,7.03815],[-71.82718,7.0472],[-71.82475,7.05268],[-71.8019,7.06007],[-71.797,7.06919],[-71.79306,7.06964],[-71.78964,7.06087],[-71.77638,7.05833],[-71.76564,7.06552],[-71.75979,7.07298],[-71.76345,7.07877],[-71.75902,7.084],[-71.75155,7.07694],[-71.74269,7.07603],[-71.7447,7.06911],[-71.75468,7.0612],[-71.74592,7.05399],[-71.73936,7.05493],[-71.73246,7.06984],[-71.72051,7.06826],[-71.71589,7.04667],[-71.71514,7.03773],[-71.70168,7.04142],[-71.6895,7.03631],[-71.67269,7.03665],[-71.66697,7.03273],[-71.66312,7.02257],[-71.65343,7.0183],[-71.64903,7.02369],[-71.65797,7.03451],[-71.65521,7.04557],[-71.64363,7.0542],[-71.6329,7.05327],[-71.62314,7.04431],[-71.61726,7.04276],[-71.59969,7.04649],[-71.59462,7.05206],[-71.58753,7.05453],[-71.58423,7.04945],[-71.5907,7.03192],[-71.59068,7.02201],[-71.58526,7.01964],[-71.57511,7.02457],[-71.56138,7.0276],[-71.54409,7.03337],[-71.53155,7.03525],[-71.51554,7.02232],[-71.50762,7.02679],[-71.50044,7.03564],[-71.49216,7.03031],[-71.48609,7.0166],[-71.47699,7.01525],[-71.46992,7.02027],[-71.47217,7.03558],[-71.46839,7.04157],[-71.46099,7.04092],[-71.45624,7.03244],[-71.45894,7.01411],[-71.45321,7.00876],[-71.44879,7.02469],[-71.43566,7.02547],[-71.43138,7.03377],[-71.42634,7.03733],[-71.41273,7.03525],[-71.39206,7.0362],[-71.38665,7.03193],[-71.38085,7.01954],[-71.37699,7.01631],[-71.36491,7.01569],[-71.35916,7.01936],[-71.33422,7.01784],[-71.30823,7.0242],[-71.2984,7.02939],[-71.28369,7.02456],[-71.26347,7.03192],[-71.25771,7.01988],[-71.24831,7.01813],[-71.24501,7.01333],[-71.23709,7.01483],[-71.23104,7.02649],[-71.22408,7.02696],[-71.21865,7.02175],[-71.20898,7.01938],[-71.20092,7.02515],[-71.19187,7.01932],[-71.1722,7.02546],[-71.14752,7.02695],[-71.14274,7.03337],[-71.1308,7.03289],[-71.12609,7.03037],[-71.12277,7.02259],[-71.12333,7.01415],[-71.11854,7.01099],[-71.109,7.01121],[-71.10467,7.00359],[-71.11509,6.99057],[-71.11477,6.98688],[-71.09795,6.98265],[-71.09244,6.97715],[-71.08627,6.97835],[-71.08035,6.97499],[-71.04486,6.97517],[-71.03528,6.97337],[-71.01874,6.96519],[-70.99247,6.97535],[-70.98265,6.99375],[-70.97776,6.99933],[-70.97476,7.00955],[-70.96245,7.01493],[-70.96168,7.02356],[-70.95656,7.02328],[-70.95269,7.0138],[-70.92624,7.02038],[-70.92309,7.02996],[-70.91593,7.02369],[-70.90902,7.02626],[-70.90866,7.0334],[-70.89882,7.04155],[-70.89855,7.05209],[-70.89513,7.0579],[-70.88753,7.06201],[-70.87511,7.06176],[-70.8531,7.05311],[-70.85103,7.06106],[-70.85397,7.07569],[-70.84646,7.07418],[-70.83722,7.07728],[-70.82471,7.07001],[-70.81668,7.07956],[-70.8003,7.08336],[-70.78573,7.0829],[-70.78017,7.07815],[-70.77429,7.08076],[-70.77139,7.08796],[-70.76532,7.09076],[-70.76168,7.0976],[-70.74652,7.09125],[-70.73755,7.08984],[-70.71417,7.09459],[-70.69795,7.09561],[-70.69263,7.10044],[-70.67877,7.09463],[-70.67208,7.08675],[-70.64991,7.07824],[-70.63971,7.07001],[-70.61481,7.06777],[-70.60797,7.06413],[-70.58532,7.0685],[-70.58113,7.077],[-70.57357,7.07576],[-70.56752,7.08132],[-70.56252,7.07748],[-70.55496,7.07882],[-70.54143,7.06619],[-70.52504,7.03756],[-70.51023,7.02789],[-70.51425,7.02234],[-70.50144,7.00584],[-70.49021,7.00922],[-70.47487,7.00176],[-70.4592,7.0024],[-70.45631,7.01126],[-70.45003,7.01001],[-70.44336,7.00323],[-70.43933,7.00823],[-70.43048,7.00791],[-70.42709,6.99504],[-70.42188,6.9866],[-70.41374,6.98167],[-70.40198,6.98855],[-70.39697,6.98195],[-70.38464,6.98571],[-70.37853,6.98095],[-70.3706,6.98081],[-70.37111,6.97271],[-70.36038,6.96632],[-70.36051,6.95674],[-70.35296,6.95734],[-70.35201,6.95145],[-70.34349,6.9445],[-70.33796,6.9449],[-70.32706,6.94072],[-70.32261,6.93541],[-70.30106,6.93792],[-70.29404,6.93409],[-70.28468,6.94096],[-70.27765,6.93787],[-70.26551,6.94143],[-70.25596,6.94701],[-70.24478,6.95941],[-70.22933,6.96594],[-70.22349,6.97518],[-70.20101,6.97641],[-70.19512,6.97902],[-70.17428,6.97692],[-70.15532,6.98125],[-70.14999,6.98441],[-70.13945,6.97691],[-70.13243,6.97529],[-70.1249,6.9792],[-70.11773,6.97923],[-70.1082,6.99012],[-70.1021,6.99037],[-70.09626,6.9959],[-70.0969,7.00113],[-70.09008,7.01036],[-70.09314,7.01434],[-70.08891,7.02243],[-70.15199,7.07085],[-70.22883,7.13152],[-70.29383,7.18012],[-70.3476,7.2235],[-70.37194,7.24268],[-70.35637,7.24027],[-70.3516,7.23563],[-70.34105,7.23464],[-70.32665,7.24217],[-70.31878,7.2406],[-70.30362,7.24134],[-70.28606,7.23303],[-70.2781,7.2332],[-70.27358,7.2289],[-70.26605,7.22807],[-70.2457,7.23245],[-70.23867,7.22682],[-70.21955,7.22395],[-70.2023,7.22718],[-70.19376,7.23239],[-70.18472,7.23148],[-70.17379,7.23853],[-70.16165,7.23803],[-70.14565,7.24391],[-70.1408,7.23149],[-70.13319,7.22438],[-70.1265,7.22347],[-70.11369,7.21337],[-70.10509,7.21008],[-70.10096,7.2137],[-70.07721,7.21645],[-70.06046,7.21322],[-70.05201,7.21736],[-70.03476,7.22149],[-70.01465,7.21764],[-69.99413,7.21607],[-69.9838,7.22132],[-69.98284,7.23604],[-69.97037,7.23728],[-69.95195,7.23248],[-69.93989,7.2236],[-69.92585,7.22795],[-69.91946,7.23322],[-69.90793,7.23266],[-69.90452,7.23476],[-69.89252,7.22867],[-69.88122,7.23141],[-69.87419,7.23078],[-69.85142,7.2375],[-69.84865,7.23392],[-69.83778,7.23708],[-69.81881,7.25541],[-69.8126,7.2599],[-69.80024,7.26138],[-69.78747,7.2573],[-69.78297,7.26653],[-69.7685,7.27353],[-69.76105,7.2731],[-69.75869,7.27837],[-69.75038,7.28216],[-69.73137,7.27693],[-69.72328,7.27166],[-69.71667,7.27061],[-69.7133,7.27574],[-69.69771,7.27377],[-69.68833,7.28515],[-69.66528,7.29985],[-69.66102,7.29648],[-69.6527,7.30323],[-69.65315,7.30927],[-69.63822,7.33497],[-69.63218,7.33804],[-69.613,7.34247],[-69.61297,7.35075],[-69.61826,7.36767],[-69.64391,7.46565],[-69.66338,7.54155],[-69.6667,7.55279],[-69.69846,7.58505],[-69.79635,7.68517],[-69.90155,7.78962]]]},"properties":{"municipio":"Paéz","estado":"APURE"}},{"type":"Feature","geometry":{"type":"Polygon","coordinates":[[[-67.37622,7.90058],[-67.38173,7.89978],[-67.38391,7.90623],[-67.39153,7.90957],[-67.39727,7.90837],[-67.40324,7.91267],[-67.41688,7.9074],[-67.42048,7.89641],[-67.43746,7.88456],[-67.46091,7.89926],[-67.47075,7.90197],[-67.4913,7.90087],[-67.51622,7.90853],[-67.51278,7.89693],[-67.50272,7.8787],[-67.53189,7.79966],[-67.54321,7.78959],[-67.63344,7.70096],[-67.6262,7.70039],[-67.61813,7.68531],[-67.60645,7.68845],[-67.59283,7.68377],[-67.58375,7.68494],[-67.579,7.68091],[-67.56604,7.68088],[-67.55567,7.67319],[-67.54478,7.67458],[-67.53238,7.68468],[-67.52302,7.6827],[-67.50529,7.68826],[-67.48907,7.68408],[-67.4687,7.68873],[-67.46171,7.69188],[-67.45508,7.68463],[-67.44218,7.68382],[-67.43635,7.66852],[-67.42986,7.65849],[-67.41984,7.66354],[-67.4202,7.65556],[-67.41069,7.65658],[-67.39819,7.64348],[-67.39005,7.6448],[-67.36857,7.64384],[-67.35964,7.64933],[-67.34544,7.64296],[-67.34291,7.65291],[-67.33672,7.65833],[-67.32439,7.65584],[-67.31798,7.6581],[-67.30429,7.65107],[-67.30231,7.64546],[-67.31632,7.63393],[-67.45026,7.51836],[-67.44591,7.51024],[-67.43529,7.50524],[-67.43406,7.49758],[-67.42475,7.49089],[-67.40669,7.48655],[-67.40383,7.47486],[-67.39517,7.47365],[-67.39027,7.46946],[-67.38406,7.46979],[-67.37654,7.45858],[-67.35313,7.45867],[-67.34365,7.45367],[-67.33866,7.44359],[-67.33213,7.44206],[-67.32665,7.43642],[-67.32061,7.43699],[-67.30337,7.41999],[-67.29316,7.42395],[-67.2845,7.41201],[-67.2769,7.41057],[-67.24727,7.42148],[-67.24334,7.41503],[-67.23334,7.4109],[-67.23219,7.40315],[-67.23684,7.38919],[-67.23161,7.3792],[-67.22091,7.38066],[-67.19886,7.37567],[-67.18742,7.36463],[-67.18277,7.37214],[-67.17615,7.37537],[-67.16872,7.37215],[-67.15957,7.37321],[-67.15606,7.36587],[-67.14781,7.36329],[-67.14502,7.34998],[-67.13489,7.34927],[-67.12367,7.34598],[-67.13003,7.33525],[-67.12071,7.32622],[-67.11972,7.30969],[-67.12454,7.31097],[-67.13123,7.30572],[-67.12714,7.29104],[-67.13171,7.28781],[-67.12746,7.27676],[-67.1317,7.27063],[-67.1339,7.26127],[-67.12246,7.25547],[-67.11789,7.26136],[-67.11193,7.25959],[-67.10849,7.25331],[-67.10229,7.25936],[-67.09723,7.25993],[-67.07849,7.248],[-67.06803,7.24994],[-67.05954,7.25487],[-67.04844,7.25069],[-67.03741,7.2436],[-67.02646,7.23957],[-67.01674,7.24023],[-67.01494,7.23353],[-67.01771,7.22659],[-67.02286,7.22651],[-67.02972,7.23166],[-67.03625,7.22053],[-67.03583,7.20988],[-67.02391,7.21328],[-67.02178,7.19803],[-67.01279,7.19892],[-67.00095,7.19579],[-66.99635,7.18785],[-66.97348,7.1952],[-66.9621,7.20067],[-66.93196,7.19407],[-66.91769,7.18691],[-66.91399,7.18233],[-66.90323,7.17854],[-66.89312,7.17952],[-66.87894,7.19346],[-66.86733,7.19885],[-66.8583,7.20797],[-66.85184,7.22122],[-66.84444,7.24247],[-66.83644,7.24883],[-66.81117,7.26362],[-66.7917,7.27644],[-66.77354,7.28454],[-66.73577,7.283],[-66.71476,7.29156],[-66.69262,7.31019],[-66.68415,7.31398],[-66.67142,7.31197],[-66.65808,7.3166],[-66.63369,7.31889],[-66.62167,7.31744],[-66.60983,7.32011],[-66.60561,7.32465],[-66.60295,7.33359],[-66.59499,7.332],[-66.59457,7.35554],[-66.59588,7.37594],[-66.59237,7.38587],[-66.57781,7.39813],[-66.55622,7.42806],[-66.5468,7.43146],[-66.52564,7.43533],[-66.51651,7.44418],[-66.51166,7.47675],[-66.51349,7.48827],[-66.51725,7.49781],[-66.51041,7.50787],[-66.49518,7.51403],[-66.48675,7.53371],[-66.48877,7.53979],[-66.48425,7.56417],[-66.47279,7.58002],[-66.46377,7.58596],[-66.43011,7.60403],[-66.42196,7.61535],[-66.41388,7.62062],[-66.39581,7.61917],[-66.38833,7.62363],[-66.37861,7.63409],[-66.36911,7.63754],[-66.35717,7.64591],[-66.35251,7.65214],[-66.34192,7.65826],[-66.3347,7.65935],[-66.33658,7.67081],[-66.32812,7.68357],[-66.3304,7.68788],[-66.34067,7.69185],[-66.35453,7.71924],[-66.36288,7.72585],[-66.37381,7.71917],[-66.38107,7.71923],[-66.39176,7.71285],[-66.40695,7.71074],[-66.41752,7.71494],[-66.44046,7.71637],[-66.45103,7.72213],[-66.45853,7.72357],[-66.47048,7.72994],[-66.48657,7.73185],[-66.48663,7.73936],[-66.47696,7.7491],[-66.4781,7.76034],[-66.48801,7.76797],[-66.51479,7.77991],[-66.51485,7.79235],[-66.52193,7.79313],[-66.52916,7.81269],[-66.53121,7.81334],[-66.55226,7.80204],[-66.54426,7.78595],[-66.54958,7.77576],[-66.55648,7.78367],[-66.56707,7.777],[-66.58126,7.7801],[-66.58601,7.77469],[-66.59148,7.77631],[-66.59702,7.7673],[-66.60802,7.76243],[-66.61608,7.76422],[-66.63104,7.77368],[-66.63953,7.76095],[-66.651,7.76772],[-66.6551,7.76045],[-66.66436,7.756],[-66.66281,7.7455],[-66.6515,7.7502],[-66.6496,7.72901],[-66.64022,7.72795],[-66.64077,7.71534],[-66.65215,7.69859],[-66.6664,7.69617],[-66.66561,7.70367],[-66.67938,7.70252],[-66.67943,7.7153],[-66.6885,7.71661],[-66.68924,7.7019],[-66.70421,7.69727],[-66.70939,7.69084],[-66.72478,7.69028],[-66.74569,7.69812],[-66.75826,7.69492],[-66.76324,7.7017],[-66.7734,7.70043],[-66.77628,7.70901],[-66.78758,7.71097],[-66.79474,7.7058],[-66.79708,7.71336],[-66.80183,7.71558],[-66.81672,7.73188],[-66.83368,7.72952],[-66.84467,7.73533],[-66.84974,7.72188],[-66.87264,7.72402],[-66.89084,7.73822],[-66.88897,7.74422],[-66.89834,7.75057],[-66.91253,7.75428],[-66.9174,7.75025],[-66.9284,7.74952],[-66.94092,7.74122],[-66.9551,7.74781],[-66.97049,7.74785],[-66.96831,7.75793],[-66.97576,7.76374],[-66.98622,7.76361],[-66.99307,7.76738],[-67.00636,7.76785],[-67.00697,7.75783],[-67.01088,7.75698],[-67.02554,7.76813],[-67.0307,7.77592],[-67.03701,7.77723],[-67.04115,7.78335],[-67.04932,7.78886],[-67.05516,7.78327],[-67.09455,7.77525],[-67.09762,7.7636],[-67.10525,7.7657],[-67.11283,7.76353],[-67.12467,7.76417],[-67.13364,7.7605],[-67.13856,7.76482],[-67.14777,7.75874],[-67.15913,7.76023],[-67.15924,7.76989],[-67.15424,7.7747],[-67.15712,7.7798],[-67.1653,7.77589],[-67.168,7.7799],[-67.18297,7.78043],[-67.18929,7.77496],[-67.19969,7.77495],[-67.21257,7.77751],[-67.21936,7.77636],[-67.22427,7.78374],[-67.22583,7.79448],[-67.24295,7.8004],[-67.24656,7.80478],[-67.2427,7.81018],[-67.25556,7.81773],[-67.25741,7.82937],[-67.26661,7.82828],[-67.27419,7.83085],[-67.28706,7.82369],[-67.30568,7.83669],[-67.32552,7.84772],[-67.32641,7.86273],[-67.32977,7.86639],[-67.32038,7.88146],[-67.32711,7.88092],[-67.33286,7.88854],[-67.35412,7.89321],[-67.35551,7.88384],[-67.36248,7.88264],[-67.37057,7.90082],[-67.37622,7.90058]]]},"properties":{"municipio":"San Fernando","estado":"APURE"}},{"type":"Feature","geometry":{"type":"Polygon","coordinates":[[[-68.04031,7.87433],[-68.0446,7.87737],[-68.05194,7.86974],[-68.05904,7.86795],[-68.06314,7.87172],[-68.0739,7.87453],[-68.0772,7.87828],[-68.09217,7.88295],[-68.10581,7.89728],[-68.12434,7.90342],[-68.1394,7.89731],[-68.1624,7.90619],[-68.17417,7.90216],[-68.18206,7.90416],[-68.19321,7.90005],[-68.20027,7.90221],[-68.21251,7.89548],[-68.21959,7.90078],[-68.21611,7.90665],[-68.21971,7.9121],[-68.2262,7.9115],[-68.2369,7.90299],[-68.24687,7.91326],[-68.2578,7.91252],[-68.26135,7.92248],[-68.26983,7.92075],[-68.26965,7.91473],[-68.279,7.91037],[-68.28095,7.91871],[-68.28792,7.92232],[-68.29542,7.91148],[-68.30466,7.90513],[-68.32289,7.89608],[-68.32416,7.88756],[-68.32798,7.88333],[-68.33811,7.88481],[-68.34811,7.8802],[-68.35682,7.89087],[-68.3746,7.90048],[-68.38567,7.90828],[-68.38489,7.92019],[-68.39545,7.9201],[-68.41641,7.9301],[-68.42688,7.92695],[-68.43819,7.93577],[-68.44979,7.93672],[-68.471,7.92698],[-68.48865,7.92617],[-68.50473,7.9281],[-68.51071,7.93212],[-68.51269,7.94456],[-68.52372,7.94709],[-68.53627,7.94397],[-68.5491,7.94631],[-68.56189,7.95611],[-68.57214,7.9587],[-68.5778,7.95395],[-68.58518,7.95257],[-68.59662,7.95882],[-68.61741,7.96362],[-68.62879,7.958],[-68.63516,7.95053],[-68.64958,7.93824],[-68.66842,7.92813],[-68.69484,7.92343],[-68.7127,7.90748],[-68.72022,7.90335],[-68.74069,7.90152],[-68.75577,7.90701],[-68.76489,7.90726],[-68.78472,7.89096],[-68.79072,7.89061],[-68.80532,7.89747],[-68.82006,7.89335],[-68.82733,7.85995],[-68.85012,7.76367],[-68.88371,7.61329],[-68.89655,7.55781],[-68.93221,7.39641],[-68.95366,7.30036],[-68.94115,7.21988],[-68.92728,7.13263],[-68.91209,7.03482],[-68.90216,6.97665],[-68.88424,6.86216],[-68.87853,6.82864],[-68.72799,6.71917],[-68.58979,6.6199],[-68.58605,6.6166],[-68.57184,6.61689],[-68.56065,6.62897],[-68.55938,6.63417],[-68.55073,6.63545],[-68.54274,6.62526],[-68.53397,6.62462],[-68.52351,6.6172],[-68.52176,6.61026],[-68.52515,6.60227],[-68.53851,6.59246],[-68.53863,6.57978],[-68.52605,6.57663],[-68.52224,6.56373],[-68.51275,6.56015],[-68.50984,6.54749],[-68.49741,6.54673],[-68.48386,6.55006],[-68.48247,6.558],[-68.47648,6.55681],[-68.47055,6.56108],[-68.47104,6.5699],[-68.46299,6.57879],[-68.46335,6.58604],[-68.45132,6.58342],[-68.44299,6.57706],[-68.43929,6.58313],[-68.44335,6.595],[-68.4376,6.60047],[-68.42538,6.60002],[-68.41232,6.58786],[-68.40367,6.57762],[-68.40234,6.56544],[-68.39091,6.56366],[-68.37756,6.5586],[-68.36553,6.55898],[-68.35379,6.5515],[-68.34382,6.55224],[-68.33843,6.56017],[-68.32567,6.55545],[-68.31775,6.54053],[-68.30504,6.54246],[-68.29911,6.54637],[-68.28447,6.54652],[-68.28665,6.56433],[-68.28187,6.56368],[-68.27497,6.55176],[-68.26814,6.54961],[-68.26856,6.55993],[-68.26608,6.56401],[-68.25495,6.55599],[-68.25,6.53932],[-68.23965,6.53496],[-68.22551,6.52448],[-68.21794,6.53541],[-68.19387,6.54782],[-68.19647,6.55321],[-68.188,6.55623],[-68.17651,6.55679],[-68.16962,6.55152],[-68.16054,6.55214],[-68.15776,6.5468],[-68.14812,6.54601],[-68.14552,6.55759],[-68.13264,6.565],[-68.11921,6.55728],[-68.1174,6.55237],[-68.10851,6.55034],[-68.10602,6.56355],[-68.09616,6.58007],[-68.0801,6.58082],[-68.07551,6.56861],[-68.07018,6.56604],[-68.05155,6.57098],[-68.0547,6.58237],[-68.053,6.59049],[-68.04145,6.59051],[-68.04248,6.60891],[-68.04611,6.61473],[-68.05318,6.61651],[-68.05475,6.62265],[-68.04434,6.6333],[-68.02874,6.62889],[-68.02299,6.63412],[-68.0216,6.6415],[-68.01355,6.64511],[-68.06865,6.86807],[-68.0923,6.96323],[-68.08881,7.05604],[-68.07953,7.30154],[-68.07618,7.32116],[-68.04322,7.52804],[-68.04229,7.53199],[-68.03293,7.53506],[-68.02633,7.53329],[-67.99975,7.54701],[-67.98711,7.54729],[-67.98134,7.5547],[-67.97724,7.54905],[-67.96208,7.55344],[-67.9575,7.56612],[-67.95096,7.56887],[-67.94374,7.57627],[-67.93804,7.57536],[-67.93165,7.58001],[-67.91859,7.58135],[-67.91171,7.58946],[-67.89548,7.58635],[-67.88061,7.5819],[-67.86276,7.58437],[-67.85984,7.57985],[-67.84935,7.57611],[-67.83039,7.57483],[-67.84131,7.67373],[-67.84591,7.72344],[-67.85722,7.77682],[-67.8318,7.83734],[-67.82653,7.84866],[-67.8376,7.84279],[-67.8442,7.83481],[-67.85222,7.8301],[-67.86442,7.83182],[-67.87555,7.83554],[-67.8808,7.8321],[-67.89371,7.84349],[-67.9027,7.84458],[-67.91116,7.85583],[-67.92274,7.84903],[-67.93272,7.84622],[-67.94234,7.84024],[-67.96016,7.83562],[-67.96772,7.85022],[-67.97783,7.85237],[-67.98709,7.86008],[-67.9985,7.85519],[-68.00295,7.85737],[-68.0147,7.85619],[-68.02182,7.86354],[-68.03766,7.86145],[-68.04031,7.87433]]]},"properties":{"municipio":"Achaguas","estado":"APURE"}},{"type":"Feature","geometry":{"type":"Polygon","coordinates":[[[-67.53504,7.94316],[-67.54937,7.94329],[-67.56061,7.94795],[-67.56518,7.95571],[-67.57551,7.9618],[-67.5796,7.96945],[-67.59242,7.97957],[-67.59395,7.98438],[-67.60157,7.98374],[-67.61924,7.97014],[-67.62495,7.96745],[-67.64212,7.9646],[-67.65019,7.95994],[-67.64503,7.9517],[-67.6458,7.94479],[-67.64212,7.93811],[-67.64688,7.93446],[-67.6598,7.93082],[-67.66585,7.93264],[-67.66039,7.94134],[-67.66349,7.94405],[-67.67891,7.94408],[-67.68535,7.93953],[-67.68295,7.93117],[-67.68913,7.92115],[-67.69577,7.91498],[-67.70182,7.91679],[-67.70911,7.91146],[-67.72075,7.9095],[-67.72736,7.91715],[-67.73413,7.918],[-67.74052,7.91357],[-67.7562,7.90969],[-67.75965,7.90453],[-67.7664,7.90899],[-67.77969,7.91257],[-67.78679,7.91877],[-67.79925,7.92029],[-67.80085,7.91369],[-67.81206,7.91575],[-67.82322,7.92364],[-67.83267,7.9188],[-67.83144,7.91381],[-67.83672,7.90408],[-67.84407,7.90716],[-67.84991,7.89479],[-67.84882,7.88674],[-67.8552,7.88248],[-67.86134,7.88826],[-67.86721,7.87968],[-67.87511,7.88192],[-67.88146,7.89316],[-67.88881,7.8978],[-67.89523,7.89703],[-67.89832,7.89175],[-67.90451,7.89038],[-67.93436,7.90316],[-67.93793,7.90852],[-67.9453,7.91003],[-67.96587,7.90045],[-67.96908,7.89372],[-67.97508,7.89397],[-67.98649,7.90144],[-68.00139,7.89678],[-68.00901,7.89607],[-68.02102,7.88719],[-68.02402,7.88132],[-68.03817,7.87885],[-68.04031,7.87433],[-68.03766,7.86145],[-68.02182,7.86354],[-68.0147,7.85619],[-68.00295,7.85737],[-67.9985,7.85519],[-67.98709,7.86008],[-67.97783,7.85237],[-67.96772,7.85022],[-67.96016,7.83562],[-67.94234,7.84024],[-67.93272,7.84622],[-67.92274,7.84903],[-67.91116,7.85583],[-67.9027,7.84458],[-67.89371,7.84349],[-67.8808,7.8321],[-67.87555,7.83554],[-67.86442,7.83182],[-67.85222,7.8301],[-67.8442,7.83481],[-67.8376,7.84279],[-67.82653,7.84866],[-67.8318,7.83734],[-67.85722,7.77682],[-67.84591,7.72344],[-67.82077,7.72186],[-67.8164,7.72512],[-67.80865,7.72095],[-67.80411,7.72285],[-67.79298,7.71723],[-67.78898,7.71052],[-67.77713,7.70825],[-67.76956,7.70426],[-67.7595,7.70306],[-67.75506,7.69281],[-67.74428,7.69752],[-67.72112,7.70232],[-67.71657,7.69996],[-67.6992,7.70177],[-67.68629,7.70168],[-67.68567,7.69642],[-67.67784,7.68808],[-67.67274,7.69154],[-67.66455,7.68529],[-67.65671,7.6909],[-67.64745,7.69235],[-67.63344,7.70096],[-67.54321,7.78959],[-67.53189,7.79966],[-67.50272,7.8787],[-67.51278,7.89693],[-67.51622,7.90853],[-67.52174,7.91663],[-67.52652,7.93164],[-67.53504,7.94316]]]},"properties":{"municipio":"Biruaca","estado":"APURE"}},{"type":"Feature","geometry":{"type":"Polygon","coordinates":[[[-68.82006,7.89335],[-68.83034,7.89329],[-68.85093,7.90064],[-68.86082,7.90084],[-68.87261,7.89539],[-68.8847,7.90051],[-68.89536,7.91355],[-68.91766,7.9176],[-68.92612,7.91677],[-68.93702,7.9196],[-68.93809,7.93306],[-68.93283,7.95065],[-68.95576,7.96995],[-68.95653,7.98178],[-68.95952,7.99367],[-68.97362,8.0048],[-68.9804,8.00619],[-68.99419,7.99605],[-69.00104,7.99354],[-69.0101,7.99499],[-69.0172,8.00124],[-69.02445,8.00299],[-69.03522,7.99813],[-69.03894,7.97567],[-69.04682,7.9713],[-69.05526,7.97551],[-69.07218,7.98759],[-69.08094,7.99781],[-69.08844,7.99787],[-69.10413,7.99338],[-69.10889,7.98942],[-69.11512,7.99123],[-69.1194,7.99759],[-69.12247,8.00883],[-69.12346,8.02624],[-69.13601,8.03574],[-69.137,8.04108],[-69.14872,8.0492],[-69.15942,8.04488],[-69.16776,8.04663],[-69.17509,8.05522],[-69.18499,8.05678],[-69.1975,8.06334],[-69.21566,8.06743],[-69.24685,8.05747],[-69.2569,8.06456],[-69.26833,8.05778],[-69.28214,8.05748],[-69.29152,8.0531],[-69.30239,8.05076],[-69.3292,8.05365],[-69.34169,8.05257],[-69.36538,8.05437],[-69.37855,8.04909],[-69.38281,8.04975],[-69.39446,8.05996],[-69.40572,8.06542],[-69.42041,8.06704],[-69.4298,8.06626],[-69.43778,8.06621],[-69.44982,8.05482],[-69.45267,8.04857],[-69.46019,8.04455],[-69.46331,8.03776],[-69.47644,8.02641],[-69.48281,8.01245],[-69.50338,7.99977],[-69.52218,7.99936],[-69.53332,7.99203],[-69.54504,7.97654],[-69.54378,7.96489],[-69.54832,7.95746],[-69.55931,7.95197],[-69.56264,7.93391],[-69.56835,7.93159],[-69.58028,7.93326],[-69.59759,7.92828],[-69.60689,7.90213],[-69.62869,7.89848],[-69.63784,7.89221],[-69.6644,7.87099],[-69.68171,7.86288],[-69.69279,7.85355],[-69.70361,7.84897],[-69.72224,7.82813],[-69.73264,7.82295],[-69.74554,7.82389],[-69.76115,7.82142],[-69.7736,7.81348],[-69.78981,7.81305],[-69.80219,7.80673],[-69.80967,7.7957],[-69.81936,7.79111],[-69.82391,7.79287],[-69.83449,7.8039],[-69.84286,7.80657],[-69.86027,7.80028],[-69.89084,7.79771],[-69.90155,7.78962],[-69.79635,7.68517],[-69.69846,7.58505],[-69.6667,7.55279],[-69.66338,7.54155],[-69.64391,7.46565],[-69.61826,7.36767],[-69.56909,7.29601],[-69.55209,7.27067],[-69.49453,7.18823],[-69.48858,7.18942],[-69.48068,7.2063],[-69.47277,7.20548],[-69.44331,7.21788],[-69.38818,7.20604],[-69.2416,7.17492],[-69.12601,7.15005],[-69.11308,7.16135],[-69.10277,7.15864],[-69.09609,7.1596],[-69.08639,7.17684],[-69.06879,7.18245],[-69.05953,7.18772],[-69.05596,7.2018],[-69.05033,7.20537],[-69.03739,7.20017],[-69.02999,7.20006],[-69.01634,7.20448],[-69.01359,7.22028],[-68.9979,7.22055],[-68.99641,7.2268],[-69.00531,7.2351],[-69.00215,7.24282],[-68.99114,7.24522],[-68.9909,7.25566],[-68.98013,7.25984],[-68.9806,7.27171],[-68.96744,7.27637],[-68.9666,7.28623],[-68.95798,7.28636],[-68.95391,7.2923],[-68.95366,7.30036],[-68.93221,7.39641],[-68.89655,7.55781],[-68.88371,7.61329],[-68.85012,7.76367],[-68.82733,7.85995],[-68.82006,7.89335]]]},"properties":{"municipio":"Muñoz","estado":"APURE"}},{"type":"Feature","geometry":{"type":"Polygon","coordinates":[[[-71.65939,10.76818],[-71.66863,10.77827],[-71.67373,10.78732],[-71.67972,10.80805],[-71.68697,10.81938],[-71.69917,10.84277],[-71.70668,10.86047],[-71.71645,10.89283],[-71.7164,10.9019],[-71.71914,10.91439],[-71.71678,10.91849],[-71.71922,10.92692],[-71.71337,10.93795],[-71.72157,10.95381],[-71.74516,10.97775],[-71.75468,10.9918],[-71.761,10.99368],[-71.7721,10.9922],[-71.77861,10.9963],[-71.77854,11.00193],[-71.78308,11.00591],[-71.79566,11.007],[-71.80319,11.00423],[-71.81122,10.9955],[-71.82587,10.99615],[-71.82921,10.9985],[-71.84293,10.99803],[-71.85279,11.01168],[-71.85261,11.0227],[-71.84793,11.02974],[-71.85868,11.04045],[-71.87339,11.04877],[-71.88694,11.05118],[-71.89606,11.04942],[-71.89867,11.05652],[-71.91098,11.06581],[-71.92225,11.06663],[-71.92936,11.08204],[-71.9384,11.07918],[-71.94753,11.07926],[-71.95634,11.08616],[-71.95988,11.09591],[-71.96819,11.09483],[-71.98783,11.08816],[-71.99543,11.07506],[-71.99111,11.06971],[-71.99926,11.0628],[-71.99658,11.05325],[-71.99768,11.04598],[-72.00807,11.03613],[-72.01962,11.03737],[-72.02246,11.04671],[-72.02698,11.04482],[-72.0329,11.05145],[-72.0519,11.04601],[-72.05864,11.05893],[-72.06764,11.05832],[-72.06934,11.06752],[-72.07742,11.06637],[-72.0742,11.07526],[-72.08068,11.08771],[-72.08775,11.08014],[-72.0948,11.08152],[-72.09584,11.07383],[-72.10234,11.07593],[-72.10653,11.07162],[-72.11357,11.07648],[-72.125,11.07354],[-72.13395,11.08132],[-72.14495,11.07855],[-72.15291,11.06902],[-72.16483,11.0758],[-72.16708,11.08203],[-72.17747,11.08737],[-72.18786,11.08437],[-72.19297,11.09097],[-72.20482,11.08756],[-72.2006,11.082],[-72.19674,11.06977],[-72.20409,11.06371],[-72.21218,11.06329],[-72.22014,11.05685],[-72.21844,11.07138],[-72.22431,11.0749],[-72.23394,11.07272],[-72.23673,11.0592],[-72.25041,11.06477],[-72.25202,11.07465],[-72.25794,11.06977],[-72.2639,11.07312],[-72.26639,11.081],[-72.27642,11.07319],[-72.29823,11.07721],[-72.31107,11.08188],[-72.32316,11.08375],[-72.34583,11.08944],[-72.35471,11.08897],[-72.35647,11.08032],[-72.36231,11.07784],[-72.36389,11.0862],[-72.40364,11.08704],[-72.47728,11.05797],[-72.48144,11.05367],[-72.49338,11.04813],[-72.50742,11.03398],[-72.50778,11.02409],[-72.51717,11.01886],[-72.51897,11.01271],[-72.52548,11.01187],[-72.52719,10.99667],[-72.53683,10.98874],[-72.53775,10.97575],[-72.55327,10.94462],[-72.55348,10.94057],[-72.56132,10.93425],[-72.56281,10.92868],[-72.57158,10.9237],[-72.57466,10.91627],[-72.58272,10.90993],[-72.59353,10.90602],[-72.60303,10.89938],[-72.61351,10.88281],[-72.61746,10.88638],[-72.63704,10.88475],[-72.64768,10.88106],[-72.65038,10.86583],[-72.6606,10.84717],[-72.66296,10.83627],[-72.66854,10.82985],[-72.66831,10.82266],[-72.67468,10.82057],[-72.67633,10.80505],[-72.68262,10.79615],[-72.6788,10.78314],[-72.68276,10.77113],[-72.50862,10.76971],[-72.41307,10.76884],[-72.27206,10.76761],[-72.13378,10.76668],[-71.95556,10.7651],[-71.78175,10.76667],[-71.65939,10.76818]]]},"properties":{"municipio":"Mara","estado":"ZULIA"}},{"type":"Feature","geometry":{"type":"Polygon","coordinates":[[[-71.81003,11.12963],[-71.81116,11.1325],[-71.83841,11.16437],[-71.85501,11.18647],[-71.86728,11.20455],[-71.8864,11.23607],[-71.8976,11.25626],[-71.92047,11.30323],[-71.92943,11.32396],[-71.93213,11.33314],[-71.95117,11.38386],[-71.95738,11.41081],[-71.96269,11.43901],[-71.96729,11.48062],[-71.96883,11.50338],[-71.96785,11.53731],[-71.96227,11.5707],[-71.95602,11.5864],[-71.95063,11.59455],[-71.94134,11.60248],[-71.93231,11.60201],[-71.91105,11.60481],[-71.89613,11.61014],[-71.89191,11.61509],[-71.8802,11.62218],[-71.85762,11.62685],[-71.8472,11.63011],[-71.83647,11.63726],[-71.82515,11.64022],[-71.81844,11.6388],[-71.81196,11.64534],[-71.7777,11.65042],[-71.75292,11.66064],[-71.72182,11.66092],[-71.70002,11.6681],[-71.68729,11.67096],[-71.68121,11.67482],[-71.65957,11.68222],[-71.64626,11.68275],[-71.62478,11.69125],[-71.61077,11.68971],[-71.58415,11.69547],[-71.5767,11.69426],[-71.5551,11.69632],[-71.53928,11.69969],[-71.53287,11.70361],[-71.48619,11.70996],[-71.47325,11.71539],[-71.46404,11.71437],[-71.44943,11.72027],[-71.43982,11.72004],[-71.43332,11.72734],[-71.42719,11.74116],[-71.41533,11.74617],[-71.4069,11.74208],[-71.39705,11.74859],[-71.38264,11.7523],[-71.38037,11.76271],[-71.37449,11.7748],[-71.36702,11.77953],[-71.35034,11.78404],[-71.33851,11.79445],[-71.34279,11.80307],[-71.34433,11.81786],[-71.34007,11.83282],[-71.33142,11.84024],[-71.32379,11.83757],[-71.32502,11.84849],[-71.33663,11.85049],[-71.34532,11.84739],[-71.34749,11.84237],[-71.35732,11.83803],[-71.36534,11.83997],[-71.36898,11.83276],[-71.38815,11.82814],[-71.38597,11.81382],[-71.37841,11.81213],[-71.78356,11.69777],[-71.97233,11.64396],[-72.17847,11.26786],[-72.24568,11.14523],[-72.25282,11.14068],[-72.27182,11.13868],[-72.28305,11.14007],[-72.29305,11.14446],[-72.31332,11.14343],[-72.32653,11.14569],[-72.34569,11.1514],[-72.35771,11.14726],[-72.35935,11.1433],[-72.37498,11.13579],[-72.38802,11.13383],[-72.40525,11.12702],[-72.41647,11.12751],[-72.42868,11.12397],[-72.43699,11.11683],[-72.44687,11.12595],[-72.45719,11.1194],[-72.45745,11.11529],[-72.46703,11.11092],[-72.47639,11.10301],[-72.48693,11.09696],[-72.49908,11.0948],[-72.49594,11.08001],[-72.4858,11.06292],[-72.47728,11.05797],[-72.40364,11.08704],[-72.36389,11.0862],[-72.36231,11.07784],[-72.35647,11.08032],[-72.35471,11.08897],[-72.34583,11.08944],[-72.32316,11.08375],[-72.31107,11.08188],[-72.29823,11.07721],[-72.27642,11.07319],[-72.26639,11.081],[-72.2639,11.07312],[-72.25794,11.06977],[-72.25202,11.07465],[-72.25041,11.06477],[-72.23673,11.0592],[-72.23394,11.07272],[-72.22431,11.0749],[-72.21844,11.07138],[-72.22014,11.05685],[-72.21218,11.06329],[-72.20409,11.06371],[-72.19674,11.06977],[-72.2006,11.082],[-72.20482,11.08756],[-72.19297,11.09097],[-72.18786,11.08437],[-72.17747,11.08737],[-72.16708,11.08203],[-72.16483,11.0758],[-72.15291,11.06902],[-72.14495,11.07855],[-72.13395,11.08132],[-72.125,11.07354],[-72.11357,11.07648],[-72.10653,11.07162],[-72.10234,11.07593],[-72.09584,11.07383],[-72.0948,11.08152],[-72.08775,11.08014],[-72.08068,11.08771],[-72.0742,11.07526],[-72.07742,11.06637],[-72.06934,11.06752],[-72.06764,11.05832],[-72.05864,11.05893],[-72.0519,11.04601],[-72.0329,11.05145],[-72.02698,11.04482],[-72.02246,11.04671],[-72.01962,11.03737],[-72.00807,11.03613],[-71.99768,11.04598],[-71.99658,11.05325],[-71.99926,11.0628],[-71.99111,11.06971],[-71.99543,11.07506],[-71.98783,11.08816],[-71.96819,11.09483],[-71.95988,11.09591],[-71.95634,11.08616],[-71.94753,11.07926],[-71.9384,11.07918],[-71.92936,11.08204],[-71.92225,11.06663],[-71.91098,11.06581],[-71.89867,11.05652],[-71.89606,11.04942],[-71.88694,11.05118],[-71.87339,11.04877],[-71.85868,11.04045],[-71.84793,11.02974],[-71.85261,11.0227],[-71.85279,11.01168],[-71.84293,10.99803],[-71.82921,10.9985],[-71.82587,10.99615],[-71.81122,10.9955],[-71.80319,11.00423],[-71.79566,11.007],[-71.78308,11.00591],[-71.77854,11.00193],[-71.76802,11.00477],[-71.76409,11.01366],[-71.76417,11.02501],[-71.77182,11.03861],[-71.78119,11.03205],[-71.79425,11.03361],[-71.79279,11.04836],[-71.80166,11.05083],[-71.79492,11.05956],[-71.78957,11.05769],[-71.78105,11.06973],[-71.77152,11.06886],[-71.77024,11.07916],[-71.77821,11.08403],[-71.78781,11.09673],[-71.79516,11.10197],[-71.81201,11.1239],[-71.82063,11.12973],[-71.81382,11.13313],[-71.81003,11.12963]]]},"properties":{"municipio":"Indígena Bolivariano Guajira","estado":"ZULIA"}},{"type":"Feature","geometry":{"type":"Polygon","coordinates":[[[-67.8049,9.92896],[-67.80807,9.92613],[-67.8123,9.91237],[-67.80918,9.90017],[-67.81416,9.8906],[-67.8129,9.87932],[-67.81535,9.87323],[-67.81059,9.86209],[-67.80599,9.85733],[-67.80557,9.84857],[-67.80305,9.83905],[-67.79791,9.83236],[-67.80288,9.8193],[-67.79675,9.79962],[-67.79748,9.78358],[-67.78911,9.77423],[-67.78371,9.76526],[-67.77899,9.76312],[-67.76343,9.7631],[-67.76812,9.74163],[-67.76419,9.74013],[-67.76067,9.71339],[-67.7526,9.70209],[-67.75831,9.68243],[-67.77364,9.67113],[-67.77885,9.66942],[-67.78665,9.65633],[-67.8065,9.65055],[-67.8114,9.64526],[-67.81911,9.6318],[-67.82751,9.62468],[-67.84671,9.62444],[-67.85064,9.61899],[-67.85728,9.62085],[-67.88205,9.61021],[-67.89333,9.62033],[-67.90511,9.61516],[-67.91639,9.61554],[-67.92398,9.60878],[-67.926,9.60067],[-67.93533,9.59441],[-67.9349,9.57504],[-67.92755,9.56741],[-67.92802,9.56081],[-67.93583,9.5591],[-67.93568,9.5531],[-67.94551,9.55089],[-67.96674,9.54152],[-67.97307,9.53592],[-67.96881,9.5291],[-67.9616,9.52933],[-67.95584,9.51308],[-67.95403,9.49821],[-67.94946,9.49326],[-67.92726,9.48122],[-67.92824,9.47289],[-67.92288,9.45655],[-67.92531,9.44641],[-67.91881,9.43808],[-67.92122,9.43392],[-67.91829,9.41433],[-67.91453,9.40505],[-67.91976,9.39404],[-67.92283,9.37931],[-67.92478,9.35004],[-67.94399,9.33119],[-67.94641,9.32208],[-67.94079,9.31251],[-67.94105,9.3059],[-67.93541,9.29678],[-67.91688,9.28201],[-67.91343,9.27292],[-67.9046,9.26692],[-67.9046,9.25964],[-67.89762,9.24641],[-67.88568,9.24494],[-67.88132,9.23099],[-67.80806,9.22613],[-67.6372,9.21507],[-67.58264,9.21173],[-67.52238,9.20736],[-67.49202,9.21778],[-67.47382,9.21233],[-67.4617,9.20318],[-67.44554,9.20575],[-67.43891,9.20144],[-67.42342,9.19726],[-67.40564,9.19528],[-67.39886,9.19045],[-67.39164,9.20582],[-67.37934,9.21156],[-67.37288,9.22587],[-67.36583,9.22515],[-67.36552,9.23281],[-67.35659,9.23664],[-67.36455,9.24269],[-67.37533,9.25824],[-67.37496,9.26776],[-67.37115,9.27925],[-67.36037,9.27452],[-67.35524,9.28069],[-67.3442,9.28177],[-67.33063,9.29841],[-67.32719,9.29368],[-67.31709,9.30517],[-67.3131,9.31995],[-67.3042,9.32247],[-67.29389,9.32091],[-67.28605,9.32797],[-67.27803,9.32474],[-67.26664,9.32875],[-67.27097,9.33659],[-67.26958,9.34539],[-67.25502,9.34593],[-67.24941,9.35413],[-67.25809,9.36071],[-67.25133,9.36843],[-67.24806,9.38513],[-67.24517,9.38735],[-67.2428,9.41057],[-67.25058,9.41212],[-67.25469,9.42864],[-67.25933,9.43785],[-67.25576,9.44677],[-67.25769,9.4503],[-67.2556,9.46604],[-67.24713,9.47215],[-67.20327,9.56162],[-67.22029,9.56216],[-67.23627,9.57209],[-67.23367,9.5779],[-67.23384,9.58963],[-67.24149,9.59814],[-67.25023,9.6003],[-67.24811,9.6054],[-67.25099,9.61475],[-67.24246,9.6351],[-67.23798,9.64236],[-67.24473,9.64721],[-67.2658,9.6415],[-67.26877,9.63196],[-67.27409,9.62404],[-67.27964,9.62409],[-67.28627,9.63027],[-67.29332,9.63206],[-67.30968,9.6251],[-67.32929,9.62658],[-67.33514,9.6306],[-67.34314,9.62717],[-67.36715,9.6319],[-67.37579,9.62475],[-67.38852,9.62223],[-67.39932,9.62294],[-67.40638,9.62036],[-67.41905,9.62335],[-67.43026,9.6315],[-67.44385,9.62447],[-67.45005,9.63197],[-67.46045,9.63436],[-67.45706,9.63946],[-67.45929,9.64606],[-67.45188,9.65902],[-67.46351,9.67089],[-67.46175,9.67557],[-67.48483,9.69638],[-67.49284,9.70147],[-67.49374,9.70609],[-67.50345,9.7122],[-67.50501,9.7182],[-67.51188,9.72503],[-67.51833,9.72455],[-67.52079,9.73529],[-67.52741,9.74716],[-67.53963,9.7531],[-67.54671,9.7667],[-67.5505,9.77922],[-67.54253,9.78594],[-67.54264,9.79487],[-67.53581,9.80196],[-67.53411,9.81455],[-67.52963,9.82259],[-67.53113,9.82912],[-67.52575,9.83626],[-67.52495,9.85065],[-67.51613,9.8666],[-67.51705,9.87676],[-67.52216,9.88325],[-67.54043,9.88308],[-67.55,9.88848],[-67.54867,9.89428],[-67.55745,9.89778],[-67.56468,9.90454],[-67.57675,9.89937],[-67.57325,9.89114],[-67.58636,9.87487],[-67.58517,9.8653],[-67.59069,9.855],[-67.59043,9.84793],[-67.5964,9.84362],[-67.60392,9.84976],[-67.61027,9.8495],[-67.62253,9.85966],[-67.63067,9.86221],[-67.6438,9.84983],[-67.64651,9.845],[-67.65908,9.84841],[-67.66655,9.84446],[-67.6788,9.82609],[-67.69049,9.82356],[-67.71105,9.83703],[-67.70893,9.84534],[-67.70291,9.8504],[-67.71157,9.85638],[-67.71185,9.87268],[-67.72409,9.8797],[-67.73101,9.88077],[-67.73629,9.89285],[-67.74529,9.89547],[-67.75326,9.90449],[-67.76411,9.9057],[-67.76877,9.91651],[-67.78022,9.92345],[-67.7979,9.92462],[-67.8049,9.92896]]]},"properties":{"municipio":"Ortíz","estado":"GUÁRICO"}},{"type":"Feature","geometry":{"type":"Polygon","coordinates":[[[-65.74731,9.94052],[-65.75523,9.94149],[-65.75751,9.94751],[-65.76644,9.95202],[-65.77618,9.94607],[-65.78256,9.95587],[-65.79535,9.96038],[-65.8069,9.95449],[-65.81341,9.95942],[-65.82355,9.96225],[-65.83465,9.96964],[-65.8515,9.96874],[-65.8733,9.96922],[-65.87922,9.9661],[-65.88818,9.96753],[-65.89608,9.96466],[-65.90649,9.95077],[-65.92027,9.94445],[-65.94225,9.94446],[-65.95042,9.93484],[-65.96702,9.94133],[-65.97378,9.94151],[-65.98608,9.93718],[-65.98127,9.92636],[-65.97669,9.9081],[-65.96891,9.89495],[-65.9712,9.88997],[-65.97145,9.87814],[-65.96566,9.87027],[-65.97199,9.86373],[-65.9691,9.8564],[-65.97989,9.84607],[-65.99074,9.82907],[-65.9949,9.82595],[-66.00605,9.82637],[-65.98803,9.81166],[-65.99611,9.78872],[-65.98906,9.77112],[-65.9887,9.76398],[-65.99262,9.75088],[-65.99123,9.74182],[-65.99352,9.73005],[-65.99365,9.70596],[-65.9969,9.6978],[-65.9928,9.68248],[-65.98292,9.67702],[-65.98991,9.65996],[-65.99082,9.64573],[-65.98112,9.62964],[-65.96924,9.61895],[-65.96021,9.60634],[-65.95767,9.59533],[-65.95978,9.58754],[-65.95543,9.58756],[-65.84006,9.59406],[-65.83328,9.59766],[-65.8278,9.60671],[-65.81593,9.60866],[-65.81212,9.61544],[-65.80487,9.62151],[-65.80035,9.63279],[-65.79464,9.63809],[-65.79255,9.64723],[-65.77854,9.65881],[-65.77625,9.67064],[-65.77061,9.67552],[-65.76363,9.67457],[-65.76,9.68001],[-65.75001,9.68265],[-65.75007,9.68831],[-65.72528,9.68712],[-65.70772,9.68369],[-65.70159,9.68711],[-65.69231,9.68792],[-65.6704,9.77384],[-65.67599,9.77974],[-65.67814,9.79483],[-65.68676,9.80163],[-65.69077,9.81132],[-65.70099,9.81732],[-65.70679,9.83204],[-65.71199,9.84071],[-65.70506,9.84291],[-65.70604,9.85866],[-65.71601,9.86441],[-65.72114,9.87427],[-65.72026,9.88366],[-65.72306,9.89002],[-65.72227,9.90127],[-65.71734,9.90547],[-65.71796,9.91191],[-65.72397,9.91824],[-65.73871,9.91856],[-65.75082,9.93316],[-65.74731,9.94052]]]},"properties":{"municipio":"San José de Guaribe","estado":"GUÁRICO"}},{"type":"Feature","geometry":{"type":"Polygon","coordinates":[[[-67.30301,9.9397],[-67.31299,9.93615],[-67.31559,9.93147],[-67.33614,9.92578],[-67.33849,9.93296],[-67.3522,9.93706],[-67.36548,9.95071],[-67.37574,9.95383],[-67.38413,9.96641],[-67.39446,9.97062],[-67.40717,9.9798],[-67.41158,9.9801],[-67.428,9.99215],[-67.43834,9.99008],[-67.43979,9.98492],[-67.44922,9.97698],[-67.46294,9.97936],[-67.47479,9.97409],[-67.47681,9.9673],[-67.48261,9.96534],[-67.49075,9.96887],[-67.50213,9.9612],[-67.50651,9.95471],[-67.51484,9.9543],[-67.52518,9.94855],[-67.53449,9.95312],[-67.51705,9.87676],[-67.51613,9.8666],[-67.52495,9.85065],[-67.52575,9.83626],[-67.53113,9.82912],[-67.52963,9.82259],[-67.53411,9.81455],[-67.53581,9.80196],[-67.54264,9.79487],[-67.54253,9.78594],[-67.5505,9.77922],[-67.54671,9.7667],[-67.53963,9.7531],[-67.52741,9.74716],[-67.52079,9.73529],[-67.51833,9.72455],[-67.51188,9.72503],[-67.50501,9.7182],[-67.50345,9.7122],[-67.49374,9.70609],[-67.49284,9.70147],[-67.48483,9.69638],[-67.46175,9.67557],[-67.46351,9.67089],[-67.45188,9.65902],[-67.45929,9.64606],[-67.45706,9.63946],[-67.46045,9.63436],[-67.45005,9.63197],[-67.44385,9.62447],[-67.43026,9.6315],[-67.41905,9.62335],[-67.40638,9.62036],[-67.39932,9.62294],[-67.38852,9.62223],[-67.37579,9.62475],[-67.36715,9.6319],[-67.34314,9.62717],[-67.33514,9.6306],[-67.32929,9.62658],[-67.30968,9.6251],[-67.29332,9.63206],[-67.28627,9.63027],[-67.27964,9.62409],[-67.27409,9.62404],[-67.26877,9.63196],[-67.2658,9.6415],[-67.24473,9.64721],[-67.23798,9.64236],[-67.24246,9.6351],[-67.25099,9.61475],[-67.24811,9.6054],[-67.25023,9.6003],[-67.24149,9.59814],[-67.23384,9.58963],[-67.23367,9.5779],[-67.23627,9.57209],[-67.22029,9.56216],[-67.20327,9.56162],[-67.18838,9.5739],[-67.16256,9.58086],[-67.13379,9.57563],[-67.11197,9.58726],[-67.10336,9.59421],[-67.08063,9.60937],[-67.07087,9.61314],[-67.06227,9.61371],[-67.04115,9.62546],[-67.02223,9.6241],[-67.01556,9.63116],[-67.00764,9.63413],[-66.99421,9.6445],[-66.99065,9.64462],[-66.98352,9.65396],[-66.98316,9.66273],[-66.97637,9.68073],[-66.97039,9.68495],[-66.9642,9.69452],[-66.95962,9.7072],[-66.95795,9.72156],[-66.96428,9.72665],[-66.96627,9.74208],[-66.97647,9.7561],[-66.98274,9.75898],[-66.99305,9.75311],[-66.99775,9.75682],[-67.00361,9.75428],[-67.0089,9.75727],[-67.02862,9.76232],[-67.03618,9.77674],[-67.03582,9.78649],[-67.0439,9.79253],[-67.05559,9.7863],[-67.06447,9.7924],[-67.072,9.79222],[-67.07815,9.7863],[-67.09383,9.78725],[-67.10046,9.78378],[-67.11168,9.79497],[-67.11379,9.80214],[-67.11156,9.81291],[-67.10523,9.81632],[-67.11325,9.82786],[-67.11945,9.82861],[-67.12659,9.8263],[-67.1409,9.8285],[-67.14935,9.84066],[-67.14934,9.85089],[-67.14643,9.8567],[-67.14836,9.86251],[-67.1591,9.87141],[-67.15729,9.88899],[-67.16821,9.90667],[-67.16063,9.9109],[-67.16431,9.92045],[-67.162,9.92674],[-67.17367,9.92621],[-67.17892,9.92995],[-67.18424,9.92788],[-67.19879,9.93191],[-67.21197,9.93026],[-67.21738,9.93194],[-67.23147,9.92133],[-67.24156,9.91909],[-67.25734,9.9118],[-67.26519,9.90564],[-67.27466,9.9165],[-67.27109,9.92462],[-67.27235,9.93405],[-67.29047,9.93637],[-67.29936,9.93507],[-67.30301,9.9397]]]},"properties":{"municipio":"Juan Germán Roscio","estado":"GUÁRICO"}},{"type":"Feature","geometry":{"type":"Polygon","coordinates":[[[-66.08572,9.97007],[-66.09084,9.96064],[-66.09934,9.95235],[-66.10651,9.95548],[-66.12688,9.95751],[-66.13303,9.96466],[-66.14936,9.97637],[-66.1578,9.95715],[-66.15811,9.95091],[-66.1645,9.94664],[-66.18053,9.9497],[-66.19144,9.95673],[-66.20789,9.95276],[-66.21199,9.95775],[-66.21928,9.95937],[-66.22428,9.96928],[-66.23116,9.96772],[-66.24532,9.98795],[-66.26027,9.98231],[-66.27491,9.98441],[-66.28383,9.97702],[-66.28902,9.97846],[-66.30457,9.99167],[-66.31258,9.99635],[-66.31523,10.00188],[-66.32476,10.00266],[-66.3344,9.99821],[-66.33808,10.00494],[-66.33536,10.01527],[-66.34663,10.02482],[-66.36387,10.02752],[-66.37924,10.03947],[-66.39358,10.03838],[-66.40703,10.03922],[-66.41902,10.03346],[-66.43331,10.02883],[-66.43385,10.01832],[-66.44379,10.01358],[-66.4626,10.0131],[-66.47254,10.02198],[-66.48165,10.02198],[-66.48671,10.01601],[-66.4893,10.0009],[-66.48695,9.99754],[-66.50986,9.97868],[-66.52173,9.97952],[-66.53517,9.97321],[-66.53988,9.96697],[-66.54964,9.96739],[-66.56344,9.97904],[-66.57128,9.97736],[-66.58725,9.98294],[-66.59388,9.97657],[-66.60666,9.97537],[-66.61169,9.97274],[-66.61004,9.95536],[-66.60286,9.94954],[-66.60498,9.93745],[-66.6039,9.93009],[-66.60689,9.92424],[-66.60117,9.91023],[-66.60142,9.90071],[-66.59495,9.88999],[-66.60111,9.88521],[-66.59822,9.87198],[-66.60197,9.86713],[-66.59234,9.84729],[-66.57679,9.83811],[-66.58639,9.82749],[-66.59272,9.8248],[-66.59658,9.81637],[-66.59066,9.80527],[-66.60025,9.80169],[-66.60188,9.79379],[-66.59857,9.78505],[-66.60452,9.77632],[-66.60971,9.77363],[-66.61772,9.77891],[-66.62158,9.77712],[-66.62412,9.76461],[-66.61822,9.75567],[-66.6257,9.75448],[-66.62276,9.72633],[-66.63109,9.72023],[-66.63019,9.71256],[-66.62331,9.71442],[-66.62205,9.70843],[-66.61211,9.7095],[-66.60271,9.70193],[-66.59211,9.68869],[-66.57301,9.67646],[-66.57292,9.66665],[-66.55705,9.6607],[-66.5548,9.64487],[-66.54975,9.63476],[-66.55297,9.61976],[-66.54852,9.61276],[-66.55913,9.60517],[-66.55397,9.59527],[-66.5638,9.59133],[-66.56218,9.58457],[-66.5694,9.57714],[-66.5725,9.55747],[-66.56799,9.54844],[-66.58,9.53721],[-66.58687,9.53584],[-66.58177,9.51885],[-66.56565,9.49772],[-66.55782,9.49735],[-66.55787,9.48536],[-66.56463,9.47418],[-66.56255,9.46672],[-66.5672,9.46206],[-66.56606,9.45572],[-66.57595,9.43548],[-66.57675,9.41969],[-66.58293,9.41168],[-66.58216,9.40469],[-66.58993,9.39338],[-66.59591,9.38104],[-66.60438,9.37436],[-66.60354,9.36737],[-66.6114,9.35826],[-66.63019,9.34601],[-66.63432,9.32644],[-66.64607,9.31508],[-66.6465,9.30509],[-66.65222,9.30133],[-66.65671,9.28946],[-66.66182,9.28863],[-66.68116,9.2704],[-66.68303,9.2634],[-66.68791,9.25971],[-66.6834,9.25619],[-66.67461,9.25907],[-66.66894,9.25223],[-66.6508,9.25139],[-66.64316,9.25343],[-66.63315,9.24965],[-66.62611,9.25404],[-66.61758,9.26503],[-66.61838,9.27421],[-66.60759,9.27079],[-66.58707,9.28023],[-66.58866,9.29025],[-66.58013,9.30046],[-66.56837,9.29542],[-66.56254,9.2986],[-66.55388,9.31001],[-66.55542,9.3234],[-66.54604,9.33433],[-66.54056,9.33289],[-66.53576,9.33986],[-66.53091,9.35679],[-66.52243,9.36076],[-66.51628,9.36046],[-66.50955,9.36779],[-66.50449,9.36845],[-66.50246,9.37835],[-66.48471,9.38316],[-66.48538,9.38851],[-66.47058,9.39968],[-66.46486,9.39716],[-66.44892,9.40773],[-66.44911,9.41601],[-66.44364,9.42034],[-66.43467,9.42202],[-66.43161,9.427],[-66.41934,9.43811],[-66.41983,9.44334],[-66.41291,9.44676],[-66.40733,9.45583],[-66.40723,9.46748],[-66.40466,9.47372],[-66.40745,9.48453],[-66.40214,9.50885],[-66.39331,9.5214],[-66.38687,9.52134],[-66.38134,9.52705],[-66.36989,9.52369],[-66.3638,9.52519],[-66.36008,9.5315],[-66.35262,9.53444],[-66.35306,9.54309],[-66.34957,9.54759],[-66.34845,9.55672],[-66.28294,9.56267],[-66.17724,9.57293],[-66.16906,9.58209],[-66.16974,9.59025],[-66.16517,9.59692],[-66.16399,9.60815],[-66.16593,9.61301],[-66.15553,9.62556],[-66.14238,9.64598],[-66.13799,9.64904],[-66.12373,9.65319],[-66.11283,9.65451],[-66.12021,9.6712],[-66.11602,9.6852],[-66.10755,9.69294],[-66.10499,9.70832],[-66.09969,9.71144],[-66.0948,9.70507],[-66.08817,9.70201],[-66.08616,9.69181],[-66.07885,9.68034],[-66.07414,9.67806],[-66.0787,9.66797],[-66.07018,9.65356],[-66.05661,9.64587],[-66.05696,9.64017],[-66.0449,9.63771],[-66.03905,9.63087],[-66.02043,9.63033],[-66.01445,9.62234],[-65.99943,9.61202],[-65.99914,9.61102],[-65.95978,9.58754],[-65.95767,9.59533],[-65.96021,9.60634],[-65.96924,9.61895],[-65.98112,9.62964],[-65.99082,9.64573],[-65.98991,9.65996],[-65.98292,9.67702],[-65.9928,9.68248],[-65.9969,9.6978],[-65.99365,9.70596],[-65.99352,9.73005],[-65.99123,9.74182],[-65.99262,9.75088],[-65.9887,9.76398],[-65.98906,9.77112],[-65.99611,9.78872],[-65.98803,9.81166],[-66.00605,9.82637],[-65.9949,9.82595],[-65.99074,9.82907],[-65.97989,9.84607],[-65.9691,9.8564],[-65.97199,9.86373],[-65.96566,9.87027],[-65.97145,9.87814],[-65.9712,9.88997],[-65.96891,9.89495],[-65.97669,9.9081],[-65.98127,9.92636],[-65.98608,9.93718],[-65.99471,9.94257],[-66.00212,9.93855],[-66.01658,9.94714],[-66.04467,9.95542],[-66.06088,9.95656],[-66.06323,9.96905],[-66.07348,9.96827],[-66.08572,9.97007]]]},"properties":{"municipio":"José Tadeo Monagas","estado":"GUÁRICO"}},{"type":"Feature","geometry":{"type":"Polygon","coordinates":[[[-68.50119,10.63075],[-68.48981,10.65057],[-68.47626,10.67829],[-68.45781,10.71131],[-68.48499,10.72089],[-68.49271,10.72723],[-68.50138,10.72954],[-68.5179,10.73779],[-68.51844,10.74224],[-68.52787,10.74257],[-68.54353,10.75032],[-68.55583,10.74745],[-68.56724,10.75002],[-68.57228,10.74755],[-68.58268,10.74842],[-68.58375,10.75614],[-68.59851,10.77771],[-68.60074,10.77404],[-68.61776,10.77415],[-68.50119,10.63075]]]},"properties":{"municipio":"Palmasola","estado":"FALCÓN"}},{"type":"Feature","geometry":{"type":"Polygon","coordinates":[[[-69.75495,10.9382],[-69.76805,10.93256],[-69.7764,10.9321],[-69.78001,10.94386],[-69.78606,10.94339],[-69.79537,10.94856],[-69.80892,10.95062],[-69.81483,10.95884],[-69.83964,10.95851],[-69.84848,10.95648],[-69.85479,10.94881],[-69.8627,10.92758],[-69.87592,10.91272],[-69.88222,10.90925],[-69.90534,10.90436],[-69.91071,10.90151],[-69.86577,10.85175],[-69.83852,10.78006],[-69.84579,10.75698],[-69.84651,10.73054],[-69.83834,10.73139],[-69.81769,10.74258],[-69.81034,10.73084],[-69.82181,10.72624],[-69.82581,10.72157],[-69.82804,10.71182],[-69.8222,10.70363],[-69.81482,10.70489],[-69.80304,10.71054],[-69.79037,10.71272],[-69.78391,10.72008],[-69.76566,10.73172],[-69.73478,10.74605],[-69.72081,10.74463],[-69.69144,10.72028],[-69.67913,10.72161],[-69.66654,10.73296],[-69.64662,10.73936],[-69.62346,10.72828],[-69.61642,10.72776],[-69.60859,10.73321],[-69.58914,10.72793],[-69.57635,10.73309],[-69.56708,10.72957],[-69.5445,10.74372],[-69.52303,10.74082],[-69.51618,10.74301],[-69.50277,10.73825],[-69.49196,10.74291],[-69.47821,10.73979],[-69.47188,10.73315],[-69.4592,10.73604],[-69.44195,10.72994],[-69.42001,10.73829],[-69.41401,10.73173],[-69.42102,10.72058],[-69.42769,10.71771],[-69.43108,10.70609],[-69.44815,10.70083],[-69.44039,10.69916],[-69.43567,10.70319],[-69.42374,10.70085],[-69.41094,10.70442],[-69.40452,10.70999],[-69.39816,10.70994],[-69.39313,10.70406],[-69.37688,10.70756],[-69.35775,10.70224],[-69.34948,10.70215],[-69.34417,10.70614],[-69.33604,10.70089],[-69.3311,10.72566],[-69.30349,10.76352],[-69.30867,10.76893],[-69.31142,10.77746],[-69.32738,10.77991],[-69.33414,10.78377],[-69.34964,10.78158],[-69.35366,10.79427],[-69.3476,10.80332],[-69.34762,10.81062],[-69.35473,10.83488],[-69.35192,10.83989],[-69.35288,10.84881],[-69.35885,10.85975],[-69.35196,10.87766],[-69.34711,10.87968],[-69.34199,10.89023],[-69.3439,10.90007],[-69.34287,10.91021],[-69.35301,10.91948],[-69.35082,10.92426],[-69.36122,10.92765],[-69.36644,10.92347],[-69.37176,10.9254],[-69.37608,10.93892],[-69.38563,10.94147],[-69.39302,10.93926],[-69.39861,10.93159],[-69.40455,10.92981],[-69.40876,10.93606],[-69.42234,10.93353],[-69.42983,10.93847],[-69.45152,10.92858],[-69.44781,10.91631],[-69.45316,10.90865],[-69.47881,10.9102],[-69.4863,10.91442],[-69.49102,10.91335],[-69.50953,10.91688],[-69.52516,10.91127],[-69.52963,10.91608],[-69.54295,10.91479],[-69.54757,10.90677],[-69.55205,10.90984],[-69.5637,10.94131],[-69.67531,10.94249],[-69.7098,10.94315],[-69.72931,10.93634],[-69.75495,10.9382]]]},"properties":{"municipio":"Federación","estado":"FALCÓN"}},{"type":"Feature","geometry":{"type":"Polygon","coordinates":[[[-68.45252,10.96744],[-68.53855,11.06877],[-68.57623,11.05191],[-68.63825,11.02811],[-68.63429,11.0002],[-68.62995,10.98247],[-68.61975,10.91794],[-68.61503,10.9161],[-68.60963,10.9251],[-68.59668,10.92533],[-68.58562,10.91932],[-68.57521,10.91631],[-68.57091,10.92232],[-68.56322,10.92265],[-68.54911,10.92972],[-68.53465,10.92957],[-68.52698,10.91976],[-68.5023,10.91746],[-68.49266,10.92714],[-68.4935,10.92989],[-68.47538,10.94594],[-68.47416,10.95349],[-68.46901,10.95754],[-68.45393,10.96185],[-68.45252,10.96744]]]},"properties":{"municipio":"Cacique Manaure","estado":"FALCÓN"}},{"type":"Feature","geometry":{"type":"Polygon","coordinates":[[[-69.19135,11.06572],[-69.21447,11.06215],[-69.21343,11.04869],[-69.21924,11.04427],[-69.22517,11.04633],[-69.23668,11.0449],[-69.24505,11.03759],[-69.24326,11.028],[-69.24837,11.02139],[-69.24887,11.01515],[-69.24419,10.99644],[-69.24517,10.99164],[-69.25389,10.98937],[-69.25234,10.98109],[-69.25925,10.97582],[-69.25794,10.96766],[-69.26426,10.9619],[-69.2639,10.95639],[-69.27625,10.95665],[-69.28015,10.94752],[-69.29371,10.94564],[-69.29675,10.93868],[-69.3034,10.94169],[-69.312,10.93799],[-69.31913,10.94184],[-69.32395,10.9518],[-69.33364,10.94666],[-69.33198,10.93836],[-69.34469,10.93407],[-69.34543,10.92615],[-69.35082,10.92426],[-69.35301,10.91948],[-69.34287,10.91021],[-69.3439,10.90007],[-69.34199,10.89023],[-69.34711,10.87968],[-69.35196,10.87766],[-69.35885,10.85975],[-69.35288,10.84881],[-69.35192,10.83989],[-69.35473,10.83488],[-69.34762,10.81062],[-69.3476,10.80332],[-69.35366,10.79427],[-69.34964,10.78158],[-69.33414,10.78377],[-69.32738,10.77991],[-69.31142,10.77746],[-69.30867,10.76893],[-69.30349,10.76352],[-69.3311,10.72566],[-69.33604,10.70089],[-69.3259,10.70398],[-69.31945,10.6987],[-69.31539,10.70266],[-69.30632,10.69643],[-69.30505,10.70195],[-69.29887,10.70405],[-69.2917,10.69727],[-69.28525,10.70059],[-69.27395,10.69758],[-69.25733,10.70078],[-69.24731,10.69113],[-69.24153,10.69624],[-69.23273,10.69733],[-69.22492,10.69222],[-69.22275,10.69981],[-69.2142,10.70284],[-69.20721,10.69681],[-69.2011,10.69606],[-69.19948,10.69037],[-69.19258,10.69077],[-69.19071,10.69587],[-69.17799,10.68679],[-69.17399,10.69381],[-69.16406,10.68657],[-69.15941,10.68827],[-69.15301,10.68344],[-69.13261,10.68753],[-69.13311,10.68068],[-69.10871,10.67968],[-69.09743,10.68147],[-69.0933,10.68556],[-69.08597,10.68327],[-69.08592,10.66701],[-69.0749,10.6591],[-69.06653,10.66986],[-69.06265,10.67093],[-69.05358,10.6824],[-69.04751,10.67955],[-69.03829,10.68627],[-68.99672,10.69702],[-68.97904,10.6959],[-68.97416,10.69328],[-68.96191,10.69911],[-68.95645,10.69581],[-68.94703,10.69843],[-68.94337,10.70386],[-68.94213,10.71153],[-68.93595,10.72026],[-68.92954,10.72002],[-68.92396,10.73486],[-68.91839,10.7388],[-68.91362,10.7351],[-68.89624,10.74728],[-68.89358,10.75338],[-68.88474,10.75685],[-68.88897,10.76175],[-68.88254,10.77479],[-68.86604,10.77598],[-68.86071,10.77789],[-68.85601,10.78838],[-68.86395,10.80484],[-68.87815,10.80267],[-68.88336,10.79884],[-68.90308,10.79036],[-68.90575,10.78438],[-68.92186,10.76812],[-68.93469,10.7637],[-68.94025,10.7643],[-68.95089,10.77112],[-68.96117,10.77232],[-68.96455,10.77926],[-68.95933,10.79302],[-68.96707,10.80056],[-68.9748,10.81373],[-68.96946,10.82832],[-68.97079,10.83323],[-68.97816,10.8361],[-68.99692,10.83324],[-69.00587,10.83456],[-69.0176,10.8415],[-69.02716,10.84198],[-69.04251,10.85658],[-69.06138,10.86233],[-69.06707,10.85778],[-69.07409,10.86077],[-69.08135,10.85934],[-69.09696,10.85993],[-69.11317,10.86412],[-69.14112,10.86208],[-69.15286,10.86782],[-69.1589,10.88326],[-69.15599,10.89223],[-69.1618,10.90659],[-69.16264,10.92262],[-69.16711,10.94284],[-69.17508,10.98794],[-69.18547,11.03951],[-69.19135,11.06572]]]},"properties":{"municipio":"Unión","estado":"FALCÓN"}},{"type":"Feature","geometry":{"type":"Polygon","coordinates":[[[-65.90733,2.82386],[-65.91764,2.81936],[-65.92299,2.82086],[-65.92717,2.81369],[-65.93283,2.8119],[-65.95426,2.81283],[-65.9629,2.80776],[-65.96946,2.7925],[-65.97929,2.78983],[-65.98703,2.79223],[-65.99387,2.80062],[-66.004,2.80034],[-66.01471,2.80843],[-66.03049,2.81145],[-66.03674,2.81774],[-66.04627,2.81775],[-66.05401,2.81028],[-66.05879,2.79563],[-66.07189,2.78906],[-66.07785,2.7777],[-66.10467,2.75111],[-66.11271,2.74843],[-66.12253,2.74904],[-66.13623,2.75474],[-66.14307,2.75505],[-66.15142,2.74459],[-66.16096,2.72516],[-66.15471,2.71587],[-66.14102,2.70687],[-66.14162,2.70239],[-66.15353,2.68984],[-66.15026,2.68205],[-66.15146,2.66948],[-66.14313,2.64852],[-66.14373,2.64314],[-66.15088,2.64076],[-66.15832,2.64944],[-66.16398,2.64915],[-66.16934,2.64108],[-66.17619,2.639],[-66.1872,2.65008],[-66.19315,2.66236],[-66.19821,2.66446],[-66.20982,2.66418],[-66.21429,2.6606],[-66.21073,2.64294],[-66.21252,2.63875],[-66.22982,2.68171],[-66.24453,2.67965],[-66.25884,2.68536],[-66.27526,2.68149],[-66.28781,2.67041],[-66.29916,2.66263],[-66.32274,2.65877],[-66.349,2.6582],[-66.35825,2.6597],[-66.386,2.65794],[-66.4057,2.65287],[-66.41496,2.64898],[-66.43348,2.63312],[-66.45557,2.62535],[-66.4702,2.61608],[-66.49826,2.61072],[-66.5108,2.60504],[-66.52424,2.59397],[-66.53262,2.5748],[-66.54553,2.50918],[-66.54494,2.499],[-66.53988,2.4873],[-66.53273,2.4783],[-66.5214,2.4681],[-66.49725,2.44979],[-66.49428,2.4378],[-66.49786,2.43541],[-66.51129,2.43722],[-66.53785,2.43636],[-66.548,2.43037],[-66.5555,2.40191],[-66.56267,2.39443],[-66.5764,2.39025],[-66.5952,2.39207],[-66.60147,2.38848],[-66.61671,2.36932],[-66.62567,2.36364],[-66.63793,2.34327],[-66.64482,2.31511],[-66.64453,2.31002],[-66.63828,2.29772],[-66.6237,2.25635],[-66.61477,2.24136],[-66.60404,2.23266],[-66.5921,2.23414],[-66.58882,2.23144],[-66.58705,2.21166],[-66.5799,2.20146],[-66.54172,2.18014],[-66.52444,2.15944],[-66.51729,2.14445],[-66.51402,2.13366],[-66.51315,2.11778],[-66.51944,2.09141],[-66.52482,2.08453],[-66.53319,2.07884],[-66.55588,2.06838],[-66.56364,2.06359],[-66.56962,2.05491],[-66.57351,2.04383],[-66.57443,2.02285],[-66.58906,2.01568],[-66.59623,2.00879],[-66.59983,1.99321],[-66.60402,1.98363],[-66.61985,1.97256],[-66.63508,1.96418],[-66.65835,1.9726],[-66.6655,1.978],[-66.67831,1.9969],[-66.6795,2.00349],[-66.69171,2.02388],[-66.71526,2.04519],[-66.72719,2.05269],[-66.73614,2.0557],[-66.74629,2.05301],[-66.75257,2.04014],[-66.76362,2.03475],[-66.77823,2.04436],[-66.78151,2.04856],[-66.79821,2.05727],[-66.81283,2.05938],[-66.82687,2.04921],[-66.84269,2.04414],[-66.85522,2.04325],[-66.87909,2.04418],[-66.90178,2.03971],[-66.92358,2.02625],[-66.94029,2.02597],[-66.94684,2.03856],[-66.94772,2.05744],[-66.95189,2.06464],[-66.96291,2.07634],[-66.97574,2.08235],[-67.02111,2.07401],[-67.04021,2.07163],[-67.05753,2.06476],[-67.09006,2.0585],[-67.097,2.05634],[-67.09732,2.05185],[-67.10862,2.0298],[-67.11414,2.02316],[-67.11743,2.00224],[-67.1223,1.99468],[-67.12278,1.97694],[-67.11571,1.97613],[-67.10316,1.95716],[-67.09057,1.95036],[-67.08492,1.94163],[-67.08064,1.94323],[-67.07077,1.93304],[-67.06085,1.90739],[-67.05988,1.89883],[-67.05173,1.87332],[-67.04428,1.85392],[-67.03554,1.84377],[-67.03865,1.81435],[-67.03246,1.78315],[-67.02012,1.7707],[-67.01461,1.75755],[-67.01386,1.74367],[-67.01159,1.73747],[-67.00235,1.72446],[-66.99699,1.7075],[-66.99286,1.70149],[-66.98867,1.67663],[-66.97156,1.65599],[-66.96259,1.63793],[-66.95938,1.62728],[-66.96084,1.60284],[-66.96514,1.59803],[-66.95981,1.58582],[-66.95053,1.58324],[-66.94344,1.57672],[-66.93217,1.55744],[-66.93123,1.55069],[-66.91983,1.53017],[-66.91489,1.50914],[-66.90872,1.49538],[-66.90805,1.48319],[-66.9113,1.4731],[-66.91278,1.44284],[-66.91215,1.42707],[-66.91012,1.41886],[-66.90405,1.41182],[-66.89291,1.40435],[-66.87572,1.39896],[-66.86798,1.39102],[-66.86509,1.38336],[-66.85506,1.3716],[-66.85066,1.34491],[-66.84665,1.33333],[-66.84692,1.32162],[-66.85241,1.31401],[-66.86911,1.3089],[-66.8767,1.30128],[-66.88132,1.28473],[-66.87863,1.27078],[-66.86808,1.25499],[-66.85714,1.24371],[-66.85187,1.23469],[-66.84993,1.22258],[-66.84611,1.21946],[-66.57801,0.98222],[-66.30974,0.74461],[-66.21555,0.77652],[-66.19641,0.78207],[-66.18409,0.77981],[-66.17976,0.76569],[-66.16972,0.76478],[-66.1569,0.75918],[-66.15273,0.75267],[-66.14517,0.74792],[-66.12747,0.74872],[-66.11851,0.75134],[-66.11095,0.76316],[-66.09765,0.76521],[-66.09368,0.76013],[-66.07675,0.76175],[-66.07501,0.78735],[-66.06469,0.80082],[-66.06482,0.8063],[-66.05671,0.80769],[-66.04985,0.81259],[-66.0375,0.81745],[-66.03278,0.81313],[-66.02301,0.81435],[-66.01533,0.80405],[-66.00697,0.8033],[-65.99766,0.81641],[-65.9871,0.81761],[-65.97909,0.8217],[-65.96732,0.81316],[-65.95833,0.80159],[-65.94899,0.80645],[-65.949,0.81225],[-65.9407,0.81901],[-65.9394,0.83245],[-65.9356,0.84384],[-65.94131,0.85107],[-65.94534,0.86301],[-65.93742,0.87398],[-65.9438,0.88518],[-65.93928,0.89374],[-65.92863,0.89273],[-65.91755,0.89831],[-65.9132,0.88974],[-65.90302,0.90085],[-65.89025,0.90686],[-65.88432,0.91565],[-65.87922,0.93018],[-65.88007,0.93668],[-65.85175,0.93591],[-65.83365,0.94553],[-65.82999,0.94972],[-65.81875,0.94606],[-65.79646,0.95632],[-65.78623,0.96543],[-65.77892,0.96583],[-65.7501,0.97846],[-65.74469,0.99591],[-65.73569,0.99962],[-65.71008,1.00037],[-65.70367,1.00221],[-65.69352,0.99985],[-65.68818,0.99203],[-65.69039,0.98181],[-65.68226,0.9853],[-65.67704,0.99921],[-65.66898,1.00686],[-65.65051,1.00883],[-65.63987,1.00011],[-65.63447,0.99099],[-65.62759,0.98878],[-65.62428,0.99823],[-65.61685,1.01092],[-65.6085,1.01726],[-65.60437,1.01498],[-65.60623,0.99814],[-65.58908,0.99447],[-65.57694,0.98554],[-65.55779,0.9859],[-65.54741,0.98414],[-65.54806,0.97564],[-65.54201,0.96928],[-65.54122,0.95602],[-65.53452,0.95113],[-65.53116,0.93849],[-65.5265,0.93268],[-65.51664,0.92767],[-65.51399,0.92088],[-65.51504,0.91268],[-65.50661,0.90631],[-65.51198,0.89141],[-65.50832,0.88251],[-65.50229,0.88024],[-65.49638,0.87307],[-65.50229,0.86593],[-65.50416,0.859],[-65.49423,0.85551],[-65.49082,0.84942],[-65.49571,0.83855],[-65.51376,0.82942],[-65.52684,0.82648],[-65.52612,0.8159],[-65.53364,0.8022],[-65.54101,0.8012],[-65.54603,0.7967],[-65.55202,0.78406],[-65.56352,0.77702],[-65.56975,0.76386],[-65.57699,0.76036],[-65.57724,0.75082],[-65.58135,0.74327],[-65.58641,0.74188],[-65.59632,0.74703],[-65.59802,0.73607],[-65.60515,0.72871],[-65.6066,0.72086],[-65.60522,0.7087],[-65.60105,0.69306],[-65.59004,0.68746],[-65.57268,0.68498],[-65.56696,0.67409],[-65.55575,0.66734],[-65.5553,0.65474],[-65.54192,0.64598],[-65.53764,0.65363],[-65.53637,0.66182],[-65.52887,0.6689],[-65.50747,0.66874],[-65.5013,0.67526],[-65.48547,0.68089],[-65.47923,0.68676],[-65.45971,0.68527],[-65.44801,0.69153],[-65.44328,0.69111],[-65.43876,0.70189],[-65.43287,0.70047],[-65.42929,0.71552],[-65.42183,0.71759],[-65.41998,0.7329],[-65.41348,0.74019],[-65.40279,0.74627],[-65.39736,0.75322],[-65.39599,0.76724],[-65.40077,0.77757],[-65.39887,0.78328],[-65.405,0.79261],[-65.40096,0.8249],[-65.39882,0.83272],[-65.39105,0.83353],[-65.39397,0.84041],[-65.37742,0.84743],[-65.37658,0.85668],[-65.3645,0.86684],[-65.36045,0.87364],[-65.35344,0.87656],[-65.35003,0.8883],[-65.33935,0.89508],[-65.33287,0.90972],[-65.32878,0.91024],[-65.33294,0.926],[-65.32497,0.93108],[-65.31803,0.93179],[-65.31674,0.93686],[-65.29944,0.94381],[-65.28547,0.93788],[-65.28094,0.92374],[-65.26883,0.91815],[-65.25867,0.92652],[-65.24487,0.92755],[-65.23963,0.93449],[-65.23012,0.9366],[-65.22377,0.94294],[-65.20829,0.93276],[-65.20418,0.92795],[-65.20264,0.91918],[-65.19411,0.91946],[-65.18679,0.93119],[-65.17432,0.94311],[-65.16798,0.96878],[-65.16729,0.97877],[-65.15532,0.98753],[-65.14911,1.00533],[-65.16735,1.01377],[-65.17239,1.02049],[-65.16267,1.03046],[-65.16122,1.04757],[-65.15586,1.05104],[-65.15587,1.07792],[-65.15919,1.0852],[-65.15816,1.09604],[-65.16899,1.09451],[-65.17214,1.09675],[-65.17028,1.1103],[-65.15995,1.11656],[-65.15829,1.12511],[-65.13403,1.12636],[-65.124,1.13637],[-65.12094,1.14408],[-65.1031,1.1584],[-65.10075,1.15543],[-65.10316,1.14197],[-65.09014,1.13435],[-65.08409,1.14784],[-65.07624,1.15104],[-65.06789,1.15035],[-65.06644,1.14419],[-65.05175,1.13856],[-65.05298,1.1247],[-65.04057,1.11706],[-65.03084,1.11698],[-65.0236,1.11425],[-65.02106,1.10822],[-65.01046,1.10955],[-65.00731,1.11747],[-65.00614,1.12892],[-64.99044,1.1379],[-64.98543,1.15472],[-64.9763,1.16055],[-64.96976,1.17852],[-64.97416,1.18983],[-64.96725,1.19862],[-64.95588,1.19689],[-64.94828,1.20019],[-64.9454,1.20733],[-64.92239,1.2127],[-64.91669,1.21625],[-64.91239,1.23141],[-64.90887,1.23643],[-64.89952,1.23585],[-64.89853,1.22271],[-64.8888,1.21715],[-64.87832,1.21741],[-64.87392,1.22647],[-64.86408,1.23044],[-64.86404,1.23701],[-64.85964,1.24231],[-64.85891,1.25076],[-64.84958,1.26126],[-64.84295,1.26354],[-64.84265,1.28352],[-64.82135,1.2927],[-64.80185,1.31343],[-64.79541,1.30936],[-64.79046,1.30048],[-64.78425,1.29821],[-64.78278,1.28154],[-64.78964,1.27494],[-64.78661,1.26321],[-64.77223,1.25702],[-64.76023,1.24199],[-64.75446,1.23112],[-64.74238,1.22762],[-64.73739,1.23641],[-64.72069,1.23953],[-64.7184,1.24966],[-64.71087,1.25644],[-64.70924,1.26553],[-64.7029,1.27363],[-64.68042,1.28633],[-64.67216,1.28764],[-64.66455,1.29399],[-64.65289,1.29497],[-64.64474,1.3008],[-64.63878,1.31083],[-64.63207,1.31521],[-64.62894,1.32134],[-64.61,1.32537],[-64.60777,1.3378],[-64.59969,1.34064],[-64.58777,1.33767],[-64.57804,1.34075],[-64.57435,1.35566],[-64.58058,1.35966],[-64.57754,1.3776],[-64.56022,1.40363],[-64.5581,1.40889],[-64.55043,1.4155],[-64.5277,1.42141],[-64.52199,1.42696],[-64.52168,1.44238],[-64.51156,1.44783],[-64.50131,1.4498],[-64.49275,1.44807],[-64.48337,1.45368],[-64.48386,1.46047],[-64.47164,1.46957],[-64.4611,1.46828],[-64.44743,1.4738],[-64.44494,1.47068],[-64.43485,1.47062],[-64.4242,1.47998],[-64.42135,1.4895],[-64.40357,1.50772],[-64.39533,1.50542],[-64.38253,1.51968],[-64.37137,1.52416],[-64.36673,1.5187],[-64.35398,1.52067],[-64.34591,1.51717],[-64.34866,1.50655],[-64.34655,1.49491],[-64.3575,1.47986],[-64.37171,1.4712],[-64.37779,1.46345],[-64.37209,1.45534],[-64.37243,1.44974],[-64.38853,1.45008],[-64.38925,1.43724],[-64.39196,1.43221],[-64.40149,1.42507],[-64.39978,1.42125],[-64.38554,1.42013],[-64.38158,1.4154],[-64.37883,1.39685],[-64.38374,1.38818],[-64.39006,1.38497],[-64.38859,1.37716],[-64.37358,1.37889],[-64.36822,1.38377],[-64.36131,1.37022],[-64.35448,1.36141],[-64.34414,1.35509],[-64.33498,1.36345],[-64.3348,1.37421],[-64.33958,1.37932],[-64.33909,1.38595],[-64.32552,1.39366],[-64.32124,1.39899],[-64.32118,1.40562],[-64.31571,1.40813],[-64.31642,1.41821],[-64.31314,1.42469],[-64.3144,1.44064],[-64.3123,1.44266],[-64.29696,1.44302],[-64.29407,1.44881],[-64.28723,1.45365],[-64.28424,1.46267],[-64.27681,1.46876],[-64.27719,1.47623],[-64.26796,1.4777],[-64.26382,1.48318],[-64.26128,1.49882],[-64.25433,1.49764],[-64.23981,1.50705],[-64.21804,1.50462],[-64.20368,1.51805],[-64.19489,1.51971],[-64.19342,1.52829],[-64.18318,1.53311],[-64.18007,1.54426],[-64.18203,1.55661],[-64.17555,1.56151],[-64.17352,1.56801],[-64.16609,1.5788],[-64.12576,1.57836],[-64.12161,1.58582],[-64.11661,1.58646],[-64.11304,1.60029],[-64.10674,1.61022],[-64.09982,1.60922],[-64.09541,1.61711],[-64.09588,1.62315],[-64.08623,1.64656],[-64.07546,1.64648],[-64.07239,1.65878],[-64.06432,1.66268],[-64.05385,1.67115],[-64.05331,1.6827],[-64.06204,1.70735],[-64.06461,1.7097],[-64.06736,1.72895],[-64.07731,1.7337],[-64.07771,1.74353],[-64.08168,1.75475],[-64.07318,1.76554],[-64.06538,1.7692],[-64.07057,1.77748],[-64.07013,1.78956],[-64.06438,1.7938],[-64.05242,1.80899],[-64.05712,1.82116],[-64.08768,1.84723],[-64.09953,1.86421],[-64.11077,1.87077],[-64.11267,1.88],[-64.10644,1.88486],[-64.10818,1.89169],[-64.1034,1.89938],[-64.09458,1.90312],[-64.08851,1.90978],[-64.08862,1.91671],[-64.08281,1.92058],[-64.06471,1.91961],[-64.06068,1.9164],[-64.05734,1.92937],[-64.04702,1.9308],[-64.06208,1.93522],[-64.07936,1.94544],[-64.09723,1.96195],[-64.13149,1.97939],[-64.13506,1.98299],[-64.13922,1.99559],[-64.14368,1.99949],[-64.16634,2.00192],[-64.17887,1.99924],[-64.19557,2.00046],[-64.2075,1.99927],[-64.22061,2.00618],[-64.2364,2.0101],[-64.26683,2.00744],[-64.29277,2.00657],[-64.32438,2.00781],[-64.34466,2.00633],[-64.35122,2.00814],[-64.36971,2.00606],[-64.38761,1.99979],[-64.40314,1.98631],[-64.40972,1.97762],[-64.41271,1.96983],[-64.42316,1.96175],[-64.43689,1.95757],[-64.46672,1.95161],[-64.49745,1.94355],[-64.51326,1.94057],[-64.51982,1.93608],[-64.53892,1.9313],[-64.57113,1.92834],[-64.59258,1.93766],[-64.6054,1.93828],[-64.62953,1.9548],[-64.65486,1.96593],[-64.67005,1.97584],[-64.68315,1.98845],[-64.69118,2.00256],[-64.7025,2.00857],[-64.71202,2.01787],[-64.72067,2.02058],[-64.74543,2.01342],[-64.75589,1.99963],[-64.75889,1.98824],[-64.76308,1.98345],[-64.77448,1.94478],[-64.78973,1.91721],[-64.8163,1.89955],[-64.85122,1.8801],[-64.85659,1.87861],[-64.86764,1.86993],[-64.90258,1.84478],[-64.91632,1.8319],[-64.93781,1.81754],[-64.94467,1.81485],[-64.96975,1.80078],[-64.98766,1.78731],[-65.03185,1.75588],[-65.04589,1.7421],[-65.05813,1.73192],[-65.07634,1.72085],[-65.08918,1.71007],[-65.11008,1.6972],[-65.13188,1.67953],[-65.151,1.65827],[-65.15847,1.64748],[-65.16387,1.62949],[-65.17405,1.60432],[-65.18512,1.58484],[-65.21261,1.55638],[-65.23021,1.54831],[-65.24484,1.54023],[-65.26813,1.52047],[-65.28694,1.51119],[-65.3281,1.50405],[-65.34062,1.50676],[-65.35016,1.50677],[-65.36566,1.51339],[-65.39129,1.52152],[-65.40976,1.53114],[-65.42137,1.54284],[-65.43505,1.56745],[-65.44159,1.57405],[-65.47317,1.59538],[-65.49164,1.6065],[-65.52439,1.63263],[-65.52826,1.63653],[-65.53599,1.65183],[-65.53864,1.67373],[-65.53712,1.68722],[-65.53353,1.69621],[-65.49378,1.74954],[-65.48479,1.77412],[-65.48179,1.78671],[-65.46682,1.82178],[-65.46411,1.83287],[-65.45274,1.85564],[-65.44644,1.87603],[-65.45179,1.88953],[-65.45593,1.90872],[-65.4559,1.92492],[-65.44304,1.94649],[-65.43436,1.96957],[-65.43103,1.99835],[-65.4304,2.01574],[-65.44436,2.05085],[-65.44582,2.06434],[-65.43832,2.09432],[-65.42843,2.12399],[-65.40419,2.16954],[-65.39252,2.19472],[-65.38175,2.2154],[-65.36947,2.24657],[-65.36078,2.27265],[-65.35744,2.30533],[-65.35292,2.33351],[-65.3526,2.3467],[-65.34989,2.36289],[-65.35402,2.38689],[-65.36205,2.39709],[-65.3683,2.4082],[-65.37455,2.4145],[-65.38588,2.41391],[-65.39306,2.40343],[-65.39693,2.40253],[-65.41449,2.42265],[-65.427,2.43286],[-65.43295,2.44216],[-65.44157,2.46046],[-65.45706,2.46858],[-65.47194,2.48359],[-65.48417,2.4845],[-65.49847,2.49112],[-65.5128,2.47974],[-65.51967,2.47645],[-65.53368,2.47587],[-65.54619,2.48488],[-65.54768,2.49028],[-65.54646,2.50287],[-65.55181,2.51547],[-65.5643,2.53228],[-65.56577,2.54367],[-65.56068,2.55716],[-65.56157,2.56136],[-65.55677,2.57635],[-65.55884,2.58835],[-65.56687,2.60095],[-65.57459,2.62195],[-65.57695,2.63605],[-65.56915,2.65973],[-65.56944,2.66722],[-65.57801,2.71311],[-65.58575,2.72182],[-65.59794,2.73953],[-65.60717,2.74703],[-65.61342,2.75664],[-65.62266,2.76025],[-65.64502,2.76117],[-65.65395,2.77138],[-65.66468,2.77559],[-65.67274,2.7699],[-65.67633,2.76061],[-65.6838,2.75282],[-65.68263,2.74263],[-65.6898,2.73154],[-65.69131,2.72345],[-65.70027,2.71416],[-65.70147,2.70937],[-65.71012,2.71058],[-65.72921,2.707],[-65.74175,2.69922],[-65.75036,2.72112],[-65.75661,2.72652],[-65.76315,2.73943],[-65.77328,2.74454],[-65.78252,2.74395],[-65.79504,2.74786],[-65.80099,2.75596],[-65.80276,2.76496],[-65.81615,2.78237],[-65.82122,2.78508],[-65.8227,2.79317],[-65.83461,2.80398],[-65.83549,2.81028],[-65.8495,2.8118],[-65.85577,2.80761],[-65.86383,2.80642],[-65.87902,2.81633],[-65.89273,2.82145],[-65.90346,2.82116],[-65.90733,2.82386]]]},"properties":{"municipio":"Autónomo Río Negro","estado":"AMAZONAS"}},{"type":"Feature","geometry":{"type":"Polygon","coordinates":[[[-66.22982,2.68171],[-66.40581,3.0928],[-66.40939,3.0961],[-66.41776,3.08562],[-66.41868,3.06344],[-66.42945,3.03589],[-66.45931,3.02034],[-66.47096,3.01646],[-66.47873,3.00717],[-66.49067,3.00149],[-66.50261,3.00181],[-66.51513,2.99888],[-66.53752,3.00065],[-66.54499,2.99616],[-66.57513,2.9932],[-66.59542,2.99382],[-66.61601,2.99984],[-66.6381,2.99237],[-66.64795,2.99089],[-66.67091,3.0059],[-66.68195,3.00321],[-66.69477,3.01431],[-66.69954,3.02211],[-66.70968,3.02961],[-66.71505,3.02962],[-66.74221,3.02486],[-66.75355,3.02877],[-66.76668,3.02938],[-66.77593,3.02699],[-66.78936,3.02671],[-66.80607,3.02373],[-66.81443,3.01985],[-66.8356,3.04025],[-66.84723,3.04715],[-66.8517,3.05315],[-66.86184,3.05976],[-66.8669,3.06695],[-66.88004,3.06247],[-66.88302,3.06637],[-66.87943,3.07326],[-66.88509,3.08346],[-66.88986,3.08706],[-66.89851,3.08797],[-66.9152,3.10866],[-66.92385,3.11407],[-66.93757,3.11828],[-66.94861,3.11859],[-66.96322,3.1267],[-66.97576,3.12432],[-66.99308,3.11385],[-67.00502,3.11146],[-67.01966,3.0965],[-67.02415,3.08062],[-67.0358,3.07644],[-67.04267,3.07075],[-67.04712,3.09143],[-67.05458,3.09294],[-67.05308,3.09953],[-67.0653,3.11093],[-67.06022,3.12142],[-67.06857,3.11993],[-67.07603,3.12263],[-67.0814,3.12863],[-67.09065,3.12205],[-67.1005,3.12775],[-67.10049,3.13435],[-67.11242,3.13406],[-67.12525,3.13797],[-67.14167,3.13769],[-67.1545,3.1395],[-67.15898,3.12992],[-67.15481,3.12242],[-67.1584,3.11673],[-67.16973,3.12244],[-67.1772,3.12215],[-67.18793,3.12726],[-67.19211,3.12426],[-67.1993,3.10809],[-67.21094,3.09941],[-67.23273,3.09464],[-67.24019,3.09825],[-67.25123,3.09946],[-67.26883,3.10937],[-67.27897,3.11178],[-67.28582,3.12467],[-67.29566,3.12648],[-67.30341,3.13788],[-67.31892,3.14569],[-67.32279,3.15408],[-67.32516,3.16907],[-67.32455,3.17776],[-67.33021,3.19155],[-67.33109,3.20294],[-67.33914,3.21074],[-67.34926,3.22753],[-67.35762,3.23114],[-67.36478,3.22665],[-67.37642,3.22636],[-67.38148,3.23686],[-67.3758,3.24524],[-67.38142,3.24827],[-67.43477,3.2485],[-67.85999,2.86502],[-67.8597,2.78656],[-67.85317,2.79182],[-67.84063,2.79188],[-67.83607,2.79616],[-67.83273,2.81151],[-67.82405,2.82629],[-67.81085,2.83223],[-67.79999,2.82831],[-67.7822,2.82685],[-67.76235,2.83236],[-67.7503,2.83772],[-67.7368,2.83643],[-67.73527,2.82945],[-67.73834,2.82212],[-67.73646,2.81757],[-67.72394,2.81298],[-67.68552,2.80246],[-67.671,2.80084],[-67.65912,2.79676],[-67.64804,2.79984],[-67.64023,2.80937],[-67.62124,2.81428],[-67.61282,2.81055],[-67.61154,2.80559],[-67.59296,2.78757],[-67.58568,2.77694],[-67.58383,2.76973],[-67.58607,2.76162],[-67.58547,2.74656],[-67.58095,2.73987],[-67.57287,2.73462],[-67.56314,2.72379],[-67.56568,2.7065],[-67.56557,2.69678],[-67.56941,2.68247],[-67.568,2.66446],[-67.56059,2.65409],[-67.55503,2.65321],[-67.55031,2.65986],[-67.53616,2.66927],[-67.52225,2.67335],[-67.51105,2.66772],[-67.4971,2.66615],[-67.48906,2.66798],[-67.48307,2.65752],[-67.47391,2.6353],[-67.47032,2.62099],[-67.46475,2.61769],[-67.45461,2.61904],[-67.44289,2.61091],[-67.43223,2.59806],[-67.41773,2.58519],[-67.40381,2.57759],[-67.39553,2.57583],[-67.38852,2.56735],[-67.38554,2.54601],[-67.3705,2.53738],[-67.34447,2.5244],[-67.33901,2.51793],[-67.33581,2.50894],[-67.33527,2.49633],[-67.32917,2.48649],[-67.31228,2.47469],[-67.31097,2.46734],[-67.30226,2.45992],[-67.30088,2.44801],[-67.29711,2.44165],[-67.28919,2.4386],[-67.27524,2.42973],[-67.26209,2.4306],[-67.24336,2.41105],[-67.22661,2.40245],[-67.21558,2.39071],[-67.21402,2.38278],[-67.2023,2.36532],[-67.18814,2.35021],[-67.18677,2.34086],[-67.19916,2.32015],[-67.21141,2.31198],[-67.21679,2.30624],[-67.21864,2.29309],[-67.21423,2.28125],[-67.21728,2.26726],[-67.22022,2.26423],[-67.22215,2.25262],[-67.21737,2.24421],[-67.20434,2.22703],[-67.20238,2.21363],[-67.19669,2.19892],[-67.19224,2.17994],[-67.17965,2.15944],[-67.1765,2.15231],[-67.15751,2.12948],[-67.14506,2.128],[-67.12862,2.13684],[-67.11537,2.13408],[-67.10829,2.11887],[-67.10529,2.10474],[-67.1056,2.09299],[-67.09845,2.07123],[-67.097,2.05634],[-67.09006,2.0585],[-67.05753,2.06476],[-67.04021,2.07163],[-67.02111,2.07401],[-66.97574,2.08235],[-66.96291,2.07634],[-66.95189,2.06464],[-66.94772,2.05744],[-66.94684,2.03856],[-66.94029,2.02597],[-66.92358,2.02625],[-66.90178,2.03971],[-66.87909,2.04418],[-66.85522,2.04325],[-66.84269,2.04414],[-66.82687,2.04921],[-66.81283,2.05938],[-66.79821,2.05727],[-66.78151,2.04856],[-66.77823,2.04436],[-66.76362,2.03475],[-66.75257,2.04014],[-66.74629,2.05301],[-66.73614,2.0557],[-66.72719,2.05269],[-66.71526,2.04519],[-66.69171,2.02388],[-66.6795,2.00349],[-66.67831,1.9969],[-66.6655,1.978],[-66.65835,1.9726],[-66.63508,1.96418],[-66.61985,1.97256],[-66.60402,1.98363],[-66.59983,1.99321],[-66.59623,2.00879],[-66.58906,2.01568],[-66.57443,2.02285],[-66.57351,2.04383],[-66.56962,2.05491],[-66.56364,2.06359],[-66.55588,2.06838],[-66.53319,2.07884],[-66.52482,2.08453],[-66.51944,2.09141],[-66.51315,2.11778],[-66.51402,2.13366],[-66.51729,2.14445],[-66.52444,2.15944],[-66.54172,2.18014],[-66.5799,2.20146],[-66.58705,2.21166],[-66.58882,2.23144],[-66.5921,2.23414],[-66.60404,2.23266],[-66.61477,2.24136],[-66.6237,2.25635],[-66.63828,2.29772],[-66.64453,2.31002],[-66.64482,2.31511],[-66.63793,2.34327],[-66.62567,2.36364],[-66.61671,2.36932],[-66.60147,2.38848],[-66.5952,2.39207],[-66.5764,2.39025],[-66.56267,2.39443],[-66.5555,2.40191],[-66.548,2.43037],[-66.53785,2.43636],[-66.51129,2.43722],[-66.49786,2.43541],[-66.49428,2.4378],[-66.49725,2.44979],[-66.5214,2.4681],[-66.53273,2.4783],[-66.53988,2.4873],[-66.54494,2.499],[-66.54553,2.50918],[-66.53262,2.5748],[-66.52424,2.59397],[-66.5108,2.60504],[-66.49826,2.61072],[-66.4702,2.61608],[-66.45557,2.62535],[-66.43348,2.63312],[-66.41496,2.64898],[-66.4057,2.65287],[-66.386,2.65794],[-66.35825,2.6597],[-66.349,2.6582],[-66.32274,2.65877],[-66.29916,2.66263],[-66.28781,2.67041],[-66.27526,2.68149],[-66.25884,2.68536],[-66.24453,2.67965],[-66.22982,2.68171]]]},"properties":{"municipio":"Autónomo Maroa","estado":"AMAZONAS"}},{"type":"Feature","geometry":{"type":"Polygon","coordinates":[[[-64.04702,1.9308],[-64.03745,1.93266],[-64.03475,1.93846],[-64.02261,1.94607],[-64.01642,1.95765],[-64.00942,1.95966],[-63.98337,1.98034],[-63.97253,1.99076],[-63.96169,1.99094],[-63.94371,1.9871],[-63.93545,1.9877],[-63.92521,1.98113],[-63.91864,1.98002],[-63.89719,1.98833],[-63.8795,1.98389],[-63.87114,1.97683],[-63.86257,1.9774],[-63.8579,1.96895],[-63.84295,1.96884],[-63.8383,1.97193],[-63.831,1.98397],[-63.82524,1.98997],[-63.8192,2.00531],[-63.80708,1.98994],[-63.79842,1.98332],[-63.78754,1.98114],[-63.75395,1.98582],[-63.75299,1.99467],[-63.74205,2.00061],[-63.73845,2.01886],[-63.72976,2.019],[-63.72805,2.02806],[-63.71784,2.03304],[-63.71,2.04087],[-63.69875,2.04437],[-63.69049,2.04476],[-63.6843,2.03177],[-63.68882,2.0254],[-63.66252,2.02006],[-63.66046,2.02377],[-63.66008,2.03686],[-63.65728,2.04543],[-63.66114,2.04935],[-63.65927,2.06931],[-63.65102,2.07119],[-63.64625,2.06788],[-63.63092,2.07262],[-63.63107,2.08045],[-63.62764,2.08627],[-63.6154,2.0935],[-63.61668,2.10485],[-63.60721,2.1079],[-63.5907,2.12378],[-63.58173,2.11823],[-63.57678,2.12435],[-63.56981,2.122],[-63.56322,2.13339],[-63.55141,2.12801],[-63.53435,2.13354],[-63.52938,2.12706],[-63.51646,2.12324],[-63.50947,2.11084],[-63.49836,2.11526],[-63.49312,2.11266],[-63.48416,2.1226],[-63.4746,2.12382],[-63.47531,2.13796],[-63.4712,2.14217],[-63.46491,2.14047],[-63.45196,2.12908],[-63.43725,2.12312],[-63.43241,2.12576],[-63.42991,2.13676],[-63.4187,2.13229],[-63.40998,2.13961],[-63.39922,2.14402],[-63.39231,2.15261],[-63.39445,2.15557],[-63.39445,2.16932],[-63.38948,2.17238],[-63.38954,2.18433],[-63.39786,2.19059],[-63.39641,2.20022],[-63.39117,2.20335],[-63.38333,2.20234],[-63.38092,2.20844],[-63.37391,2.2093],[-63.37327,2.22061],[-63.37868,2.23128],[-63.37809,2.236],[-63.37136,2.24201],[-63.36323,2.25857],[-63.36692,2.26191],[-63.35905,2.27035],[-63.36425,2.28014],[-63.36437,2.29667],[-63.35969,2.30118],[-63.3634,2.31083],[-63.36086,2.32],[-63.36155,2.3295],[-63.37423,2.33861],[-63.37535,2.35618],[-63.35557,2.37943],[-63.35503,2.38716],[-63.36518,2.39052],[-63.36511,2.406],[-63.37054,2.41461],[-63.37032,2.42617],[-63.38347,2.43131],[-63.38797,2.4264],[-63.39938,2.42922],[-63.41381,2.45452],[-63.42057,2.44508],[-63.4281,2.4467],[-63.43518,2.44203],[-63.43469,2.43604],[-63.44236,2.42636],[-63.44056,2.41696],[-63.44489,2.41371],[-63.45446,2.41261],[-63.45353,2.40264],[-63.4644,2.40269],[-63.47123,2.41538],[-63.46965,2.42256],[-63.47543,2.42504],[-63.47929,2.43384],[-63.49138,2.43834],[-63.49778,2.42643],[-63.50292,2.43236],[-63.50836,2.42641],[-63.51709,2.4258],[-63.52338,2.42198],[-63.54568,2.42816],[-63.55404,2.42172],[-63.55416,2.4468],[-63.56973,2.44573],[-63.57958,2.45199],[-63.59072,2.45269],[-63.59189,2.45709],[-63.60005,2.45739],[-63.6034,2.44879],[-63.61806,2.44858],[-63.62802,2.4456],[-63.63272,2.44036],[-63.6378,2.44572],[-63.64386,2.44668],[-63.6513,2.43951],[-63.66822,2.44599],[-63.68049,2.44129],[-63.68819,2.44593],[-63.68711,2.45244],[-63.69076,2.45763],[-63.69922,2.45964],[-63.7108,2.44867],[-63.7192,2.44332],[-63.72473,2.45188],[-63.73165,2.45386],[-63.73516,2.44642],[-63.74912,2.44138],[-63.75774,2.44622],[-63.76738,2.44159],[-63.77373,2.44748],[-63.77401,2.45404],[-63.78539,2.45484],[-63.79736,2.46384],[-63.79587,2.47798],[-63.80082,2.47996],[-63.80878,2.47478],[-63.81671,2.47933],[-63.81898,2.48728],[-63.82676,2.48859],[-63.83413,2.48639],[-63.84155,2.49275],[-63.84939,2.49361],[-63.85656,2.48595],[-63.86336,2.48533],[-63.87227,2.48052],[-63.87866,2.46985],[-63.89558,2.46594],[-63.89862,2.46946],[-63.91219,2.47297],[-63.92633,2.47088],[-63.92565,2.46489],[-63.93355,2.45677],[-63.93995,2.46196],[-63.95107,2.46135],[-63.9584,2.46671],[-63.95913,2.47432],[-63.9661,2.47227],[-63.97096,2.46647],[-63.98265,2.46595],[-63.98762,2.47103],[-64.00681,2.47987],[-64.01338,2.4767],[-64.01465,2.47149],[-64.02188,2.46494],[-64.03151,2.47994],[-64.03811,2.48454],[-64.04284,2.49549],[-64.05582,2.49631],[-64.06005,2.50592],[-64.04981,2.52264],[-64.04358,2.528],[-64.0475,2.5515],[-64.04364,2.55353],[-64.04843,2.56684],[-64.03927,2.58006],[-64.03534,2.57539],[-64.02794,2.57751],[-64.02651,2.58871],[-64.01889,2.59308],[-64.01657,2.59858],[-64.00912,2.60461],[-64.01148,2.61488],[-64.00417,2.63023],[-63.9995,2.63106],[-63.99016,2.64047],[-63.99051,2.64512],[-63.9862,2.66171],[-63.99105,2.67063],[-63.98582,2.68502],[-64.00025,2.69615],[-64.00297,2.70875],[-63.99698,2.70954],[-63.9915,2.71523],[-63.98606,2.71562],[-63.98033,2.72114],[-63.982,2.72741],[-63.98775,2.733],[-63.9971,2.73499],[-64.0021,2.74023],[-64.00372,2.7554],[-63.99677,2.76371],[-63.99718,2.76957],[-64.00474,2.77375],[-64.01621,2.77618],[-64.01374,2.78607],[-64.01892,2.7966],[-64.01558,2.81022],[-64.02006,2.81526],[-64.02302,2.82436],[-64.03294,2.82595],[-64.04178,2.83393],[-64.04721,2.84723],[-64.05154,2.84956],[-64.05609,2.86186],[-64.06203,2.86956],[-64.0767,2.87143],[-64.08099,2.87775],[-64.07225,2.88479],[-64.06622,2.89247],[-64.07704,2.90267],[-64.07662,2.91071],[-64.0717,2.91305],[-64.07055,2.91965],[-64.07839,2.92448],[-64.08435,2.93128],[-64.09098,2.93193],[-64.09956,2.95163],[-64.1068,2.95394],[-64.10937,2.95877],[-64.10548,2.9679],[-64.10864,2.98],[-64.11679,2.97982],[-64.12282,2.98824],[-64.12774,2.98477],[-64.14209,2.99046],[-64.14478,2.98579],[-64.15382,2.98399],[-64.16082,2.98749],[-64.14709,3.0105],[-64.14362,3.03425],[-64.15871,3.04203],[-64.15766,3.04751],[-64.17594,3.05024],[-64.17794,3.06339],[-64.18399,3.06951],[-64.21006,3.08279],[-64.21269,3.08867],[-64.2206,3.09312],[-64.21573,3.09965],[-64.21894,3.10374],[-64.21992,3.11857],[-64.22389,3.1218],[-64.22599,3.13189],[-64.2249,3.14071],[-64.21836,3.15355],[-64.20709,3.15709],[-64.20312,3.16134],[-64.19214,3.16079],[-64.18283,3.16401],[-64.17643,3.17764],[-64.1756,3.1864],[-64.17063,3.19307],[-64.16769,3.20423],[-64.15811,3.20757],[-64.1537,3.22258],[-64.15381,3.23211],[-64.15695,3.23422],[-64.15633,3.24623],[-64.14985,3.24799],[-64.14911,3.25668],[-64.1391,3.26339],[-64.13634,3.27078],[-64.12912,3.27532],[-64.11652,3.27867],[-64.11571,3.28418],[-64.12288,3.29116],[-64.1174,3.30012],[-64.11457,3.31405],[-64.11877,3.31904],[-64.11376,3.33309],[-64.11751,3.33833],[-64.12391,3.33739],[-64.12668,3.34517],[-64.13293,3.34652],[-64.1321,3.36138],[-64.14214,3.3621],[-64.14599,3.36533],[-64.14846,3.37663],[-64.14556,3.38459],[-64.1394,3.38506],[-64.13284,3.391],[-64.12783,3.39105],[-64.12274,3.40163],[-64.11723,3.42202],[-64.12439,3.43149],[-64.12251,3.43853],[-64.1282,3.44119],[-64.1223,3.44841],[-64.12119,3.46558],[-64.12589,3.47307],[-64.12789,3.48491],[-64.13466,3.48969],[-64.14665,3.48869],[-64.15853,3.49337],[-64.16503,3.50188],[-64.17538,3.50612],[-64.17246,3.51241],[-64.17721,3.52202],[-64.18355,3.52389],[-64.18237,3.53055],[-64.17046,3.54292],[-64.17764,3.55639],[-64.18034,3.5663],[-64.18474,3.56935],[-64.18508,3.57998],[-64.19192,3.5779],[-64.19897,3.58303],[-64.19581,3.59588],[-64.19639,3.60573],[-64.2073,3.60222],[-64.21235,3.60431],[-64.2201,3.60042],[-64.22157,3.61132],[-64.2279,3.61756],[-64.22278,3.62515],[-64.2239,3.63149],[-64.23366,3.63171],[-64.24349,3.62606],[-64.24897,3.63713],[-64.23685,3.64784],[-64.24083,3.66006],[-64.24779,3.66248],[-64.25073,3.6579],[-64.26464,3.65098],[-64.28108,3.65131],[-64.30245,3.66254],[-64.30756,3.66711],[-64.30072,3.68245],[-64.30893,3.69283],[-64.3102,3.70062],[-64.31796,3.71379],[-64.32316,3.71422],[-64.32985,3.70875],[-64.33444,3.70935],[-64.33868,3.71918],[-64.34875,3.7309],[-64.36367,3.74474],[-64.37665,3.75281],[-64.38426,3.7544],[-64.3873,3.76577],[-64.39771,3.76752],[-64.40589,3.7662],[-64.41487,3.78187],[-64.43728,3.77313],[-64.44681,3.77946],[-64.45545,3.78079],[-64.46055,3.791],[-64.46245,3.8059],[-64.47136,3.82033],[-64.47667,3.83593],[-64.48133,3.829],[-64.48881,3.82914],[-64.50006,3.83592],[-64.51145,3.83788],[-64.51307,3.84456],[-64.52541,3.85388],[-64.52907,3.86685],[-64.53272,3.87296],[-64.54971,3.86571],[-64.55493,3.8683],[-64.56011,3.87765],[-64.55948,3.88243],[-64.55126,3.88578],[-64.56125,3.89643],[-64.5664,3.89844],[-64.56517,3.90522],[-64.55873,3.9111],[-64.55118,3.92561],[-64.56261,3.92616],[-64.56922,3.9206],[-64.59023,3.93288],[-64.60155,3.93399],[-64.60254,3.94218],[-64.61567,3.941],[-64.61549,3.94536],[-64.62359,3.95023],[-64.61699,3.95786],[-64.616,3.97073],[-64.62506,3.96998],[-64.64102,3.97646],[-64.65688,3.96847],[-64.66801,3.96928],[-64.67102,3.97693],[-64.66875,3.989],[-64.67478,3.99851],[-64.67552,4.01318],[-64.67775,4.0234],[-64.68577,4.02788],[-64.68572,4.03728],[-64.68969,4.04509],[-64.68746,4.0612],[-64.69575,4.06178],[-64.69898,4.05804],[-64.71795,4.05711],[-64.72334,4.05361],[-64.73244,4.05339],[-64.73455,4.0577],[-64.72467,4.06259],[-64.72653,4.06716],[-64.75476,4.06059],[-64.77119,4.05924],[-64.77329,4.06596],[-64.76711,4.06926],[-64.7732,4.08077],[-64.77449,4.09256],[-64.7681,4.10544],[-64.77372,4.10967],[-64.76711,4.12126],[-64.7675,4.13308],[-64.772,4.14243],[-64.78118,4.14148],[-64.78406,4.15331],[-64.83946,4.14475],[-64.86395,4.13069],[-64.89799,4.12204],[-64.91441,4.11426],[-64.92248,4.10738],[-64.94221,4.08072],[-64.95327,4.06815],[-64.9697,4.05438],[-64.99092,4.03402],[-64.99809,4.02534],[-65.01273,4.01426],[-65.02378,4.01008],[-65.0375,4.01579],[-65.05002,4.02959],[-65.06313,4.05509],[-65.06789,4.07098],[-65.07264,4.09316],[-65.08217,4.10636],[-65.0971,4.10908],[-65.12575,4.11121],[-65.15739,4.10945],[-65.16963,4.10766],[-65.20903,4.1125],[-65.22723,4.11852],[-65.24423,4.13023],[-65.25556,4.14253],[-65.26062,4.15303],[-65.26508,4.16892],[-65.26952,4.1977],[-65.27339,4.21119],[-65.27964,4.22649],[-65.3017,4.25229],[-65.30856,4.25709],[-65.32974,4.26791],[-65.34375,4.28261],[-65.35001,4.29131],[-65.35537,4.30451],[-65.3649,4.31741],[-65.38131,4.33061],[-65.39742,4.33453],[-65.42069,4.34175],[-65.438,4.34537],[-65.46726,4.3427],[-65.50129,4.33765],[-65.52279,4.33227],[-65.53534,4.3221],[-65.54132,4.30802],[-65.54047,4.26665],[-65.54466,4.25646],[-65.55244,4.24538],[-65.5868,4.21035],[-65.61281,4.18161],[-65.62596,4.16454],[-65.63493,4.14836],[-65.6457,4.12499],[-65.65737,4.10252],[-65.66963,4.08725],[-65.67888,4.08397],[-65.68545,4.08667],[-65.70125,4.09898],[-65.71079,4.10918],[-65.72569,4.12958],[-65.73196,4.13498],[-65.74778,4.1359],[-65.76002,4.12872],[-65.78033,4.12125],[-65.79825,4.11318],[-65.8311,4.09583],[-65.84036,4.09404],[-65.87828,4.0824],[-65.90156,4.07883],[-65.92872,4.07976],[-65.97715,4.01952],[-65.99866,3.99975],[-66.0103,3.99047],[-66.02285,3.97729],[-66.06556,3.93926],[-66.07332,3.93327],[-66.09184,3.9138],[-66.10707,3.90513],[-66.11662,3.89734],[-66.16323,3.84612],[-66.16473,3.84132],[-66.17309,3.83204],[-66.17194,3.81075],[-66.16957,3.80205],[-66.16481,3.79514],[-66.16066,3.78045],[-66.12051,3.71833],[-66.09311,3.697],[-66.06961,3.66339],[-66.05146,3.64088],[-66.04075,3.62107],[-66.02647,3.60546],[-66.01726,3.58656],[-66.01194,3.55717],[-66.01257,3.53498],[-66.0165,3.50559],[-66.0234,3.48041],[-66.02731,3.46183],[-66.03271,3.44264],[-66.02828,3.41925],[-66.03429,3.39197],[-66.04057,3.38148],[-66.04805,3.36439],[-66.05556,3.33292],[-66.05172,3.31432],[-66.04221,3.29332],[-66.04313,3.28163],[-66.05269,3.26874],[-66.06881,3.25767],[-66.08137,3.23969],[-66.08138,3.23039],[-66.07635,3.2121],[-66.0579,3.18718],[-66.04241,3.17427],[-66.0305,3.16676],[-66.0126,3.17034],[-65.99411,3.17002],[-65.9819,3.16011],[-65.95867,3.14718],[-65.94287,3.14237],[-65.93452,3.14236],[-65.92257,3.15254],[-65.90316,3.172],[-65.8954,3.17649],[-65.88704,3.17768],[-65.88138,3.17528],[-65.87246,3.16327],[-65.87069,3.15127],[-65.86563,3.14467],[-65.8561,3.14046],[-65.86121,3.11228],[-65.87256,3.1039],[-65.88359,3.10781],[-65.89584,3.09043],[-65.90125,3.06945],[-65.91348,3.06616],[-65.92781,3.05539],[-65.93975,3.0482],[-65.94187,3.03201],[-65.94873,3.02722],[-65.955,3.02663],[-65.96634,3.01945],[-65.9774,3.00357],[-65.98309,2.98918],[-65.98281,2.97749],[-65.973,2.95948],[-65.96885,2.94688],[-65.9632,2.93968],[-65.95247,2.93187],[-65.9552,2.90848],[-65.94032,2.88748],[-65.93644,2.89347],[-65.9397,2.90607],[-65.93283,2.90906],[-65.9236,2.90125],[-65.926,2.89136],[-65.91739,2.87036],[-65.90433,2.83555],[-65.90733,2.82386],[-65.90346,2.82116],[-65.89273,2.82145],[-65.87902,2.81633],[-65.86383,2.80642],[-65.85577,2.80761],[-65.8495,2.8118],[-65.83549,2.81028],[-65.83461,2.80398],[-65.8227,2.79317],[-65.82122,2.78508],[-65.81615,2.78237],[-65.80276,2.76496],[-65.80099,2.75596],[-65.79504,2.74786],[-65.78252,2.74395],[-65.77328,2.74454],[-65.76315,2.73943],[-65.75661,2.72652],[-65.75036,2.72112],[-65.74175,2.69922],[-65.72921,2.707],[-65.71012,2.71058],[-65.70147,2.70937],[-65.70027,2.71416],[-65.69131,2.72345],[-65.6898,2.73154],[-65.68263,2.74263],[-65.6838,2.75282],[-65.67633,2.76061],[-65.67274,2.7699],[-65.66468,2.77559],[-65.65395,2.77138],[-65.64502,2.76117],[-65.62266,2.76025],[-65.61342,2.75664],[-65.60717,2.74703],[-65.59794,2.73953],[-65.58575,2.72182],[-65.57801,2.71311],[-65.56944,2.66722],[-65.56915,2.65973],[-65.57695,2.63605],[-65.57459,2.62195],[-65.56687,2.60095],[-65.55884,2.58835],[-65.55677,2.57635],[-65.56157,2.56136],[-65.56068,2.55716],[-65.56577,2.54367],[-65.5643,2.53228],[-65.55181,2.51547],[-65.54646,2.50287],[-65.54768,2.49028],[-65.54619,2.48488],[-65.53368,2.47587],[-65.51967,2.47645],[-65.5128,2.47974],[-65.49847,2.49112],[-65.48417,2.4845],[-65.47194,2.48359],[-65.45706,2.46858],[-65.44157,2.46046],[-65.43295,2.44216],[-65.427,2.43286],[-65.41449,2.42265],[-65.39693,2.40253],[-65.39306,2.40343],[-65.38588,2.41391],[-65.37455,2.4145],[-65.3683,2.4082],[-65.36205,2.39709],[-65.35402,2.38689],[-65.34989,2.36289],[-65.3526,2.3467],[-65.35292,2.33351],[-65.35744,2.30533],[-65.36078,2.27265],[-65.36947,2.24657],[-65.38175,2.2154],[-65.39252,2.19472],[-65.40419,2.16954],[-65.42843,2.12399],[-65.43832,2.09432],[-65.44582,2.06434],[-65.44436,2.05085],[-65.4304,2.01574],[-65.43103,1.99835],[-65.43436,1.96957],[-65.44304,1.94649],[-65.4559,1.92492],[-65.45593,1.90872],[-65.45179,1.88953],[-65.44644,1.87603],[-65.45274,1.85564],[-65.46411,1.83287],[-65.46682,1.82178],[-65.48179,1.78671],[-65.48479,1.77412],[-65.49378,1.74954],[-65.53353,1.69621],[-65.53712,1.68722],[-65.53864,1.67373],[-65.53599,1.65183],[-65.52826,1.63653],[-65.52439,1.63263],[-65.49164,1.6065],[-65.47317,1.59538],[-65.44159,1.57405],[-65.43505,1.56745],[-65.42137,1.54284],[-65.40976,1.53114],[-65.39129,1.52152],[-65.36566,1.51339],[-65.35016,1.50677],[-65.34062,1.50676],[-65.3281,1.50405],[-65.28694,1.51119],[-65.26813,1.52047],[-65.24484,1.54023],[-65.23021,1.54831],[-65.21261,1.55638],[-65.18512,1.58484],[-65.17405,1.60432],[-65.16387,1.62949],[-65.15847,1.64748],[-65.151,1.65827],[-65.13188,1.67953],[-65.11008,1.6972],[-65.08918,1.71007],[-65.07634,1.72085],[-65.05813,1.73192],[-65.04589,1.7421],[-65.03185,1.75588],[-64.98766,1.78731],[-64.96975,1.80078],[-64.94467,1.81485],[-64.93781,1.81754],[-64.91632,1.8319],[-64.90258,1.84478],[-64.86764,1.86993],[-64.85659,1.87861],[-64.85122,1.8801],[-64.8163,1.89955],[-64.78973,1.91721],[-64.77448,1.94478],[-64.76308,1.98345],[-64.75889,1.98824],[-64.75589,1.99963],[-64.74543,2.01342],[-64.72067,2.02058],[-64.71202,2.01787],[-64.7025,2.00857],[-64.69118,2.00256],[-64.68315,1.98845],[-64.67005,1.97584],[-64.65486,1.96593],[-64.62953,1.9548],[-64.6054,1.93828],[-64.59258,1.93766],[-64.57113,1.92834],[-64.53892,1.9313],[-64.51982,1.93608],[-64.51326,1.94057],[-64.49745,1.94355],[-64.46672,1.95161],[-64.43689,1.95757],[-64.42316,1.96175],[-64.41271,1.96983],[-64.40972,1.97762],[-64.40314,1.98631],[-64.38761,1.99979],[-64.36971,2.00606],[-64.35122,2.00814],[-64.34466,2.00633],[-64.32438,2.00781],[-64.29277,2.00657],[-64.26683,2.00744],[-64.2364,2.0101],[-64.22061,2.00618],[-64.2075,1.99927],[-64.19557,2.00046],[-64.17887,1.99924],[-64.16634,2.00192],[-64.14368,1.99949],[-64.13922,1.99559],[-64.13506,1.98299],[-64.13149,1.97939],[-64.09723,1.96195],[-64.07936,1.94544],[-64.06208,1.93522],[-64.04702,1.9308]]]},"properties":{"municipio":"Autónomo Alto Orinoco","estado":"AMAZONAS"}},{"type":"Feature","geometry":{"type":"Polygon","coordinates":[[[-65.92872,4.07976],[-65.93977,4.07977],[-65.94902,4.08278],[-65.96991,4.0843],[-66.00394,4.08104],[-66.00752,4.08734],[-66.02035,4.09095],[-66.03767,4.08588],[-66.05498,4.0841],[-66.06513,4.08741],[-66.08004,4.09761],[-66.1176,4.13902],[-66.13161,4.15582],[-66.13758,4.16063],[-66.15667,4.17144],[-66.17367,4.18345],[-66.20022,4.19517],[-66.21425,4.19818],[-66.23662,4.2066],[-66.26168,4.21982],[-66.27839,4.22973],[-66.2924,4.24023],[-66.30821,4.25584],[-66.31744,4.27114],[-66.3219,4.28613],[-66.32098,4.30471],[-66.31648,4.32479],[-66.31646,4.34337],[-66.31913,4.36016],[-66.32389,4.37486],[-66.33313,4.38955],[-66.34446,4.40096],[-66.37577,4.42497],[-66.38501,4.43397],[-66.40619,4.44689],[-66.42796,4.464],[-66.43987,4.48709],[-66.44672,4.50419],[-66.45414,4.53717],[-66.46397,4.55876],[-66.48634,4.57497],[-66.50036,4.58068],[-66.51229,4.59328],[-66.51883,4.61307],[-66.51881,4.63556],[-66.53368,4.67844],[-66.53785,4.68623],[-66.53605,4.69762],[-66.52379,4.71289],[-66.50229,4.72486],[-66.4981,4.73385],[-66.50048,4.73865],[-66.50824,4.74165],[-66.52973,4.74138],[-66.54137,4.74379],[-66.54942,4.74769],[-66.56016,4.7582],[-66.56312,4.77379],[-66.56281,4.78368],[-66.5583,4.81065],[-66.55471,4.82354],[-66.55349,4.84542],[-66.55079,4.8598],[-66.55107,4.86939],[-66.5591,4.89578],[-66.56358,4.89998],[-66.56895,4.89639],[-66.57195,4.8838],[-66.57738,4.83675],[-66.59052,4.82897],[-66.59769,4.82748],[-66.61649,4.8293],[-66.62515,4.82631],[-66.63023,4.82062],[-66.6401,4.80415],[-66.65265,4.79457],[-66.6631,4.79249],[-66.68459,4.79371],[-66.70011,4.79193],[-66.71624,4.78355],[-66.72939,4.76439],[-66.73389,4.74311],[-66.73966,4.72666],[-66.75789,4.70691],[-66.77043,4.69793],[-66.79879,4.68268],[-66.82416,4.67432],[-66.84864,4.66476],[-66.86148,4.65669],[-66.86417,4.6513],[-66.86209,4.64171],[-66.85524,4.63151],[-66.84898,4.62911],[-66.83704,4.62939],[-66.81794,4.63297],[-66.79675,4.64133],[-66.77795,4.64551],[-66.75437,4.64788],[-66.74453,4.64607],[-66.74066,4.63887],[-66.74217,4.62359],[-66.75024,4.60862],[-66.76667,4.59036],[-66.7837,4.5763],[-66.79385,4.56403],[-66.80163,4.54516],[-66.8115,4.5245],[-66.82286,4.50773],[-66.84526,4.48469],[-66.85751,4.47781],[-66.88706,4.46855],[-66.91422,4.4551],[-66.93542,4.44044],[-66.97126,4.41022],[-66.9853,4.39586],[-67.00533,4.36682],[-67.01161,4.35274],[-67.01371,4.34346],[-67.01462,4.32518],[-67.02421,4.29103],[-67.0293,4.27815],[-67.04156,4.2566],[-67.05022,4.24672],[-67.06425,4.24044],[-67.08693,4.23537],[-67.09797,4.23479],[-67.12781,4.23093],[-67.13408,4.22914],[-67.14334,4.21956],[-67.16427,4.18782],[-67.17234,4.17015],[-67.18548,4.15788],[-67.21922,4.13875],[-67.22937,4.13396],[-67.23774,4.12558],[-67.24999,4.10732],[-67.26045,4.09475],[-67.2709,4.08847],[-67.29,4.0807],[-67.31387,4.07923],[-67.33058,4.08374],[-67.34101,4.08975],[-67.3574,4.11014],[-67.36426,4.11584],[-67.37708,4.12155],[-67.38454,4.12246],[-67.40991,4.11649],[-67.43647,4.10903],[-67.45288,4.10845],[-67.47377,4.11027],[-67.49673,4.12079],[-67.52714,4.1385],[-67.5513,4.14512],[-67.56531,4.16042],[-67.57305,4.17301],[-67.58735,4.1928],[-67.60643,4.2072],[-67.63,4.21382],[-67.64042,4.22642],[-67.63115,4.25218],[-67.61828,4.28242],[-67.61885,4.3022],[-67.63405,4.3196],[-67.65522,4.3352],[-67.67459,4.3553],[-67.69722,4.39278],[-67.70794,4.41316],[-67.72165,4.42726],[-67.78722,4.48816],[-67.80063,4.50436],[-67.80987,4.51365],[-67.83462,4.52447],[-67.85823,4.53699],[-67.86048,4.52693],[-67.85605,4.5158],[-67.84834,4.50831],[-67.81561,4.49247],[-67.8066,4.4917],[-67.80109,4.48696],[-67.80057,4.47667],[-67.79491,4.46341],[-67.79841,4.4489],[-67.79836,4.43671],[-67.78938,4.42652],[-67.78083,4.42402],[-67.77477,4.41361],[-67.77498,4.40585],[-67.77999,4.39121],[-67.77908,4.38593],[-67.76631,4.36586],[-67.76457,4.34383],[-67.77332,4.3384],[-67.79181,4.33904],[-67.80132,4.33306],[-67.80653,4.3216],[-67.80163,4.3043],[-67.79405,4.28857],[-67.79372,4.27045],[-67.79825,4.26187],[-67.7991,4.24454],[-67.79651,4.22823],[-67.7832,4.20339],[-67.78113,4.18624],[-67.77615,4.173],[-67.74593,4.14646],[-67.73594,4.12864],[-67.72647,4.10077],[-67.72413,4.08861],[-67.71883,4.0783],[-67.71882,4.06386],[-67.71374,4.05302],[-67.70454,4.04261],[-67.70003,4.02331],[-67.69914,3.98861],[-67.69524,3.96587],[-67.69159,3.95736],[-67.69064,3.93552],[-67.68342,3.92467],[-67.68274,3.9172],[-67.67243,3.9036],[-67.66307,3.89427],[-67.65967,3.88084],[-67.65225,3.86864],[-67.647,3.85595],[-67.64831,3.84873],[-67.64434,3.83843],[-67.64494,3.81629],[-67.63464,3.78896],[-67.62276,3.77854],[-67.61712,3.76484],[-67.60965,3.75441],[-67.59413,3.75123],[-67.57279,3.75382],[-67.55461,3.75734],[-67.54618,3.75528],[-67.53775,3.75812],[-67.52595,3.77274],[-67.51693,3.77547],[-67.50135,3.76769],[-67.48532,3.7401],[-67.48582,3.72375],[-67.48204,3.71057],[-67.47028,3.69291],[-67.46616,3.68461],[-67.4532,3.68229],[-67.4481,3.67716],[-67.45325,3.65684],[-67.44929,3.65012],[-67.44221,3.64656],[-67.4405,3.63446],[-67.44404,3.61631],[-67.44847,3.61085],[-67.44346,3.58459],[-67.43591,3.58056],[-67.43103,3.57456],[-67.43094,3.5634],[-67.41205,3.53966],[-67.40757,3.51386],[-67.40724,3.50014],[-67.40475,3.48808],[-67.39885,3.47499],[-67.39148,3.47014],[-67.37717,3.46909],[-67.36926,3.46652],[-67.35469,3.45681],[-67.33907,3.4504],[-67.33292,3.43769],[-67.33004,3.42502],[-67.3226,3.41338],[-67.31246,3.39291],[-67.31115,3.37682],[-67.3249,3.36429],[-67.32554,3.35546],[-67.33305,3.34297],[-67.33369,3.33538],[-67.35141,3.31704],[-67.35517,3.31018],[-67.37584,3.30075],[-67.3811,3.29428],[-67.38136,3.28064],[-67.38419,3.26197],[-67.38142,3.24827],[-67.3758,3.24524],[-67.38148,3.23686],[-67.37642,3.22636],[-67.36478,3.22665],[-67.35762,3.23114],[-67.34926,3.22753],[-67.33914,3.21074],[-67.33109,3.20294],[-67.33021,3.19155],[-67.32455,3.17776],[-67.32516,3.16907],[-67.32279,3.15408],[-67.31892,3.14569],[-67.30341,3.13788],[-67.29566,3.12648],[-67.28582,3.12467],[-67.27897,3.11178],[-67.26883,3.10937],[-67.25123,3.09946],[-67.24019,3.09825],[-67.23273,3.09464],[-67.21094,3.09941],[-67.1993,3.10809],[-67.19211,3.12426],[-67.18793,3.12726],[-67.1772,3.12215],[-67.16973,3.12244],[-67.1584,3.11673],[-67.15481,3.12242],[-67.15898,3.12992],[-67.1545,3.1395],[-67.14167,3.13769],[-67.12525,3.13797],[-67.11242,3.13406],[-67.10049,3.13435],[-67.1005,3.12775],[-67.09065,3.12205],[-67.0814,3.12863],[-67.07603,3.12263],[-67.06857,3.11993],[-67.06022,3.12142],[-67.0653,3.11093],[-67.05308,3.09953],[-67.05458,3.09294],[-67.04712,3.09143],[-67.04267,3.07075],[-67.0358,3.07644],[-67.02415,3.08062],[-67.01966,3.0965],[-67.00502,3.11146],[-66.99308,3.11385],[-66.97576,3.12432],[-66.96322,3.1267],[-66.94861,3.11859],[-66.93757,3.11828],[-66.92385,3.11407],[-66.9152,3.10866],[-66.89851,3.08797],[-66.88986,3.08706],[-66.88509,3.08346],[-66.87943,3.07326],[-66.88302,3.06637],[-66.88004,3.06247],[-66.8669,3.06695],[-66.86184,3.05976],[-66.8517,3.05315],[-66.84723,3.04715],[-66.8356,3.04025],[-66.81443,3.01985],[-66.80607,3.02373],[-66.78936,3.02671],[-66.77593,3.02699],[-66.76668,3.02938],[-66.75355,3.02877],[-66.74221,3.02486],[-66.71505,3.02962],[-66.70968,3.02961],[-66.69954,3.02211],[-66.69477,3.01431],[-66.68195,3.00321],[-66.67091,3.0059],[-66.64795,2.99089],[-66.6381,2.99237],[-66.61601,2.99984],[-66.59542,2.99382],[-66.57513,2.9932],[-66.54499,2.99616],[-66.53752,3.00065],[-66.51513,2.99888],[-66.50261,3.00181],[-66.49067,3.00149],[-66.47873,3.00717],[-66.47096,3.01646],[-66.45931,3.02034],[-66.42945,3.03589],[-66.41868,3.06344],[-66.41776,3.08562],[-66.40939,3.0961],[-66.40581,3.0928],[-66.22982,2.68171],[-66.21252,2.63875],[-66.21073,2.64294],[-66.21429,2.6606],[-66.20982,2.66418],[-66.19821,2.66446],[-66.19315,2.66236],[-66.1872,2.65008],[-66.17619,2.639],[-66.16934,2.64108],[-66.16398,2.64915],[-66.15832,2.64944],[-66.15088,2.64076],[-66.14373,2.64314],[-66.14313,2.64852],[-66.15146,2.66948],[-66.15026,2.68205],[-66.15353,2.68984],[-66.14162,2.70239],[-66.14102,2.70687],[-66.15471,2.71587],[-66.16096,2.72516],[-66.15142,2.74459],[-66.14307,2.75505],[-66.13623,2.75474],[-66.12253,2.74904],[-66.11271,2.74843],[-66.10467,2.75111],[-66.07785,2.7777],[-66.07189,2.78906],[-66.05879,2.79563],[-66.05401,2.81028],[-66.04627,2.81775],[-66.03674,2.81774],[-66.03049,2.81145],[-66.01471,2.80843],[-66.004,2.80034],[-65.99387,2.80062],[-65.98703,2.79223],[-65.97929,2.78983],[-65.96946,2.7925],[-65.9629,2.80776],[-65.95426,2.81283],[-65.93283,2.8119],[-65.92717,2.81369],[-65.92299,2.82086],[-65.91764,2.81936],[-65.90733,2.82386],[-65.90433,2.83555],[-65.91739,2.87036],[-65.926,2.89136],[-65.9236,2.90125],[-65.93283,2.90906],[-65.9397,2.90607],[-65.93644,2.89347],[-65.94032,2.88748],[-65.9552,2.90848],[-65.95247,2.93187],[-65.9632,2.93968],[-65.96885,2.94688],[-65.973,2.95948],[-65.98281,2.97749],[-65.98309,2.98918],[-65.9774,3.00357],[-65.96634,3.01945],[-65.955,3.02663],[-65.94873,3.02722],[-65.94187,3.03201],[-65.93975,3.0482],[-65.92781,3.05539],[-65.91348,3.06616],[-65.90125,3.06945],[-65.89584,3.09043],[-65.88359,3.10781],[-65.87256,3.1039],[-65.86121,3.11228],[-65.8561,3.14046],[-65.86563,3.14467],[-65.87069,3.15127],[-65.87246,3.16327],[-65.88138,3.17528],[-65.88704,3.17768],[-65.8954,3.17649],[-65.90316,3.172],[-65.92257,3.15254],[-65.93452,3.14236],[-65.94287,3.14237],[-65.95867,3.14718],[-65.9819,3.16011],[-65.99411,3.17002],[-66.0126,3.17034],[-66.0305,3.16676],[-66.04241,3.17427],[-66.0579,3.18718],[-66.07635,3.2121],[-66.08138,3.23039],[-66.08137,3.23969],[-66.06881,3.25767],[-66.05269,3.26874],[-66.04313,3.28163],[-66.04221,3.29332],[-66.05172,3.31432],[-66.05556,3.33292],[-66.04805,3.36439],[-66.04057,3.38148],[-66.03429,3.39197],[-66.02828,3.41925],[-66.03271,3.44264],[-66.02731,3.46183],[-66.0234,3.48041],[-66.0165,3.50559],[-66.01257,3.53498],[-66.01194,3.55717],[-66.01726,3.58656],[-66.02647,3.60546],[-66.04075,3.62107],[-66.05146,3.64088],[-66.06961,3.66339],[-66.09311,3.697],[-66.12051,3.71833],[-66.16066,3.78045],[-66.16481,3.79514],[-66.16957,3.80205],[-66.17194,3.81075],[-66.17309,3.83204],[-66.16473,3.84132],[-66.16323,3.84612],[-66.11662,3.89734],[-66.10707,3.90513],[-66.09184,3.9138],[-66.07332,3.93327],[-66.06556,3.93926],[-66.02285,3.97729],[-66.0103,3.99047],[-65.99866,3.99975],[-65.97715,4.01952],[-65.92872,4.07976]]]},"properties":{"municipio":"Autónomo Atabapo","estado":"AMAZONAS"}},{"type":"Feature","geometry":{"type":"Polygon","coordinates":[[[-66.73966,4.72666],[-66.74382,4.74704],[-66.75006,4.76383],[-66.76433,4.80939],[-66.76461,4.82796],[-66.76728,4.84175],[-66.77175,4.84715],[-66.78457,4.85525],[-66.80217,4.85857],[-66.81918,4.85289],[-66.85173,4.83465],[-66.85949,4.83197],[-66.88217,4.8296],[-66.89708,4.83261],[-66.9117,4.83892],[-66.93197,4.85063],[-66.97435,4.84738],[-66.98389,4.84859],[-66.99194,4.85339],[-67.00118,4.86748],[-66.99638,4.88635],[-66.99487,4.89954],[-67.0062,4.91213],[-67.02051,4.91754],[-67.04199,4.91967],[-67.06943,4.93018],[-67.08524,4.9323],[-67.10315,4.93112],[-67.11389,4.93323],[-67.13506,4.94045],[-67.15086,4.95575],[-67.16547,4.96565],[-67.19558,4.98905],[-67.21345,5.01334],[-67.21762,5.02354],[-67.21939,5.03732],[-67.21639,5.0529],[-67.20712,5.06877],[-67.19906,5.07415],[-67.17817,5.07832],[-67.16146,5.07741],[-67.14564,5.08158],[-67.12802,5.09415],[-67.11249,5.11211],[-67.09576,5.12916],[-67.08919,5.13335],[-67.07098,5.14052],[-67.05576,5.1444],[-67.04143,5.15217],[-67.0259,5.16474],[-67.01275,5.1863],[-67.01183,5.20367],[-67.00257,5.21265],[-66.9957,5.22463],[-66.99478,5.2453],[-66.97595,5.27255],[-66.96579,5.28542],[-66.95384,5.29499],[-66.93594,5.29947],[-66.91743,5.30604],[-66.90042,5.31051],[-66.86521,5.31077],[-66.85238,5.30956],[-66.84224,5.30655],[-66.81515,5.30116],[-66.79182,5.2999],[-66.76737,5.28489],[-66.75902,5.28309],[-66.75424,5.28728],[-66.74647,5.29955],[-66.74616,5.31243],[-66.74763,5.33011],[-66.74344,5.3409],[-66.73269,5.34478],[-66.70942,5.34535],[-66.68526,5.34023],[-66.67124,5.33872],[-66.622,5.34196],[-66.61215,5.34704],[-66.60438,5.35811],[-66.59361,5.37908],[-66.59002,5.38986],[-66.59894,5.42013],[-66.59951,5.4435],[-66.59591,5.45668],[-66.58098,5.46685],[-66.55023,5.48419],[-66.5341,5.49796],[-66.51916,5.51802],[-66.51587,5.527],[-66.5069,5.54317],[-66.49794,5.54885],[-66.47376,5.56021],[-66.45466,5.56379],[-66.44182,5.57486],[-66.42719,5.58353],[-66.42091,5.59401],[-66.42597,5.6045],[-66.45459,5.62221],[-66.45757,5.62791],[-66.45994,5.64349],[-66.45634,5.65607],[-66.45212,5.69532],[-66.46403,5.7193],[-66.46969,5.7271],[-66.47564,5.74089],[-66.48071,5.74749],[-66.49561,5.76039],[-66.50037,5.76908],[-66.50215,5.78317],[-66.51976,5.77659],[-66.53887,5.76014],[-66.54933,5.74726],[-66.55405,5.73623],[-66.57107,5.72607],[-66.58808,5.72908],[-66.61594,5.74465],[-66.62542,5.74705],[-66.63706,5.74527],[-66.65317,5.74049],[-66.69676,5.72077],[-66.7346,5.69014],[-66.74537,5.68583],[-66.75661,5.68415],[-66.77974,5.6861],[-66.80958,5.68704],[-66.83971,5.69217],[-66.85463,5.69218],[-66.86054,5.68994],[-66.88993,5.66123],[-66.90277,5.65645],[-66.91911,5.6611],[-66.93195,5.66021],[-66.9415,5.65243],[-66.95328,5.64001],[-66.97672,5.63138],[-66.99069,5.63098],[-67.00267,5.62349],[-67.02302,5.60579],[-67.05957,5.54848],[-67.08082,5.52808],[-67.09279,5.52059],[-67.11254,5.5122],[-67.15235,5.48132],[-67.16671,5.47653],[-67.17478,5.47624],[-67.21635,5.46938],[-67.23161,5.46249],[-67.24776,5.45981],[-67.266,5.46133],[-67.28365,5.45835],[-67.32046,5.43737],[-67.33421,5.43708],[-67.35124,5.45632],[-67.35662,5.45783],[-67.37457,5.45215],[-67.39462,5.43806],[-67.41048,5.42456],[-67.43055,5.39575],[-67.44223,5.38376],[-67.45839,5.37206],[-67.47633,5.36848],[-67.49935,5.37451],[-67.5137,5.38204],[-67.53163,5.38686],[-67.54688,5.38748],[-67.56035,5.38149],[-67.5822,5.36019],[-67.59148,5.3533],[-67.61452,5.34492],[-67.62439,5.33532],[-67.63368,5.32241],[-67.66661,5.28972],[-67.67559,5.28373],[-67.69862,5.27925],[-67.71297,5.28137],[-67.72642,5.28528],[-67.74495,5.29552],[-67.75692,5.29373],[-67.77606,5.29315],[-67.78413,5.29616],[-67.79309,5.30368],[-67.80475,5.3082],[-67.82418,5.31272],[-67.83375,5.31364],[-67.83972,5.31841],[-67.84819,5.30942],[-67.85154,5.30005],[-67.85216,5.28383],[-67.85515,5.276],[-67.86132,5.27181],[-67.85777,5.2544],[-67.84261,5.24549],[-67.83963,5.22439],[-67.83591,5.22125],[-67.82908,5.208],[-67.8272,5.1888],[-67.83913,5.17836],[-67.84151,5.16533],[-67.84551,5.15957],[-67.85629,5.1348],[-67.85274,5.12775],[-67.83548,5.10361],[-67.8315,5.09281],[-67.82473,5.08574],[-67.82597,5.08032],[-67.83657,5.07413],[-67.8344,5.06534],[-67.81296,5.05873],[-67.80992,5.05417],[-67.80916,5.04266],[-67.82063,5.02615],[-67.82202,5.01171],[-67.82127,4.99861],[-67.82363,4.98077],[-67.8285,4.96117],[-67.8398,4.94717],[-67.84059,4.93766],[-67.83719,4.91305],[-67.83642,4.87782],[-67.82548,4.83193],[-67.82691,4.82596],[-67.82638,4.80213],[-67.82821,4.78274],[-67.8268,4.76942],[-67.8282,4.76092],[-67.82554,4.75004],[-67.82405,4.72864],[-67.82008,4.7171],[-67.82793,4.68982],[-67.84025,4.66647],[-67.84544,4.65442],[-67.85063,4.64823],[-67.85138,4.64117],[-67.84617,4.6173],[-67.84833,4.60644],[-67.84723,4.58137],[-67.84404,4.56123],[-67.84677,4.55325],[-67.85585,4.5437],[-67.85823,4.53699],[-67.83462,4.52447],[-67.80987,4.51365],[-67.80063,4.50436],[-67.78722,4.48816],[-67.72165,4.42726],[-67.70794,4.41316],[-67.69722,4.39278],[-67.67459,4.3553],[-67.65522,4.3352],[-67.63405,4.3196],[-67.61885,4.3022],[-67.61828,4.28242],[-67.63115,4.25218],[-67.64042,4.22642],[-67.63,4.21382],[-67.60643,4.2072],[-67.58735,4.1928],[-67.57305,4.17301],[-67.56531,4.16042],[-67.5513,4.14512],[-67.52714,4.1385],[-67.49673,4.12079],[-67.47377,4.11027],[-67.45288,4.10845],[-67.43647,4.10903],[-67.40991,4.11649],[-67.38454,4.12246],[-67.37708,4.12155],[-67.36426,4.11584],[-67.3574,4.11014],[-67.34101,4.08975],[-67.33058,4.08374],[-67.31387,4.07923],[-67.29,4.0807],[-67.2709,4.08847],[-67.26045,4.09475],[-67.24999,4.10732],[-67.23774,4.12558],[-67.22937,4.13396],[-67.21922,4.13875],[-67.18548,4.15788],[-67.17234,4.17015],[-67.16427,4.18782],[-67.14334,4.21956],[-67.13408,4.22914],[-67.12781,4.23093],[-67.09797,4.23479],[-67.08693,4.23537],[-67.06425,4.24044],[-67.05022,4.24672],[-67.04156,4.2566],[-67.0293,4.27815],[-67.02421,4.29103],[-67.01462,4.32518],[-67.01371,4.34346],[-67.01161,4.35274],[-67.00533,4.36682],[-66.9853,4.39586],[-66.97126,4.41022],[-66.93542,4.44044],[-66.91422,4.4551],[-66.88706,4.46855],[-66.85751,4.47781],[-66.84526,4.48469],[-66.82286,4.50773],[-66.8115,4.5245],[-66.80163,4.54516],[-66.79385,4.56403],[-66.7837,4.5763],[-66.76667,4.59036],[-66.75024,4.60862],[-66.74217,4.62359],[-66.74066,4.63887],[-66.74453,4.64607],[-66.75437,4.64788],[-66.77795,4.64551],[-66.79675,4.64133],[-66.81794,4.63297],[-66.83704,4.62939],[-66.84898,4.62911],[-66.85524,4.63151],[-66.86209,4.64171],[-66.86417,4.6513],[-66.86148,4.65669],[-66.84864,4.66476],[-66.82416,4.67432],[-66.79879,4.68268],[-66.77043,4.69793],[-66.75789,4.70691],[-66.73966,4.72666]]]},"properties":{"municipio":"Autónomo Autana","estado":"AMAZONAS"}},{"type":"Feature","geometry":{"type":"Polygon","coordinates":[[[-65.22446,5.72955],[-65.22278,5.73391],[-65.22474,5.74594],[-65.23733,5.76083],[-65.25191,5.76863],[-65.26176,5.77681],[-65.28044,5.78101],[-65.28738,5.77885],[-65.2961,5.77033],[-65.30483,5.77622],[-65.30999,5.77621],[-65.31619,5.763],[-65.32756,5.76024],[-65.34178,5.75064],[-65.37734,5.71153],[-65.38928,5.71094],[-65.39853,5.71845],[-65.40063,5.72891],[-65.4042,5.73311],[-65.41346,5.73432],[-65.43018,5.72567],[-65.43807,5.72351],[-65.45005,5.72639],[-65.46688,5.72182],[-65.47886,5.71175],[-65.49169,5.68978],[-65.50121,5.68881],[-65.50744,5.69362],[-65.5138,5.70647],[-65.52033,5.7039],[-65.5311,5.68533],[-65.54046,5.6869],[-65.54154,5.69494],[-65.54705,5.69891],[-65.56214,5.70335],[-65.56455,5.715],[-65.56026,5.72941],[-65.56141,5.73988],[-65.56664,5.75415],[-65.57851,5.76928],[-65.58439,5.77264],[-65.5881,5.7797],[-65.58512,5.79141],[-65.58967,5.79561],[-65.60582,5.79093],[-65.61421,5.79765],[-65.61336,5.81939],[-65.6139,5.83512],[-65.60309,5.84642],[-65.60238,5.85778],[-65.60945,5.87201],[-65.61173,5.89043],[-65.62179,5.91351],[-65.62276,5.92553],[-65.61297,5.9562],[-65.6123,5.96769],[-65.60872,5.97802],[-65.60898,5.99715],[-65.60633,6.00633],[-65.59386,6.02354],[-65.58246,6.05356],[-65.56355,6.08142],[-65.56069,6.09788],[-65.5619,6.10797],[-65.56765,6.12519],[-65.57483,6.13787],[-65.5888,6.14941],[-65.59747,6.15243],[-65.61661,6.15365],[-65.63067,6.14796],[-65.63756,6.14016],[-65.64867,6.13125],[-65.65768,6.12748],[-65.6831,6.12541],[-65.70073,6.11859],[-65.71232,6.11153],[-65.72272,6.11057],[-65.74927,6.11404],[-65.7812,6.11546],[-65.79584,6.11181],[-65.82639,6.10008],[-65.83986,6.08838],[-65.84646,6.07097],[-65.85218,6.03343],[-65.86536,6.01573],[-65.8866,6.00138],[-65.89306,5.99485],[-65.89807,5.97946],[-65.90796,5.95662],[-65.90998,5.94227],[-65.91009,5.92756],[-65.91451,5.92158],[-65.93387,5.90747],[-65.93387,5.89886],[-65.9451,5.89172],[-65.95279,5.88465],[-65.94877,5.86242],[-65.954,5.85581],[-65.97772,5.85599],[-65.98622,5.85443],[-65.99027,5.84267],[-65.98242,5.83133],[-65.98061,5.81592],[-65.97575,5.8028],[-65.98071,5.80051],[-65.99217,5.80357],[-66.00705,5.80427],[-66.0187,5.79889],[-66.02528,5.7908],[-66.02768,5.77492],[-66.02503,5.74314],[-66.02505,5.73175],[-66.03014,5.71857],[-66.0376,5.71408],[-66.05253,5.7102],[-66.06089,5.71111],[-66.08804,5.71804],[-66.12341,5.72973],[-66.16682,5.7424],[-66.1735,5.74513],[-66.2077,5.75089],[-66.24501,5.75508],[-66.25456,5.75839],[-66.29156,5.76683],[-66.31125,5.77824],[-66.32496,5.79204],[-66.3331,5.80919],[-66.34464,5.81215],[-66.35376,5.80984],[-66.3669,5.79688],[-66.37286,5.77842],[-66.37907,5.76786],[-66.38911,5.75923],[-66.40828,5.75737],[-66.42528,5.76698],[-66.44706,5.7763],[-66.4772,5.78173],[-66.50215,5.78317],[-66.50037,5.76908],[-66.49561,5.76039],[-66.48071,5.74749],[-66.47564,5.74089],[-66.46969,5.7271],[-66.46403,5.7193],[-66.45212,5.69532],[-66.45634,5.65607],[-66.45994,5.64349],[-66.45757,5.62791],[-66.45459,5.62221],[-66.42597,5.6045],[-66.42091,5.59401],[-66.42719,5.58353],[-66.44182,5.57486],[-66.45466,5.56379],[-66.47376,5.56021],[-66.49794,5.54885],[-66.5069,5.54317],[-66.51587,5.527],[-66.51916,5.51802],[-66.5341,5.49796],[-66.55023,5.48419],[-66.58098,5.46685],[-66.59591,5.45668],[-66.59951,5.4435],[-66.59894,5.42013],[-66.59002,5.38986],[-66.59361,5.37908],[-66.60438,5.35811],[-66.61215,5.34704],[-66.622,5.34196],[-66.67124,5.33872],[-66.68526,5.34023],[-66.70942,5.34535],[-66.73269,5.34478],[-66.74344,5.3409],[-66.74763,5.33011],[-66.74616,5.31243],[-66.74647,5.29955],[-66.75424,5.28728],[-66.75902,5.28309],[-66.76737,5.28489],[-66.79182,5.2999],[-66.81515,5.30116],[-66.84224,5.30655],[-66.85238,5.30956],[-66.86521,5.31077],[-66.90042,5.31051],[-66.91743,5.30604],[-66.93594,5.29947],[-66.95384,5.29499],[-66.96579,5.28542],[-66.97595,5.27255],[-66.99478,5.2453],[-66.9957,5.22463],[-67.00257,5.21265],[-67.01183,5.20367],[-67.01275,5.1863],[-67.0259,5.16474],[-67.04143,5.15217],[-67.05576,5.1444],[-67.07098,5.14052],[-67.08919,5.13335],[-67.09576,5.12916],[-67.11249,5.11211],[-67.12802,5.09415],[-67.14564,5.08158],[-67.16146,5.07741],[-67.17817,5.07832],[-67.19906,5.07415],[-67.20712,5.06877],[-67.21639,5.0529],[-67.21939,5.03732],[-67.21762,5.02354],[-67.21345,5.01334],[-67.19558,4.98905],[-67.16547,4.96565],[-67.15086,4.95575],[-67.13506,4.94045],[-67.11389,4.93323],[-67.10315,4.93112],[-67.08524,4.9323],[-67.06943,4.93018],[-67.04199,4.91967],[-67.02051,4.91754],[-67.0062,4.91213],[-66.99487,4.89954],[-66.99638,4.88635],[-67.00118,4.86748],[-66.99194,4.85339],[-66.98389,4.84859],[-66.97435,4.84738],[-66.93197,4.85063],[-66.9117,4.83892],[-66.89708,4.83261],[-66.88217,4.8296],[-66.85949,4.83197],[-66.85173,4.83465],[-66.81918,4.85289],[-66.80217,4.85857],[-66.78457,4.85525],[-66.77175,4.84715],[-66.76728,4.84175],[-66.76461,4.82796],[-66.76433,4.80939],[-66.75006,4.76383],[-66.74382,4.74704],[-66.73966,4.72666],[-66.73389,4.74311],[-66.72939,4.76439],[-66.71624,4.78355],[-66.70011,4.79193],[-66.68459,4.79371],[-66.6631,4.79249],[-66.65265,4.79457],[-66.6401,4.80415],[-66.63023,4.82062],[-66.62515,4.82631],[-66.61649,4.8293],[-66.59769,4.82748],[-66.59052,4.82897],[-66.57738,4.83675],[-66.57195,4.8838],[-66.56895,4.89639],[-66.56358,4.89998],[-66.5591,4.89578],[-66.55107,4.86939],[-66.55079,4.8598],[-66.55349,4.84542],[-66.55471,4.82354],[-66.5583,4.81065],[-66.56281,4.78368],[-66.56312,4.77379],[-66.56016,4.7582],[-66.54942,4.74769],[-66.54137,4.74379],[-66.52973,4.74138],[-66.50824,4.74165],[-66.50048,4.73865],[-66.4981,4.73385],[-66.50229,4.72486],[-66.52379,4.71289],[-66.53605,4.69762],[-66.53785,4.68623],[-66.53368,4.67844],[-66.51881,4.63556],[-66.51883,4.61307],[-66.51229,4.59328],[-66.50036,4.58068],[-66.48634,4.57497],[-66.46397,4.55876],[-66.45414,4.53717],[-66.44672,4.50419],[-66.43987,4.48709],[-66.42796,4.464],[-66.40619,4.44689],[-66.38501,4.43397],[-66.37577,4.42497],[-66.34446,4.40096],[-66.33313,4.38955],[-66.32389,4.37486],[-66.31913,4.36016],[-66.31646,4.34337],[-66.31648,4.32479],[-66.32098,4.30471],[-66.3219,4.28613],[-66.31744,4.27114],[-66.30821,4.25584],[-66.2924,4.24023],[-66.27839,4.22973],[-66.26168,4.21982],[-66.23662,4.2066],[-66.21425,4.19818],[-66.20022,4.19517],[-66.17367,4.18345],[-66.15667,4.17144],[-66.13758,4.16063],[-66.13161,4.15582],[-66.1176,4.13902],[-66.08004,4.09761],[-66.06513,4.08741],[-66.05498,4.0841],[-66.03767,4.08588],[-66.02035,4.09095],[-66.00752,4.08734],[-66.00394,4.08104],[-65.96991,4.0843],[-65.94902,4.08278],[-65.93977,4.07977],[-65.92872,4.07976],[-65.90156,4.07883],[-65.87828,4.0824],[-65.84036,4.09404],[-65.8311,4.09583],[-65.79825,4.11318],[-65.78033,4.12125],[-65.76002,4.12872],[-65.74778,4.1359],[-65.73196,4.13498],[-65.72569,4.12958],[-65.71079,4.10918],[-65.70125,4.09898],[-65.68545,4.08667],[-65.67888,4.08397],[-65.66963,4.08725],[-65.65737,4.10252],[-65.6457,4.12499],[-65.63493,4.14836],[-65.62596,4.16454],[-65.61281,4.18161],[-65.5868,4.21035],[-65.55244,4.24538],[-65.54466,4.25646],[-65.54047,4.26665],[-65.54132,4.30802],[-65.53534,4.3221],[-65.52279,4.33227],[-65.50129,4.33765],[-65.46726,4.3427],[-65.438,4.34537],[-65.42069,4.34175],[-65.39742,4.33453],[-65.38131,4.33061],[-65.3649,4.31741],[-65.35537,4.30451],[-65.35001,4.29131],[-65.34375,4.28261],[-65.32974,4.26791],[-65.30856,4.25709],[-65.3017,4.25229],[-65.27964,4.22649],[-65.27339,4.21119],[-65.26952,4.1977],[-65.26508,4.16892],[-65.26062,4.15303],[-65.25556,4.14253],[-65.24423,4.13023],[-65.22723,4.11852],[-65.20903,4.1125],[-65.16963,4.10766],[-65.15739,4.10945],[-65.12575,4.11121],[-65.0971,4.10908],[-65.08217,4.10636],[-65.07264,4.09316],[-65.06789,4.07098],[-65.06313,4.05509],[-65.05002,4.02959],[-65.0375,4.01579],[-65.02378,4.01008],[-65.01273,4.01426],[-64.99809,4.02534],[-64.99092,4.03402],[-64.9697,4.05438],[-64.95327,4.06815],[-64.94221,4.08072],[-64.92248,4.10738],[-64.91441,4.11426],[-64.89799,4.12204],[-64.86395,4.13069],[-64.83946,4.14475],[-64.78406,4.15331],[-64.81327,4.15303],[-64.81483,4.16175],[-64.80255,4.17],[-64.79346,4.18039],[-64.79584,4.18557],[-64.80608,4.18701],[-64.81056,4.20122],[-64.82673,4.19333],[-64.83014,4.19982],[-64.82554,4.20549],[-64.82608,4.22542],[-64.8243,4.23357],[-64.81598,4.2436],[-64.81638,4.25472],[-64.82283,4.25908],[-64.81171,4.26842],[-64.80504,4.27724],[-64.79111,4.27647],[-64.76462,4.26591],[-64.75481,4.26903],[-64.75233,4.27406],[-64.74289,4.26936],[-64.72839,4.25155],[-64.71999,4.24674],[-64.71143,4.2454],[-64.70034,4.25694],[-64.68478,4.25351],[-64.68218,4.24636],[-64.67543,4.25032],[-64.67261,4.23852],[-64.67344,4.233],[-64.65398,4.24106],[-64.64894,4.25649],[-64.64993,4.27447],[-64.64178,4.28738],[-64.63123,4.29798],[-64.62793,4.31596],[-64.63211,4.3245],[-64.63926,4.33096],[-64.64044,4.33816],[-64.63715,4.34835],[-64.6408,4.35799],[-64.65803,4.36096],[-64.6622,4.36546],[-64.66696,4.38105],[-64.67261,4.39425],[-64.67126,4.4147],[-64.67343,4.41952],[-64.67436,4.43651],[-64.66698,4.4434],[-64.65702,4.4459],[-64.64548,4.44398],[-64.62222,4.46072],[-64.61599,4.46746],[-64.60357,4.476],[-64.60357,4.48049],[-64.58818,4.49577],[-64.58388,4.50842],[-64.58437,4.52035],[-64.60048,4.53794],[-64.60351,4.55131],[-64.60292,4.56516],[-64.60494,4.58331],[-64.60015,4.59709],[-64.59626,4.60248],[-64.56988,4.62588],[-64.55653,4.63451],[-64.5471,4.6466],[-64.54291,4.659],[-64.54177,4.69478],[-64.55306,4.70177],[-64.57467,4.69088],[-64.59204,4.67624],[-64.60548,4.67034],[-64.61353,4.66918],[-64.62548,4.6638],[-64.64124,4.66359],[-64.65145,4.66143],[-64.66571,4.6489],[-64.67071,4.63073],[-64.67489,4.62744],[-64.68713,4.62925],[-64.69427,4.64095],[-64.69454,4.65709],[-64.70115,4.66746],[-64.72973,4.66613],[-64.73632,4.66361],[-64.74682,4.65327],[-64.75597,4.62987],[-64.7597,4.61372],[-64.76985,4.60361],[-64.78389,4.59988],[-64.79396,4.59024],[-64.80957,4.59085],[-64.82519,4.60061],[-64.83949,4.60663],[-64.85474,4.61025],[-64.86703,4.61063],[-64.88584,4.60346],[-64.90285,4.61007],[-64.90242,4.62519],[-64.89129,4.64471],[-64.88819,4.66121],[-64.88912,4.67155],[-64.89944,4.67866],[-64.91463,4.68218],[-64.93214,4.67182],[-64.94066,4.66821],[-64.95099,4.67026],[-64.96841,4.68002],[-64.97346,4.68654],[-64.97255,4.69733],[-64.96489,4.71406],[-64.97254,4.72019],[-64.98641,4.71425],[-64.99059,4.71606],[-65.00191,4.72926],[-65.01374,4.73708],[-65.03444,4.74218],[-65.0424,4.75454],[-65.05152,4.80543],[-65.05849,4.81271],[-65.0751,4.81465],[-65.08852,4.82156],[-65.0953,4.82748],[-65.10551,4.84196],[-65.107,4.85185],[-65.10413,4.87987],[-65.10892,4.89534],[-65.11154,4.91639],[-65.12512,4.94292],[-65.12781,4.96369],[-65.11959,4.98374],[-65.10772,4.99783],[-65.1089,5.01162],[-65.11348,5.01832],[-65.12353,5.02465],[-65.13736,5.02374],[-65.14403,5.01832],[-65.16854,5.00447],[-65.17699,5.00597],[-65.18197,5.01186],[-65.18199,5.02403],[-65.17208,5.04508],[-65.17183,5.06175],[-65.17748,5.07794],[-65.17184,5.08799],[-65.17116,5.09487],[-65.17983,5.10762],[-65.18343,5.12271],[-65.19687,5.13549],[-65.20106,5.14403],[-65.1969,5.15903],[-65.1992,5.16791],[-65.20765,5.16702],[-65.22205,5.15275],[-65.2304,5.15046],[-65.23875,5.15245],[-65.24283,5.15846],[-65.23528,5.16823],[-65.23163,5.1767],[-65.23293,5.18468],[-65.23961,5.19286],[-65.243,5.20451],[-65.243,5.212],[-65.23837,5.22819],[-65.25162,5.25293],[-65.26804,5.25992],[-65.27601,5.2667],[-65.2808,5.28047],[-65.27852,5.28506],[-65.26222,5.29235],[-65.24949,5.28845],[-65.23508,5.29603],[-65.2235,5.29741],[-65.21333,5.31298],[-65.19167,5.32616],[-65.17806,5.33205],[-65.14596,5.33687],[-65.14256,5.33898],[-65.13786,5.36083],[-65.13399,5.37097],[-65.12848,5.37883],[-65.11893,5.38301],[-65.11249,5.38962],[-65.11404,5.40188],[-65.11901,5.40609],[-65.12707,5.4049],[-65.14152,5.39956],[-65.15155,5.39834],[-65.16348,5.40644],[-65.16616,5.41064],[-65.16645,5.42113],[-65.17182,5.42624],[-65.17378,5.44212],[-65.17138,5.45082],[-65.16149,5.46052],[-65.1589,5.46586],[-65.15977,5.47857],[-65.15552,5.48916],[-65.15474,5.51283],[-65.1601,5.52692],[-65.16184,5.53721],[-65.16965,5.54301],[-65.19074,5.54374],[-65.20012,5.54272],[-65.22019,5.53588],[-65.22886,5.53736],[-65.23957,5.5578],[-65.24449,5.5649],[-65.2451,5.5811],[-65.2297,5.61244],[-65.22812,5.62428],[-65.24635,5.65052],[-65.25903,5.66598],[-65.25916,5.67546],[-65.24651,5.69129],[-65.24393,5.70268],[-65.23769,5.70869],[-65.23305,5.72225],[-65.22446,5.72955]]]},"properties":{"municipio":"Autónomo Manapiare","estado":"AMAZONAS"}},{"type":"Feature","geometry":{"type":"Polygon","coordinates":[[[-66.99069,5.63098],[-67.00676,5.63218],[-67.0253,5.64201],[-67.05407,5.66584],[-67.0579,5.67196],[-67.0621,5.70073],[-67.09196,5.73079],[-67.09852,5.73891],[-67.11287,5.74884],[-67.12527,5.74243],[-67.13801,5.72454],[-67.14342,5.71964],[-67.15328,5.71555],[-67.18409,5.70538],[-67.19725,5.70539],[-67.20651,5.709],[-67.22839,5.72108],[-67.23705,5.7328],[-67.24014,5.74219],[-67.24017,5.75778],[-67.23492,5.76953],[-67.22942,5.77433],[-67.2067,5.78417],[-67.20264,5.78776],[-67.20337,5.80024],[-67.21208,5.80901],[-67.23282,5.81079],[-67.23642,5.81847],[-67.23359,5.82585],[-67.22222,5.83124],[-67.21146,5.83153],[-67.19291,5.83811],[-67.18961,5.84292],[-67.1893,5.85583],[-67.19138,5.87054],[-67.19166,5.88706],[-67.18626,5.89666],[-67.1638,5.91297],[-67.15259,5.93384],[-67.14703,5.95127],[-67.1437,5.9813],[-67.14399,5.99571],[-67.14198,6.00347],[-67.1485,6.01294],[-67.14768,6.02368],[-67.14152,6.04057],[-67.14467,6.04474],[-67.14658,6.05882],[-67.14282,6.06538],[-67.16552,6.07284],[-67.1634,6.07755],[-67.16395,6.09451],[-67.16983,6.09813],[-67.17188,6.10449],[-67.18439,6.11707],[-67.20121,6.12104],[-67.21543,6.11707],[-67.22234,6.11987],[-67.22945,6.11563],[-67.25369,6.10804],[-67.25891,6.10971],[-67.27277,6.10824],[-67.27528,6.11424],[-67.28292,6.11383],[-67.28415,6.11915],[-67.29449,6.13111],[-67.29753,6.1398],[-67.30807,6.14857],[-67.33364,6.15007],[-67.34287,6.14922],[-67.35368,6.14268],[-67.35964,6.13207],[-67.36918,6.12603],[-67.38018,6.12388],[-67.39314,6.12991],[-67.39772,6.12957],[-67.40736,6.13568],[-67.40565,6.1432],[-67.40766,6.15445],[-67.4167,6.16811],[-67.42763,6.17162],[-67.43338,6.18201],[-67.43924,6.19717],[-67.45575,6.19084],[-67.45685,6.1949],[-67.47156,6.18386],[-67.47478,6.17809],[-67.49543,6.16219],[-67.50024,6.14358],[-67.49939,6.13357],[-67.49464,6.1164],[-67.48544,6.10327],[-67.47047,6.09133],[-67.46721,6.07663],[-67.45701,6.06311],[-67.4271,6.03636],[-67.4262,6.02693],[-67.40719,6.00945],[-67.40372,6.00374],[-67.40304,5.99079],[-67.40696,5.98398],[-67.43022,5.97548],[-67.44691,5.96591],[-67.46447,5.9477],[-67.47332,5.93254],[-67.49012,5.91782],[-67.49662,5.915],[-67.51756,5.91262],[-67.53439,5.90137],[-67.55042,5.88204],[-67.55735,5.86969],[-67.57147,5.85521],[-67.58067,5.85272],[-67.59195,5.84194],[-67.59915,5.83172],[-67.60208,5.8225],[-67.60242,5.80393],[-67.60766,5.79461],[-67.61006,5.78127],[-67.61871,5.75175],[-67.62894,5.73477],[-67.6337,5.71232],[-67.63334,5.69661],[-67.63741,5.67157],[-67.6392,5.64843],[-67.63223,5.63163],[-67.63387,5.62344],[-67.62624,5.61176],[-67.62587,5.60076],[-67.61942,5.58693],[-67.62087,5.58211],[-67.61787,5.56696],[-67.60371,5.55363],[-67.59907,5.54498],[-67.60052,5.53343],[-67.60406,5.52793],[-67.61822,5.51774],[-67.62167,5.50412],[-67.62366,5.4792],[-67.6364,5.46652],[-67.64983,5.45642],[-67.6599,5.44459],[-67.67134,5.43616],[-67.69201,5.42969],[-67.71198,5.41699],[-67.72847,5.40063],[-67.75195,5.38971],[-67.77617,5.3708],[-67.80339,5.35471],[-67.81128,5.34661],[-67.81962,5.33364],[-67.83404,5.32444],[-67.83972,5.31841],[-67.83375,5.31364],[-67.82418,5.31272],[-67.80475,5.3082],[-67.79309,5.30368],[-67.78413,5.29616],[-67.77606,5.29315],[-67.75692,5.29373],[-67.74495,5.29552],[-67.72642,5.28528],[-67.71297,5.28137],[-67.69862,5.27925],[-67.67559,5.28373],[-67.66661,5.28972],[-67.63368,5.32241],[-67.62439,5.33532],[-67.61452,5.34492],[-67.59148,5.3533],[-67.5822,5.36019],[-67.56035,5.38149],[-67.54688,5.38748],[-67.53163,5.38686],[-67.5137,5.38204],[-67.49935,5.37451],[-67.47633,5.36848],[-67.45839,5.37206],[-67.44223,5.38376],[-67.43055,5.39575],[-67.41048,5.42456],[-67.39462,5.43806],[-67.37457,5.45215],[-67.35662,5.45783],[-67.35124,5.45632],[-67.33421,5.43708],[-67.32046,5.43737],[-67.28365,5.45835],[-67.266,5.46133],[-67.24776,5.45981],[-67.23161,5.46249],[-67.21635,5.46938],[-67.17478,5.47624],[-67.16671,5.47653],[-67.15235,5.48132],[-67.11254,5.5122],[-67.09279,5.52059],[-67.08082,5.52808],[-67.05957,5.54848],[-67.02302,5.60579],[-67.00267,5.62349],[-66.99069,5.63098]]]},"properties":{"municipio":"Autónomo Atures","estado":"AMAZONAS"}},{"type":"Feature","geometry":{"type":"Polygon","coordinates":[[[-70.56137,10.5143],[-70.55547,10.51759],[-70.55996,10.52728],[-70.55713,10.53146],[-70.56184,10.53836],[-70.55726,10.55142],[-70.5519,10.55958],[-70.55005,10.56996],[-70.5341,10.58328],[-70.52442,10.58725],[-70.52358,10.59852],[-70.52003,10.60489],[-70.52352,10.61408],[-70.51813,10.62973],[-70.50865,10.6337],[-70.50753,10.63858],[-70.51967,10.65119],[-70.53536,10.65453],[-70.54318,10.66343],[-70.54926,10.6807],[-70.54752,10.68968],[-70.54981,10.69587],[-70.55784,10.70288],[-70.55862,10.71176],[-70.57046,10.72396],[-70.55602,10.7354],[-70.5457,10.75014],[-70.54803,10.77349],[-70.51409,10.83077],[-70.52667,10.83569],[-70.52563,10.84497],[-70.52942,10.85496],[-70.53059,10.86703],[-70.53825,10.86466],[-70.53933,10.87334],[-70.55192,10.87527],[-70.55361,10.88186],[-70.56458,10.88538],[-70.58097,10.8943],[-70.57762,10.90168],[-70.58213,10.91077],[-70.57251,10.92551],[-70.58358,10.92833],[-70.58917,10.94501],[-70.5961,10.95271],[-70.59313,10.96727],[-70.60596,10.98885],[-70.60602,11.00232],[-70.61695,11.0199],[-70.6212,11.01582],[-70.63728,11.03053],[-70.64058,11.04031],[-70.63722,11.05048],[-70.6372,11.05906],[-70.64371,11.07214],[-70.65044,11.07964],[-70.64729,11.08791],[-70.65222,11.09172],[-70.65482,11.0993],[-70.66944,11.09844],[-70.67013,11.10443],[-70.72346,11.10304],[-70.75759,11.08415],[-70.74558,11.0517],[-70.73832,10.97637],[-70.73267,10.94303],[-70.70356,10.83153],[-70.69759,10.80668],[-70.68544,10.76136],[-70.68358,10.70947],[-70.68311,10.66448],[-70.68121,10.66208],[-70.68026,10.64262],[-70.67657,10.48692],[-70.65117,10.48748],[-70.62097,10.48625],[-70.58364,10.51085],[-70.56137,10.5143]]]},"properties":{"municipio":"Dabajuro","estado":"FALCÓN"}},{"type":"Feature","geometry":{"type":"Polygon","coordinates":[[[-69.75495,10.9382],[-69.76117,10.94457],[-69.76739,10.94658],[-69.77575,10.95408],[-69.7823,10.9665],[-69.7762,10.97266],[-69.76547,10.97691],[-69.75643,10.97647],[-69.73959,10.98095],[-69.73552,10.98498],[-69.71846,10.99573],[-69.70185,10.9954],[-69.6806,11.01085],[-69.6685,11.01432],[-69.66161,11.01197],[-69.65822,11.00637],[-69.65155,11.00827],[-69.65065,11.01566],[-69.64092,11.02428],[-69.65267,11.04017],[-69.66137,11.04409],[-69.66872,11.05081],[-69.67629,11.0526],[-69.67188,11.06536],[-69.68443,11.0761],[-69.71359,11.09379],[-69.71901,11.09815],[-69.74953,11.0968],[-69.77836,11.10317],[-69.81533,11.12106],[-69.86294,11.14599],[-69.8774,11.1524],[-69.96,11.09856],[-70.00056,11.07146],[-70.02509,11.05581],[-70.04168,10.99472],[-70.07321,10.89014],[-70.06243,10.88334],[-70.04492,10.87606],[-70.03088,10.87608],[-70.02471,10.87824],[-69.99966,10.87791],[-69.98998,10.8814],[-69.98232,10.8784],[-69.96276,10.88083],[-69.94618,10.88696],[-69.92985,10.89584],[-69.91071,10.90151],[-69.90534,10.90436],[-69.88222,10.90925],[-69.87592,10.91272],[-69.8627,10.92758],[-69.85479,10.94881],[-69.84848,10.95648],[-69.83964,10.95851],[-69.81483,10.95884],[-69.80892,10.95062],[-69.79537,10.94856],[-69.78606,10.94339],[-69.78001,10.94386],[-69.7764,10.9321],[-69.76805,10.93256],[-69.75495,10.9382]]]},"properties":{"municipio":"Sucre","estado":"FALCÓN"}},{"type":"Feature","geometry":{"type":"Polygon","coordinates":[[[-69.87736,11.1524],[-69.88385,11.16128],[-69.89098,11.16562],[-69.90182,11.17943],[-69.90248,11.19538],[-69.90658,11.19887],[-69.91729,11.21556],[-69.93199,11.21645],[-69.94,11.21251],[-69.97166,11.20265],[-69.97957,11.19584],[-70.02336,11.18108],[-70.0841,11.13603],[-70.1212,11.1069],[-70.13041,11.10521],[-70.13668,11.0969],[-70.14621,11.09853],[-70.1507,11.10394],[-70.16321,11.10162],[-70.16993,11.09421],[-70.18386,11.09234],[-70.18765,11.08246],[-70.20196,11.07533],[-70.20479,11.07204],[-70.21673,11.06798],[-70.22386,11.06281],[-70.22879,11.06387],[-70.25658,11.05361],[-70.25193,11.04404],[-70.23932,11.03943],[-70.23752,11.03419],[-70.24118,11.02751],[-70.26109,11.01043],[-70.26678,10.99953],[-70.26284,10.99437],[-70.26588,10.98979],[-70.27451,10.98762],[-70.27765,10.97222],[-70.28206,10.96387],[-70.2731,10.95594],[-70.28789,10.94008],[-70.29004,10.93107],[-70.2994,10.92761],[-70.30174,10.91514],[-70.31809,10.9107],[-70.34087,10.89177],[-70.35117,10.88582],[-70.35797,10.88643],[-70.37446,10.89754],[-70.44405,10.88523],[-70.49358,10.72147],[-70.48067,10.71117],[-70.47516,10.70009],[-70.47023,10.69504],[-70.47147,10.68302],[-70.47476,10.67494],[-70.47324,10.65857],[-70.46822,10.65307],[-70.46262,10.63584],[-70.44963,10.63215],[-70.44463,10.62102],[-70.445,10.61353],[-70.44174,10.60669],[-70.42959,10.60413],[-70.42007,10.59802],[-70.41461,10.59147],[-70.39823,10.58106],[-70.39488,10.56993],[-70.38557,10.55175],[-70.37187,10.54351],[-70.34267,10.54786],[-70.34064,10.5672],[-70.33345,10.56529],[-70.32477,10.56973],[-70.31788,10.58067],[-70.31182,10.58002],[-70.30646,10.57074],[-70.29842,10.57109],[-70.27662,10.56094],[-70.25514,10.57159],[-70.2462,10.57957],[-70.24532,10.58421],[-70.23523,10.5892],[-70.2302,10.5878],[-70.22149,10.5942],[-70.20463,10.60058],[-70.19825,10.60888],[-70.18718,10.61007],[-70.17629,10.61973],[-70.18233,10.62375],[-70.17698,10.64158],[-70.16099,10.64944],[-70.15673,10.65529],[-70.14809,10.65669],[-70.14418,10.66129],[-70.13337,10.66297],[-70.12577,10.65886],[-70.11707,10.65064],[-70.11188,10.65364],[-70.08699,10.6554],[-70.08093,10.64948],[-70.08121,10.64296],[-70.07369,10.63913],[-70.05918,10.6406],[-70.04895,10.64681],[-70.04535,10.65397],[-70.03245,10.65451],[-70.01889,10.66349],[-70.01479,10.67079],[-70.00397,10.67471],[-69.99671,10.67428],[-69.98139,10.68186],[-69.96676,10.69473],[-69.95125,10.70152],[-69.94389,10.68979],[-69.93715,10.68827],[-69.92716,10.69267],[-69.91611,10.69008],[-69.91076,10.69531],[-69.89227,10.70488],[-69.88173,10.70507],[-69.86769,10.70929],[-69.86656,10.72092],[-69.85711,10.73038],[-69.84651,10.73054],[-69.84579,10.75698],[-69.83852,10.78006],[-69.86577,10.85175],[-69.91071,10.90151],[-69.92985,10.89584],[-69.94618,10.88696],[-69.96276,10.88083],[-69.98232,10.8784],[-69.98998,10.8814],[-69.99966,10.87791],[-70.02471,10.87824],[-70.03088,10.87608],[-70.04492,10.87606],[-70.06243,10.88334],[-70.07321,10.89014],[-70.04168,10.99472],[-70.02509,11.05581],[-70.00056,11.07146],[-69.96,11.09856],[-69.8774,11.1524],[-69.87736,11.1524]]]},"properties":{"municipio":"Democracia","estado":"FALCÓN"}},{"type":"Feature","geometry":{"type":"Polygon","coordinates":[[[-69.69437,11.1992],[-69.70434,11.19573],[-69.71684,11.19796],[-69.72878,11.19225],[-69.74703,11.1924],[-69.75433,11.19838],[-69.75586,11.207],[-69.76639,11.2102],[-69.77369,11.21882],[-69.79253,11.18308],[-69.79295,11.17543],[-69.79885,11.17292],[-69.81458,11.17431],[-69.82118,11.17],[-69.83129,11.16847],[-69.84449,11.16026],[-69.86316,11.15803],[-69.86653,11.15385],[-69.87736,11.1524],[-69.8774,11.1524],[-69.86294,11.14599],[-69.81533,11.12106],[-69.77836,11.10317],[-69.74953,11.0968],[-69.71901,11.09815],[-69.71359,11.09379],[-69.68443,11.0761],[-69.67188,11.06536],[-69.67629,11.0526],[-69.66872,11.05081],[-69.66137,11.04409],[-69.65267,11.04017],[-69.64092,11.02428],[-69.65065,11.01566],[-69.65155,11.00827],[-69.65822,11.00637],[-69.66161,11.01197],[-69.6685,11.01432],[-69.6806,11.01085],[-69.70185,10.9954],[-69.71846,10.99573],[-69.73552,10.98498],[-69.73959,10.98095],[-69.75643,10.97647],[-69.76547,10.97691],[-69.7762,10.97266],[-69.7823,10.9665],[-69.77575,10.95408],[-69.76739,10.94658],[-69.76117,10.94457],[-69.75495,10.9382],[-69.72931,10.93634],[-69.7098,10.94315],[-69.67531,10.94249],[-69.5637,10.94131],[-69.56705,10.99675],[-69.63579,11.11725],[-69.64657,11.13799],[-69.64809,11.15384],[-69.67098,11.15204],[-69.68614,11.14954],[-69.69808,11.14551],[-69.72223,11.14399],[-69.71097,11.17208],[-69.69537,11.1814],[-69.69298,11.18835],[-69.69437,11.1992]]]},"properties":{"municipio":"Bolívar","estado":"FALCÓN"}},{"type":"Feature","geometry":{"type":"Polygon","coordinates":[[[-69.3863,11.12288],[-69.39379,11.12242],[-69.40117,11.12591],[-69.40978,11.12088],[-69.41655,11.12473],[-69.42733,11.12546],[-69.43625,11.14875],[-69.44388,11.14528],[-69.45647,11.14829],[-69.46107,11.15262],[-69.46576,11.16738],[-69.46708,11.17806],[-69.49138,11.20401],[-69.50239,11.2105],[-69.51159,11.21086],[-69.51716,11.21723],[-69.53228,11.22708],[-69.54367,11.22841],[-69.55749,11.21954],[-69.56235,11.21318],[-69.57639,11.22004],[-69.59915,11.22929],[-69.60619,11.2257],[-69.62424,11.22451],[-69.63552,11.21767],[-69.65007,11.20579],[-69.6571,11.20556],[-69.66509,11.20988],[-69.67502,11.20784],[-69.69437,11.1992],[-69.69298,11.18835],[-69.69537,11.1814],[-69.71097,11.17208],[-69.72223,11.14399],[-69.69808,11.14551],[-69.68614,11.14954],[-69.67098,11.15204],[-69.64809,11.15384],[-69.64657,11.13799],[-69.63579,11.11725],[-69.56705,10.99675],[-69.5637,10.94131],[-69.55205,10.90984],[-69.54757,10.90677],[-69.54295,10.91479],[-69.52963,10.91608],[-69.52516,10.91127],[-69.50953,10.91688],[-69.49102,10.91335],[-69.4863,10.91442],[-69.47881,10.9102],[-69.45316,10.90865],[-69.44781,10.91631],[-69.45152,10.92858],[-69.42983,10.93847],[-69.42234,10.93353],[-69.40876,10.93606],[-69.40455,10.92981],[-69.39861,10.93159],[-69.39302,10.93926],[-69.38563,10.94147],[-69.37608,10.93892],[-69.37176,10.9254],[-69.36644,10.92347],[-69.36122,10.92765],[-69.35082,10.92426],[-69.34543,10.92615],[-69.34469,10.93407],[-69.33198,10.93836],[-69.33364,10.94666],[-69.32395,10.9518],[-69.31913,10.94184],[-69.312,10.93799],[-69.3034,10.94169],[-69.29675,10.93868],[-69.29371,10.94564],[-69.28015,10.94752],[-69.27625,10.95665],[-69.2639,10.95639],[-69.26426,10.9619],[-69.25794,10.96766],[-69.25925,10.97582],[-69.25234,10.98109],[-69.25389,10.98937],[-69.24517,10.99164],[-69.24419,10.99644],[-69.24887,11.01515],[-69.24837,11.02139],[-69.24326,11.028],[-69.24505,11.03759],[-69.23668,11.0449],[-69.22517,11.04633],[-69.21924,11.04427],[-69.21343,11.04869],[-69.21447,11.06215],[-69.19135,11.06572],[-69.22523,11.1614],[-69.22534,11.16452],[-69.23492,11.15998],[-69.24052,11.15135],[-69.2577,11.15798],[-69.26777,11.15259],[-69.27396,11.14672],[-69.2886,11.15191],[-69.29609,11.15828],[-69.31389,11.16107],[-69.33002,11.15125],[-69.33802,11.14814],[-69.35368,11.13568],[-69.36458,11.13234],[-69.37416,11.12659],[-69.38011,11.12],[-69.3863,11.12288]]]},"properties":{"municipio":"Petit","estado":"FALCÓN"}},{"type":"Feature","geometry":{"type":"Polygon","coordinates":[[[-68.63825,11.02811],[-68.69625,11.02947],[-68.72882,11.02928],[-68.80087,11.16587],[-68.8234,11.25654],[-68.86848,11.2358],[-68.89249,11.22541],[-68.91042,11.22326],[-68.92726,11.21956],[-68.9441,11.22137],[-68.95246,11.21886],[-68.94617,11.21072],[-68.94485,11.20175],[-68.94825,11.19553],[-68.95528,11.19314],[-68.97005,11.19374],[-68.97647,11.19626],[-68.98326,11.19267],[-68.99137,11.19339],[-69.00216,11.19028],[-69.04309,11.2001],[-69.14363,11.22212],[-69.14956,11.22463],[-69.18579,11.2111],[-69.19173,11.20727],[-69.199,11.20476],[-69.20578,11.19446],[-69.2219,11.18991],[-69.21911,11.18369],[-69.22093,11.17053],[-69.22534,11.16452],[-69.22523,11.1614],[-69.19135,11.06572],[-69.18547,11.03951],[-69.17508,10.98794],[-69.16711,10.94284],[-69.16264,10.92262],[-69.1618,10.90659],[-69.15599,10.89223],[-69.1589,10.88326],[-69.15286,10.86782],[-69.14112,10.86208],[-69.11317,10.86412],[-69.09696,10.85993],[-69.08135,10.85934],[-69.07409,10.86077],[-69.06707,10.85778],[-69.06138,10.86233],[-69.04251,10.85658],[-69.02716,10.84198],[-69.0176,10.8415],[-69.00587,10.83456],[-68.99692,10.83324],[-68.97816,10.8361],[-68.97079,10.83323],[-68.96946,10.82832],[-68.9748,10.81373],[-68.96707,10.80056],[-68.95933,10.79302],[-68.96455,10.77926],[-68.96117,10.77232],[-68.95089,10.77112],[-68.94025,10.7643],[-68.93469,10.7637],[-68.92186,10.76812],[-68.90575,10.78438],[-68.90308,10.79036],[-68.88336,10.79884],[-68.87815,10.80267],[-68.86395,10.80484],[-68.85601,10.78838],[-68.85097,10.7843],[-68.83976,10.7933],[-68.83408,10.79172],[-68.83062,10.79848],[-68.82517,10.80124],[-68.82304,10.81038],[-68.80749,10.817],[-68.80736,10.82327],[-68.79778,10.8347],[-68.79638,10.84094],[-68.78906,10.84119],[-68.77937,10.85166],[-68.77465,10.85093],[-68.7664,10.86296],[-68.75738,10.86883],[-68.74842,10.87134],[-68.74291,10.86906],[-68.74,10.87773],[-68.72951,10.88661],[-68.71354,10.88718],[-68.70905,10.89187],[-68.70237,10.9062],[-68.68966,10.90605],[-68.68301,10.9029],[-68.66722,10.90108],[-68.65492,10.91019],[-68.64058,10.90933],[-68.63489,10.90643],[-68.62603,10.91786],[-68.61975,10.91794],[-68.62995,10.98247],[-68.63429,11.0002],[-68.63825,11.02811]]]},"properties":{"municipio":"Jacura","estado":"FALCÓN"}},{"type":"Feature","geometry":{"type":"Polygon","coordinates":[[[-68.57623,11.05191],[-68.6183,11.08872],[-68.6431,11.09143],[-68.64054,11.09428],[-68.65004,11.10991],[-68.64086,11.11176],[-68.64289,11.11982],[-68.63473,11.1262],[-68.63387,11.13208],[-68.63879,11.13931],[-68.62809,11.13914],[-68.63875,11.17056],[-68.62293,11.18735],[-68.70533,11.19512],[-68.71773,11.19093],[-68.77153,11.281],[-68.8234,11.25654],[-68.80087,11.16587],[-68.72882,11.02928],[-68.69625,11.02947],[-68.63825,11.02811],[-68.57623,11.05191]]]},"properties":{"municipio":"San Francisco","estado":"FALCÓN"}},{"type":"Feature","geometry":{"type":"Polygon","coordinates":[[[-67.51894,8.43587],[-67.52127,8.44032],[-67.61689,8.39403],[-67.74554,8.33234],[-67.83533,8.29003],[-67.82906,8.28455],[-67.82759,8.26934],[-67.83244,8.2616],[-67.81939,8.25659],[-67.80945,8.26155],[-67.7972,8.25378],[-67.79183,8.25749],[-67.79416,8.26933],[-67.78761,8.26968],[-67.78448,8.25297],[-67.7772,8.24587],[-67.77053,8.21839],[-67.76189,8.21801],[-67.75556,8.22299],[-67.75106,8.23127],[-67.70668,8.22684],[-67.70168,8.21986],[-67.69501,8.20242],[-67.68975,8.20031],[-67.67996,8.20149],[-67.67919,8.19007],[-67.66725,8.18121],[-67.66915,8.16529],[-67.67469,8.15395],[-67.66368,8.14912],[-67.66404,8.14017],[-67.65848,8.13601],[-67.64034,8.1299],[-67.62857,8.12278],[-67.62398,8.10967],[-67.61671,8.10154],[-67.61783,8.09601],[-67.62811,8.09328],[-67.62789,8.08943],[-67.61489,8.08772],[-67.60434,8.09394],[-67.58744,8.09137],[-67.58278,8.08854],[-67.57608,8.07777],[-67.57521,8.07236],[-67.58009,8.06161],[-67.58731,8.05737],[-67.57877,8.04359],[-67.58519,8.04276],[-67.58983,8.0492],[-67.60038,8.04989],[-67.60219,8.03956],[-67.58819,8.03472],[-67.59416,8.02944],[-67.57824,8.02346],[-67.57187,8.00878],[-67.56087,8.01092],[-67.55948,8.00382],[-67.57157,7.99075],[-67.55547,7.98242],[-67.55137,7.97319],[-67.52939,7.97692],[-67.51432,7.97313],[-67.5038,7.95864],[-67.50279,7.95286],[-67.51605,7.95032],[-67.53504,7.94316],[-67.52652,7.93164],[-67.52174,7.91663],[-67.51622,7.90853],[-67.4913,7.90087],[-67.47075,7.90197],[-67.46091,7.89926],[-67.43746,7.88456],[-67.42048,7.89641],[-67.41688,7.9074],[-67.40324,7.91267],[-67.39727,7.90837],[-67.39153,7.90957],[-67.38391,7.90623],[-67.38173,7.89978],[-67.37622,7.90058],[-67.37764,7.91672],[-67.36986,7.91883],[-67.36384,7.9285],[-67.36323,7.94134],[-67.37559,7.95406],[-67.36993,7.96247],[-67.38187,7.97621],[-67.39142,7.97494],[-67.39502,7.98208],[-67.40158,7.9876],[-67.39918,7.99247],[-67.40166,8.00141],[-67.41025,8.00476],[-67.41728,8.00229],[-67.43245,8.00761],[-67.43292,8.0142],[-67.42437,8.03358],[-67.42737,8.0382],[-67.42556,8.04665],[-67.41756,8.05656],[-67.41749,8.07113],[-67.43112,8.07471],[-67.43016,8.08155],[-67.44433,8.08351],[-67.4483,8.09018],[-67.46156,8.1013],[-67.46233,8.11281],[-67.45998,8.11929],[-67.46797,8.12042],[-67.47434,8.1131],[-67.47932,8.12341],[-67.47763,8.13252],[-67.46548,8.14621],[-67.45544,8.15324],[-67.44654,8.1698],[-67.4405,8.17064],[-67.4325,8.17677],[-67.43069,8.18853],[-67.42534,8.19129],[-67.41855,8.18824],[-67.41896,8.19759],[-67.41482,8.203],[-67.40803,8.20138],[-67.41366,8.21805],[-67.40266,8.22706],[-67.40511,8.23539],[-67.4104,8.23886],[-67.41665,8.2325],[-67.42451,8.2453],[-67.42684,8.26078],[-67.4216,8.26354],[-67.41404,8.26209],[-67.42091,8.27508],[-67.42572,8.27472],[-67.4317,8.30388],[-67.41783,8.30767],[-67.41505,8.31531],[-67.40702,8.32757],[-67.41596,8.33112],[-67.41204,8.33671],[-67.40268,8.33316],[-67.39971,8.33978],[-67.40468,8.34669],[-67.41154,8.34224],[-67.41428,8.35168],[-67.41841,8.35595],[-67.4301,8.34429],[-67.43458,8.34465],[-67.44326,8.35541],[-67.4506,8.35186],[-67.45816,8.35535],[-67.45764,8.369],[-67.47046,8.37279],[-67.46527,8.38061],[-67.47349,8.38229],[-67.48393,8.38031],[-67.48156,8.38758],[-67.49197,8.39305],[-67.4866,8.39943],[-67.48101,8.39985],[-67.48009,8.40724],[-67.49722,8.40418],[-67.49925,8.40869],[-67.48843,8.41121],[-67.49591,8.42246],[-67.50517,8.41921],[-67.51364,8.42186],[-67.5192,8.43003],[-67.51894,8.43587]]]},"properties":{"municipio":"Camaguán","estado":"GUÁRICO"}},{"type":"Feature","geometry":{"type":"Polygon","coordinates":[[[-66.7996,7.98208],[-66.80693,7.98747],[-66.82568,7.99003],[-66.82965,7.98708],[-66.84077,7.99079],[-66.85326,8.00488],[-66.87887,8.01247],[-66.8833,8.02567],[-66.89646,8.03399],[-66.89682,8.03795],[-66.90643,8.04508],[-66.91117,8.05402],[-66.925,8.04992],[-66.93516,8.05711],[-66.93521,8.06593],[-66.95168,8.07149],[-66.95005,8.07894],[-66.96212,8.08445],[-66.95899,8.09021],[-66.95106,8.09034],[-66.94955,8.0997],[-66.94371,8.10499],[-66.94737,8.11807],[-66.93906,8.12384],[-66.93977,8.13692],[-66.95088,8.14981],[-66.95574,8.16018],[-66.95508,8.16756],[-66.96872,8.17355],[-66.97243,8.19275],[-66.96725,8.20362],[-66.9679,8.21172],[-66.97589,8.21453],[-66.98821,8.224],[-66.99085,8.23413],[-66.99722,8.23449],[-66.99847,8.24175],[-67.01735,8.24436],[-67.03075,8.24819],[-67.03898,8.25556],[-67.04601,8.25819],[-67.05702,8.2553],[-67.07552,8.26302],[-67.08952,8.28215],[-67.10034,8.27997],[-67.10946,8.30157],[-67.12599,8.30455],[-67.13157,8.31336],[-67.13746,8.31528],[-67.14414,8.31107],[-67.15555,8.31706],[-67.16145,8.31591],[-67.17593,8.31847],[-67.18074,8.32387],[-67.18397,8.33935],[-67.19082,8.3409],[-67.19918,8.33693],[-67.20856,8.33914],[-67.21553,8.33673],[-67.22617,8.34542],[-67.23746,8.34865],[-67.246,8.355],[-67.25322,8.34173],[-67.27474,8.34926],[-67.27816,8.35574],[-67.29595,8.36076],[-67.30821,8.36699],[-67.31928,8.35371],[-67.32535,8.35208],[-67.33605,8.35501],[-67.33207,8.37422],[-67.33887,8.36725],[-67.34692,8.36682],[-67.36267,8.3725],[-67.37265,8.37075],[-67.37985,8.37987],[-67.39481,8.38993],[-67.40029,8.3898],[-67.42288,8.40334],[-67.4287,8.40987],[-67.42972,8.41821],[-67.4427,8.42678],[-67.44846,8.42851],[-67.45381,8.43631],[-67.46373,8.43618],[-67.46835,8.44181],[-67.48704,8.44749],[-67.49203,8.44707],[-67.49611,8.45444],[-67.50585,8.45467],[-67.51722,8.45214],[-67.51896,8.44782],[-67.50436,8.43991],[-67.50557,8.43559],[-67.51894,8.43587],[-67.5192,8.43003],[-67.51364,8.42186],[-67.50517,8.41921],[-67.49591,8.42246],[-67.48843,8.41121],[-67.49925,8.40869],[-67.49722,8.40418],[-67.48009,8.40724],[-67.48101,8.39985],[-67.4866,8.39943],[-67.49197,8.39305],[-67.48156,8.38758],[-67.48393,8.38031],[-67.47349,8.38229],[-67.46527,8.38061],[-67.47046,8.37279],[-67.45764,8.369],[-67.45816,8.35535],[-67.4506,8.35186],[-67.44326,8.35541],[-67.43458,8.34465],[-67.4301,8.34429],[-67.41841,8.35595],[-67.41428,8.35168],[-67.41154,8.34224],[-67.40468,8.34669],[-67.39971,8.33978],[-67.40268,8.33316],[-67.41204,8.33671],[-67.41596,8.33112],[-67.40702,8.32757],[-67.41505,8.31531],[-67.41783,8.30767],[-67.4317,8.30388],[-67.42572,8.27472],[-67.42091,8.27508],[-67.41404,8.26209],[-67.4216,8.26354],[-67.42684,8.26078],[-67.42451,8.2453],[-67.41665,8.2325],[-67.4104,8.23886],[-67.40511,8.23539],[-67.40266,8.22706],[-67.41366,8.21805],[-67.40803,8.20138],[-67.41482,8.203],[-67.41896,8.19759],[-67.41855,8.18824],[-67.42534,8.19129],[-67.43069,8.18853],[-67.4325,8.17677],[-67.4405,8.17064],[-67.44654,8.1698],[-67.45544,8.15324],[-67.46548,8.14621],[-67.47763,8.13252],[-67.47932,8.12341],[-67.47434,8.1131],[-67.46797,8.12042],[-67.45998,8.11929],[-67.46233,8.11281],[-67.46156,8.1013],[-67.4483,8.09018],[-67.44433,8.08351],[-67.43016,8.08155],[-67.43112,8.07471],[-67.41749,8.07113],[-67.41756,8.05656],[-67.42556,8.04665],[-67.42737,8.0382],[-67.42437,8.03358],[-67.43292,8.0142],[-67.43245,8.00761],[-67.41728,8.00229],[-67.41025,8.00476],[-67.40166,8.00141],[-67.39918,7.99247],[-67.40158,7.9876],[-67.39502,7.98208],[-67.39142,7.97494],[-67.38187,7.97621],[-67.36993,7.96247],[-67.37559,7.95406],[-67.36323,7.94134],[-67.36384,7.9285],[-67.36986,7.91883],[-67.37764,7.91672],[-67.37622,7.90058],[-67.37057,7.90082],[-67.36248,7.88264],[-67.35551,7.88384],[-67.35412,7.89321],[-67.33286,7.88854],[-67.32711,7.88092],[-67.32038,7.88146],[-67.32977,7.86639],[-67.32641,7.86273],[-67.32552,7.84772],[-67.30568,7.83669],[-67.28706,7.82369],[-67.27419,7.83085],[-67.26661,7.82828],[-67.25741,7.82937],[-67.25556,7.81773],[-67.2427,7.81018],[-67.24656,7.80478],[-67.24295,7.8004],[-67.22583,7.79448],[-67.22427,7.78374],[-67.21936,7.77636],[-67.21257,7.77751],[-67.19969,7.77495],[-67.18929,7.77496],[-67.18297,7.78043],[-67.168,7.7799],[-67.1653,7.77589],[-67.15712,7.7798],[-67.15424,7.7747],[-67.15924,7.76989],[-67.15913,7.76023],[-67.14777,7.75874],[-67.13856,7.76482],[-67.13364,7.7605],[-67.12467,7.76417],[-67.11283,7.76353],[-67.10525,7.7657],[-67.09762,7.7636],[-67.09455,7.77525],[-67.05516,7.78327],[-67.04932,7.78886],[-67.04115,7.78335],[-67.03701,7.77723],[-67.0307,7.77592],[-67.02554,7.76813],[-67.01088,7.75698],[-67.00697,7.75783],[-67.00636,7.76785],[-66.99307,7.76738],[-66.98622,7.76361],[-66.97576,7.76374],[-66.96831,7.75793],[-66.97049,7.74785],[-66.9551,7.74781],[-66.94092,7.74122],[-66.9284,7.74952],[-66.9174,7.75025],[-66.91253,7.75428],[-66.89834,7.75057],[-66.88897,7.74422],[-66.89084,7.73822],[-66.87264,7.72402],[-66.84974,7.72188],[-66.84467,7.73533],[-66.83368,7.72952],[-66.81672,7.73188],[-66.80183,7.71558],[-66.79708,7.71336],[-66.79474,7.7058],[-66.78758,7.71097],[-66.77628,7.70901],[-66.7734,7.70043],[-66.76324,7.7017],[-66.75826,7.69492],[-66.74569,7.69812],[-66.72478,7.69028],[-66.70939,7.69084],[-66.70421,7.69727],[-66.68924,7.7019],[-66.6885,7.71661],[-66.67943,7.7153],[-66.67938,7.70252],[-66.66561,7.70367],[-66.6664,7.69617],[-66.65215,7.69859],[-66.64077,7.71534],[-66.64022,7.72795],[-66.6496,7.72901],[-66.6515,7.7502],[-66.66281,7.7455],[-66.66436,7.756],[-66.6551,7.76045],[-66.651,7.76772],[-66.63953,7.76095],[-66.63104,7.77368],[-66.61608,7.76422],[-66.60802,7.76243],[-66.59702,7.7673],[-66.59148,7.77631],[-66.58601,7.77469],[-66.58126,7.7801],[-66.56707,7.777],[-66.55648,7.78367],[-66.54958,7.77576],[-66.54426,7.78595],[-66.55226,7.80204],[-66.53121,7.81334],[-66.52916,7.81269],[-66.52958,7.81605],[-66.5395,7.81951],[-66.52777,7.83045],[-66.53028,7.83813],[-66.5399,7.8395],[-66.54634,7.83409],[-66.56216,7.82651],[-66.57851,7.82877],[-66.57453,7.83568],[-66.57898,7.84041],[-66.59148,7.84004],[-66.60265,7.85275],[-66.59495,7.86188],[-66.60173,7.87021],[-66.61352,7.87248],[-66.61862,7.87979],[-66.62799,7.88716],[-66.63737,7.88415],[-66.63941,7.89267],[-66.63952,7.90713],[-66.63705,7.91199],[-66.64185,7.92021],[-66.65117,7.91258],[-66.662,7.90957],[-66.67323,7.91423],[-66.6917,7.90629],[-66.70071,7.91252],[-66.70593,7.91984],[-66.69938,7.9226],[-66.6966,7.93371],[-66.70694,7.9331],[-66.71788,7.93921],[-66.71974,7.94322],[-66.73104,7.94255],[-66.75244,7.94973],[-66.76326,7.94473],[-66.77408,7.94394],[-66.78039,7.94754],[-66.78706,7.95689],[-66.7989,7.96432],[-66.7996,7.98208]]]},"properties":{"municipio":"San Gerónimo de Guayabal","estado":"GUÁRICO"}},{"type":"Feature","geometry":{"type":"Polygon","coordinates":[[[-64.78003,8.81222],[-64.78447,8.81791],[-64.80051,8.82574],[-64.80826,8.82436],[-64.81901,8.81525],[-64.82934,8.82333],[-64.83949,8.82387],[-64.84958,8.82968],[-64.85288,8.84513],[-64.86183,8.84926],[-64.86111,8.85297],[-64.86946,8.85824],[-64.88646,8.85937],[-64.88634,8.86596],[-64.89925,8.87727],[-64.91265,8.87559],[-64.91829,8.88272],[-64.91763,8.88907],[-64.92616,8.89823],[-64.93877,8.8969],[-64.95025,8.90714],[-64.94923,8.92044],[-64.95451,8.92301],[-64.97013,8.91744],[-64.97848,8.91635],[-64.98418,8.9121],[-65.00082,8.91257],[-65.00286,8.92024],[-65.01505,8.92454],[-65.03476,8.92328],[-65.03992,8.91908],[-65.05374,8.91931],[-65.06803,8.92482],[-65.07296,8.92098],[-65.08136,8.92667],[-65.08557,8.93529],[-65.09488,8.92804],[-65.11019,8.93336],[-65.11512,8.92857],[-65.11987,8.9315],[-65.12683,8.92431],[-65.13356,8.92557],[-65.1499,8.92364],[-65.16137,8.92034],[-65.16461,8.92549],[-65.17626,8.93405],[-65.19374,8.94087],[-65.20431,8.93476],[-65.22431,8.93415],[-65.23579,8.93864],[-65.24377,8.93312],[-65.25381,8.93713],[-65.25621,8.94821],[-65.2645,8.95036],[-65.26264,8.95773],[-65.26762,8.96881],[-65.27669,8.96515],[-65.2845,8.97551],[-65.29513,8.97964],[-65.29357,8.98731],[-65.3054,8.99258],[-65.30522,8.99803],[-65.31501,9.00725],[-65.31363,9.01851],[-65.31771,9.02707],[-65.31009,9.02887],[-65.31159,9.03558],[-65.30798,9.04289],[-65.31255,9.04726],[-65.32216,9.04726],[-65.32732,9.05349],[-65.32877,9.06043],[-65.33393,9.06181],[-65.33375,9.06954],[-65.32486,9.07397],[-65.33441,9.07834],[-65.33519,9.089],[-65.40108,9.09484],[-65.43546,9.05968],[-65.46549,9.029],[-65.47115,9.02942],[-65.4994,9.03846],[-65.5109,9.04116],[-65.56022,9.05541],[-65.55005,9.03561],[-65.53927,9.02343],[-65.53451,9.01089],[-65.53638,8.99324],[-65.5365,8.9777],[-65.54018,8.97163],[-65.53687,8.96521],[-65.53663,8.95567],[-65.53025,8.94127],[-65.52868,8.92428],[-65.52525,8.91174],[-65.52091,8.90694],[-65.51857,8.89302],[-65.51977,8.88311],[-65.51429,8.86427],[-65.50839,8.85545],[-65.50887,8.84849],[-65.5152,8.83462],[-65.51683,8.82165],[-65.5211,8.81517],[-65.52622,8.79518],[-65.52641,8.77519],[-65.52388,8.75851],[-65.5393,8.74979],[-65.5552,8.7451],[-65.56863,8.74341],[-65.57929,8.74497],[-65.58646,8.73572],[-65.59164,8.72269],[-65.60146,8.7126],[-65.60832,8.69957],[-65.60965,8.69297],[-65.6176,8.68156],[-65.61856,8.67514],[-65.60267,8.665],[-65.59424,8.6431],[-65.58882,8.61951],[-65.57539,8.60062],[-65.57244,8.59119],[-65.5669,8.5861],[-65.55425,8.59223],[-65.53365,8.59548],[-65.51607,8.59471],[-65.50583,8.59868],[-65.49565,8.59544],[-65.47638,8.57091],[-65.46958,8.56791],[-65.46301,8.55825],[-65.45193,8.55508],[-65.45091,8.54325],[-65.44332,8.52729],[-65.44573,8.51793],[-65.44128,8.51139],[-65.44116,8.50376],[-65.4355,8.49951],[-65.43363,8.48738],[-65.44291,8.46811],[-65.4473,8.46307],[-65.45833,8.45628],[-65.46899,8.44522],[-65.4714,8.43904],[-65.46959,8.43046],[-65.47676,8.42157],[-65.47556,8.41695],[-65.48182,8.40902],[-65.49055,8.40326],[-65.49627,8.40295],[-65.49965,8.38428],[-65.49242,8.3742],[-65.48803,8.35746],[-65.49706,8.33855],[-65.49725,8.33099],[-65.49357,8.31154],[-65.49243,8.29209],[-65.49623,8.28549],[-65.49237,8.27355],[-65.49123,8.25842],[-65.49286,8.25206],[-65.49918,8.24479],[-65.50051,8.23489],[-65.49888,8.22769],[-65.50322,8.214],[-65.50202,8.19395],[-65.4972,8.17541],[-65.49961,8.1691],[-65.49871,8.1526],[-65.50233,8.13513],[-65.50112,8.10998],[-65.5042,8.09359],[-65.50317,8.08579],[-65.50516,8.0664],[-65.50908,8.05632],[-65.50878,8.04575],[-65.5192,8.01238],[-65.52041,7.99821],[-65.5242,7.9886],[-65.53089,7.98152],[-65.53125,7.97161],[-65.54408,7.95138],[-65.54691,7.94009],[-65.54487,7.93421],[-65.56059,7.9339],[-65.56758,7.92259],[-65.56371,7.92309],[-65.5456,7.91864],[-65.5307,7.91025],[-65.51325,7.89558],[-65.49659,7.88676],[-65.47548,7.87392],[-65.46729,7.86628],[-65.45902,7.86202],[-65.44544,7.85913],[-65.42733,7.8612],[-65.41044,7.86066],[-65.38292,7.86963],[-65.36898,7.8751],[-65.36257,7.88119],[-65.37206,7.87892],[-65.38353,7.88856],[-65.38888,7.89676],[-65.40209,7.90472],[-65.41254,7.90777],[-65.41549,7.91214],[-65.42786,7.91801],[-65.46234,7.91727],[-65.4654,7.91919],[-65.4809,7.91942],[-65.49015,7.91648],[-65.49603,7.91989],[-65.49699,7.92786],[-65.50492,7.92887],[-65.50378,7.94019],[-65.50024,7.94469],[-65.4997,7.96338],[-65.48955,7.96416],[-65.49099,7.98063],[-65.49717,7.9901],[-65.49567,7.99609],[-65.48798,8.00046],[-65.48168,8.00993],[-65.48672,8.01915],[-65.48576,8.02832],[-65.47693,8.02958],[-65.47964,8.04491],[-65.46126,8.05265],[-65.45507,8.04978],[-65.44852,8.05254],[-65.43861,8.06895],[-65.43477,8.08147],[-65.42798,8.08717],[-65.41993,8.10173],[-65.42174,8.10598],[-65.40071,8.11426],[-65.39795,8.11899],[-65.40095,8.12672],[-65.38696,8.13726],[-65.38275,8.14889],[-65.37483,8.15985],[-65.37597,8.1813],[-65.36606,8.19214],[-65.3672,8.20077],[-65.36221,8.20526],[-65.35459,8.20425],[-65.34281,8.20701],[-65.34329,8.21576],[-65.33777,8.21516],[-65.3338,8.22409],[-65.32942,8.22187],[-65.32359,8.22643],[-65.31987,8.23422],[-65.31338,8.23188],[-65.30702,8.2483],[-65.29867,8.25639],[-65.29783,8.26573],[-65.29218,8.26658],[-65.29134,8.27412],[-65.28227,8.28533],[-65.27837,8.29887],[-65.26936,8.29744],[-65.27386,8.30708],[-65.27188,8.3163],[-65.26227,8.319],[-65.25704,8.33105],[-65.24791,8.32758],[-65.23644,8.33106],[-65.23548,8.3383],[-65.22833,8.33879],[-65.22533,8.35772],[-65.21692,8.35712],[-65.21632,8.36467],[-65.20419,8.36767],[-65.20149,8.37181],[-65.20605,8.38019],[-65.1968,8.38774],[-65.20347,8.39295],[-65.20059,8.40972],[-65.19344,8.41638],[-65.19494,8.42201],[-65.18719,8.4289],[-65.178,8.44807],[-65.1774,8.46484],[-65.18221,8.47053],[-65.17794,8.48587],[-65.16887,8.4909],[-65.16953,8.50324],[-65.15848,8.51217],[-65.16311,8.52188],[-65.1598,8.53008],[-65.15224,8.53129],[-65.15758,8.54272],[-65.14851,8.54644],[-65.1547,8.55363],[-65.14719,8.55717],[-65.14941,8.57244],[-65.14419,8.58047],[-65.15158,8.58807],[-65.14617,8.59634],[-65.14923,8.61389],[-65.16443,8.6279],[-65.16611,8.63826],[-65.17278,8.65126],[-65.16419,8.67049],[-65.16731,8.67654],[-65.16996,8.69337],[-65.16719,8.70673],[-65.16131,8.71051],[-65.1544,8.72129],[-65.14929,8.72058],[-65.14473,8.73795],[-65.1383,8.74562],[-65.13055,8.74904],[-65.12275,8.74862],[-65.11992,8.74365],[-65.11109,8.74971],[-65.10719,8.74695],[-65.0953,8.75822],[-65.08124,8.76458],[-65.07674,8.75973],[-65.06449,8.76117],[-65.06052,8.7538],[-65.05265,8.74698],[-65.04262,8.7465],[-65.03145,8.74154],[-65.02863,8.74345],[-65.01938,8.73849],[-65.01613,8.74316],[-64.98184,8.75108],[-64.97475,8.74725],[-64.96935,8.75079],[-64.96033,8.74864],[-64.95469,8.74391],[-64.94292,8.74421],[-64.93853,8.74074],[-64.92622,8.74644],[-64.91859,8.7459],[-64.91096,8.74099],[-64.91265,8.73374],[-64.89745,8.7186],[-64.89595,8.71327],[-64.87589,8.71016],[-64.87084,8.70178],[-64.8536,8.69615],[-64.8476,8.69586],[-64.83588,8.71503],[-64.78003,8.81222]]]},"properties":{"municipio":"Santa María de Ipire","estado":"GUÁRICO"}},{"type":"Feature","geometry":{"type":"Polygon","coordinates":[[[-65.43546,9.05968],[-65.55293,9.10824],[-65.59388,9.12592],[-65.59448,9.148],[-65.6031,9.14386],[-65.7356,9.0873],[-65.76421,9.07575],[-65.77234,9.07041],[-65.77806,9.07076],[-65.8728,9.00102],[-65.90725,8.97513],[-65.91241,8.96805],[-65.90236,8.95605],[-65.89864,8.94435],[-65.8908,8.94237],[-65.87919,8.92791],[-65.8792,8.92293],[-65.8873,8.9177],[-65.87585,8.9066],[-65.85979,8.88608],[-65.8446,8.87852],[-65.83634,8.8766],[-65.82869,8.86838],[-65.82575,8.86112],[-65.80382,8.84643],[-65.80481,8.83628],[-65.80894,8.81964],[-65.8145,8.81868],[-65.81511,8.81148],[-65.80657,8.80157],[-65.79294,8.79594],[-65.79431,8.77625],[-65.7872,8.77403],[-65.78461,8.76905],[-65.77255,8.76791],[-65.76676,8.7645],[-65.76109,8.76636],[-65.75518,8.76258],[-65.74397,8.76049],[-65.73916,8.75028],[-65.7174,8.73805],[-65.70945,8.73151],[-65.70815,8.72209],[-65.69593,8.70858],[-65.68811,8.6964],[-65.68296,8.67923],[-65.67228,8.676],[-65.66706,8.66514],[-65.65765,8.66004],[-65.6523,8.65098],[-65.66258,8.64316],[-65.66169,8.63584],[-65.66556,8.62785],[-65.66354,8.61693],[-65.67104,8.60774],[-65.68274,8.60557],[-65.68656,8.60082],[-65.68277,8.59266],[-65.68569,8.58377],[-65.6968,8.57776],[-65.70533,8.56569],[-65.70549,8.54942],[-65.70086,8.53903],[-65.70377,8.53351],[-65.69413,8.52691],[-65.69145,8.51148],[-65.68151,8.5041],[-65.68327,8.496],[-65.67412,8.48886],[-65.67992,8.48261],[-65.67004,8.47433],[-65.6749,8.4592],[-65.67354,8.44527],[-65.66668,8.43669],[-65.66706,8.43057],[-65.66006,8.42805],[-65.64772,8.41515],[-65.63844,8.41059],[-65.64294,8.39558],[-65.63829,8.3933],[-65.63849,8.3855],[-65.63096,8.38244],[-65.6332,8.37613],[-65.62857,8.36965],[-65.61868,8.3678],[-65.60766,8.35466],[-65.6125,8.34961],[-65.61959,8.33508],[-65.61804,8.32697],[-65.63029,8.3242],[-65.62741,8.3191],[-65.63038,8.31129],[-65.62501,8.30902],[-65.62735,8.2883],[-65.63286,8.27743],[-65.63299,8.27227],[-65.6462,8.27406],[-65.65553,8.25875],[-65.65718,8.24596],[-65.65403,8.22398],[-65.65542,8.2199],[-65.66696,8.21215],[-65.67019,8.2005],[-65.67125,8.18087],[-65.67941,8.17606],[-65.67551,8.16615],[-65.68234,8.15961],[-65.68164,8.14832],[-65.67319,8.11747],[-65.67651,8.08762],[-65.68123,8.08048],[-65.67497,8.0755],[-65.68265,8.06595],[-65.68491,8.05106],[-65.67745,8.045],[-65.67724,8.02975],[-65.68497,8.02302],[-65.6763,8.01756],[-65.68077,8.01101],[-65.6733,8.00658],[-65.67248,7.99619],[-65.6749,7.99144],[-65.67293,7.98244],[-65.66642,7.97752],[-65.65979,7.9768],[-65.65678,7.97152],[-65.65945,7.96588],[-65.65215,7.96204],[-65.65097,7.94979],[-65.66099,7.94835],[-65.65464,7.92734],[-65.65321,7.91695],[-65.63558,7.9138],[-65.61147,7.91653],[-65.58883,7.92227],[-65.56758,7.92259],[-65.56059,7.9339],[-65.54487,7.93421],[-65.54691,7.94009],[-65.54408,7.95138],[-65.53125,7.97161],[-65.53089,7.98152],[-65.5242,7.9886],[-65.52041,7.99821],[-65.5192,8.01238],[-65.50878,8.04575],[-65.50908,8.05632],[-65.50516,8.0664],[-65.50317,8.08579],[-65.5042,8.09359],[-65.50112,8.10998],[-65.50233,8.13513],[-65.49871,8.1526],[-65.49961,8.1691],[-65.4972,8.17541],[-65.50202,8.19395],[-65.50322,8.214],[-65.49888,8.22769],[-65.50051,8.23489],[-65.49918,8.24479],[-65.49286,8.25206],[-65.49123,8.25842],[-65.49237,8.27355],[-65.49623,8.28549],[-65.49243,8.29209],[-65.49357,8.31154],[-65.49725,8.33099],[-65.49706,8.33855],[-65.48803,8.35746],[-65.49242,8.3742],[-65.49965,8.38428],[-65.49627,8.40295],[-65.49055,8.40326],[-65.48182,8.40902],[-65.47556,8.41695],[-65.47676,8.42157],[-65.46959,8.43046],[-65.4714,8.43904],[-65.46899,8.44522],[-65.45833,8.45628],[-65.4473,8.46307],[-65.44291,8.46811],[-65.43363,8.48738],[-65.4355,8.49951],[-65.44116,8.50376],[-65.44128,8.51139],[-65.44573,8.51793],[-65.44332,8.52729],[-65.45091,8.54325],[-65.45193,8.55508],[-65.46301,8.55825],[-65.46958,8.56791],[-65.47638,8.57091],[-65.49565,8.59544],[-65.50583,8.59868],[-65.51607,8.59471],[-65.53365,8.59548],[-65.55425,8.59223],[-65.5669,8.5861],[-65.57244,8.59119],[-65.57539,8.60062],[-65.58882,8.61951],[-65.59424,8.6431],[-65.60267,8.665],[-65.61856,8.67514],[-65.6176,8.68156],[-65.60965,8.69297],[-65.60832,8.69957],[-65.60146,8.7126],[-65.59164,8.72269],[-65.58646,8.73572],[-65.57929,8.74497],[-65.56863,8.74341],[-65.5552,8.7451],[-65.5393,8.74979],[-65.52388,8.75851],[-65.52641,8.77519],[-65.52622,8.79518],[-65.5211,8.81517],[-65.51683,8.82165],[-65.5152,8.83462],[-65.50887,8.84849],[-65.50839,8.85545],[-65.51429,8.86427],[-65.51977,8.88311],[-65.51857,8.89302],[-65.52091,8.90694],[-65.52525,8.91174],[-65.52868,8.92428],[-65.53025,8.94127],[-65.53663,8.95567],[-65.53687,8.96521],[-65.54018,8.97163],[-65.5365,8.9777],[-65.53638,8.99324],[-65.53451,9.01089],[-65.53927,9.02343],[-65.55005,9.03561],[-65.56022,9.05541],[-65.5109,9.04116],[-65.4994,9.03846],[-65.47115,9.02942],[-65.46549,9.029],[-65.43546,9.05968]]]},"properties":{"municipio":"El Socorro","estado":"GUÁRICO"}},{"type":"Feature","geometry":{"type":"Polygon","coordinates":[[[-66.25261,9.02973],[-66.28906,9.06258],[-66.40621,9.16882],[-66.46631,9.17706],[-66.49892,9.18193],[-66.50295,9.18373],[-66.71228,9.21285],[-66.70636,9.20178],[-66.70382,9.1865],[-66.70089,9.18199],[-66.69888,9.16845],[-66.69536,9.16105],[-66.69449,9.1507],[-66.69049,9.14222],[-66.68752,9.12965],[-66.67959,9.10757],[-66.67832,9.08838],[-66.67599,9.08465],[-66.67489,9.0716],[-66.66369,9.03526],[-66.66176,9.01637],[-66.66438,9.00458],[-66.66468,8.98642],[-66.65577,8.96819],[-66.65492,8.9508],[-66.65245,8.93522],[-66.65326,8.90286],[-66.66554,8.89715],[-66.67136,8.88355],[-66.67253,8.87417],[-66.66579,8.85654],[-66.66558,8.84499],[-66.66286,8.82941],[-66.66795,8.81473],[-66.67376,8.8036],[-66.6785,8.78514],[-66.68949,8.7704],[-66.68844,8.75981],[-66.69055,8.73846],[-66.68934,8.718],[-66.68586,8.69779],[-66.69792,8.6857],[-66.70265,8.67012],[-66.69823,8.66019],[-66.7009,8.65328],[-66.69835,8.64131],[-66.70511,8.63096],[-66.70478,8.62272],[-66.70937,8.61532],[-66.7178,8.60798],[-66.71632,8.60112],[-66.72462,8.60094],[-66.72863,8.58735],[-66.72751,8.57838],[-66.73679,8.57327],[-66.74124,8.5524],[-66.73808,8.54205],[-66.74823,8.52479],[-66.74641,8.51071],[-66.74125,8.50644],[-66.74434,8.49928],[-66.7399,8.47594],[-66.74307,8.46247],[-66.75459,8.44767],[-66.75106,8.44219],[-66.75991,8.43822],[-66.76396,8.43118],[-66.75432,8.41861],[-66.75428,8.41121],[-66.75026,8.40784],[-66.74837,8.39912],[-66.74251,8.38619],[-66.745,8.37704],[-66.74094,8.36748],[-66.73955,8.35214],[-66.73602,8.34672],[-66.73371,8.33493],[-66.74011,8.32387],[-66.73455,8.3152],[-66.74135,8.31093],[-66.73825,8.30251],[-66.74194,8.29619],[-66.7439,8.28356],[-66.73874,8.27839],[-66.74136,8.26726],[-66.73801,8.26112],[-66.73955,8.25156],[-66.75273,8.2438],[-66.76394,8.2352],[-66.7692,8.20554],[-66.75975,8.19044],[-66.76447,8.17835],[-66.76779,8.17528],[-66.76523,8.16686],[-66.77205,8.13732],[-66.77001,8.13504],[-66.77231,8.11122],[-66.76787,8.10658],[-66.76988,8.09702],[-66.76653,8.08793],[-66.76437,8.07055],[-66.76066,8.06448],[-66.76419,8.04986],[-66.77439,8.03747],[-66.78112,8.01954],[-66.77918,8.01298],[-66.78249,8.0024],[-66.77043,7.99439],[-66.77387,7.9885],[-66.78658,7.98152],[-66.7996,7.98208],[-66.7989,7.96432],[-66.78706,7.95689],[-66.78039,7.94754],[-66.77408,7.94394],[-66.76326,7.94473],[-66.75244,7.94973],[-66.73104,7.94255],[-66.71974,7.94322],[-66.71788,7.93921],[-66.70694,7.9331],[-66.6966,7.93371],[-66.69938,7.9226],[-66.70593,7.91984],[-66.70071,7.91252],[-66.6917,7.90629],[-66.67323,7.91423],[-66.662,7.90957],[-66.65117,7.91258],[-66.64185,7.92021],[-66.63705,7.91199],[-66.63952,7.90713],[-66.63941,7.89267],[-66.63737,7.88415],[-66.62799,7.88716],[-66.61862,7.87979],[-66.61352,7.87248],[-66.60173,7.87021],[-66.59495,7.86188],[-66.60265,7.85275],[-66.59148,7.84004],[-66.57898,7.84041],[-66.57453,7.83568],[-66.57851,7.82877],[-66.56216,7.82651],[-66.54634,7.83409],[-66.5399,7.8395],[-66.53028,7.83813],[-66.52777,7.83045],[-66.5395,7.81951],[-66.52958,7.81605],[-66.52916,7.81269],[-66.52193,7.79313],[-66.51485,7.79235],[-66.51479,7.77991],[-66.48801,7.76797],[-66.4781,7.76034],[-66.47696,7.7491],[-66.48663,7.73936],[-66.48657,7.73185],[-66.47048,7.72994],[-66.45853,7.72357],[-66.45103,7.72213],[-66.44046,7.71637],[-66.41752,7.71494],[-66.40695,7.71074],[-66.39176,7.71285],[-66.38107,7.71923],[-66.37381,7.71917],[-66.36288,7.72585],[-66.35453,7.71924],[-66.34067,7.69185],[-66.3304,7.68788],[-66.32812,7.68357],[-66.33658,7.67081],[-66.3347,7.65935],[-66.30031,7.66737],[-66.28639,7.6614],[-66.27519,7.65864],[-66.26075,7.6428],[-66.25228,7.63772],[-66.23902,7.63798],[-66.2177,7.64557],[-66.20536,7.65952],[-66.19744,7.66641],[-66.17914,7.67698],[-66.14783,7.68693],[-66.12765,7.70066],[-66.12013,7.70331],[-66.10636,7.70473],[-66.11213,7.71],[-66.12143,7.71372],[-66.13453,7.70842],[-66.15908,7.73077],[-66.16322,7.74855],[-66.16989,7.75221],[-66.17679,7.74933],[-66.18718,7.7593],[-66.18141,7.76765],[-66.1852,7.77679],[-66.19228,7.78009],[-66.19486,7.78568],[-66.18994,7.79235],[-66.18075,7.795],[-66.18141,7.80161],[-66.19198,7.81116],[-66.18513,7.81333],[-66.19246,7.82546],[-66.20026,7.82546],[-66.1951,7.83429],[-66.20116,7.83688],[-66.21125,7.86728],[-66.20362,7.87407],[-66.2092,7.88946],[-66.20308,7.89415],[-66.19407,7.89379],[-66.19101,7.89956],[-66.18302,7.89861],[-66.17654,7.90847],[-66.17966,7.91796],[-66.17653,7.92157],[-66.182,7.93448],[-66.18188,7.9432],[-66.1907,7.94151],[-66.1916,7.94842],[-66.19653,7.95545],[-66.19028,7.97312],[-66.20019,7.98664],[-66.20685,7.98958],[-66.2098,8.00044],[-66.20431,8.01928],[-66.20652,8.0329],[-66.21815,8.05006],[-66.21946,8.06056],[-66.22751,8.062],[-66.22545,8.07232],[-66.23499,8.08192],[-66.23498,8.08924],[-66.22849,8.09218],[-66.2271,8.10112],[-66.23598,8.1055],[-66.24384,8.11216],[-66.24479,8.122],[-66.2511,8.125],[-66.24406,8.13274],[-66.2444,8.14372],[-66.25179,8.14432],[-66.25286,8.15236],[-66.24624,8.16256],[-66.25543,8.16844],[-66.2535,8.17534],[-66.25456,8.18686],[-66.25941,8.19766],[-66.25988,8.2138],[-66.26371,8.2198],[-66.2604,8.22478],[-66.25295,8.22616],[-66.24848,8.24896],[-66.25531,8.2606],[-66.25452,8.26942],[-66.26205,8.29883],[-66.25778,8.30093],[-66.26058,8.32475],[-66.2664,8.32991],[-66.27295,8.32733],[-66.27268,8.34935],[-66.26949,8.35343],[-66.25778,8.35546],[-66.24778,8.37011],[-66.25217,8.37179],[-66.24878,8.38877],[-66.25856,8.40311],[-66.25524,8.41097],[-66.25074,8.41001],[-66.24543,8.42416],[-66.24927,8.43293],[-66.25629,8.43701],[-66.25928,8.44565],[-66.25008,8.45753],[-66.26057,8.47415],[-66.26265,8.48801],[-66.27429,8.49983],[-66.27411,8.50679],[-66.27013,8.51195],[-66.27168,8.52503],[-66.27504,8.52953],[-66.27622,8.54261],[-66.26762,8.55161],[-66.26436,8.56475],[-66.26724,8.57003],[-66.26554,8.58305],[-66.25877,8.59449],[-66.27007,8.60104],[-66.27049,8.6113],[-66.27446,8.61569],[-66.28583,8.61653],[-66.29575,8.63364],[-66.29617,8.64397],[-66.30056,8.64932],[-66.29152,8.66961],[-66.2831,8.67759],[-66.28225,8.68504],[-66.28791,8.68678],[-66.28224,8.69987],[-66.28447,8.70785],[-66.28181,8.7177],[-66.29372,8.72305],[-66.29685,8.72935],[-66.29186,8.73325],[-66.28969,8.74046],[-66.296,8.75571],[-66.30141,8.76237],[-66.30044,8.77294],[-66.3106,8.78321],[-66.31367,8.79564],[-66.30885,8.81371],[-66.30823,8.83809],[-66.31268,8.84416],[-66.31135,8.85592],[-66.31598,8.86127],[-66.30786,8.86781],[-66.30262,8.88252],[-66.30779,8.89735],[-66.30573,8.9078],[-66.30062,8.91272],[-66.29887,8.92113],[-66.30049,8.93283],[-66.28749,8.95084],[-66.2725,8.96291],[-66.27183,8.9742],[-66.26124,8.98302],[-66.25516,8.98452],[-66.24836,8.99551],[-66.25261,9.02973]]]},"properties":{"municipio":"Las Mercedes","estado":"GUÁRICO"}},{"type":"Feature","geometry":{"type":"Polygon","coordinates":[[[-66.71564,9.21471],[-66.72215,9.22564],[-66.72386,9.23385],[-66.73646,9.24102],[-66.74953,9.24397],[-66.76225,9.24955],[-66.76877,9.2549],[-66.77794,9.2574],[-66.88489,9.22181],[-67.00194,9.18314],[-67.00364,9.19179],[-67.02107,9.19407],[-67.02426,9.20181],[-67.03918,9.19838],[-67.05684,9.19838],[-67.09331,9.19551],[-67.10261,9.18981],[-67.11445,9.17409],[-67.11642,9.16292],[-67.1232,9.15973],[-67.13306,9.15961],[-67.13739,9.17704],[-67.14724,9.17988],[-67.14893,9.19765],[-67.15993,9.20118],[-67.17702,9.20094],[-67.18411,9.19785],[-67.18894,9.20219],[-67.19949,9.20617],[-67.22048,9.20172],[-67.22703,9.19625],[-67.23425,9.19716],[-67.24586,9.1828],[-67.25631,9.17801],[-67.27099,9.17857],[-67.28763,9.17195],[-67.30919,9.17069],[-67.32113,9.161],[-67.3333,9.15496],[-67.34622,9.15319],[-67.3518,9.13627],[-67.36646,9.1431],[-67.39018,9.15755],[-67.3999,9.17145],[-67.3961,9.17657],[-67.4001,9.18546],[-67.39886,9.19045],[-67.40564,9.19528],[-67.42342,9.19726],[-67.43891,9.20144],[-67.44554,9.20575],[-67.4617,9.20318],[-67.47382,9.21233],[-67.49202,9.21778],[-67.52238,9.20736],[-67.58264,9.21173],[-67.6372,9.21507],[-67.80806,9.22613],[-67.88132,9.23099],[-67.87747,9.22057],[-67.87783,9.1993],[-67.87202,9.18576],[-67.87124,9.17591],[-67.8595,9.15835],[-67.86129,9.14362],[-67.85643,9.12599],[-67.85639,9.11728],[-67.86264,9.11145],[-67.85574,9.09876],[-67.85058,9.0937],[-67.85236,9.08444],[-67.86103,9.06628],[-67.86431,9.05215],[-67.87242,9.03916],[-67.88266,9.03052],[-67.88596,9.01774],[-67.89746,9.00473],[-67.90395,8.98769],[-67.90421,8.96801],[-67.91326,8.95818],[-67.92108,8.94334],[-67.92756,8.93482],[-67.938,8.93525],[-67.93972,8.93191],[-67.94997,8.93232],[-67.96363,8.92832],[-67.96741,8.92342],[-67.97324,8.92421],[-67.97919,8.90998],[-67.98091,8.89715],[-67.97553,8.88214],[-67.96458,8.88311],[-67.96751,8.86902],[-67.97167,8.86484],[-67.97196,8.85651],[-67.97798,8.84575],[-67.98997,8.83928],[-67.98657,8.83188],[-67.99406,8.82674],[-67.99568,8.81701],[-67.99387,8.80837],[-67.99985,8.8039],[-68.0056,8.78879],[-68.02623,8.76052],[-68.01629,8.75843],[-68.01358,8.74774],[-68.00789,8.74234],[-68.01693,8.73435],[-68.02148,8.72442],[-68.02038,8.71997],[-68.01227,8.71138],[-68.01415,8.69982],[-68.00244,8.69949],[-68.01215,8.68045],[-68.01298,8.67403],[-68.00967,8.66605],[-68.01291,8.6587],[-68.00239,8.6518],[-68.00168,8.64581],[-68.00711,8.63668],[-68.00207,8.63396],[-68.00987,8.62595],[-68.01875,8.62223],[-68.01318,8.61507],[-68.01599,8.6016],[-68.00673,8.59056],[-68.01425,8.57548],[-68.00626,8.57664],[-67.99888,8.58502],[-67.99417,8.57752],[-68.00219,8.5538],[-68.00871,8.55594],[-68.02246,8.54133],[-68.0325,8.53329],[-68.0257,8.5318],[-68.01991,8.52614],[-68.0207,8.51358],[-68.01483,8.50084],[-68.01783,8.49177],[-67.99924,8.48579],[-68.00807,8.47511],[-67.99828,8.46602],[-67.97292,8.46844],[-67.97186,8.4548],[-67.9744,8.4509],[-67.98782,8.44701],[-67.99076,8.43734],[-67.98397,8.43691],[-67.97326,8.43124],[-67.96838,8.42421],[-67.95807,8.42016],[-67.96342,8.40845],[-67.95518,8.40153],[-67.95025,8.39257],[-67.93928,8.38858],[-67.93338,8.37217],[-67.92238,8.37335],[-67.90962,8.37928],[-67.90312,8.38029],[-67.89937,8.37523],[-67.90498,8.37086],[-67.8867,8.34631],[-67.87404,8.34448],[-67.86629,8.34633],[-67.85983,8.35172],[-67.85431,8.34997],[-67.85291,8.33495],[-67.86845,8.31737],[-67.88082,8.30604],[-67.87689,8.30086],[-67.87032,8.30578],[-67.86148,8.30834],[-67.85968,8.31765],[-67.84251,8.30717],[-67.84198,8.28728],[-67.83533,8.29003],[-67.74554,8.33234],[-67.61689,8.39403],[-67.52127,8.44032],[-67.51894,8.43587],[-67.50557,8.43559],[-67.50436,8.43991],[-67.51896,8.44782],[-67.51722,8.45214],[-67.50585,8.45467],[-67.49611,8.45444],[-67.49203,8.44707],[-67.48704,8.44749],[-67.46835,8.44181],[-67.46373,8.43618],[-67.45381,8.43631],[-67.44846,8.42851],[-67.4427,8.42678],[-67.42972,8.41821],[-67.4287,8.40987],[-67.42288,8.40334],[-67.40029,8.3898],[-67.39481,8.38993],[-67.37985,8.37987],[-67.37265,8.37075],[-67.36267,8.3725],[-67.34692,8.36682],[-67.33887,8.36725],[-67.33207,8.37422],[-67.33605,8.35501],[-67.32535,8.35208],[-67.31928,8.35371],[-67.30821,8.36699],[-67.29595,8.36076],[-67.27816,8.35574],[-67.27474,8.34926],[-67.25322,8.34173],[-67.246,8.355],[-67.23746,8.34865],[-67.22617,8.34542],[-67.21553,8.33673],[-67.20856,8.33914],[-67.19918,8.33693],[-67.19082,8.3409],[-67.18397,8.33935],[-67.18074,8.32387],[-67.17593,8.31847],[-67.16145,8.31591],[-67.15555,8.31706],[-67.14414,8.31107],[-67.13746,8.31528],[-67.13157,8.31336],[-67.12599,8.30455],[-67.10946,8.30157],[-67.10034,8.27997],[-67.08952,8.28215],[-67.07552,8.26302],[-67.05702,8.2553],[-67.04601,8.25819],[-67.03898,8.25556],[-67.03075,8.24819],[-67.01735,8.24436],[-66.99847,8.24175],[-66.99722,8.23449],[-66.99085,8.23413],[-66.98821,8.224],[-66.97589,8.21453],[-66.9679,8.21172],[-66.96725,8.20362],[-66.97243,8.19275],[-66.96872,8.17355],[-66.95508,8.16756],[-66.95574,8.16018],[-66.95088,8.14981],[-66.93977,8.13692],[-66.93906,8.12384],[-66.94737,8.11807],[-66.94371,8.10499],[-66.94955,8.0997],[-66.95106,8.09034],[-66.95899,8.09021],[-66.96212,8.08445],[-66.95005,8.07894],[-66.95168,8.07149],[-66.93521,8.06593],[-66.93516,8.05711],[-66.925,8.04992],[-66.91117,8.05402],[-66.90643,8.04508],[-66.89682,8.03795],[-66.89646,8.03399],[-66.8833,8.02567],[-66.87887,8.01247],[-66.85326,8.00488],[-66.84077,7.99079],[-66.82965,7.98708],[-66.82568,7.99003],[-66.80693,7.98747],[-66.7996,7.98208],[-66.78658,7.98152],[-66.77387,7.9885],[-66.77043,7.99439],[-66.78249,8.0024],[-66.77918,8.01298],[-66.78112,8.01954],[-66.77439,8.03747],[-66.76419,8.04986],[-66.76066,8.06448],[-66.76437,8.07055],[-66.76653,8.08793],[-66.76988,8.09702],[-66.76787,8.10658],[-66.77231,8.11122],[-66.77001,8.13504],[-66.77205,8.13732],[-66.76523,8.16686],[-66.76779,8.17528],[-66.76447,8.17835],[-66.75975,8.19044],[-66.7692,8.20554],[-66.76394,8.2352],[-66.75273,8.2438],[-66.73955,8.25156],[-66.73801,8.26112],[-66.74136,8.26726],[-66.73874,8.27839],[-66.7439,8.28356],[-66.74194,8.29619],[-66.73825,8.30251],[-66.74135,8.31093],[-66.73455,8.3152],[-66.74011,8.32387],[-66.73371,8.33493],[-66.73602,8.34672],[-66.73955,8.35214],[-66.74094,8.36748],[-66.745,8.37704],[-66.74251,8.38619],[-66.74837,8.39912],[-66.75026,8.40784],[-66.75428,8.41121],[-66.75432,8.41861],[-66.76396,8.43118],[-66.75991,8.43822],[-66.75106,8.44219],[-66.75459,8.44767],[-66.74307,8.46247],[-66.7399,8.47594],[-66.74434,8.49928],[-66.74125,8.50644],[-66.74641,8.51071],[-66.74823,8.52479],[-66.73808,8.54205],[-66.74124,8.5524],[-66.73679,8.57327],[-66.72751,8.57838],[-66.72863,8.58735],[-66.72462,8.60094],[-66.71632,8.60112],[-66.7178,8.60798],[-66.70937,8.61532],[-66.70478,8.62272],[-66.70511,8.63096],[-66.69835,8.64131],[-66.7009,8.65328],[-66.69823,8.66019],[-66.70265,8.67012],[-66.69792,8.6857],[-66.68586,8.69779],[-66.68934,8.718],[-66.69055,8.73846],[-66.68844,8.75981],[-66.68949,8.7704],[-66.6785,8.78514],[-66.67376,8.8036],[-66.66795,8.81473],[-66.66286,8.82941],[-66.66558,8.84499],[-66.66579,8.85654],[-66.67253,8.87417],[-66.67136,8.88355],[-66.66554,8.89715],[-66.65326,8.90286],[-66.65245,8.93522],[-66.65492,8.9508],[-66.65577,8.96819],[-66.66468,8.98642],[-66.66438,9.00458],[-66.66176,9.01637],[-66.66369,9.03526],[-66.67489,9.0716],[-66.67599,9.08465],[-66.67832,9.08838],[-66.67959,9.10757],[-66.68752,9.12965],[-66.69049,9.14222],[-66.69449,9.1507],[-66.69536,9.16105],[-66.69888,9.16845],[-66.70089,9.18199],[-66.70382,9.1865],[-66.70636,9.20178],[-66.71228,9.21285],[-66.71564,9.21471]]]},"properties":{"municipio":"Francisco de Miranda","estado":"GUÁRICO"}},{"type":"Feature","geometry":{"type":"Polygon","coordinates":[[[-65.95978,9.58754],[-65.99914,9.61102],[-65.99943,9.61202],[-66.02625,9.55947],[-66.03207,9.54944],[-66.05385,9.50687],[-66.09333,9.43096],[-66.13521,9.35103],[-66.13139,9.34191],[-66.11601,9.33224],[-66.10776,9.3296],[-66.1075,9.32336],[-66.1169,9.32564],[-66.1225,9.32305],[-66.12266,9.31303],[-66.11452,9.30792],[-66.10575,9.29381],[-66.09863,9.28559],[-66.10109,9.28144],[-66.10111,9.26043],[-66.10386,9.2501],[-66.11356,9.22494],[-66.11271,9.21947],[-66.1224,9.21689],[-66.13107,9.21737],[-66.14148,9.20884],[-66.14622,9.19917],[-66.15302,9.19731],[-66.15915,9.19094],[-66.16473,9.18013],[-66.19164,9.17172],[-66.20744,9.15311],[-66.21622,9.14536],[-66.21843,9.13557],[-66.21438,9.13095],[-66.22575,9.1217],[-66.22396,9.10074],[-66.23093,9.09522],[-66.22682,9.08645],[-66.22916,9.08279],[-66.22571,9.07462],[-66.23442,9.06207],[-66.23935,9.05823],[-66.24094,9.04063],[-66.24874,9.02652],[-66.25261,9.02973],[-66.24836,8.99551],[-66.25516,8.98452],[-66.26124,8.98302],[-66.27183,8.9742],[-66.2725,8.96291],[-66.28749,8.95084],[-66.30049,8.93283],[-66.29887,8.92113],[-66.30062,8.91272],[-66.30573,8.9078],[-66.30779,8.89735],[-66.30262,8.88252],[-66.30786,8.86781],[-66.31598,8.86127],[-66.31135,8.85592],[-66.31268,8.84416],[-66.30823,8.83809],[-66.30885,8.81371],[-66.31367,8.79564],[-66.3106,8.78321],[-66.30044,8.77294],[-66.30141,8.76237],[-66.296,8.75571],[-66.28969,8.74046],[-66.29186,8.73325],[-66.29685,8.72935],[-66.29372,8.72305],[-66.28181,8.7177],[-66.28447,8.70785],[-66.28224,8.69987],[-66.28791,8.68678],[-66.28225,8.68504],[-66.2831,8.67759],[-66.29152,8.66961],[-66.30056,8.64932],[-66.29617,8.64397],[-66.29575,8.63364],[-66.28583,8.61653],[-66.27446,8.61569],[-66.27049,8.6113],[-66.27007,8.60104],[-66.25877,8.59449],[-66.26554,8.58305],[-66.26724,8.57003],[-66.26436,8.56475],[-66.26762,8.55161],[-66.27622,8.54261],[-66.27504,8.52953],[-66.27168,8.52503],[-66.27013,8.51195],[-66.27411,8.50679],[-66.27429,8.49983],[-66.26265,8.48801],[-66.26057,8.47415],[-66.25008,8.45753],[-66.25928,8.44565],[-66.25629,8.43701],[-66.24927,8.43293],[-66.24543,8.42416],[-66.25074,8.41001],[-66.25524,8.41097],[-66.25856,8.40311],[-66.24878,8.38877],[-66.25217,8.37179],[-66.24778,8.37011],[-66.25778,8.35546],[-66.26949,8.35343],[-66.27268,8.34935],[-66.27295,8.32733],[-66.2664,8.32991],[-66.26058,8.32475],[-66.25778,8.30093],[-66.26205,8.29883],[-66.25452,8.26942],[-66.25531,8.2606],[-66.24848,8.24896],[-66.25295,8.22616],[-66.2604,8.22478],[-66.26371,8.2198],[-66.25988,8.2138],[-66.25941,8.19766],[-66.25456,8.18686],[-66.2535,8.17534],[-66.25543,8.16844],[-66.24624,8.16256],[-66.25286,8.15236],[-66.25179,8.14432],[-66.2444,8.14372],[-66.24406,8.13274],[-66.2511,8.125],[-66.24479,8.122],[-66.24384,8.11216],[-66.23598,8.1055],[-66.2271,8.10112],[-66.22849,8.09218],[-66.23498,8.08924],[-66.23499,8.08192],[-66.22545,8.07232],[-66.22751,8.062],[-66.21946,8.06056],[-66.21815,8.05006],[-66.20652,8.0329],[-66.20431,8.01928],[-66.2098,8.00044],[-66.20685,7.98958],[-66.20019,7.98664],[-66.19028,7.97312],[-66.19653,7.95545],[-66.1916,7.94842],[-66.1907,7.94151],[-66.18188,7.9432],[-66.182,7.93448],[-66.17653,7.92157],[-66.17966,7.91796],[-66.17654,7.90847],[-66.18302,7.89861],[-66.19101,7.89956],[-66.19407,7.89379],[-66.20308,7.89415],[-66.2092,7.88946],[-66.20362,7.87407],[-66.21125,7.86728],[-66.20116,7.83688],[-66.1951,7.83429],[-66.20026,7.82546],[-66.19246,7.82546],[-66.18513,7.81333],[-66.19198,7.81116],[-66.18141,7.80161],[-66.18075,7.795],[-66.18994,7.79235],[-66.19486,7.78568],[-66.19228,7.78009],[-66.1852,7.77679],[-66.18141,7.76765],[-66.18718,7.7593],[-66.17679,7.74933],[-66.16989,7.75221],[-66.16322,7.74855],[-66.15908,7.73077],[-66.13453,7.70842],[-66.12143,7.71372],[-66.11213,7.71],[-66.10636,7.70473],[-66.09865,7.7016],[-66.07056,7.69968],[-66.04459,7.70026],[-66.03016,7.69652],[-66.01529,7.69816],[-65.99238,7.69778],[-65.98117,7.70095],[-65.96682,7.70058],[-65.95139,7.70356],[-65.92944,7.69955],[-65.91267,7.69522],[-65.89156,7.70011],[-65.88312,7.70342],[-65.87102,7.70371],[-65.84534,7.71289],[-65.8465,7.72243],[-65.83769,7.74662],[-65.82445,7.75475],[-65.80818,7.76704],[-65.80311,7.77846],[-65.79312,7.78763],[-65.78117,7.81177],[-65.76527,7.82646],[-65.76083,7.82845],[-65.74693,7.85423],[-65.74142,7.86128],[-65.7294,7.8707],[-65.71415,7.87167],[-65.70663,7.87533],[-65.68967,7.89036],[-65.68274,7.89802],[-65.66356,7.91036],[-65.65642,7.91275],[-65.63558,7.9138],[-65.65321,7.91695],[-65.65464,7.92734],[-65.66099,7.94835],[-65.65097,7.94979],[-65.65215,7.96204],[-65.65945,7.96588],[-65.65678,7.97152],[-65.65979,7.9768],[-65.66642,7.97752],[-65.67293,7.98244],[-65.6749,7.99144],[-65.67248,7.99619],[-65.6733,8.00658],[-65.68077,8.01101],[-65.6763,8.01756],[-65.68497,8.02302],[-65.67724,8.02975],[-65.67745,8.045],[-65.68491,8.05106],[-65.68265,8.06595],[-65.67497,8.0755],[-65.68123,8.08048],[-65.67651,8.08762],[-65.67319,8.11747],[-65.68164,8.14832],[-65.68234,8.15961],[-65.67551,8.16615],[-65.67941,8.17606],[-65.67125,8.18087],[-65.67019,8.2005],[-65.66696,8.21215],[-65.65542,8.2199],[-65.65403,8.22398],[-65.65718,8.24596],[-65.65553,8.25875],[-65.6462,8.27406],[-65.63299,8.27227],[-65.63286,8.27743],[-65.62735,8.2883],[-65.62501,8.30902],[-65.63038,8.31129],[-65.62741,8.3191],[-65.63029,8.3242],[-65.61804,8.32697],[-65.61959,8.33508],[-65.6125,8.34961],[-65.60766,8.35466],[-65.61868,8.3678],[-65.62857,8.36965],[-65.6332,8.37613],[-65.63096,8.38244],[-65.63849,8.3855],[-65.63829,8.3933],[-65.64294,8.39558],[-65.63844,8.41059],[-65.64772,8.41515],[-65.66006,8.42805],[-65.66706,8.43057],[-65.66668,8.43669],[-65.67354,8.44527],[-65.6749,8.4592],[-65.67004,8.47433],[-65.67992,8.48261],[-65.67412,8.48886],[-65.68327,8.496],[-65.68151,8.5041],[-65.69145,8.51148],[-65.69413,8.52691],[-65.70377,8.53351],[-65.70086,8.53903],[-65.70549,8.54942],[-65.70533,8.56569],[-65.6968,8.57776],[-65.68569,8.58377],[-65.68277,8.59266],[-65.68656,8.60082],[-65.68274,8.60557],[-65.67104,8.60774],[-65.66354,8.61693],[-65.66556,8.62785],[-65.66169,8.63584],[-65.66258,8.64316],[-65.6523,8.65098],[-65.65765,8.66004],[-65.66706,8.66514],[-65.67228,8.676],[-65.68296,8.67923],[-65.68811,8.6964],[-65.69593,8.70858],[-65.70815,8.72209],[-65.70945,8.73151],[-65.7174,8.73805],[-65.73916,8.75028],[-65.74397,8.76049],[-65.75518,8.76258],[-65.76109,8.76636],[-65.76676,8.7645],[-65.77255,8.76791],[-65.78461,8.76905],[-65.7872,8.77403],[-65.79431,8.77625],[-65.79294,8.79594],[-65.80657,8.80157],[-65.81511,8.81148],[-65.8145,8.81868],[-65.80894,8.81964],[-65.80481,8.83628],[-65.80382,8.84643],[-65.82575,8.86112],[-65.82869,8.86838],[-65.83634,8.8766],[-65.8446,8.87852],[-65.85979,8.88608],[-65.87585,8.9066],[-65.8873,8.9177],[-65.8792,8.92293],[-65.87919,8.92791],[-65.8908,8.94237],[-65.89864,8.94435],[-65.90236,8.95605],[-65.91241,8.96805],[-65.92222,8.98144],[-65.92365,8.99026],[-65.91819,9.00281],[-65.90978,9.01392],[-65.91411,9.01945],[-65.90926,9.03392],[-65.91367,9.05859],[-65.91204,9.06279],[-65.91691,9.0694],[-65.91904,9.08927],[-65.92325,9.09341],[-65.92389,9.10475],[-65.931,9.11315],[-65.92953,9.12006],[-65.93417,9.1245],[-65.92903,9.13213],[-65.93762,9.14995],[-65.93591,9.15686],[-65.92643,9.16083],[-65.91863,9.17194],[-65.91426,9.18473],[-65.90991,9.18797],[-65.88256,9.25307],[-65.87668,9.32524],[-65.88578,9.36192],[-65.89152,9.38779],[-65.90826,9.45827],[-65.91101,9.47225],[-65.93305,9.52399],[-65.95754,9.58372],[-65.95978,9.58754]]]},"properties":{"municipio":"Leonardo Infante","estado":"GUÁRICO"}},{"type":"Feature","geometry":{"type":"Polygon","coordinates":[[[-65.20305,9.43615],[-65.20382,9.45875],[-65.21098,9.45899],[-65.21068,9.46714],[-65.21529,9.48869],[-65.22029,9.48898],[-65.22192,9.49826],[-65.24001,9.49963],[-65.2461,9.51243],[-65.2642,9.51326],[-65.27222,9.51559],[-65.29303,9.51385],[-65.30014,9.51768],[-65.31076,9.5142],[-65.31679,9.51839],[-65.32318,9.52886],[-65.32788,9.53256],[-65.33639,9.53358],[-65.34598,9.54859],[-65.35219,9.54925],[-65.36166,9.55499],[-65.37462,9.56899],[-65.38126,9.58119],[-65.38873,9.58412],[-65.39609,9.59286],[-65.40417,9.59525],[-65.41159,9.60697],[-65.40887,9.61332],[-65.41123,9.62325],[-65.42051,9.6333],[-65.42702,9.65167],[-65.43131,9.65322],[-65.5003,9.5592],[-65.63183,9.4512],[-65.63482,9.44846],[-65.57379,9.33133],[-65.54354,9.27451],[-65.59189,9.15573],[-65.59448,9.148],[-65.59388,9.12592],[-65.55293,9.10824],[-65.43546,9.05968],[-65.40108,9.09484],[-65.33519,9.089],[-65.33441,9.07834],[-65.32486,9.07397],[-65.33375,9.06954],[-65.33393,9.06181],[-65.32877,9.06043],[-65.32732,9.05349],[-65.32216,9.04726],[-65.31255,9.04726],[-65.30798,9.04289],[-65.31159,9.03558],[-65.31009,9.02887],[-65.31771,9.02707],[-65.31363,9.01851],[-65.31501,9.00725],[-65.30522,8.99803],[-65.3054,8.99258],[-65.29357,8.98731],[-65.29513,8.97964],[-65.2845,8.97551],[-65.27669,8.96515],[-65.26762,8.96881],[-65.26264,8.95773],[-65.2645,8.95036],[-65.25621,8.94821],[-65.25381,8.93713],[-65.24377,8.93312],[-65.23579,8.93864],[-65.22431,8.93415],[-65.20431,8.93476],[-65.19374,8.94087],[-65.17626,8.93405],[-65.16461,8.92549],[-65.16137,8.92034],[-65.1499,8.92364],[-65.13356,8.92557],[-65.12683,8.92431],[-65.11987,8.9315],[-65.11512,8.92857],[-65.11019,8.93336],[-65.09488,8.92804],[-65.08557,8.93529],[-65.08136,8.92667],[-65.07296,8.92098],[-65.06803,8.92482],[-65.05374,8.91931],[-65.03992,8.91908],[-65.03476,8.92328],[-65.01505,8.92454],[-65.00286,8.92024],[-65.00082,8.91257],[-64.98418,8.9121],[-64.97848,8.91635],[-64.97013,8.91744],[-64.95451,8.92301],[-64.94923,8.92044],[-64.95025,8.90714],[-64.93877,8.8969],[-64.92616,8.89823],[-64.91763,8.88907],[-64.91829,8.88272],[-64.91265,8.87559],[-64.89925,8.87727],[-64.88634,8.86596],[-64.88646,8.85937],[-64.86946,8.85824],[-64.86111,8.85297],[-64.86183,8.84926],[-64.85288,8.84513],[-64.84958,8.82968],[-64.83949,8.82387],[-64.82934,8.82333],[-64.81901,8.81525],[-64.80826,8.82436],[-64.80051,8.82574],[-64.78447,8.81791],[-64.78003,8.81222],[-64.78208,8.81998],[-64.77786,8.82453],[-64.77394,8.83629],[-64.77448,8.8466],[-64.77905,8.85025],[-64.78121,8.8635],[-64.77747,8.87189],[-64.79246,8.87962],[-64.80022,8.8961],[-64.80876,8.90012],[-64.81273,8.90761],[-64.82092,8.91354],[-64.83145,8.91659],[-64.84054,8.92259],[-64.86473,8.93786],[-64.87503,8.93906],[-64.87581,8.94583],[-64.88369,8.9601],[-64.8882,8.96345],[-64.8909,8.97184],[-64.89921,8.97172],[-64.90029,8.97879],[-64.90721,8.98617],[-64.92184,8.9852],[-64.93503,8.98903],[-64.93695,8.99599],[-64.94513,9.00509],[-64.94326,9.01037],[-64.95862,9.00983],[-64.95825,9.01618],[-64.95162,9.02392],[-64.94625,9.04514],[-64.94769,9.05953],[-64.9563,9.05845],[-64.95912,9.06624],[-64.97152,9.07594],[-64.97344,9.08212],[-64.96664,9.08746],[-64.97085,9.09807],[-64.98559,9.11539],[-65.00275,9.11436],[-65.01208,9.11885],[-65.02117,9.12017],[-65.02507,9.13042],[-65.02965,9.13515],[-65.04927,9.13766],[-65.06233,9.14485],[-65.07076,9.15432],[-65.07792,9.15623],[-65.0849,9.16373],[-65.087,9.17158],[-65.09615,9.17349],[-65.10735,9.17049],[-65.11398,9.16581],[-65.14329,9.17371],[-65.16166,9.16543],[-65.16521,9.16945],[-65.17472,9.16501],[-65.17611,9.16938],[-65.18387,9.17274],[-65.19873,9.1924],[-65.20445,9.19383],[-65.20571,9.20043],[-65.20107,9.21086],[-65.21028,9.21595],[-65.21304,9.22476],[-65.22664,9.23543],[-65.23633,9.238],[-65.24109,9.24729],[-65.23452,9.25137],[-65.24216,9.26432],[-65.25504,9.26383],[-65.26425,9.26899],[-65.26979,9.27678],[-65.27081,9.28541],[-65.26622,9.30064],[-65.27411,9.30333],[-65.27945,9.32491],[-65.29534,9.33887],[-65.30208,9.34259],[-65.31238,9.34211],[-65.31068,9.35044],[-65.3025,9.35386],[-65.29148,9.34907],[-65.29532,9.36483],[-65.30838,9.37208],[-65.29827,9.37682],[-65.29111,9.37131],[-65.28647,9.37467],[-65.28412,9.38264],[-65.27593,9.37929],[-65.26973,9.38235],[-65.26641,9.3908],[-65.26051,9.39452],[-65.25455,9.39314],[-65.24894,9.4022],[-65.23702,9.40124],[-65.23028,9.40346],[-65.23828,9.41191],[-65.22792,9.41893],[-65.22623,9.42691],[-65.21245,9.42595],[-65.20305,9.43615]]]},"properties":{"municipio":"Pedro Zaraza","estado":"GUÁRICO"}},{"type":"Feature","geometry":{"type":"Polygon","coordinates":[[[-65.69231,9.68792],[-65.70159,9.68711],[-65.70772,9.68369],[-65.72528,9.68712],[-65.75007,9.68831],[-65.75001,9.68265],[-65.76,9.68001],[-65.76363,9.67457],[-65.77061,9.67552],[-65.77625,9.67064],[-65.77854,9.65881],[-65.79255,9.64723],[-65.79464,9.63809],[-65.80035,9.63279],[-65.80487,9.62151],[-65.81212,9.61544],[-65.81593,9.60866],[-65.8278,9.60671],[-65.83328,9.59766],[-65.84006,9.59406],[-65.95543,9.58756],[-65.95978,9.58754],[-65.95754,9.58372],[-65.93305,9.52399],[-65.91101,9.47225],[-65.90826,9.45827],[-65.89152,9.38779],[-65.88578,9.36192],[-65.87668,9.32524],[-65.88256,9.25307],[-65.90991,9.18797],[-65.91426,9.18473],[-65.91863,9.17194],[-65.92643,9.16083],[-65.93591,9.15686],[-65.93762,9.14995],[-65.92903,9.13213],[-65.93417,9.1245],[-65.92953,9.12006],[-65.931,9.11315],[-65.92389,9.10475],[-65.92325,9.09341],[-65.91904,9.08927],[-65.91691,9.0694],[-65.91204,9.06279],[-65.91367,9.05859],[-65.90926,9.03392],[-65.91411,9.01945],[-65.90978,9.01392],[-65.91819,9.00281],[-65.92365,8.99026],[-65.92222,8.98144],[-65.91241,8.96805],[-65.90725,8.97513],[-65.8728,9.00102],[-65.77806,9.07076],[-65.77234,9.07041],[-65.76421,9.07575],[-65.7356,9.0873],[-65.6031,9.14386],[-65.59448,9.148],[-65.59189,9.15573],[-65.54354,9.27451],[-65.57379,9.33133],[-65.63482,9.44846],[-65.63183,9.4512],[-65.5003,9.5592],[-65.50035,9.55923],[-65.52425,9.55962],[-65.64588,9.55946],[-65.64729,9.63322],[-65.69231,9.68792]]]},"properties":{"municipio":"José Félix Ribas","estado":"GUÁRICO"}},{"type":"Feature","geometry":{"type":"Polygon","coordinates":[[[-66.85018,9.66395],[-66.87535,9.67812],[-66.89789,9.67615],[-66.90729,9.67843],[-66.91772,9.68662],[-66.93762,9.68573],[-66.94196,9.69117],[-66.95185,9.69416],[-66.9642,9.69452],[-66.97039,9.68495],[-66.97637,9.68073],[-66.98316,9.66273],[-66.98352,9.65396],[-66.99065,9.64462],[-66.99421,9.6445],[-67.00764,9.63413],[-67.01556,9.63116],[-67.02223,9.6241],[-67.04115,9.62546],[-67.06227,9.61371],[-67.07087,9.61314],[-67.08063,9.60937],[-67.10336,9.59421],[-67.11197,9.58726],[-67.13379,9.57563],[-67.16256,9.58086],[-67.18838,9.5739],[-67.20327,9.56162],[-67.24713,9.47215],[-67.2556,9.46604],[-67.25769,9.4503],[-67.25576,9.44677],[-67.25933,9.43785],[-67.25469,9.42864],[-67.25058,9.41212],[-67.2428,9.41057],[-67.24517,9.38735],[-67.24806,9.38513],[-67.25133,9.36843],[-67.25809,9.36071],[-67.24941,9.35413],[-67.25502,9.34593],[-67.26958,9.34539],[-67.27097,9.33659],[-67.26664,9.32875],[-67.27803,9.32474],[-67.28605,9.32797],[-67.29389,9.32091],[-67.3042,9.32247],[-67.3131,9.31995],[-67.31709,9.30517],[-67.32719,9.29368],[-67.33063,9.29841],[-67.3442,9.28177],[-67.35524,9.28069],[-67.36037,9.27452],[-67.37115,9.27925],[-67.37496,9.26776],[-67.37533,9.25824],[-67.36455,9.24269],[-67.35659,9.23664],[-67.36552,9.23281],[-67.36583,9.22515],[-67.37288,9.22587],[-67.37934,9.21156],[-67.39164,9.20582],[-67.39886,9.19045],[-67.4001,9.18546],[-67.3961,9.17657],[-67.3999,9.17145],[-67.39018,9.15755],[-67.36646,9.1431],[-67.3518,9.13627],[-67.34622,9.15319],[-67.3333,9.15496],[-67.32113,9.161],[-67.30919,9.17069],[-67.28763,9.17195],[-67.27099,9.17857],[-67.25631,9.17801],[-67.24586,9.1828],[-67.23425,9.19716],[-67.22703,9.19625],[-67.22048,9.20172],[-67.19949,9.20617],[-67.18894,9.20219],[-67.18411,9.19785],[-67.17702,9.20094],[-67.15993,9.20118],[-67.14893,9.19765],[-67.14724,9.17988],[-67.13739,9.17704],[-67.13306,9.15961],[-67.1232,9.15973],[-67.11642,9.16292],[-67.11445,9.17409],[-67.10261,9.18981],[-67.09331,9.19551],[-67.05684,9.19838],[-67.03918,9.19838],[-67.02426,9.20181],[-67.02107,9.19407],[-67.00364,9.19179],[-67.00194,9.18314],[-66.88489,9.22181],[-66.77794,9.2574],[-66.76877,9.2549],[-66.76225,9.24955],[-66.74953,9.24397],[-66.73646,9.24102],[-66.72386,9.23385],[-66.72215,9.22564],[-66.71564,9.21471],[-66.71572,9.22872],[-66.70814,9.23659],[-66.70324,9.24948],[-66.71256,9.25557],[-66.72053,9.26752],[-66.72728,9.27267],[-66.73054,9.27901],[-66.75592,9.3019],[-66.76621,9.29989],[-66.7691,9.29668],[-66.77977,9.29642],[-66.81432,9.31407],[-66.83343,9.32867],[-66.83724,9.3404],[-66.84754,9.34382],[-66.86056,9.33763],[-66.89329,9.33746],[-66.98261,9.43593],[-66.98881,9.42851],[-66.99767,9.41147],[-67.01379,9.41476],[-67.01401,9.42603],[-67.01036,9.44887],[-67.00516,9.44488],[-66.99837,9.45045],[-67.00318,9.45838],[-67.00255,9.46869],[-66.99679,9.4735],[-66.98332,9.47861],[-66.98506,9.48715],[-66.97817,9.49932],[-66.98706,9.50422],[-66.98386,9.50986],[-66.97747,9.50946],[-66.95651,9.52331],[-66.94609,9.54124],[-66.9353,9.53729],[-66.92677,9.53895],[-66.91794,9.53591],[-66.90196,9.54192],[-66.89786,9.53511],[-66.88217,9.54821],[-66.87036,9.56821],[-66.86786,9.57719],[-66.85689,9.59458],[-66.84528,9.60832],[-66.84438,9.62724],[-66.85029,9.64185],[-66.84867,9.65537],[-66.85018,9.66395]]]},"properties":{"municipio":"Julián Mellado","estado":"GUÁRICO"}},{"type":"Feature","geometry":{"type":"Polygon","coordinates":[[[-65.99943,9.61202],[-66.01445,9.62234],[-66.02043,9.63033],[-66.03905,9.63087],[-66.0449,9.63771],[-66.05696,9.64017],[-66.05661,9.64587],[-66.07018,9.65356],[-66.0787,9.66797],[-66.07414,9.67806],[-66.07885,9.68034],[-66.08616,9.69181],[-66.08817,9.70201],[-66.0948,9.70507],[-66.09969,9.71144],[-66.10499,9.70832],[-66.10755,9.69294],[-66.11602,9.6852],[-66.12021,9.6712],[-66.11283,9.65451],[-66.12373,9.65319],[-66.13799,9.64904],[-66.14238,9.64598],[-66.15553,9.62556],[-66.16593,9.61301],[-66.16399,9.60815],[-66.16517,9.59692],[-66.16974,9.59025],[-66.16906,9.58209],[-66.17724,9.57293],[-66.28294,9.56267],[-66.34845,9.55672],[-66.34957,9.54759],[-66.35306,9.54309],[-66.35262,9.53444],[-66.36008,9.5315],[-66.3638,9.52519],[-66.36989,9.52369],[-66.38134,9.52705],[-66.38687,9.52134],[-66.39331,9.5214],[-66.40214,9.50885],[-66.40745,9.48453],[-66.40466,9.47372],[-66.40723,9.46748],[-66.40733,9.45583],[-66.41291,9.44676],[-66.41983,9.44334],[-66.41934,9.43811],[-66.43161,9.427],[-66.43467,9.42202],[-66.44364,9.42034],[-66.44911,9.41601],[-66.44892,9.40773],[-66.46486,9.39716],[-66.47058,9.39968],[-66.48538,9.38851],[-66.48471,9.38316],[-66.50246,9.37835],[-66.50449,9.36845],[-66.50955,9.36779],[-66.51628,9.36046],[-66.52243,9.36076],[-66.53091,9.35679],[-66.53576,9.33986],[-66.54056,9.33289],[-66.54604,9.33433],[-66.55542,9.3234],[-66.55388,9.31001],[-66.56254,9.2986],[-66.56837,9.29542],[-66.58013,9.30046],[-66.58866,9.29025],[-66.58707,9.28023],[-66.60759,9.27079],[-66.61838,9.27421],[-66.61758,9.26503],[-66.62611,9.25404],[-66.63315,9.24965],[-66.64316,9.25343],[-66.6508,9.25139],[-66.66894,9.25223],[-66.67461,9.25907],[-66.6834,9.25619],[-66.68791,9.25971],[-66.69508,9.25318],[-66.70324,9.24948],[-66.70814,9.23659],[-66.71572,9.22872],[-66.71564,9.21471],[-66.71228,9.21285],[-66.50295,9.18373],[-66.49892,9.18193],[-66.46631,9.17706],[-66.40621,9.16882],[-66.28906,9.06258],[-66.25261,9.02973],[-66.24874,9.02652],[-66.24094,9.04063],[-66.23935,9.05823],[-66.23442,9.06207],[-66.22571,9.07462],[-66.22916,9.08279],[-66.22682,9.08645],[-66.23093,9.09522],[-66.22396,9.10074],[-66.22575,9.1217],[-66.21438,9.13095],[-66.21843,9.13557],[-66.21622,9.14536],[-66.20744,9.15311],[-66.19164,9.17172],[-66.16473,9.18013],[-66.15915,9.19094],[-66.15302,9.19731],[-66.14622,9.19917],[-66.14148,9.20884],[-66.13107,9.21737],[-66.1224,9.21689],[-66.11271,9.21947],[-66.11356,9.22494],[-66.10386,9.2501],[-66.10111,9.26043],[-66.10109,9.28144],[-66.09863,9.28559],[-66.10575,9.29381],[-66.11452,9.30792],[-66.12266,9.31303],[-66.1225,9.32305],[-66.1169,9.32564],[-66.1075,9.32336],[-66.10776,9.3296],[-66.11601,9.33224],[-66.13139,9.34191],[-66.13521,9.35103],[-66.09333,9.43096],[-66.05385,9.50687],[-66.03207,9.54944],[-66.02625,9.55947],[-65.99943,9.61202]]]},"properties":{"municipio":"Chaguaramas","estado":"GUÁRICO"}},{"type":"Feature","geometry":{"type":"Polygon","coordinates":[[[-69.06699,10.45575],[-69.09952,10.47973],[-69.11186,10.47906],[-69.11604,10.46935],[-69.12682,10.46586],[-69.14189,10.45147],[-69.17377,10.46099],[-69.22584,10.47363],[-69.24351,10.47978],[-69.24056,10.46929],[-69.24552,10.46443],[-69.25267,10.44415],[-69.25938,10.44031],[-69.26332,10.43023],[-69.2713,10.42423],[-69.26498,10.41954],[-69.26136,10.41019],[-69.26137,10.40137],[-69.26555,10.39423],[-69.27095,10.3748],[-69.26745,10.36899],[-69.26964,10.35279],[-69.27389,10.34152],[-69.29204,10.33276],[-69.30331,10.3198],[-69.311,10.31314],[-69.3127,10.30199],[-69.3164,10.29305],[-69.30873,10.27632],[-69.29803,10.26859],[-69.29835,10.2482],[-69.28323,10.247],[-69.27767,10.24353],[-69.26551,10.24065],[-69.25947,10.2337],[-69.24368,10.22519],[-69.23049,10.22579],[-69.22881,10.2192],[-69.21544,10.21404],[-69.18669,10.23456],[-69.1816,10.23678],[-69.17472,10.22551],[-69.17576,10.21064],[-69.17147,10.20368],[-69.17747,10.19169],[-69.17373,10.17663],[-69.09693,10.2145],[-69.09007,10.23897],[-69.07658,10.24173],[-69.07325,10.23813],[-69.07892,10.22338],[-69.06266,10.23139],[-69.0588,10.23448],[-69.05674,10.2343],[-69.03222,10.24639],[-69.02915,10.24658],[-69.01817,10.23758],[-69.02497,10.24792],[-69.02496,10.2589],[-69.02101,10.26725],[-69.01743,10.28265],[-69.0217,10.29846],[-69.02845,10.30522],[-69.02842,10.32073],[-69.03272,10.41226],[-69.04224,10.41838],[-69.04743,10.41266],[-69.0529,10.40114],[-69.06234,10.40277],[-69.07138,10.39962],[-69.07643,10.40227],[-69.08005,10.40982],[-69.07907,10.41936],[-69.06787,10.43346],[-69.06587,10.44089],[-69.06699,10.45575]]]},"properties":{"municipio":"Crespo","estado":"LARA"}},{"type":"Feature","geometry":{"type":"Polygon","coordinates":[[[-69.24351,10.47978],[-69.25136,10.47617],[-69.26465,10.48265],[-69.44696,10.52166],[-69.4533,10.51704],[-69.45706,10.50864],[-69.47272,10.49401],[-69.47786,10.48501],[-69.48668,10.48723],[-69.48977,10.47931],[-69.5044,10.47487],[-69.51147,10.46515],[-69.51606,10.46713],[-69.52948,10.46077],[-69.53455,10.46389],[-69.54689,10.44823],[-69.55336,10.44541],[-69.55917,10.43647],[-69.56569,10.43947],[-69.59227,10.4414],[-69.5921,10.43198],[-69.60461,10.43288],[-69.61525,10.4282],[-69.61749,10.4129],[-69.62167,10.41005],[-69.6206,10.39414],[-69.61468,10.39432],[-69.60493,10.37451],[-69.61365,10.35753],[-69.61209,10.34373],[-69.61614,10.33947],[-69.62081,10.32693],[-69.63152,10.31115],[-69.67502,10.23495],[-69.66311,10.22862],[-69.65703,10.21269],[-69.66078,10.20485],[-69.65623,10.19707],[-69.64934,10.19736],[-69.63504,10.18453],[-69.63492,10.18016],[-69.64114,10.16544],[-69.63486,10.15544],[-69.63811,10.14925],[-69.56432,10.10272],[-69.5469,10.0513],[-69.52101,10.02004],[-69.51463,9.99604],[-69.50554,9.9667],[-69.51024,9.90617],[-69.49636,9.89393],[-69.49092,9.89111],[-69.50955,9.87563],[-69.51397,9.86321],[-69.50867,9.84839],[-69.50329,9.84251],[-69.49756,9.83045],[-69.49134,9.82757],[-69.47202,9.82319],[-69.46858,9.81473],[-69.47505,9.80765],[-69.48412,9.80183],[-69.48588,9.79559],[-69.48014,9.78977],[-69.47627,9.77645],[-69.46068,9.77729],[-69.44611,9.77615],[-69.43391,9.77117],[-69.42538,9.77111],[-69.40913,9.76306],[-69.40321,9.752],[-69.4008,9.73554],[-69.39525,9.72798],[-69.38467,9.72419],[-69.37041,9.72852],[-69.35754,9.72443],[-69.34285,9.7278],[-69.34927,9.74727],[-69.34538,9.75587],[-69.33502,9.76406],[-69.33353,9.77631],[-69.32855,9.77442],[-69.31699,9.77847],[-69.30867,9.79025],[-69.30264,9.8072],[-69.29395,9.81369],[-69.29114,9.83027],[-69.28406,9.83528],[-69.27919,9.84272],[-69.27755,9.85504],[-69.28045,9.8623],[-69.27827,9.86933],[-69.2834,9.87479],[-69.28405,9.88829],[-69.27951,9.90041],[-69.29255,9.90605],[-69.29834,9.91793],[-69.30032,9.93161],[-69.31535,9.94577],[-69.31408,9.95003],[-69.31805,9.96972],[-69.3149,9.97668],[-69.31803,9.99594],[-69.31452,10.0032],[-69.31342,10.01871],[-69.30381,10.02627],[-69.30029,10.03425],[-69.28448,10.04935],[-69.26806,10.05613],[-69.24588,10.07144],[-69.23948,10.07294],[-69.22663,10.06232],[-69.21534,10.06358],[-69.20819,10.08788],[-69.20821,10.08803],[-69.22553,10.07728],[-69.23917,10.07355],[-69.23909,10.11136],[-69.24142,10.12353],[-69.24274,10.14932],[-69.22646,10.15604],[-69.21527,10.15599],[-69.17373,10.17663],[-69.17747,10.19169],[-69.17147,10.20368],[-69.17576,10.21064],[-69.17472,10.22551],[-69.1816,10.23678],[-69.18669,10.23456],[-69.21544,10.21404],[-69.22881,10.2192],[-69.23049,10.22579],[-69.24368,10.22519],[-69.25947,10.2337],[-69.26551,10.24065],[-69.27767,10.24353],[-69.28323,10.247],[-69.29835,10.2482],[-69.29803,10.26859],[-69.30873,10.27632],[-69.3164,10.29305],[-69.3127,10.30199],[-69.311,10.31314],[-69.30331,10.3198],[-69.29204,10.33276],[-69.27389,10.34152],[-69.26964,10.35279],[-69.26745,10.36899],[-69.27095,10.3748],[-69.26555,10.39423],[-69.26137,10.40137],[-69.26136,10.41019],[-69.26498,10.41954],[-69.2713,10.42423],[-69.26332,10.43023],[-69.25938,10.44031],[-69.25267,10.44415],[-69.24552,10.46443],[-69.24056,10.46929],[-69.24351,10.47978]]]},"properties":{"municipio":"Iribarren","estado":"LARA"}},{"type":"Feature","geometry":{"type":"Polygon","coordinates":[[[-69.62167,10.41005],[-69.63539,10.4],[-69.63449,10.39292],[-69.64222,10.3916],[-69.65141,10.39346],[-69.6549,10.40108],[-69.66167,10.40264],[-69.67544,10.40954],[-69.67525,10.41776],[-69.66999,10.42322],[-69.65923,10.42724],[-69.6543,10.44179],[-69.67151,10.44987],[-69.68456,10.44513],[-69.69047,10.45215],[-69.69784,10.45611],[-69.70945,10.45161],[-69.71838,10.45557],[-69.73336,10.46854],[-69.73697,10.4767],[-69.75279,10.49476],[-69.76303,10.48971],[-69.77028,10.49295],[-69.78623,10.48647],[-69.79555,10.47471],[-69.79592,10.46871],[-69.80857,10.46165],[-69.81055,10.45467],[-69.81597,10.44892],[-69.83138,10.44322],[-69.83449,10.43619],[-69.84151,10.42851],[-69.86156,10.43691],[-69.87649,10.43266],[-69.8803,10.42942],[-69.89553,10.4239],[-69.90622,10.42204],[-69.91529,10.41796],[-69.92121,10.42102],[-69.93879,10.42006],[-69.9409,10.42582],[-69.94191,10.4425],[-69.9468,10.45114],[-69.94323,10.45894],[-69.94781,10.46646],[-69.9561,10.46502],[-69.96372,10.45855],[-69.97734,10.45939],[-69.98499,10.44988],[-69.99237,10.44934],[-70.00776,10.43746],[-70.03112,10.44478],[-70.04431,10.4422],[-70.05774,10.43417],[-70.06797,10.43615],[-70.07559,10.43202],[-70.12364,10.47142],[-70.15288,10.50531],[-70.19743,10.55807],[-70.2021,10.56573],[-70.21162,10.56077],[-70.23986,10.55904],[-70.25083,10.54981],[-70.26552,10.54562],[-70.2769,10.54007],[-70.27742,10.53406],[-70.28667,10.53095],[-70.29157,10.53352],[-70.34064,10.5672],[-70.34267,10.54786],[-70.37187,10.54351],[-70.37623,10.53396],[-70.38481,10.533],[-70.396,10.52177],[-70.39069,10.51085],[-70.39716,10.49656],[-70.39904,10.48366],[-70.40358,10.47868],[-70.41156,10.47562],[-70.41828,10.46614],[-70.42545,10.46172],[-70.42794,10.45534],[-70.43625,10.45081],[-70.44791,10.45537],[-70.46256,10.46942],[-70.47262,10.46584],[-70.4823,10.45817],[-70.48702,10.46282],[-70.49542,10.46198],[-70.50671,10.4505],[-70.52204,10.44106],[-70.52896,10.41943],[-70.53774,10.41128],[-70.53506,10.40049],[-70.54241,10.37018],[-70.54566,10.36191],[-70.55241,10.35595],[-70.55437,10.34524],[-70.56618,10.33023],[-70.57158,10.32574],[-70.58292,10.32472],[-70.59765,10.32594],[-70.60961,10.32877],[-70.6233,10.32971],[-70.63369,10.32523],[-70.64932,10.3212],[-70.6559,10.31531],[-70.65457,10.30482],[-70.65978,10.30083],[-70.67094,10.2805],[-70.67408,10.26991],[-70.64315,10.25331],[-70.63387,10.25602],[-70.61933,10.24199],[-70.62121,10.2286],[-70.61826,10.22422],[-70.60058,10.22694],[-70.59068,10.22496],[-70.58333,10.21616],[-70.58026,10.20239],[-70.57711,10.17897],[-70.56741,10.17641],[-70.56177,10.15979],[-70.56098,10.15058],[-70.5636,10.13849],[-70.56079,10.13304],[-70.56098,10.11871],[-70.56892,10.11843],[-70.57186,10.11435],[-70.56784,10.10664],[-70.57533,10.09195],[-70.56917,10.08582],[-70.57709,10.07275],[-70.56992,10.06444],[-70.56973,10.05645],[-70.55948,10.04436],[-70.56933,10.02301],[-70.56082,10.00495],[-70.56083,9.99775],[-70.56893,9.99507],[-70.56857,9.98779],[-70.57662,9.98231],[-70.58924,9.97019],[-70.59021,9.95712],[-70.58321,9.95216],[-70.56745,9.956],[-70.55556,9.95636],[-70.54469,9.94757],[-70.53901,9.93506],[-70.54348,9.92423],[-70.53654,9.90837],[-70.52609,9.89718],[-70.51855,9.89287],[-70.51692,9.88707],[-70.50515,9.88151],[-70.49078,9.89265],[-70.4842,9.88523],[-70.48595,9.87517],[-70.47158,9.86848],[-70.46066,9.8713],[-70.45335,9.88112],[-70.44218,9.87741],[-70.43403,9.87915],[-70.42401,9.89083],[-70.41761,9.90634],[-70.41158,9.90742],[-70.40294,9.90144],[-70.39866,9.90365],[-70.3893,9.9021],[-70.3698,9.90732],[-70.35887,9.90565],[-70.35577,9.89667],[-70.34332,9.88049],[-70.33964,9.86773],[-70.3229,9.85594],[-70.32,9.84689],[-70.32423,9.83742],[-70.3232,9.82981],[-70.33081,9.82265],[-70.28005,9.82291],[-70.24262,9.75989],[-70.23761,9.76565],[-70.23868,9.77897],[-70.23447,9.78549],[-70.23014,9.809],[-70.23235,9.8222],[-70.22172,9.82341],[-70.21827,9.82805],[-70.21803,9.84093],[-70.21022,9.84029],[-70.20801,9.83462],[-70.19897,9.83003],[-70.19081,9.82145],[-70.18709,9.81211],[-70.18893,9.80493],[-70.18548,9.79798],[-70.17084,9.78975],[-70.16532,9.78875],[-70.15847,9.77713],[-70.14684,9.77146],[-70.14339,9.76312],[-70.12716,9.76111],[-70.10212,9.77121],[-70.08953,9.76188],[-70.07777,9.75871],[-70.08189,9.77701],[-70.0735,9.80042],[-70.07748,9.8118],[-70.07247,9.82066],[-70.07392,9.83617],[-70.07742,9.84347],[-70.07458,9.85341],[-70.06752,9.85749],[-70.0648,9.86318],[-70.05224,9.86797],[-70.04222,9.87906],[-70.03914,9.88858],[-70.03147,9.89708],[-70.01746,9.89907],[-70.01269,9.90757],[-70.00441,9.91279],[-69.99602,9.91076],[-69.98184,9.91172],[-69.9796,9.8952],[-69.9838,9.88375],[-69.98981,9.87516],[-69.9921,9.86717],[-69.98263,9.86675],[-69.97466,9.86939],[-69.95974,9.88042],[-69.95419,9.88282],[-69.93975,9.88336],[-69.92435,9.87915],[-69.91903,9.89041],[-69.9082,9.89947],[-69.91176,9.90931],[-69.9189,9.91651],[-69.91996,9.9224],[-69.91524,9.92804],[-69.89765,9.9305],[-69.88737,9.9389],[-69.87467,9.9389],[-69.84893,9.93465],[-69.83817,9.95108],[-69.82369,9.98283],[-69.80336,10.01241],[-69.76079,10.00166],[-69.73561,10.02993],[-69.7243,10.03899],[-69.7128,10.05807],[-69.699,10.06884],[-69.6935,10.0902],[-69.68305,10.09989],[-69.6706,10.10203],[-69.66607,10.10711],[-69.66064,10.12794],[-69.65073,10.13343],[-69.64662,10.14085],[-69.63811,10.14925],[-69.63486,10.15544],[-69.64114,10.16544],[-69.63492,10.18016],[-69.63504,10.18453],[-69.64934,10.19736],[-69.65623,10.19707],[-69.66078,10.20485],[-69.65703,10.21269],[-69.66311,10.22862],[-69.67502,10.23495],[-69.63152,10.31115],[-69.62081,10.32693],[-69.61614,10.33947],[-69.61209,10.34373],[-69.61365,10.35753],[-69.60493,10.37451],[-69.61468,10.39432],[-69.6206,10.39414],[-69.62167,10.41005]]]},"properties":{"municipio":"Torres","estado":"LARA"}},{"type":"Feature","geometry":{"type":"Polygon","coordinates":[[[-69.47627,9.77645],[-69.48449,9.77117],[-69.50534,9.76666],[-69.51997,9.75891],[-69.5311,9.75044],[-69.54125,9.74594],[-69.56265,9.73146],[-69.56967,9.72354],[-69.57584,9.72096],[-69.58472,9.72144],[-69.60236,9.732],[-69.60017,9.74743],[-69.60681,9.75679],[-69.61539,9.76027],[-69.62602,9.76951],[-69.62649,9.78338],[-69.62358,9.7958],[-69.61734,9.80546],[-69.62755,9.81009],[-69.64401,9.79148],[-69.6797,9.81423],[-69.6889,9.80745],[-69.70145,9.80968],[-69.71022,9.74197],[-69.7328,9.69558],[-69.72478,9.6846],[-69.72611,9.67752],[-69.72019,9.67103],[-69.71398,9.65927],[-69.71362,9.65019],[-69.70642,9.64695],[-69.70031,9.64015],[-69.69057,9.63828],[-69.67659,9.62962],[-69.68501,9.61368],[-69.69221,9.60856],[-69.70232,9.58504],[-69.69373,9.58029],[-69.67191,9.57392],[-69.65968,9.5771],[-69.64357,9.57547],[-69.63219,9.55869],[-69.62297,9.55628],[-69.62283,9.55899],[-69.60579,9.56775],[-69.59868,9.56806],[-69.59014,9.57736],[-69.57862,9.57929],[-69.56905,9.57874],[-69.55749,9.58533],[-69.5608,9.59116],[-69.55261,9.60054],[-69.53862,9.60977],[-69.5237,9.61051],[-69.51399,9.62733],[-69.50819,9.63199],[-69.50071,9.62983],[-69.47842,9.62719],[-69.46531,9.63647],[-69.4594,9.63663],[-69.45413,9.64179],[-69.43873,9.64254],[-69.42983,9.63991],[-69.41668,9.64402],[-69.40308,9.65339],[-69.39689,9.664],[-69.38814,9.66752],[-69.38109,9.68274],[-69.37214,9.69156],[-69.36322,9.69325],[-69.35363,9.69801],[-69.35026,9.71425],[-69.34285,9.7278],[-69.35754,9.72443],[-69.37041,9.72852],[-69.38467,9.72419],[-69.39525,9.72798],[-69.4008,9.73554],[-69.40321,9.752],[-69.40913,9.76306],[-69.42538,9.77111],[-69.43391,9.77117],[-69.44611,9.77615],[-69.46068,9.77729],[-69.47627,9.77645]]]},"properties":{"municipio":"Andrés Eloy Blanco","estado":"LARA"}},{"type":"Feature","geometry":{"type":"Polygon","coordinates":[[[-69.76079,10.00166],[-69.80336,10.01241],[-69.82369,9.98283],[-69.83817,9.95108],[-69.84893,9.93465],[-69.87467,9.9389],[-69.88737,9.9389],[-69.89765,9.9305],[-69.91524,9.92804],[-69.91996,9.9224],[-69.9189,9.91651],[-69.91176,9.90931],[-69.9082,9.89947],[-69.91903,9.89041],[-69.92435,9.87915],[-69.93975,9.88336],[-69.95419,9.88282],[-69.95974,9.88042],[-69.97466,9.86939],[-69.98263,9.86675],[-69.9921,9.86717],[-69.98981,9.87516],[-69.9838,9.88375],[-69.9796,9.8952],[-69.98184,9.91172],[-69.99602,9.91076],[-70.00441,9.91279],[-70.01269,9.90757],[-70.01746,9.89907],[-70.03147,9.89708],[-70.03914,9.88858],[-70.04222,9.87906],[-70.05224,9.86797],[-70.0648,9.86318],[-70.06752,9.85749],[-70.07458,9.85341],[-70.07742,9.84347],[-70.07392,9.83617],[-70.07247,9.82066],[-70.07748,9.8118],[-70.0735,9.80042],[-70.08189,9.77701],[-70.07777,9.75871],[-70.08047,9.75158],[-70.06948,9.73059],[-70.06466,9.72875],[-70.05774,9.7198],[-70.04199,9.71783],[-70.03081,9.72114],[-70.02607,9.71643],[-70.02329,9.70808],[-70.01699,9.70142],[-70.00545,9.69436],[-70.00135,9.68157],[-69.99759,9.6774],[-70.01777,9.67371],[-70.02412,9.66971],[-70.05249,9.67249],[-70.05977,9.66888],[-70.06508,9.67699],[-70.08565,9.67605],[-70.09712,9.66407],[-70.09959,9.65136],[-70.10933,9.63135],[-70.11609,9.62611],[-70.1272,9.61172],[-70.12646,9.59866],[-70.11779,9.58202],[-70.123,9.5603],[-70.11757,9.55711],[-70.11213,9.54333],[-70.11311,9.52826],[-70.1091,9.51992],[-70.1037,9.51552],[-70.10185,9.50278],[-70.09767,9.4991],[-70.08569,9.49845],[-70.07884,9.48827],[-70.07647,9.47778],[-70.08157,9.46545],[-70.07886,9.45276],[-70.08262,9.44643],[-70.08469,9.43479],[-70.07956,9.43144],[-70.07525,9.42985],[-70.06396,9.43244],[-70.05296,9.43119],[-70.04401,9.44134],[-70.02964,9.44136],[-70.01736,9.43945],[-70.02145,9.42827],[-69.99532,9.45379],[-70.00106,9.45588],[-70.0057,9.4644],[-70.01816,9.4639],[-70.02147,9.46909],[-70.02085,9.47754],[-70.01526,9.48215],[-70.01317,9.4981],[-70.00627,9.49969],[-69.99963,9.50731],[-69.99525,9.50811],[-69.97652,9.53762],[-69.96175,9.54633],[-69.95092,9.55466],[-69.92175,9.54485],[-69.89752,9.54711],[-69.87054,9.54683],[-69.86485,9.55359],[-69.84922,9.56629],[-69.8358,9.56751],[-69.82668,9.55026],[-69.83358,9.54435],[-69.83387,9.53129],[-69.8314,9.52115],[-69.83418,9.51252],[-69.83891,9.50745],[-69.85164,9.48561],[-69.85469,9.47804],[-69.863,9.47797],[-69.86649,9.47223],[-69.88144,9.46183],[-69.89443,9.44116],[-69.8944,9.42486],[-69.9011,9.41553],[-69.89631,9.40837],[-69.88151,9.4093],[-69.86483,9.41536],[-69.85736,9.40601],[-69.84615,9.40625],[-69.83732,9.40173],[-69.82909,9.40516],[-69.81203,9.40704],[-69.79929,9.41275],[-69.79278,9.42036],[-69.78464,9.42445],[-69.76617,9.42398],[-69.75437,9.4255],[-69.7513,9.43814],[-69.74419,9.4389],[-69.73134,9.43616],[-69.72886,9.43219],[-69.73452,9.41781],[-69.72479,9.41294],[-69.71703,9.40646],[-69.70457,9.40454],[-69.69483,9.40689],[-69.68158,9.40142],[-69.66742,9.40161],[-69.65981,9.40656],[-69.65441,9.39961],[-69.65126,9.4077],[-69.64187,9.41836],[-69.64027,9.4294],[-69.63235,9.44782],[-69.63197,9.45191],[-69.6224,9.46814],[-69.61862,9.49339],[-69.62576,9.50916],[-69.62492,9.51725],[-69.61964,9.53417],[-69.62279,9.55612],[-69.62297,9.55628],[-69.63219,9.55869],[-69.64357,9.57547],[-69.65968,9.5771],[-69.67191,9.57392],[-69.69373,9.58029],[-69.70232,9.58504],[-69.69221,9.60856],[-69.68501,9.61368],[-69.67659,9.62962],[-69.69057,9.63828],[-69.70031,9.64015],[-69.70642,9.64695],[-69.71362,9.65019],[-69.71398,9.65927],[-69.72019,9.67103],[-69.72611,9.67752],[-69.72478,9.6846],[-69.7328,9.69558],[-69.71022,9.74197],[-69.70145,9.80968],[-69.69827,9.8551],[-69.73897,9.88583],[-69.74296,9.89352],[-69.74307,9.90402],[-69.73901,9.9105],[-69.73182,9.91536],[-69.73012,9.92298],[-69.73754,9.93841],[-69.73753,9.94285],[-69.73094,9.95209],[-69.73382,9.97106],[-69.73725,9.9812],[-69.74269,9.9896],[-69.75001,9.9875],[-69.75418,9.99531],[-69.76079,10.00166]]]},"properties":{"municipio":"Morón","estado":"LARA"}},{"type":"Feature","geometry":{"type":"Polygon","coordinates":[[[-68.95686,9.88549],[-68.95764,9.88954],[-68.94926,9.89625],[-68.94755,9.90927],[-68.9569,9.91391],[-68.96045,9.92431],[-68.95431,9.93328],[-68.95519,9.94084],[-68.96026,9.94547],[-68.95604,9.95959],[-68.96166,9.97028],[-68.96002,9.99226],[-68.96461,10.00642],[-68.96458,10.01865],[-69.01085,9.9954],[-69.08586,9.95769],[-69.08865,9.86669],[-69.08947,9.84373],[-69.12871,9.88261],[-69.12808,9.89604],[-69.14419,9.91116],[-69.14877,9.92917],[-69.15866,9.94069],[-69.18216,9.92064],[-69.22993,9.91338],[-69.25444,9.91577],[-69.27951,9.90041],[-69.28405,9.88829],[-69.2834,9.87479],[-69.27827,9.86933],[-69.28045,9.8623],[-69.27755,9.85504],[-69.27919,9.84272],[-69.27401,9.83407],[-69.26878,9.83311],[-69.26563,9.82402],[-69.27246,9.8183],[-69.27608,9.80872],[-69.27487,9.79285],[-69.27159,9.78617],[-69.26325,9.77968],[-69.26056,9.76366],[-69.26315,9.75973],[-69.27379,9.7572],[-69.28028,9.74675],[-69.27144,9.73812],[-69.27073,9.726],[-69.27524,9.71913],[-69.26928,9.71295],[-69.25307,9.71063],[-69.24648,9.69483],[-69.24797,9.69211],[-69.23455,9.68413],[-69.2228,9.67977],[-69.1911,9.67479],[-69.17765,9.67884],[-69.16437,9.6825],[-69.15466,9.68186],[-69.14476,9.68657],[-69.09665,9.70174],[-69.08843,9.71043],[-69.06747,9.71086],[-69.05547,9.71978],[-69.05507,9.73527],[-69.052,9.74229],[-69.03913,9.74529],[-69.0353,9.75005],[-69.02661,9.75227],[-69.01224,9.76097],[-69.00017,9.75917],[-68.99327,9.76719],[-68.98333,9.77807],[-68.98163,9.78548],[-68.97561,9.78641],[-68.97421,9.80042],[-68.97882,9.81841],[-68.97526,9.83217],[-68.97868,9.83719],[-68.97548,9.8421],[-68.9709,9.84587],[-68.97396,9.86252],[-68.95686,9.88549]]]},"properties":{"municipio":"Simón Planas","estado":"LARA"}},{"type":"Feature","geometry":{"type":"Polygon","coordinates":[[[-62.72943,8.44976],[-62.727,8.42571],[-62.72328,8.41721],[-62.72431,8.40533],[-62.71367,8.39975],[-62.71273,8.39036],[-62.70111,8.39341],[-62.6868,8.38574],[-62.66865,8.38965],[-62.65026,8.40534],[-62.64091,8.4185],[-62.63333,8.43249],[-62.61694,8.45242],[-62.61781,8.45987],[-62.61122,8.46516],[-62.60004,8.46909],[-62.58764,8.47849],[-62.58241,8.48114],[-62.57192,8.48887],[-62.56491,8.49055],[-62.56242,8.49946],[-62.55251,8.51286],[-62.53943,8.51992],[-62.52787,8.5235],[-62.5191,8.51785],[-62.51059,8.51778],[-62.49332,8.52654],[-62.48378,8.536],[-62.47315,8.54346],[-62.45721,8.54882],[-62.43964,8.54683],[-62.43022,8.53492],[-62.41305,8.52806],[-62.40515,8.52852],[-62.39758,8.5322],[-62.37099,8.55302],[-62.36398,8.55471],[-62.35874,8.56483],[-62.34847,8.57575],[-62.33013,8.5846],[-62.32179,8.59226],[-62.31337,8.60421],[-62.30429,8.6115],[-62.29405,8.61501],[-62.28329,8.61263],[-62.27667,8.59656],[-62.26084,8.5917],[-62.25228,8.59855],[-62.2372,8.60464],[-62.19915,8.6469],[-62.19012,8.66298],[-62.18958,8.67185],[-62.18309,8.6787],[-62.16342,8.6947],[-62.1238,8.72307],[-62.11251,8.73336],[-62.09592,8.74228],[-62.07842,8.74821],[-62.06757,8.75701],[-62.06219,8.76544],[-62.05759,8.77802],[-62.05757,8.78672],[-62.06132,8.8014],[-62.06298,8.81737],[-62.05499,8.82722],[-62.05003,8.8285],[-62.03408,8.83833],[-62.02147,8.84451],[-62.02088,8.84816],[-62.02818,8.84836],[-62.27371,8.8424],[-62.41255,8.77384],[-62.48945,8.77616],[-62.49877,8.76757],[-62.50356,8.757],[-62.51524,8.74951],[-62.52575,8.74056],[-62.53703,8.73708],[-62.54844,8.73138],[-62.55826,8.72265],[-62.55909,8.71697],[-62.59307,8.6983],[-62.60651,8.6974],[-62.61683,8.69212],[-62.63088,8.67883],[-62.64151,8.6724],[-62.65037,8.67048],[-62.67875,8.67838],[-62.68302,8.66397],[-62.70592,8.56287],[-62.72537,8.47594],[-62.72943,8.44976]]]},"properties":{"municipio":"Sotillo","estado":"MONAGAS"}},{"type":"Feature","geometry":{"type":"Polygon","coordinates":[[[-62.67875,8.67838],[-62.65037,8.67048],[-62.64151,8.6724],[-62.63088,8.67883],[-62.61683,8.69212],[-62.60651,8.6974],[-62.59307,8.6983],[-62.55909,8.71697],[-62.55826,8.72265],[-62.54844,8.73138],[-62.53703,8.73708],[-62.52575,8.74056],[-62.51524,8.74951],[-62.50356,8.757],[-62.49877,8.76757],[-62.48945,8.77616],[-62.41255,8.77384],[-62.27371,8.8424],[-62.02818,8.84836],[-62.02088,8.84816],[-62.0155,8.85501],[-62.00892,8.86938],[-62.00824,8.88011],[-61.99691,8.88989],[-62.00218,8.89726],[-62.00969,8.89716],[-62.02215,8.88951],[-62.03573,8.87484],[-62.05523,8.87333],[-62.05534,8.88002],[-62.06718,8.91673],[-62.07181,8.92435],[-62.08179,8.9514],[-62.08788,8.95923],[-62.08998,8.9773],[-62.08666,8.98768],[-62.07878,8.99726],[-62.07348,9.01021],[-62.07271,9.02016],[-62.06856,9.02722],[-62.05881,9.03104],[-62.05647,9.03509],[-62.05746,9.0529],[-62.06705,9.05561],[-62.08843,9.07166],[-62.09948,9.07716],[-62.11186,9.06841],[-62.11274,9.06057],[-62.10913,9.04812],[-62.11324,9.04557],[-62.13005,9.05259],[-62.14578,9.0625],[-62.14888,9.06889],[-62.148,9.07876],[-62.14354,9.08823],[-62.14457,9.0985],[-62.15304,9.10273],[-62.16443,9.10283],[-62.15956,9.08939],[-62.16613,9.08532],[-62.18653,9.08583],[-62.18536,9.07476],[-62.18796,9.06582],[-62.1928,9.06306],[-62.20618,9.06454],[-62.21891,9.05785],[-62.22804,9.06005],[-62.22815,9.07321],[-62.22395,9.08525],[-62.22864,9.09079],[-62.24069,9.09312],[-62.26701,9.11193],[-62.26673,9.11944],[-62.26227,9.12845],[-62.26491,9.1324],[-62.28062,9.12934],[-62.30054,9.13682],[-62.31195,9.12966],[-62.32275,9.12639],[-62.32551,9.12599],[-62.3301,9.11455],[-62.32421,9.11071],[-62.32317,9.09655],[-62.33024,9.09109],[-62.33165,9.0849],[-62.33751,9.0798],[-62.34569,9.0843],[-62.34767,9.06782],[-62.35539,9.06482],[-62.3589,9.0593],[-62.35682,9.05007],[-62.34767,9.05006],[-62.34564,9.04127],[-62.35023,9.03851],[-62.36192,9.03941],[-62.37037,9.03401],[-62.37344,9.03635],[-62.38901,9.02855],[-62.408,9.00453],[-62.42357,8.99732],[-62.43326,9.00075],[-62.43584,9.00471],[-62.46234,8.99007],[-62.47169,8.98598],[-62.47836,8.99073],[-62.5088,8.98642],[-62.5187,8.98113],[-62.52257,8.97645],[-62.53974,8.97802],[-62.54687,8.97201],[-62.55537,8.96973],[-62.56155,8.95928],[-62.57074,8.94871],[-62.57616,8.93063],[-62.58071,8.9227],[-62.60025,8.91532],[-62.60618,8.90781],[-62.62446,8.90163],[-62.63349,8.90272],[-62.64207,8.89719],[-62.65742,8.8829],[-62.66349,8.88032],[-62.62996,8.82302],[-62.66263,8.72565],[-62.67875,8.67838]]]},"properties":{"municipio":"Uracoa","estado":"MONAGAS"}},{"type":"Feature","geometry":{"type":"Polygon","coordinates":[[[-63.04598,8.70274],[-63.04661,8.66741],[-62.72943,8.44976],[-62.72537,8.47594],[-62.70592,8.56287],[-62.68302,8.66397],[-62.67875,8.67838],[-62.66263,8.72565],[-62.62996,8.82302],[-62.66349,8.88032],[-62.65742,8.8829],[-62.64207,8.89719],[-62.63349,8.90272],[-62.62446,8.90163],[-62.60618,8.90781],[-62.60025,8.91532],[-62.58071,8.9227],[-62.57616,8.93063],[-62.57074,8.94871],[-62.56155,8.95928],[-62.55537,8.96973],[-62.54687,8.97201],[-62.53974,8.97802],[-62.52257,8.97645],[-62.5187,8.98113],[-62.5088,8.98642],[-62.47836,8.99073],[-62.47169,8.98598],[-62.46234,8.99007],[-62.43584,9.00471],[-62.43326,9.00075],[-62.42357,8.99732],[-62.408,9.00453],[-62.38901,9.02855],[-62.37344,9.03635],[-62.37037,9.03401],[-62.36192,9.03941],[-62.35023,9.03851],[-62.34564,9.04127],[-62.34767,9.05006],[-62.35682,9.05007],[-62.3589,9.0593],[-62.35539,9.06482],[-62.34767,9.06782],[-62.34569,9.0843],[-62.33751,9.0798],[-62.33165,9.0849],[-62.33024,9.09109],[-62.32317,9.09655],[-62.32421,9.11071],[-62.3301,9.11455],[-62.32551,9.12599],[-62.32719,9.12574],[-62.33056,9.12904],[-62.32817,9.16847],[-62.32093,9.17958],[-62.30973,9.18272],[-62.30475,9.1887],[-62.30776,9.20589],[-62.31371,9.21551],[-62.30262,9.22464],[-62.30856,9.2394],[-62.31835,9.24554],[-62.32112,9.25469],[-62.32879,9.26201],[-62.33107,9.28486],[-62.32575,9.29348],[-62.33938,9.30529],[-62.34736,9.32248],[-62.34475,9.33643],[-62.33725,9.34537],[-62.32563,9.35562],[-62.32562,9.36227],[-62.33038,9.36833],[-62.34925,9.37916],[-62.36128,9.39406],[-62.37541,9.39152],[-62.38707,9.3972],[-62.4031,9.40079],[-62.41012,9.40613],[-62.41461,9.41865],[-62.40894,9.43529],[-62.40847,9.44266],[-62.42249,9.44046],[-62.42774,9.44175],[-62.43375,9.43627],[-62.43417,9.42615],[-62.44469,9.41902],[-62.46047,9.41507],[-62.47433,9.40229],[-62.47427,9.39672],[-62.46771,9.39054],[-62.48228,9.38694],[-62.4806,9.37777],[-62.47296,9.36445],[-62.46536,9.36199],[-62.45946,9.35486],[-62.46188,9.35042],[-62.47473,9.33861],[-62.48215,9.33645],[-62.49163,9.32812],[-62.50122,9.32554],[-62.50068,9.31877],[-62.50877,9.30774],[-62.50403,9.29179],[-62.50941,9.27638],[-62.51003,9.26265],[-62.5247,9.26979],[-62.5382,9.27423],[-62.54122,9.26979],[-62.53906,9.26217],[-62.54081,9.25432],[-62.54772,9.25444],[-62.55196,9.24035],[-62.54563,9.23675],[-62.54793,9.22596],[-62.54559,9.21774],[-62.54023,9.21312],[-62.54862,9.20791],[-62.55965,9.21283],[-62.56685,9.21061],[-62.57256,9.1994],[-62.58082,9.20402],[-62.59138,9.19754],[-62.60786,9.20007],[-62.61583,9.19467],[-62.63319,9.20163],[-62.64425,9.21111],[-62.65667,9.21651],[-62.66179,9.21543],[-62.66311,9.22778],[-62.66834,9.23744],[-62.67754,9.23606],[-62.68764,9.2411],[-62.68757,9.24529],[-62.70953,9.24176],[-62.71866,9.23379],[-62.72943,9.23763],[-62.73244,9.24716],[-62.7479,9.24489],[-62.75918,9.23746],[-62.76591,9.23566],[-62.77419,9.21875],[-62.78041,9.21677],[-62.77903,9.21012],[-62.78677,9.20664],[-62.79619,9.19435],[-62.79644,9.18374],[-62.79355,9.17978],[-62.78978,9.15718],[-62.79437,9.14788],[-62.80672,9.13589],[-62.80227,9.12564],[-62.80228,9.11904],[-62.79601,9.10878],[-62.79079,9.08636],[-62.78622,9.07928],[-62.77675,9.07316],[-62.77737,9.06321],[-62.77508,9.05673],[-62.77774,9.05062],[-62.77233,9.04066],[-62.77562,9.02837],[-62.77364,9.02249],[-62.77697,9.00571],[-62.77589,9.00115],[-62.78357,8.98859],[-62.78667,8.9873],[-62.79658,8.96553],[-62.79624,8.95168],[-62.80343,8.93759],[-62.80936,8.91301],[-62.8163,8.90515],[-62.81975,8.8934],[-62.83417,8.88549],[-62.83629,8.87902],[-62.8518,8.86343],[-62.85413,8.86311],[-62.86867,8.84791],[-62.88061,8.82692],[-62.88718,8.8229],[-62.90282,8.80809],[-62.91362,8.8],[-62.93372,8.7772],[-62.93471,8.7728],[-62.94685,8.7625],[-62.94894,8.75583],[-62.96638,8.74453],[-62.97868,8.74259],[-62.99911,8.74684],[-63.00067,8.75173],[-63.01281,8.75275],[-63.02344,8.7489],[-63.04598,8.70274]]]},"properties":{"municipio":"Libertador","estado":"MONAGAS"}},{"type":"Feature","geometry":{"type":"Polygon","coordinates":[[[-63.654,9.49571],[-63.66127,9.49891],[-63.6667,9.49682],[-63.67663,9.50606],[-63.68477,9.51063],[-63.69617,9.51189],[-63.70371,9.51748],[-63.71155,9.51772],[-63.7171,9.5125],[-63.72271,9.51425],[-63.72464,9.52079],[-63.73187,9.52181],[-63.73279,9.51467],[-63.74618,9.51324],[-63.751,9.51744],[-63.76083,9.51889],[-63.77259,9.53264],[-63.78694,9.52677],[-63.79845,9.53656],[-63.80986,9.535],[-63.82422,9.54312],[-63.84804,9.52182],[-63.9338,9.44693],[-63.97155,9.41457],[-63.97867,9.34478],[-63.97336,9.33874],[-63.96549,9.33542],[-63.96076,9.32848],[-63.96154,9.32279],[-63.95611,9.304],[-63.95248,9.29611],[-63.94106,9.29076],[-63.93075,9.27718],[-63.92532,9.26757],[-63.91668,9.25835],[-63.90866,9.19229],[-63.90004,9.19996],[-63.88846,9.2022],[-63.8859,9.20627],[-63.87318,9.20779],[-63.86723,9.21419],[-63.8584,9.21271],[-63.85436,9.21914],[-63.84945,9.21969],[-63.8403,9.22622],[-63.82668,9.22903],[-63.82002,9.2236],[-63.80431,9.21726],[-63.79593,9.22341],[-63.78963,9.22273],[-63.77265,9.22706],[-63.76405,9.22279],[-63.7548,9.22296],[-63.74879,9.21639],[-63.74138,9.20323],[-63.73197,9.1978],[-63.71422,9.19741],[-63.70766,9.18761],[-63.69708,9.1839],[-63.69403,9.17697],[-63.6685,9.15628],[-63.66171,9.15897],[-63.64897,9.15903],[-63.6392,9.15677],[-63.63215,9.14888],[-63.62203,9.15415],[-63.60569,9.14433],[-63.60651,9.13531],[-63.6003,9.13254],[-63.60193,9.1063],[-63.59698,9.10097],[-63.58456,9.09992],[-63.57651,9.10654],[-63.56283,9.10281],[-63.56768,9.09527],[-63.56162,9.09146],[-63.55674,9.09441],[-63.55299,9.08793],[-63.53999,9.09214],[-63.53296,9.07799],[-63.52351,9.07377],[-63.51724,9.06742],[-63.51377,9.07416],[-63.50762,9.05847],[-63.49825,9.05027],[-63.48336,9.05811],[-63.48098,9.05228],[-63.48217,9.04386],[-63.48893,9.03536],[-63.4785,9.03534],[-63.47445,9.03245],[-63.47455,9.01997],[-63.46446,9.01774],[-63.45551,9.01879],[-63.44922,9.01453],[-63.44231,9.00424],[-63.4375,9.00413],[-63.43074,9.01427],[-63.42673,9.00563],[-63.39906,9],[-63.39188,8.99583],[-63.38314,8.98411],[-63.38546,8.97911],[-63.37955,8.97423],[-63.37955,8.966],[-63.36899,8.95655],[-63.36542,8.9501],[-63.36398,8.97963],[-63.36431,9.00123],[-63.35706,9.17674],[-63.38251,9.23352],[-63.46734,9.42541],[-63.49846,9.48363],[-63.50713,9.50092],[-63.5178,9.50518],[-63.52527,9.51389],[-63.54016,9.52368],[-63.55236,9.52111],[-63.56643,9.51469],[-63.57066,9.50378],[-63.5771,9.50366],[-63.58525,9.49796],[-63.6022,9.50211],[-63.61542,9.49972],[-63.62651,9.50147],[-63.64957,9.49416],[-63.654,9.49571]]]},"properties":{"municipio":"Aguasay","estado":"MONAGAS"}},{"type":"Feature","geometry":{"type":"Polygon","coordinates":[[[-65.11232,9.82947],[-65.1153,9.83787],[-65.12413,9.83918],[-65.11999,9.82083],[-65.12605,9.80977],[-65.12234,9.80404],[-65.12843,9.79265],[-65.12415,9.78608],[-65.12664,9.77551],[-65.13526,9.77094],[-65.13319,9.76242],[-65.14547,9.76056],[-65.15037,9.75709],[-65.16087,9.76633],[-65.17163,9.76996],[-65.18324,9.77077],[-65.18457,9.7606],[-65.19653,9.75967],[-65.21514,9.76043],[-65.21962,9.75558],[-65.23026,9.75534],[-65.24671,9.74517],[-65.25732,9.74581],[-65.27462,9.7382],[-65.28041,9.73108],[-65.28772,9.72939],[-65.29035,9.71129],[-65.29832,9.68139],[-65.37668,9.69534],[-65.37789,9.70836],[-65.37492,9.71828],[-65.36409,9.72667],[-65.36142,9.74024],[-65.3554,9.74155],[-65.35199,9.75167],[-65.38269,9.76024],[-65.38764,9.77074],[-65.39333,9.77734],[-65.39961,9.77915],[-65.40968,9.77706],[-65.41006,9.77161],[-65.42224,9.77715],[-65.42686,9.77472],[-65.43116,9.76441],[-65.44326,9.77194],[-65.44782,9.77851],[-65.45646,9.78487],[-65.46138,9.79637],[-65.5542,9.79346],[-65.65168,9.777],[-65.6704,9.77384],[-65.69231,9.68792],[-65.59823,9.61013],[-65.52248,9.57031],[-65.50035,9.55923],[-65.5003,9.5592],[-65.43131,9.65322],[-65.42702,9.65167],[-65.42051,9.6333],[-65.41123,9.62325],[-65.40887,9.61332],[-65.41159,9.60697],[-65.40417,9.59525],[-65.39609,9.59286],[-65.38873,9.58412],[-65.38126,9.58119],[-65.37462,9.56899],[-65.36166,9.55499],[-65.35219,9.54925],[-65.34598,9.54859],[-65.33639,9.53358],[-65.32788,9.53256],[-65.32318,9.52886],[-65.31679,9.51839],[-65.31076,9.5142],[-65.30014,9.51768],[-65.29303,9.51385],[-65.27222,9.51559],[-65.2642,9.51326],[-65.2461,9.51243],[-65.24001,9.49963],[-65.22192,9.49826],[-65.22029,9.48898],[-65.21529,9.48869],[-65.21068,9.46714],[-65.21098,9.45899],[-65.20382,9.45875],[-65.20305,9.43615],[-65.19792,9.43519],[-65.18983,9.42624],[-65.18405,9.42417],[-65.17766,9.42974],[-65.16876,9.42867],[-65.16338,9.43454],[-65.15214,9.42833],[-65.14652,9.41944],[-65.14274,9.42063],[-65.13526,9.41445],[-65.11846,9.41414],[-65.11262,9.40768],[-65.1048,9.40549],[-65.09691,9.40194],[-65.08484,9.40153],[-65.08075,9.41054],[-65.0719,9.41126],[-65.05573,9.40955],[-65.04708,9.41747],[-65.04175,9.41711],[-65.02886,9.42177],[-65.05087,9.50564],[-65.0283,9.65405],[-65.02137,9.73475],[-65.0152,9.72978],[-65.00773,9.73064],[-64.99479,9.73572],[-64.98586,9.73495],[-64.98609,9.73599],[-64.9459,9.80388],[-65.00777,9.80314],[-65.02328,9.80308],[-65.11502,9.81164],[-65.11232,9.82947]]]},"properties":{"municipio":"Juan Manuel Cajigal","estado":"ANZOÁTEGUI"}},{"type":"Feature","geometry":{"type":"Polygon","coordinates":[[[-69.18486,10.03641],[-69.19092,10.03933],[-69.19996,10.05984],[-69.20819,10.08788],[-69.21534,10.06358],[-69.22663,10.06232],[-69.23948,10.07294],[-69.24588,10.07144],[-69.26806,10.05613],[-69.28448,10.04935],[-69.30029,10.03425],[-69.30381,10.02627],[-69.31342,10.01871],[-69.31452,10.0032],[-69.31803,9.99594],[-69.3149,9.97668],[-69.31805,9.96972],[-69.31408,9.95003],[-69.31535,9.94577],[-69.30032,9.93161],[-69.29834,9.91793],[-69.29255,9.90605],[-69.27951,9.90041],[-69.25444,9.91577],[-69.22993,9.91338],[-69.18216,9.92064],[-69.15866,9.94069],[-69.15043,9.97681],[-69.14969,9.99397],[-69.15308,10.00441],[-69.18486,10.03641]]]},"properties":{"municipio":"Palavecino","estado":"LARA"}},{"type":"Feature","geometry":{"type":"Polygon","coordinates":[[[-67.058,10.05601],[-67.0763,10.0737],[-67.08592,10.07728],[-67.09899,10.08568],[-67.10997,10.08964],[-67.11103,10.09377],[-67.10436,10.10108],[-67.1126,10.09792],[-67.12777,10.10036],[-67.13709,10.09342],[-67.15391,10.07789],[-67.16515,10.07334],[-67.17815,10.07121],[-67.19078,10.07554],[-67.19813,10.08101],[-67.20406,10.07971],[-67.21064,10.0873],[-67.21622,10.08574],[-67.23193,10.08663],[-67.24438,10.08278],[-67.25767,10.08243],[-67.26319,10.08796],[-67.28385,10.09236],[-67.30124,10.09954],[-67.31676,10.1005],[-67.33331,10.09691],[-67.33271,10.09288],[-67.32033,10.07881],[-67.32039,10.07252],[-67.31521,10.06202],[-67.31926,10.05615],[-67.32972,10.04975],[-67.33154,10.04454],[-67.31922,10.04085],[-67.3072,10.04072],[-67.28975,10.02725],[-67.28643,10.01666],[-67.27858,10.01363],[-67.27756,10.00562],[-67.2818,9.99584],[-67.30019,9.97835],[-67.30491,9.96816],[-67.31096,9.9643],[-67.30216,9.94408],[-67.30301,9.9397],[-67.29936,9.93507],[-67.29047,9.93637],[-67.27235,9.93405],[-67.27109,9.92462],[-67.27466,9.9165],[-67.26519,9.90564],[-67.25734,9.9118],[-67.24156,9.91909],[-67.23147,9.92133],[-67.21738,9.93194],[-67.21197,9.93026],[-67.19879,9.93191],[-67.18424,9.92788],[-67.17892,9.92995],[-67.17367,9.92621],[-67.162,9.92674],[-67.16431,9.92045],[-67.16063,9.9109],[-67.16821,9.90667],[-67.15729,9.88899],[-67.1591,9.87141],[-67.14836,9.86251],[-67.14643,9.8567],[-67.14934,9.85089],[-67.14935,9.84066],[-67.1409,9.8285],[-67.12659,9.8263],[-67.11945,9.82861],[-67.11646,9.83665],[-67.10224,9.85366],[-67.10608,9.86583],[-67.1059,9.87295],[-67.09755,9.87721],[-67.09869,9.88516],[-67.09325,9.88955],[-67.0981,9.89553],[-67.10522,9.89826],[-67.10479,9.90733],[-67.10147,9.90959],[-67.09504,9.92476],[-67.09027,9.93034],[-67.0937,9.9358],[-67.09146,9.94564],[-67.10141,9.95839],[-67.09148,9.97097],[-67.08216,9.97921],[-67.07315,10.00084],[-67.06649,10.00529],[-67.06729,10.01591],[-67.06178,10.02024],[-67.06214,10.02676],[-67.05785,10.03434],[-67.0605,10.04383],[-67.05596,10.05273],[-67.058,10.05601]]]},"properties":{"municipio":"San Sebastián","estado":"ARAGUA"}},{"type":"Feature","geometry":{"type":"Polygon","coordinates":[[[-67.53279,10.13234],[-67.54565,10.13767],[-67.55308,10.13451],[-67.56797,10.14014],[-67.57468,10.13829],[-67.58202,10.14184],[-67.59947,10.13802],[-67.60664,10.1449],[-67.6647,10.1674],[-67.65849,10.11294],[-67.65734,10.09612],[-67.66337,10.08591],[-67.66163,10.05887],[-67.69693,10.02154],[-67.68957,10.02257],[-67.68431,10.0191],[-67.67888,10.02554],[-67.66924,10.03009],[-67.66108,10.02471],[-67.64938,10.02036],[-67.6439,10.01417],[-67.63757,10.01286],[-67.63019,10.01594],[-67.62356,10.01462],[-67.61416,10.00656],[-67.61751,9.99875],[-67.60609,9.99483],[-67.58482,9.99611],[-67.57754,10.00325],[-67.57033,10.00237],[-67.56578,9.99383],[-67.5442,9.99673],[-67.53449,9.95312],[-67.52518,9.94855],[-67.51484,9.9543],[-67.50651,9.95471],[-67.50213,9.9612],[-67.49075,9.96887],[-67.48261,9.96534],[-67.47681,9.9673],[-67.47479,9.97409],[-67.46294,9.97936],[-67.44922,9.97698],[-67.43979,9.98492],[-67.43834,9.99008],[-67.428,9.99215],[-67.41158,9.9801],[-67.40717,9.9798],[-67.39446,9.97062],[-67.38413,9.96641],[-67.37574,9.95383],[-67.36548,9.95071],[-67.3522,9.93706],[-67.33849,9.93296],[-67.33614,9.92578],[-67.31559,9.93147],[-67.31299,9.93615],[-67.30301,9.9397],[-67.30216,9.94408],[-67.31096,9.9643],[-67.30491,9.96816],[-67.30019,9.97835],[-67.2818,9.99584],[-67.27756,10.00562],[-67.27858,10.01363],[-67.28643,10.01666],[-67.28975,10.02725],[-67.3072,10.04072],[-67.31922,10.04085],[-67.33154,10.04454],[-67.32972,10.04975],[-67.31926,10.05615],[-67.31521,10.06202],[-67.32039,10.07252],[-67.32033,10.07881],[-67.33271,10.09288],[-67.33331,10.09691],[-67.33533,10.11187],[-67.34395,10.12581],[-67.36141,10.12891],[-67.37852,10.1278],[-67.38523,10.13018],[-67.38703,10.137],[-67.39657,10.12767],[-67.40727,10.12625],[-67.41483,10.11587],[-67.42552,10.12014],[-67.44673,10.1141],[-67.46618,10.13048],[-67.48378,10.13642],[-67.50252,10.13665],[-67.51493,10.13505],[-67.51843,10.13134],[-67.53279,10.13234]]]},"properties":{"municipio":"Zamora","estado":"ARAGUA"}},{"type":"Feature","geometry":{"type":"Polygon","coordinates":[[[-69.47627,9.77645],[-69.48014,9.78977],[-69.48588,9.79559],[-69.48412,9.80183],[-69.47505,9.80765],[-69.46858,9.81473],[-69.47202,9.82319],[-69.49134,9.82757],[-69.49756,9.83045],[-69.50329,9.84251],[-69.50867,9.84839],[-69.51397,9.86321],[-69.50955,9.87563],[-69.49092,9.89111],[-69.49636,9.89393],[-69.51024,9.90617],[-69.50554,9.9667],[-69.51463,9.99604],[-69.52101,10.02004],[-69.5469,10.0513],[-69.56432,10.10272],[-69.63811,10.14925],[-69.64662,10.14085],[-69.65073,10.13343],[-69.66064,10.12794],[-69.66607,10.10711],[-69.6706,10.10203],[-69.68305,10.09989],[-69.6935,10.0902],[-69.699,10.06884],[-69.7128,10.05807],[-69.7243,10.03899],[-69.73561,10.02993],[-69.76079,10.00166],[-69.75418,9.99531],[-69.75001,9.9875],[-69.74269,9.9896],[-69.73725,9.9812],[-69.73382,9.97106],[-69.73094,9.95209],[-69.73753,9.94285],[-69.73754,9.93841],[-69.73012,9.92298],[-69.73182,9.91536],[-69.73901,9.9105],[-69.74307,9.90402],[-69.74296,9.89352],[-69.73897,9.88583],[-69.69827,9.8551],[-69.70145,9.80968],[-69.6889,9.80745],[-69.6797,9.81423],[-69.64401,9.79148],[-69.62755,9.81009],[-69.61734,9.80546],[-69.62358,9.7958],[-69.62649,9.78338],[-69.62602,9.76951],[-69.61539,9.76027],[-69.60681,9.75679],[-69.60017,9.74743],[-69.60236,9.732],[-69.58472,9.72144],[-69.57584,9.72096],[-69.56967,9.72354],[-69.56265,9.73146],[-69.54125,9.74594],[-69.5311,9.75044],[-69.51997,9.75891],[-69.50534,9.76666],[-69.48449,9.77117],[-69.47627,9.77645]]]},"properties":{"municipio":"Jiménez","estado":"LARA"}},{"type":"Feature","geometry":{"type":"Polygon","coordinates":[[[-69.51618,10.74301],[-69.52303,10.74082],[-69.5445,10.74372],[-69.56708,10.72957],[-69.57635,10.73309],[-69.58914,10.72793],[-69.60859,10.73321],[-69.61642,10.72776],[-69.62346,10.72828],[-69.64662,10.73936],[-69.66654,10.73296],[-69.67913,10.72161],[-69.69144,10.72028],[-69.72081,10.74463],[-69.73478,10.74605],[-69.76566,10.73172],[-69.78391,10.72008],[-69.79037,10.71272],[-69.80304,10.71054],[-69.81482,10.70489],[-69.8222,10.70363],[-69.82804,10.71182],[-69.82581,10.72157],[-69.82181,10.72624],[-69.81034,10.73084],[-69.81769,10.74258],[-69.83834,10.73139],[-69.84651,10.73054],[-69.85711,10.73038],[-69.86656,10.72092],[-69.86769,10.70929],[-69.88173,10.70507],[-69.89227,10.70488],[-69.91076,10.69531],[-69.91611,10.69008],[-69.92716,10.69267],[-69.93715,10.68827],[-69.94389,10.68979],[-69.95125,10.70152],[-69.96676,10.69473],[-69.98139,10.68186],[-69.99671,10.67428],[-70.00397,10.67471],[-70.01479,10.67079],[-70.01889,10.66349],[-70.03245,10.65451],[-70.04535,10.65397],[-70.04895,10.64681],[-70.05918,10.6406],[-70.07369,10.63913],[-70.08121,10.64296],[-70.08093,10.64948],[-70.08699,10.6554],[-70.11188,10.65364],[-70.11707,10.65064],[-70.12577,10.65886],[-70.13337,10.66297],[-70.14418,10.66129],[-70.14809,10.65669],[-70.15673,10.65529],[-70.16099,10.64944],[-70.17698,10.64158],[-70.18233,10.62375],[-70.17629,10.61973],[-70.18718,10.61007],[-70.19825,10.60888],[-70.20463,10.60058],[-70.22149,10.5942],[-70.2302,10.5878],[-70.23523,10.5892],[-70.24532,10.58421],[-70.2462,10.57957],[-70.25514,10.57159],[-70.27662,10.56094],[-70.29842,10.57109],[-70.30646,10.57074],[-70.31182,10.58002],[-70.31788,10.58067],[-70.32477,10.56973],[-70.33345,10.56529],[-70.34064,10.5672],[-70.29157,10.53352],[-70.28667,10.53095],[-70.27742,10.53406],[-70.2769,10.54007],[-70.26552,10.54562],[-70.25083,10.54981],[-70.23986,10.55904],[-70.21162,10.56077],[-70.2021,10.56573],[-70.19743,10.55807],[-70.15288,10.50531],[-70.12364,10.47142],[-70.07559,10.43202],[-70.06797,10.43615],[-70.05774,10.43417],[-70.04431,10.4422],[-70.03112,10.44478],[-70.00776,10.43746],[-69.99237,10.44934],[-69.98499,10.44988],[-69.97734,10.45939],[-69.96372,10.45855],[-69.9561,10.46502],[-69.94781,10.46646],[-69.94323,10.45894],[-69.9468,10.45114],[-69.94191,10.4425],[-69.9409,10.42582],[-69.93879,10.42006],[-69.92121,10.42102],[-69.91529,10.41796],[-69.90622,10.42204],[-69.89553,10.4239],[-69.8803,10.42942],[-69.87649,10.43266],[-69.86156,10.43691],[-69.84151,10.42851],[-69.83449,10.43619],[-69.83138,10.44322],[-69.81597,10.44892],[-69.81055,10.45467],[-69.80857,10.46165],[-69.79592,10.46871],[-69.79555,10.47471],[-69.78623,10.48647],[-69.77028,10.49295],[-69.76303,10.48971],[-69.75279,10.49476],[-69.73697,10.4767],[-69.73336,10.46854],[-69.71838,10.45557],[-69.70945,10.45161],[-69.69784,10.45611],[-69.69047,10.45215],[-69.68456,10.44513],[-69.67151,10.44987],[-69.6543,10.44179],[-69.65923,10.42724],[-69.66999,10.42322],[-69.67525,10.41776],[-69.67544,10.40954],[-69.66167,10.40264],[-69.6549,10.40108],[-69.65141,10.39346],[-69.64222,10.3916],[-69.63449,10.39292],[-69.63539,10.4],[-69.62167,10.41005],[-69.61749,10.4129],[-69.61525,10.4282],[-69.60461,10.43288],[-69.5921,10.43198],[-69.59227,10.4414],[-69.56569,10.43947],[-69.55917,10.43647],[-69.55336,10.44541],[-69.54689,10.44823],[-69.53455,10.46389],[-69.52948,10.46077],[-69.51606,10.46713],[-69.51147,10.46515],[-69.5044,10.47487],[-69.48977,10.47931],[-69.48668,10.48723],[-69.47786,10.48501],[-69.47272,10.49401],[-69.45706,10.50864],[-69.4533,10.51704],[-69.44696,10.52166],[-69.26465,10.48265],[-69.25136,10.47617],[-69.24351,10.47978],[-69.22584,10.47363],[-69.17377,10.46099],[-69.14189,10.45147],[-69.12682,10.46586],[-69.11604,10.46935],[-69.11186,10.47906],[-69.09952,10.47973],[-69.06699,10.45575],[-69.06601,10.46894],[-69.04985,10.4828],[-69.05038,10.49653],[-69.04644,10.50775],[-69.05563,10.50745],[-69.0526,10.51704],[-69.04879,10.51998],[-69.03437,10.52337],[-69.02682,10.5288],[-69.01538,10.52887],[-69.00088,10.54238],[-68.99352,10.55334],[-68.98916,10.55484],[-68.96896,10.55317],[-68.95614,10.54694],[-68.95367,10.5401],[-68.94641,10.53956],[-68.91445,10.55691],[-68.90888,10.5617],[-68.90657,10.57064],[-68.89603,10.58012],[-68.89227,10.59127],[-68.88628,10.59433],[-68.88174,10.60111],[-68.88209,10.60849],[-68.8764,10.61982],[-68.87893,10.63332],[-68.87665,10.64478],[-68.87485,10.64955],[-68.89218,10.6532],[-68.88985,10.66115],[-68.8916,10.67542],[-68.90381,10.6933],[-68.92161,10.69522],[-68.93032,10.69199],[-68.93924,10.69479],[-68.94337,10.70386],[-68.94703,10.69843],[-68.95645,10.69581],[-68.96191,10.69911],[-68.97416,10.69328],[-68.97904,10.6959],[-68.99672,10.69702],[-69.03829,10.68627],[-69.04751,10.67955],[-69.05358,10.6824],[-69.06265,10.67093],[-69.06653,10.66986],[-69.0749,10.6591],[-69.08592,10.66701],[-69.08597,10.68327],[-69.0933,10.68556],[-69.09743,10.68147],[-69.10871,10.67968],[-69.13311,10.68068],[-69.13261,10.68753],[-69.15301,10.68344],[-69.15941,10.68827],[-69.16406,10.68657],[-69.17399,10.69381],[-69.17799,10.68679],[-69.19071,10.69587],[-69.19258,10.69077],[-69.19948,10.69037],[-69.2011,10.69606],[-69.20721,10.69681],[-69.2142,10.70284],[-69.22275,10.69981],[-69.22492,10.69222],[-69.23273,10.69733],[-69.24153,10.69624],[-69.24731,10.69113],[-69.25733,10.70078],[-69.27395,10.69758],[-69.28525,10.70059],[-69.2917,10.69727],[-69.29887,10.70405],[-69.30505,10.70195],[-69.30632,10.69643],[-69.31539,10.70266],[-69.31945,10.6987],[-69.3259,10.70398],[-69.33604,10.70089],[-69.34417,10.70614],[-69.34948,10.70215],[-69.35775,10.70224],[-69.37688,10.70756],[-69.39313,10.70406],[-69.39816,10.70994],[-69.40452,10.70999],[-69.41094,10.70442],[-69.42374,10.70085],[-69.43567,10.70319],[-69.44039,10.69916],[-69.44815,10.70083],[-69.45461,10.69988],[-69.46334,10.69097],[-69.48909,10.6913],[-69.49402,10.69407],[-69.50629,10.69402],[-69.51398,10.69109],[-69.52392,10.71898],[-69.5153,10.72771],[-69.51741,10.73383],[-69.51618,10.74301]]]},"properties":{"municipio":"Urdaneta","estado":"LARA"}},{"type":"Feature","geometry":{"type":"Polygon","coordinates":[[[-67.4899,10.18557],[-67.50424,10.18322],[-67.50714,10.18649],[-67.5228,10.18765],[-67.53308,10.17316],[-67.53279,10.13234],[-67.51843,10.13134],[-67.51493,10.13505],[-67.50252,10.13665],[-67.50332,10.14276],[-67.48075,10.15139],[-67.4899,10.18557]]]},"properties":{"municipio":"José Ángel Lamas","estado":"ARAGUA"}},{"type":"Feature","geometry":{"type":"Polygon","coordinates":[[[-67.5228,10.18765],[-67.53538,10.20488],[-67.54021,10.20727],[-67.55768,10.19467],[-67.57847,10.19329],[-67.58422,10.19774],[-67.60724,10.20157],[-67.66807,10.20189],[-67.6647,10.1674],[-67.60664,10.1449],[-67.59947,10.13802],[-67.58202,10.14184],[-67.57468,10.13829],[-67.56797,10.14014],[-67.55308,10.13451],[-67.54565,10.13767],[-67.53279,10.13234],[-67.53308,10.17316],[-67.5228,10.18765]]]},"properties":{"municipio":"Libertador","estado":"ARAGUA"}},{"type":"Feature","geometry":{"type":"Polygon","coordinates":[[[-66.85018,9.66395],[-66.84603,9.6674],[-66.84476,9.68273],[-66.83994,9.685],[-66.8344,9.69626],[-66.82748,9.70426],[-66.8309,9.7157],[-66.82234,9.72126],[-66.81897,9.72821],[-66.8033,9.73972],[-66.79336,9.74169],[-66.78058,9.73569],[-66.77576,9.73916],[-66.76003,9.73652],[-66.74207,9.73507],[-66.73881,9.73992],[-66.72705,9.74949],[-66.72132,9.76194],[-66.72162,9.78025],[-66.71884,9.78875],[-66.72463,9.79935],[-66.69369,9.8195],[-66.6952,9.85961],[-66.70175,9.98328],[-66.72382,9.96833],[-66.74173,9.96118],[-66.74903,9.9598],[-66.78862,9.94622],[-66.79591,9.94285],[-66.80495,9.93523],[-66.81225,9.93193],[-66.81772,9.91414],[-66.82676,9.91023],[-66.83706,9.90081],[-66.8514,9.89324],[-66.86172,9.89558],[-66.9429,9.90488],[-66.97473,9.90924],[-67.00958,9.90797],[-67.03104,9.90505],[-67.04106,9.90574],[-67.05172,9.90105],[-67.05748,9.89489],[-67.06755,9.89391],[-67.06814,9.88666],[-67.0887,9.88625],[-67.09325,9.88955],[-67.09869,9.88516],[-67.09755,9.87721],[-67.1059,9.87295],[-67.10608,9.86583],[-67.10224,9.85366],[-67.11646,9.83665],[-67.11945,9.82861],[-67.11325,9.82786],[-67.10523,9.81632],[-67.11156,9.81291],[-67.11379,9.80214],[-67.11168,9.79497],[-67.10046,9.78378],[-67.09383,9.78725],[-67.07815,9.7863],[-67.072,9.79222],[-67.06447,9.7924],[-67.05559,9.7863],[-67.0439,9.79253],[-67.03582,9.78649],[-67.03618,9.77674],[-67.02862,9.76232],[-67.0089,9.75727],[-67.00361,9.75428],[-66.99775,9.75682],[-66.99305,9.75311],[-66.98274,9.75898],[-66.97647,9.7561],[-66.96627,9.74208],[-66.96428,9.72665],[-66.95795,9.72156],[-66.95962,9.7072],[-66.9642,9.69452],[-66.95185,9.69416],[-66.94196,9.69117],[-66.93762,9.68573],[-66.91772,9.68662],[-66.90729,9.67843],[-66.89789,9.67615],[-66.87535,9.67812],[-66.85018,9.66395]]]},"properties":{"municipio":"Camatagua","estado":"ARAGUA"}},{"type":"Feature","geometry":{"type":"Polygon","coordinates":[[[-66.8807,10.00166],[-66.89187,10.01401],[-66.9028,10.02097],[-66.90733,10.02115],[-66.91338,10.01516],[-66.93315,10.01374],[-66.9254,10.02386],[-66.92576,10.02727],[-66.9356,10.03854],[-66.95809,10.03927],[-66.9605,10.04155],[-66.96399,10.05803],[-66.96737,10.0663],[-66.97673,10.07104],[-66.99803,10.06871],[-67.00367,10.05994],[-67.0093,10.06347],[-67.03323,10.06669],[-67.04355,10.05847],[-67.058,10.05601],[-67.05596,10.05273],[-67.0605,10.04383],[-67.05785,10.03434],[-67.06214,10.02676],[-67.06178,10.02024],[-67.06729,10.01591],[-67.06649,10.00529],[-67.07315,10.00084],[-67.08216,9.97921],[-67.09148,9.97097],[-67.10141,9.95839],[-67.09146,9.94564],[-67.0937,9.9358],[-67.09027,9.93034],[-67.09504,9.92476],[-67.10147,9.90959],[-67.10479,9.90733],[-67.10522,9.89826],[-67.0981,9.89553],[-67.09325,9.88955],[-67.0887,9.88625],[-67.06814,9.88666],[-67.06755,9.89391],[-67.05748,9.89489],[-67.05172,9.90105],[-67.04106,9.90574],[-67.03104,9.90505],[-67.00958,9.90797],[-66.97473,9.90924],[-66.9429,9.90488],[-66.86172,9.89558],[-66.8514,9.89324],[-66.83706,9.90081],[-66.82676,9.91023],[-66.81772,9.91414],[-66.81225,9.93193],[-66.80495,9.93523],[-66.79591,9.94285],[-66.78862,9.94622],[-66.74903,9.9598],[-66.74173,9.96118],[-66.72382,9.96833],[-66.70175,9.98328],[-66.71038,9.98927],[-66.72234,9.99305],[-66.7424,9.98995],[-66.74764,9.99863],[-66.759,9.99858],[-66.76637,10.0011],[-66.76968,10.00757],[-66.7782,10.0166],[-66.79277,10.01266],[-66.81354,10.01585],[-66.81837,10.02244],[-66.829,10.02705],[-66.8328,10.02574],[-66.84024,10.01538],[-66.8475,10.01293],[-66.85439,10.00617],[-66.8733,9.99912],[-66.8807,10.00166]]]},"properties":{"municipio":"San Casimiro","estado":"ARAGUA"}},{"type":"Feature","geometry":{"type":"Polygon","coordinates":[[[-67.43917,10.18779],[-67.45298,10.20915],[-67.4602,10.20128],[-67.46243,10.19509],[-67.47192,10.18873],[-67.48129,10.18909],[-67.4899,10.18557],[-67.48075,10.15139],[-67.50332,10.14276],[-67.50252,10.13665],[-67.48378,10.13642],[-67.46618,10.13048],[-67.44673,10.1141],[-67.42552,10.12014],[-67.41483,10.11587],[-67.40727,10.12625],[-67.39657,10.12767],[-67.38703,10.137],[-67.40585,10.15173],[-67.41282,10.15255],[-67.41734,10.16697],[-67.41667,10.1729],[-67.43262,10.17795],[-67.43917,10.18779]]]},"properties":{"municipio":"Sucre","estado":"ARAGUA"}},{"type":"Feature","geometry":{"type":"Polygon","coordinates":[[[-67.4899,10.18557],[-67.50052,10.21185],[-67.5336,10.21699],[-67.54763,10.21641],[-67.56298,10.22036],[-67.57385,10.21119],[-67.59384,10.20252],[-67.60724,10.20157],[-67.58422,10.19774],[-67.57847,10.19329],[-67.55768,10.19467],[-67.54021,10.20727],[-67.53538,10.20488],[-67.5228,10.18765],[-67.50714,10.18649],[-67.50424,10.18322],[-67.4899,10.18557]]]},"properties":{"municipio":"Francisco Linares Alcántara","estado":"ARAGUA"}},{"type":"Feature","geometry":{"type":"Polygon","coordinates":[[[-67.43917,10.18779],[-67.43439,10.19159],[-67.41922,10.19799],[-67.411,10.19828],[-67.40881,10.20528],[-67.39545,10.21038],[-67.38338,10.21737],[-67.3754,10.21962],[-67.37431,10.22561],[-67.37913,10.24247],[-67.39131,10.25948],[-67.38512,10.27609],[-67.39424,10.28855],[-67.39537,10.30428],[-67.39842,10.31387],[-67.41074,10.28265],[-67.41709,10.27613],[-67.42785,10.27317],[-67.43206,10.24994],[-67.44308,10.23499],[-67.45546,10.23102],[-67.45298,10.20915],[-67.43917,10.18779]]]},"properties":{"municipio":"Bolívar","estado":"ARAGUA"}},{"type":"Feature","geometry":{"type":"Polygon","coordinates":[[[-67.10436,10.10108],[-67.10613,10.10571],[-67.11737,10.11838],[-67.11795,10.12703],[-67.12626,10.13472],[-67.12778,10.14036],[-67.13823,10.1518],[-67.13712,10.15939],[-67.12914,10.16338],[-67.12535,10.17099],[-67.11206,10.18278],[-67.11178,10.20176],[-67.11649,10.20986],[-67.11354,10.21832],[-67.1015,10.22487],[-67.09617,10.23667],[-67.11823,10.26358],[-67.13108,10.27354],[-67.14769,10.28439],[-67.14868,10.28736],[-67.16676,10.29754],[-67.18272,10.29893],[-67.18611,10.31402],[-67.20317,10.29176],[-67.20086,10.28458],[-67.19427,10.24875],[-67.20029,10.21665],[-67.20793,10.1714],[-67.20035,10.10655],[-67.19813,10.08101],[-67.19078,10.07554],[-67.17815,10.07121],[-67.16515,10.07334],[-67.15391,10.07789],[-67.13709,10.09342],[-67.12777,10.10036],[-67.1126,10.09792],[-67.10436,10.10108]]]},"properties":{"municipio":"Santos Michelena","estado":"ARAGUA"}},{"type":"Feature","geometry":{"type":"Polygon","coordinates":[[[-67.18843,10.32515],[-67.19822,10.32583],[-67.2105,10.32241],[-67.22644,10.34633],[-67.23886,10.35323],[-67.25192,10.34715],[-67.26184,10.34724],[-67.27644,10.35025],[-67.27453,10.34399],[-67.27788,10.3396],[-67.28106,10.32447],[-67.2775,10.31106],[-67.28535,10.29525],[-67.28932,10.27931],[-67.29652,10.2741],[-67.29491,10.25344],[-67.29417,10.20798],[-67.29527,10.19677],[-67.2879,10.19154],[-67.27817,10.19023],[-67.26153,10.17738],[-67.20793,10.1714],[-67.20029,10.21665],[-67.19427,10.24875],[-67.20086,10.28458],[-67.20317,10.29176],[-67.18611,10.31402],[-67.18843,10.32515]]]},"properties":{"municipio":"José Rafael Revenga","estado":"ARAGUA"}},{"type":"Feature","geometry":{"type":"Polygon","coordinates":[[[-67.6533,10.28048],[-67.64547,10.26494],[-67.6352,10.2598],[-67.62976,10.26506],[-67.61695,10.26206],[-67.61465,10.26505],[-67.6171,10.27921],[-67.61544,10.29831],[-67.61144,10.31489],[-67.60473,10.33328],[-67.5962,10.33776],[-67.60279,10.3423],[-67.60937,10.35087],[-67.62668,10.36091],[-67.63322,10.36612],[-67.63923,10.36371],[-67.65205,10.36509],[-67.65593,10.36236],[-67.6679,10.36505],[-67.68704,10.35475],[-67.69304,10.34192],[-67.68207,10.34075],[-67.6731,10.33489],[-67.66391,10.31624],[-67.65159,10.29999],[-67.6512,10.28683],[-67.6533,10.28048]]]},"properties":{"municipio":"Mario Briceño Iragorry","estado":"ARAGUA"}},{"type":"Feature","geometry":{"type":"Polygon","coordinates":[[[-66.61169,9.97274],[-66.62293,9.96868],[-66.64534,9.96911],[-66.64866,9.97402],[-66.65995,9.97577],[-66.66212,9.98098],[-66.68115,9.97548],[-66.68514,9.98057],[-66.70175,9.98328],[-66.6952,9.85961],[-66.69369,9.8195],[-66.72463,9.79935],[-66.71884,9.78875],[-66.72162,9.78025],[-66.72132,9.76194],[-66.72705,9.74949],[-66.73881,9.73992],[-66.74207,9.73507],[-66.76003,9.73652],[-66.77576,9.73916],[-66.78058,9.73569],[-66.79336,9.74169],[-66.8033,9.73972],[-66.81897,9.72821],[-66.82234,9.72126],[-66.8309,9.7157],[-66.82748,9.70426],[-66.8344,9.69626],[-66.83994,9.685],[-66.84476,9.68273],[-66.84603,9.6674],[-66.85018,9.66395],[-66.84867,9.65537],[-66.85029,9.64185],[-66.84438,9.62724],[-66.84528,9.60832],[-66.85689,9.59458],[-66.86786,9.57719],[-66.87036,9.56821],[-66.88217,9.54821],[-66.89786,9.53511],[-66.90196,9.54192],[-66.91794,9.53591],[-66.92677,9.53895],[-66.9353,9.53729],[-66.94609,9.54124],[-66.95651,9.52331],[-66.97747,9.50946],[-66.98386,9.50986],[-66.98706,9.50422],[-66.97817,9.49932],[-66.98506,9.48715],[-66.98332,9.47861],[-66.99679,9.4735],[-67.00255,9.46869],[-67.00318,9.45838],[-66.94574,9.45785],[-66.92334,9.44677],[-66.92201,9.44387],[-66.9295,9.42535],[-66.92765,9.41556],[-66.92205,9.40817],[-66.91139,9.39945],[-66.90152,9.39629],[-66.8986,9.38387],[-66.85376,9.3871],[-66.66909,9.3897],[-66.65122,9.38682],[-66.63414,9.38922],[-66.58993,9.39338],[-66.58216,9.40469],[-66.58293,9.41168],[-66.57675,9.41969],[-66.57595,9.43548],[-66.56606,9.45572],[-66.5672,9.46206],[-66.56255,9.46672],[-66.56463,9.47418],[-66.55787,9.48536],[-66.55782,9.49735],[-66.56565,9.49772],[-66.58177,9.51885],[-66.58687,9.53584],[-66.58,9.53721],[-66.56799,9.54844],[-66.5725,9.55747],[-66.5694,9.57714],[-66.56218,9.58457],[-66.5638,9.59133],[-66.55397,9.59527],[-66.55913,9.60517],[-66.54852,9.61276],[-66.55297,9.61976],[-66.54975,9.63476],[-66.5548,9.64487],[-66.55705,9.6607],[-66.57292,9.66665],[-66.57301,9.67646],[-66.59211,9.68869],[-66.60271,9.70193],[-66.61211,9.7095],[-66.62205,9.70843],[-66.62331,9.71442],[-66.63019,9.71256],[-66.63109,9.72023],[-66.62276,9.72633],[-66.6257,9.75448],[-66.61822,9.75567],[-66.62412,9.76461],[-66.62158,9.77712],[-66.61772,9.77891],[-66.60971,9.77363],[-66.60452,9.77632],[-66.59857,9.78505],[-66.60188,9.79379],[-66.60025,9.80169],[-66.59066,9.80527],[-66.59658,9.81637],[-66.59272,9.8248],[-66.58639,9.82749],[-66.57679,9.83811],[-66.59234,9.84729],[-66.60197,9.86713],[-66.59822,9.87198],[-66.60111,9.88521],[-66.59495,9.88999],[-66.60142,9.90071],[-66.60117,9.91023],[-66.60689,9.92424],[-66.6039,9.93009],[-66.60498,9.93745],[-66.60286,9.94954],[-66.61004,9.95536],[-66.61169,9.97274]]]},"properties":{"municipio":"Urdaneta","estado":"ARAGUA"}},{"type":"Feature","geometry":{"type":"Polygon","coordinates":[[[-63.02178,10.10195],[-63.02032,10.09488],[-63.02758,10.08196],[-63.03924,10.07536],[-63.04317,10.07692],[-63.05005,10.07176],[-63.05006,10.06514],[-63.05822,10.05944],[-63.06403,10.04405],[-63.07396,10.03811],[-63.08097,10.04038],[-63.08973,10.03719],[-63.09493,10.04061],[-63.10641,10.02846],[-63.10683,10.02437],[-63.11601,10.02208],[-63.12737,10.01468],[-63.13203,10.0092],[-63.13728,10.01496],[-63.14308,10.01315],[-63.15372,10.02311],[-63.15862,10.04953],[-63.17083,10.06826],[-63.17965,10.07425],[-63.18509,10.08692],[-63.21373,10.10749],[-63.22111,10.11997],[-63.22769,10.12146],[-63.23802,10.11466],[-63.24328,10.10024],[-63.2521,10.0923],[-63.2675,10.08489],[-63.2739,10.08362],[-63.28961,10.07513],[-63.29541,10.07411],[-63.30441,10.06791],[-63.31335,10.07234],[-63.32193,10.07269],[-63.33365,10.04451],[-63.32006,10.03556],[-63.29947,10.02905],[-63.28885,10.0145],[-63.29056,9.9898],[-63.29284,9.94026],[-63.28348,9.93635],[-63.27255,9.9355],[-63.26272,9.92504],[-63.25414,9.9281],[-63.23652,9.91223],[-63.23072,9.91373],[-63.22644,9.90873],[-63.21907,9.90909],[-63.21442,9.90044],[-63.20447,9.9001],[-63.19106,9.90087],[-63.1707,9.89681],[-63.15621,9.89843],[-63.15162,9.90161],[-63.13375,9.90269],[-63.12554,9.89565],[-63.10436,9.89324],[-63.09823,9.88828],[-63.09195,9.88851],[-63.08368,9.88418],[-63.06333,9.88928],[-63.05536,9.89571],[-63.04009,9.91795],[-63.01065,9.96277],[-62.99438,9.98602],[-62.97648,10.01589],[-62.93676,10.07699],[-62.94086,10.08847],[-62.94773,10.09521],[-62.96005,10.09624],[-62.97244,10.08867],[-62.97251,10.07382],[-62.97668,10.06938],[-62.98749,10.07263],[-63.00143,10.09121],[-63.01012,10.09458],[-63.02178,10.10195]]]},"properties":{"municipio":"Punceres","estado":"MONAGAS"}},{"type":"Feature","geometry":{"type":"Polygon","coordinates":[[[-63.32193,10.07269],[-63.33343,10.07918],[-63.3416,10.09058],[-63.34982,10.09171],[-63.36227,10.08791],[-63.38156,10.08584],[-63.38627,10.09665],[-63.39963,10.10818],[-63.42248,10.10394],[-63.44238,10.10962],[-63.45338,10.10907],[-63.44667,10.12085],[-63.45235,10.13575],[-63.45701,10.14103],[-63.47369,10.14329],[-63.48233,10.14112],[-63.48883,10.13621],[-63.51769,10.12712],[-63.52263,10.13073],[-63.54025,10.12683],[-63.54031,10.12281],[-63.55299,10.11229],[-63.55835,10.11348],[-63.56787,10.12974],[-63.57313,10.12647],[-63.58062,10.11409],[-63.59258,10.10945],[-63.6173,10.10275],[-63.61778,10.09506],[-63.62907,10.06801],[-63.61913,10.0653],[-63.61526,10.06116],[-63.61151,10.04141],[-63.58522,10.01903],[-63.5871,10.01449],[-63.5793,9.99733],[-63.58117,9.99294],[-63.57495,9.9825],[-63.57456,9.97368],[-63.56862,9.964],[-63.56151,9.95701],[-63.56178,9.94899],[-63.56928,9.93355],[-63.56639,9.92411],[-63.56017,9.92128],[-63.54562,9.90961],[-63.54351,9.90498],[-63.53288,9.89975],[-63.5225,9.89728],[-63.50801,9.88116],[-63.51056,9.86667],[-63.50495,9.85862],[-63.49463,9.85188],[-63.49155,9.84003],[-63.49506,9.833],[-63.4933,9.82499],[-63.48581,9.82601],[-63.47417,9.81946],[-63.46941,9.80371],[-63.46078,9.79554],[-63.45348,9.79602],[-63.43809,9.7876],[-63.42475,9.78561],[-63.42084,9.78236],[-63.40764,9.78491],[-63.39783,9.78193],[-63.38262,9.78649],[-63.37374,9.79134],[-63.35707,9.7932],[-63.34923,9.79175],[-63.338,9.79511],[-63.32104,9.78892],[-63.30818,9.78669],[-63.30329,9.78801],[-63.33475,9.85681],[-63.3243,9.85825],[-63.31235,9.8565],[-63.2931,9.85025],[-63.27632,9.85228],[-63.26182,9.86039],[-63.24099,9.86032],[-63.22518,9.86223],[-63.21895,9.86728],[-63.21424,9.87809],[-63.20596,9.88481],[-63.20447,9.9001],[-63.21442,9.90044],[-63.21907,9.90909],[-63.22644,9.90873],[-63.23072,9.91373],[-63.23652,9.91223],[-63.25414,9.9281],[-63.26272,9.92504],[-63.27255,9.9355],[-63.28348,9.93635],[-63.29284,9.94026],[-63.29056,9.9898],[-63.28885,10.0145],[-63.29947,10.02905],[-63.32006,10.03556],[-63.33365,10.04451],[-63.32193,10.07269]]]},"properties":{"municipio":"Piar","estado":"MONAGAS"}},{"type":"Feature","geometry":{"type":"Polygon","coordinates":[[[-67.27453,10.34399],[-67.29833,10.35139],[-67.39842,10.31387],[-67.39537,10.30428],[-67.39424,10.28855],[-67.38512,10.27609],[-67.39131,10.25948],[-67.37913,10.24247],[-67.37431,10.22561],[-67.3754,10.21962],[-67.38338,10.21737],[-67.39545,10.21038],[-67.40881,10.20528],[-67.411,10.19828],[-67.41922,10.19799],[-67.43439,10.19159],[-67.43917,10.18779],[-67.43262,10.17795],[-67.41667,10.1729],[-67.41734,10.16697],[-67.41282,10.15255],[-67.40585,10.15173],[-67.38703,10.137],[-67.38523,10.13018],[-67.37852,10.1278],[-67.36141,10.12891],[-67.34395,10.12581],[-67.33533,10.11187],[-67.33331,10.09691],[-67.31676,10.1005],[-67.30124,10.09954],[-67.28385,10.09236],[-67.26319,10.08796],[-67.25767,10.08243],[-67.24438,10.08278],[-67.23193,10.08663],[-67.21622,10.08574],[-67.21064,10.0873],[-67.20406,10.07971],[-67.19813,10.08101],[-67.20035,10.10655],[-67.20793,10.1714],[-67.26153,10.17738],[-67.27817,10.19023],[-67.2879,10.19154],[-67.29527,10.19677],[-67.29417,10.20798],[-67.29491,10.25344],[-67.29652,10.2741],[-67.28932,10.27931],[-67.28535,10.29525],[-67.2775,10.31106],[-67.28106,10.32447],[-67.27788,10.3396],[-67.27453,10.34399]]]},"properties":{"municipio":"José Félix Ribas","estado":"ARAGUA"}},{"type":"Feature","geometry":{"type":"Polygon","coordinates":[[[-70.53151,7.37592],[-70.53841,7.37855],[-70.54652,7.37553],[-70.56233,7.3665],[-70.56965,7.36911],[-70.57737,7.36172],[-70.59194,7.36838],[-70.60476,7.36274],[-70.61208,7.36271],[-70.61698,7.35662],[-70.6282,7.35625],[-70.63881,7.36074],[-70.64662,7.35625],[-70.65717,7.35831],[-70.66727,7.34786],[-70.67601,7.35],[-70.68866,7.34766],[-70.69746,7.34182],[-70.69732,7.3369],[-70.70579,7.33299],[-70.71185,7.33367],[-70.72368,7.32301],[-70.73112,7.3307],[-70.73015,7.44035],[-70.72818,7.65523],[-70.73422,7.65094],[-70.73537,7.64333],[-70.74734,7.63948],[-70.75376,7.63231],[-70.7494,7.62233],[-70.75892,7.61037],[-70.77525,7.60384],[-70.78217,7.60525],[-70.81013,7.59205],[-70.8212,7.59474],[-70.82742,7.58258],[-70.84168,7.5806],[-70.84872,7.58537],[-70.85191,7.57903],[-70.85779,7.57851],[-70.86229,7.57187],[-70.87319,7.56322],[-70.88072,7.56031],[-70.88973,7.56424],[-70.90029,7.56531],[-70.91428,7.55565],[-70.92634,7.55899],[-70.94161,7.55731],[-70.95568,7.55251],[-70.96491,7.54541],[-70.96819,7.53936],[-70.98402,7.53966],[-70.98537,7.53505],[-70.99348,7.53346],[-70.99443,7.52734],[-71.00134,7.52527],[-71.00777,7.51564],[-71.00555,7.50831],[-71.01345,7.49598],[-71.02796,7.48734],[-71.04154,7.48379],[-71.04987,7.47638],[-71.0581,7.47366],[-71.06877,7.474],[-71.0856,7.47142],[-71.08831,7.47785],[-71.09504,7.47859],[-71.10525,7.47413],[-71.11295,7.47674],[-71.12325,7.48547],[-71.13469,7.48713],[-71.14727,7.49426],[-71.16608,7.49144],[-71.17733,7.47859],[-71.18192,7.47854],[-71.1926,7.48488],[-71.20336,7.48815],[-71.20748,7.48571],[-71.22587,7.48673],[-71.23421,7.4855],[-71.253,7.47927],[-71.25679,7.48389],[-71.25612,7.49337],[-71.26113,7.4992],[-71.27829,7.48888],[-71.28417,7.48728],[-71.29586,7.47988],[-71.30646,7.48489],[-71.31325,7.48342],[-71.31714,7.48695],[-71.3204,7.48697],[-71.33498,7.47568],[-71.34788,7.47933],[-71.36732,7.47609],[-71.3798,7.48164],[-71.39222,7.47723],[-71.39846,7.48232],[-71.4149,7.483],[-71.41653,7.49426],[-71.43219,7.50526],[-71.43867,7.50466],[-71.44473,7.50868],[-71.46693,7.49701],[-71.48343,7.49959],[-71.48775,7.49775],[-71.504,7.509],[-71.51301,7.51344],[-71.52144,7.51379],[-71.53159,7.52284],[-71.54072,7.51634],[-71.54942,7.51871],[-71.55697,7.51458],[-71.56154,7.5213],[-71.57379,7.5271],[-71.57989,7.5116],[-71.58433,7.51076],[-71.593,7.51526],[-71.59351,7.52205],[-71.59887,7.52653],[-71.6037,7.51541],[-71.61279,7.52257],[-71.62338,7.51924],[-71.63142,7.52279],[-71.63941,7.5296],[-71.64727,7.52029],[-71.65061,7.53092],[-71.65781,7.52982],[-71.6615,7.53566],[-71.6716,7.53676],[-71.67938,7.54322],[-71.69027,7.54585],[-71.6973,7.53733],[-71.70235,7.54119],[-71.71025,7.53979],[-71.71899,7.54607],[-71.72233,7.54361],[-71.72114,7.53272],[-71.72519,7.53008],[-71.73261,7.53654],[-71.74544,7.5387],[-71.75088,7.53372],[-71.75998,7.5408],[-71.76363,7.54644],[-71.77068,7.54064],[-71.76501,7.53047],[-71.7767,7.52832],[-71.78169,7.52492],[-71.78952,7.52885],[-71.78464,7.53607],[-71.78797,7.54064],[-71.79475,7.53656],[-71.80773,7.53975],[-71.80513,7.53211],[-71.81844,7.53497],[-71.83114,7.53436],[-71.83834,7.53267],[-71.83851,7.52315],[-71.84536,7.51844],[-71.85369,7.52114],[-71.85422,7.51442],[-71.86328,7.51001],[-71.86852,7.51175],[-71.87872,7.50559],[-71.86759,7.50196],[-71.85784,7.49365],[-71.85008,7.5011],[-71.84173,7.49558],[-71.83989,7.4893],[-71.82805,7.48233],[-71.81237,7.48612],[-71.80378,7.48213],[-71.79719,7.47547],[-71.78149,7.47333],[-71.77663,7.46817],[-71.77094,7.47058],[-71.76967,7.47802],[-71.76332,7.47697],[-71.75835,7.46789],[-71.74895,7.46928],[-71.74337,7.46461],[-71.74708,7.45583],[-71.74714,7.4479],[-71.73905,7.44334],[-71.72802,7.43338],[-71.7146,7.42757],[-71.7077,7.42085],[-71.69231,7.42315],[-71.68284,7.41721],[-71.67385,7.42257],[-71.65755,7.42061],[-71.64209,7.42609],[-71.62771,7.44029],[-71.62304,7.44017],[-71.61848,7.43146],[-71.60715,7.42775],[-71.59978,7.41868],[-71.59229,7.41941],[-71.5896,7.42644],[-71.57851,7.42856],[-71.57545,7.43294],[-71.55957,7.42929],[-71.5507,7.42083],[-71.54243,7.42684],[-71.53345,7.42],[-71.51852,7.41917],[-71.50953,7.42711],[-71.50773,7.44021],[-71.49634,7.43626],[-71.49264,7.44221],[-71.48435,7.44512],[-71.48112,7.45125],[-71.47363,7.44909],[-71.45382,7.46225],[-71.44774,7.45725],[-71.4414,7.45688],[-71.43659,7.44985],[-71.42736,7.44317],[-71.42088,7.44489],[-71.41209,7.44246],[-71.39827,7.44764],[-71.39159,7.44492],[-71.3802,7.44512],[-71.37109,7.43748],[-71.36077,7.44063],[-71.35433,7.43605],[-71.34563,7.44604],[-71.3405,7.44278],[-71.3267,7.44562],[-71.32279,7.43985],[-71.30664,7.44483],[-71.29006,7.43579],[-71.27722,7.42291],[-71.26931,7.4299],[-71.2603,7.4258],[-71.25284,7.42967],[-71.2437,7.42646],[-71.23922,7.41721],[-71.23104,7.42114],[-71.21961,7.4199],[-71.21962,7.41073],[-71.21566,7.40448],[-71.20081,7.39495],[-71.19944,7.38655],[-71.18904,7.39137],[-71.1784,7.38858],[-71.17859,7.37964],[-71.1693,7.37229],[-71.15367,7.36456],[-71.13646,7.36648],[-71.1284,7.36351],[-71.11854,7.36755],[-71.10815,7.3641],[-71.10426,7.37056],[-71.09819,7.36556],[-71.0862,7.36665],[-71.08196,7.35848],[-71.07579,7.35846],[-71.07387,7.35131],[-71.05922,7.34742],[-71.04392,7.35271],[-71.03149,7.34828],[-71.02743,7.33951],[-71.01598,7.34079],[-71.00234,7.33847],[-70.99788,7.34028],[-70.98845,7.33249],[-70.98737,7.32651],[-70.9745,7.32814],[-70.96777,7.32403],[-70.96251,7.31531],[-70.96243,7.31004],[-70.95551,7.30701],[-70.93645,7.30825],[-70.91928,7.31214],[-70.91446,7.3159],[-70.90408,7.31111],[-70.8904,7.32017],[-70.88257,7.31864],[-70.87515,7.32479],[-70.88294,7.33124],[-70.8725,7.33269],[-70.8498,7.32522],[-70.83938,7.3181],[-70.82799,7.31877],[-70.82264,7.31407],[-70.80826,7.31472],[-70.80217,7.31188],[-70.80312,7.30576],[-70.79428,7.30314],[-70.78822,7.29778],[-70.77169,7.30334],[-70.76342,7.29749],[-70.75404,7.29499],[-70.75133,7.28928],[-70.74559,7.28853],[-70.7461,7.29813],[-70.73727,7.29425],[-70.72938,7.30525],[-70.71498,7.29493],[-70.70061,7.29372],[-70.69215,7.29512],[-70.6853,7.30415],[-70.68346,7.31542],[-70.67616,7.3209],[-70.6682,7.3202],[-70.65161,7.32618],[-70.64479,7.33125],[-70.6346,7.33198],[-70.62294,7.32995],[-70.61174,7.32239],[-70.58881,7.33694],[-70.57959,7.33927],[-70.55564,7.35691],[-70.54814,7.37137],[-70.53151,7.37592]]]},"properties":{"municipio":"Andrés Eloy Blanco","estado":"BARINAS"}},{"type":"Feature","geometry":{"type":"Polygon","coordinates":[[[-69.58028,7.93326],[-69.58087,7.94585],[-69.60664,7.94863],[-69.61724,7.95273],[-69.62176,7.94927],[-69.63442,7.94829],[-69.64577,7.95017],[-69.65294,7.94439],[-69.66939,7.9418],[-69.67441,7.94606],[-69.69125,7.94671],[-69.69922,7.94942],[-69.70392,7.95704],[-69.72475,7.9629],[-69.73847,7.96269],[-69.74579,7.96768],[-69.76004,7.96664],[-69.76536,7.97263],[-69.77605,7.97212],[-69.79542,7.95906],[-69.80745,7.96783],[-69.81649,7.96971],[-69.83453,7.96221],[-69.84316,7.96576],[-69.86042,7.95718],[-69.87083,7.96456],[-69.88711,7.96921],[-69.89643,7.97803],[-69.90459,7.97859],[-69.9087,7.98817],[-69.91979,7.99208],[-69.92666,7.99856],[-69.93303,7.99283],[-69.94763,7.99256],[-69.95461,8.00137],[-69.96037,8.00198],[-69.97335,8.01044],[-69.97605,8.02113],[-69.98575,8.01771],[-69.99505,8.03041],[-70.01525,8.03805],[-70.01918,8.04452],[-70.02983,8.05184],[-70.04055,8.05677],[-70.03825,8.06257],[-70.05318,8.06499],[-70.05513,8.07445],[-70.06099,8.07841],[-70.06102,8.08589],[-70.06732,8.08806],[-70.06573,8.09547],[-70.07985,8.10591],[-70.0883,8.09414],[-70.12201,7.93738],[-70.00231,7.80251],[-70.00116,7.81259],[-69.98969,7.81544],[-69.97549,7.80626],[-69.96938,7.7983],[-69.96108,7.79157],[-69.93911,7.80175],[-69.93249,7.79199],[-69.92118,7.79268],[-69.92026,7.7828],[-69.90155,7.78962],[-69.89084,7.79771],[-69.86027,7.80028],[-69.84286,7.80657],[-69.83449,7.8039],[-69.82391,7.79287],[-69.81936,7.79111],[-69.80967,7.7957],[-69.80219,7.80673],[-69.78981,7.81305],[-69.7736,7.81348],[-69.76115,7.82142],[-69.74554,7.82389],[-69.73264,7.82295],[-69.72224,7.82813],[-69.70361,7.84897],[-69.69279,7.85355],[-69.68171,7.86288],[-69.6644,7.87099],[-69.63784,7.89221],[-69.62869,7.89848],[-69.60689,7.90213],[-69.59759,7.92828],[-69.58028,7.93326]]]},"properties":{"municipio":"José Antonio Paéz","estado":"BARINAS"}},{"type":"Feature","geometry":{"type":"Polygon","coordinates":[[[-70.7291,7.83047],[-70.72613,7.84146],[-70.73196,7.8585],[-70.74723,7.88448],[-70.7475,7.89471],[-70.75884,7.91448],[-70.75859,7.91785],[-70.77169,7.9213],[-70.78357,7.93053],[-70.7927,7.93001],[-70.81114,7.93942],[-70.8188,7.94611],[-70.84493,7.95801],[-70.84935,7.96344],[-70.85858,7.96844],[-70.86723,7.98573],[-70.87593,7.98719],[-70.88215,7.99358],[-70.88224,8.00265],[-70.88735,8.01311],[-70.89659,8.02569],[-70.90496,8.03197],[-70.91594,8.03364],[-70.92957,8.04389],[-70.93469,8.05256],[-70.94242,8.05505],[-70.94509,8.06352],[-70.94243,8.08014],[-70.95842,8.08812],[-70.96852,8.09788],[-70.97554,8.11238],[-70.985,8.12345],[-70.98729,8.13499],[-70.98498,8.14182],[-70.98988,8.1473],[-71.00132,8.15148],[-71.00381,8.14639],[-71.0127,8.14409],[-71.04523,8.14499],[-71.04687,8.12293],[-71.04479,8.11491],[-71.05689,8.10518],[-71.06539,8.09164],[-71.08221,8.0721],[-71.09522,8.06978],[-71.09471,8.05883],[-71.10242,8.05512],[-71.10377,8.04293],[-71.10908,8.04305],[-71.11801,8.03393],[-71.12092,8.03891],[-71.12753,8.03774],[-71.13532,8.02159],[-71.15159,8.01911],[-71.15773,8.01231],[-71.16729,8.01133],[-71.1714,8.00594],[-71.16858,7.99688],[-71.18121,7.99448],[-71.18275,7.99022],[-71.19763,7.97702],[-71.21367,7.97007],[-71.22668,7.95786],[-71.2358,7.95628],[-71.23161,7.94725],[-71.23361,7.94253],[-71.24355,7.93837],[-71.24809,7.93093],[-71.26085,7.92161],[-71.27241,7.90728],[-71.27858,7.90685],[-71.28936,7.91339],[-71.29475,7.90166],[-71.29372,7.89594],[-71.30236,7.89184],[-71.30891,7.88247],[-71.32108,7.88563],[-71.33301,7.8721],[-71.34571,7.86154],[-71.35181,7.86082],[-71.35595,7.85245],[-71.36623,7.85168],[-71.37505,7.84663],[-71.38215,7.83874],[-71.38561,7.82768],[-71.39235,7.82146],[-71.40114,7.8176],[-71.41112,7.8077],[-71.43444,7.79335],[-71.43985,7.79436],[-71.45383,7.78503],[-71.46498,7.77026],[-71.45994,7.763],[-71.46434,7.75889],[-71.46635,7.74935],[-71.46434,7.74297],[-71.46639,7.72593],[-71.4564,7.7189],[-71.4441,7.69919],[-71.45057,7.6925],[-71.46043,7.68687],[-71.46149,7.67941],[-71.46695,7.6758],[-71.47596,7.67925],[-71.4776,7.67152],[-71.48439,7.6704],[-71.48743,7.66333],[-71.49253,7.66334],[-71.5016,7.65227],[-71.49133,7.6509],[-71.48893,7.64562],[-71.49967,7.63446],[-71.49393,7.62469],[-71.50051,7.62265],[-71.49739,7.6163],[-71.50297,7.6091],[-71.50267,7.60454],[-71.49613,7.59789],[-71.49085,7.61127],[-71.47561,7.61224],[-71.47909,7.60534],[-71.47261,7.5982],[-71.46018,7.59247],[-71.45448,7.59511],[-71.44192,7.58692],[-71.44236,7.58008],[-71.42844,7.57793],[-71.41926,7.5729],[-71.42004,7.55725],[-71.43,7.5597],[-71.43078,7.55347],[-71.41703,7.55024],[-71.41289,7.55576],[-71.40215,7.55392],[-71.40185,7.54726],[-71.39422,7.54408],[-71.39681,7.53491],[-71.40371,7.53862],[-71.40591,7.53218],[-71.39163,7.52726],[-71.38546,7.52154],[-71.37454,7.52506],[-71.37321,7.51831],[-71.36763,7.51067],[-71.37411,7.50324],[-71.35617,7.50286],[-71.35149,7.50708],[-71.33937,7.50858],[-71.33157,7.51269],[-71.3333,7.50148],[-71.32874,7.49734],[-71.3177,7.49635],[-71.31714,7.48695],[-71.31325,7.48342],[-71.30646,7.48489],[-71.29586,7.47988],[-71.28417,7.48728],[-71.27829,7.48888],[-71.26113,7.4992],[-71.25612,7.49337],[-71.25679,7.48389],[-71.253,7.47927],[-71.23421,7.4855],[-71.22587,7.48673],[-71.20748,7.48571],[-71.20336,7.48815],[-71.1926,7.48488],[-71.18192,7.47854],[-71.17733,7.47859],[-71.16608,7.49144],[-71.14727,7.49426],[-71.13469,7.48713],[-71.12325,7.48547],[-71.11295,7.47674],[-71.10525,7.47413],[-71.09504,7.47859],[-71.08831,7.47785],[-71.0856,7.47142],[-71.06877,7.474],[-71.0581,7.47366],[-71.04987,7.47638],[-71.04154,7.48379],[-71.02796,7.48734],[-71.01345,7.49598],[-71.00555,7.50831],[-71.00777,7.51564],[-71.00134,7.52527],[-70.99443,7.52734],[-70.99348,7.53346],[-70.98537,7.53505],[-70.98402,7.53966],[-70.96819,7.53936],[-70.96491,7.54541],[-70.95568,7.55251],[-70.94161,7.55731],[-70.92634,7.55899],[-70.91428,7.55565],[-70.90029,7.56531],[-70.88973,7.56424],[-70.88072,7.56031],[-70.87319,7.56322],[-70.86229,7.57187],[-70.85779,7.57851],[-70.85191,7.57903],[-70.84872,7.58537],[-70.84168,7.5806],[-70.82742,7.58258],[-70.8212,7.59474],[-70.81013,7.59205],[-70.78217,7.60525],[-70.77525,7.60384],[-70.75892,7.61037],[-70.7494,7.62233],[-70.75376,7.63231],[-70.74734,7.63948],[-70.73537,7.64333],[-70.73422,7.65094],[-70.72818,7.65523],[-70.7291,7.83047]]]},"properties":{"municipio":"Ezequiel Zamora","estado":"BARINAS"}},{"type":"Feature","geometry":{"type":"Polygon","coordinates":[[[-68.0325,8.53329],[-68.04576,8.5341],[-68.0493,8.53655],[-68.0524,8.55354],[-68.04994,8.56237],[-68.05613,8.56501],[-68.05266,8.57533],[-68.06301,8.57257],[-68.06977,8.57324],[-68.0785,8.58278],[-68.08854,8.57774],[-68.09706,8.58759],[-68.10444,8.60089],[-68.11196,8.60479],[-68.11952,8.59535],[-68.12849,8.6017],[-68.13335,8.59573],[-68.14075,8.60015],[-68.1476,8.59784],[-68.15771,8.59894],[-68.15993,8.60427],[-68.17116,8.60167],[-68.18177,8.60436],[-68.1936,8.60391],[-68.19626,8.60006],[-68.20366,8.60439],[-68.21368,8.60022],[-68.2216,8.59227],[-68.23398,8.58959],[-68.24571,8.60022],[-68.26436,8.60105],[-68.2667,8.59454],[-68.28269,8.58683],[-68.29408,8.59368],[-68.30341,8.60239],[-68.30696,8.60848],[-68.31752,8.60922],[-68.32407,8.60593],[-68.32676,8.59772],[-68.33201,8.59411],[-68.33865,8.60241],[-68.34632,8.606],[-68.35605,8.60681],[-68.361,8.6032],[-68.3683,8.61112],[-68.38225,8.61324],[-68.38479,8.60617],[-68.3994,8.6022],[-68.41613,8.59994],[-68.4202,8.59451],[-68.44181,8.60741],[-68.45228,8.60331],[-68.46532,8.60869],[-68.47053,8.59953],[-68.48724,8.59739],[-68.49345,8.60162],[-68.50639,8.59841],[-68.51503,8.60426],[-68.52814,8.60181],[-68.53247,8.59834],[-68.51012,8.56622],[-68.51993,8.55466],[-68.74284,8.33005],[-68.78793,8.31639],[-68.79479,8.26536],[-68.82608,8.21968],[-68.84698,8.16226],[-68.8315,8.10553],[-68.82175,8.1045],[-68.81376,8.11308],[-68.80372,8.11523],[-68.79677,8.11329],[-68.79019,8.11947],[-68.78076,8.1218],[-68.77314,8.11998],[-68.77416,8.13104],[-68.76452,8.13611],[-68.73121,8.08795],[-68.70914,8.05531],[-68.67703,8.00889],[-68.66353,7.99043],[-68.64076,7.95712],[-68.62879,7.958],[-68.61741,7.96362],[-68.59662,7.95882],[-68.58518,7.95257],[-68.5778,7.95395],[-68.57214,7.9587],[-68.56189,7.95611],[-68.5491,7.94631],[-68.53627,7.94397],[-68.52372,7.94709],[-68.51269,7.94456],[-68.51071,7.93212],[-68.50473,7.9281],[-68.48865,7.92617],[-68.471,7.92698],[-68.44979,7.93672],[-68.43819,7.93577],[-68.42688,7.92695],[-68.41641,7.9301],[-68.39545,7.9201],[-68.38489,7.92019],[-68.38567,7.90828],[-68.3746,7.90048],[-68.35682,7.89087],[-68.34811,7.8802],[-68.33811,7.88481],[-68.32798,7.88333],[-68.32416,7.88756],[-68.32289,7.89608],[-68.30466,7.90513],[-68.29542,7.91148],[-68.28792,7.92232],[-68.28095,7.91871],[-68.279,7.91037],[-68.26965,7.91473],[-68.26983,7.92075],[-68.26135,7.92248],[-68.2578,7.91252],[-68.24687,7.91326],[-68.2369,7.90299],[-68.2262,7.9115],[-68.21971,7.9121],[-68.21611,7.90665],[-68.21959,7.90078],[-68.21251,7.89548],[-68.20027,7.90221],[-68.19321,7.90005],[-68.18206,7.90416],[-68.17417,7.90216],[-68.1624,7.90619],[-68.1394,7.89731],[-68.12434,7.90342],[-68.10581,7.89728],[-68.09217,7.88295],[-68.0772,7.87828],[-68.0739,7.87453],[-68.06314,7.87172],[-68.05904,7.86795],[-68.05194,7.86974],[-68.0446,7.87737],[-68.04031,7.87433],[-68.03817,7.87885],[-68.02402,7.88132],[-68.02102,7.88719],[-68.00901,7.89607],[-68.00139,7.89678],[-67.98649,7.90144],[-67.97508,7.89397],[-67.96908,7.89372],[-67.96587,7.90045],[-67.9453,7.91003],[-67.93793,7.90852],[-67.93436,7.90316],[-67.90451,7.89038],[-67.89832,7.89175],[-67.89523,7.89703],[-67.88881,7.8978],[-67.88146,7.89316],[-67.87511,7.88192],[-67.86721,7.87968],[-67.86134,7.88826],[-67.8552,7.88248],[-67.84882,7.88674],[-67.84991,7.89479],[-67.84407,7.90716],[-67.83672,7.90408],[-67.83144,7.91381],[-67.83267,7.9188],[-67.82322,7.92364],[-67.81206,7.91575],[-67.80085,7.91369],[-67.79925,7.92029],[-67.78679,7.91877],[-67.77969,7.91257],[-67.7664,7.90899],[-67.75965,7.90453],[-67.7562,7.90969],[-67.74052,7.91357],[-67.73413,7.918],[-67.72736,7.91715],[-67.72075,7.9095],[-67.70911,7.91146],[-67.70182,7.91679],[-67.69577,7.91498],[-67.68913,7.92115],[-67.68295,7.93117],[-67.68535,7.93953],[-67.67891,7.94408],[-67.66349,7.94405],[-67.66039,7.94134],[-67.66585,7.93264],[-67.6598,7.93082],[-67.64688,7.93446],[-67.64212,7.93811],[-67.6458,7.94479],[-67.64503,7.9517],[-67.65019,7.95994],[-67.64212,7.9646],[-67.62495,7.96745],[-67.61924,7.97014],[-67.60157,7.98374],[-67.59395,7.98438],[-67.59242,7.97957],[-67.5796,7.96945],[-67.57551,7.9618],[-67.56518,7.95571],[-67.56061,7.94795],[-67.54937,7.94329],[-67.53504,7.94316],[-67.51605,7.95032],[-67.50279,7.95286],[-67.5038,7.95864],[-67.51432,7.97313],[-67.52939,7.97692],[-67.55137,7.97319],[-67.55547,7.98242],[-67.57157,7.99075],[-67.55948,8.00382],[-67.56087,8.01092],[-67.57187,8.00878],[-67.57824,8.02346],[-67.59416,8.02944],[-67.58819,8.03472],[-67.60219,8.03956],[-67.60038,8.04989],[-67.58983,8.0492],[-67.58519,8.04276],[-67.57877,8.04359],[-67.58731,8.05737],[-67.58009,8.06161],[-67.57521,8.07236],[-67.57608,8.07777],[-67.58278,8.08854],[-67.58744,8.09137],[-67.60434,8.09394],[-67.61489,8.08772],[-67.62789,8.08943],[-67.62811,8.09328],[-67.61783,8.09601],[-67.61671,8.10154],[-67.62398,8.10967],[-67.62857,8.12278],[-67.64034,8.1299],[-67.65848,8.13601],[-67.66404,8.14017],[-67.66368,8.14912],[-67.67469,8.15395],[-67.66915,8.16529],[-67.66725,8.18121],[-67.67919,8.19007],[-67.67996,8.20149],[-67.68975,8.20031],[-67.69501,8.20242],[-67.70168,8.21986],[-67.70668,8.22684],[-67.75106,8.23127],[-67.75556,8.22299],[-67.76189,8.21801],[-67.77053,8.21839],[-67.7772,8.24587],[-67.78448,8.25297],[-67.78761,8.26968],[-67.79416,8.26933],[-67.79183,8.25749],[-67.7972,8.25378],[-67.80945,8.26155],[-67.81939,8.25659],[-67.83244,8.2616],[-67.82759,8.26934],[-67.82906,8.28455],[-67.83533,8.29003],[-67.84198,8.28728],[-67.84251,8.30717],[-67.85968,8.31765],[-67.86148,8.30834],[-67.87032,8.30578],[-67.87689,8.30086],[-67.88082,8.30604],[-67.86845,8.31737],[-67.85291,8.33495],[-67.85431,8.34997],[-67.85983,8.35172],[-67.86629,8.34633],[-67.87404,8.34448],[-67.8867,8.34631],[-67.90498,8.37086],[-67.89937,8.37523],[-67.90312,8.38029],[-67.90962,8.37928],[-67.92238,8.37335],[-67.93338,8.37217],[-67.93928,8.38858],[-67.95025,8.39257],[-67.95518,8.40153],[-67.96342,8.40845],[-67.95807,8.42016],[-67.96838,8.42421],[-67.97326,8.43124],[-67.98397,8.43691],[-67.99076,8.43734],[-67.98782,8.44701],[-67.9744,8.4509],[-67.97186,8.4548],[-67.97292,8.46844],[-67.99828,8.46602],[-68.00807,8.47511],[-67.99924,8.48579],[-68.01783,8.49177],[-68.01483,8.50084],[-68.0207,8.51358],[-68.01991,8.52614],[-68.0257,8.5318],[-68.0325,8.53329]]]},"properties":{"municipio":"Arismendi","estado":"BARINAS"}},{"type":"Feature","geometry":{"type":"Polygon","coordinates":[[[-69.19013,8.49447],[-69.20195,8.49737],[-69.20778,8.50901],[-69.20625,8.51403],[-69.22172,8.51986],[-69.22248,8.53125],[-69.22879,8.53128],[-69.23512,8.53573],[-69.2429,8.53642],[-69.25353,8.5328],[-69.26498,8.5358],[-69.2814,8.53297],[-69.28754,8.52823],[-69.30008,8.52809],[-69.30605,8.5337],[-69.31143,8.52935],[-69.36182,8.52984],[-69.37797,8.53426],[-69.38525,8.53155],[-69.39753,8.53403],[-69.40541,8.54195],[-69.40824,8.5527],[-69.41202,8.55772],[-69.41688,8.5716],[-69.42516,8.573],[-69.43113,8.57809],[-69.43132,8.5848],[-69.44124,8.59837],[-69.45174,8.59641],[-69.46647,8.59737],[-69.47237,8.58989],[-69.48724,8.59458],[-69.48812,8.60527],[-69.48631,8.61374],[-69.498,8.62659],[-69.50571,8.6317],[-69.51096,8.63011],[-69.51411,8.63734],[-69.5206,8.64215],[-69.52419,8.64891],[-69.52944,8.65131],[-69.47705,8.53314],[-69.48632,8.2627],[-69.50106,8.23073],[-69.51592,8.20294],[-69.51357,8.19421],[-69.52571,8.17691],[-69.52617,8.16701],[-69.52344,8.1595],[-69.51715,8.15734],[-69.51665,8.14773],[-69.51014,8.14101],[-69.50695,8.1281],[-69.49098,8.11507],[-69.48325,8.11183],[-69.47472,8.09964],[-69.46767,8.09358],[-69.47155,8.08487],[-69.47067,8.07953],[-69.46427,8.07526],[-69.44959,8.07028],[-69.44399,8.07401],[-69.4377,8.07113],[-69.43127,8.07287],[-69.4298,8.06626],[-69.42041,8.06704],[-69.40572,8.06542],[-69.39446,8.05996],[-69.38281,8.04975],[-69.37855,8.04909],[-69.36538,8.05437],[-69.34169,8.05257],[-69.3292,8.05365],[-69.30239,8.05076],[-69.29152,8.0531],[-69.28214,8.05748],[-69.26833,8.05778],[-69.2569,8.06456],[-69.24685,8.05747],[-69.21566,8.06743],[-69.1975,8.06334],[-69.18499,8.05678],[-69.17509,8.05522],[-69.16776,8.04663],[-69.15942,8.04488],[-69.14872,8.0492],[-69.137,8.04108],[-69.13601,8.03574],[-69.12346,8.02624],[-69.12247,8.00883],[-69.1194,7.99759],[-69.11512,7.99123],[-69.10889,7.98942],[-69.10413,7.99338],[-69.08844,7.99787],[-69.08094,7.99781],[-69.07218,7.98759],[-69.05526,7.97551],[-69.04682,7.9713],[-69.03894,7.97567],[-69.03522,7.99813],[-69.02445,8.00299],[-69.0172,8.00124],[-69.0101,7.99499],[-69.00104,7.99354],[-68.99419,7.99605],[-68.9804,8.00619],[-68.97362,8.0048],[-68.95952,7.99367],[-68.95653,7.98178],[-68.95576,7.96995],[-68.93283,7.95065],[-68.93809,7.93306],[-68.93702,7.9196],[-68.92612,7.91677],[-68.91766,7.9176],[-68.89536,7.91355],[-68.8847,7.90051],[-68.87261,7.89539],[-68.86082,7.90084],[-68.85093,7.90064],[-68.83034,7.89329],[-68.82006,7.89335],[-68.80532,7.89747],[-68.79072,7.89061],[-68.78472,7.89096],[-68.76489,7.90726],[-68.75577,7.90701],[-68.74069,7.90152],[-68.72022,7.90335],[-68.7127,7.90748],[-68.69484,7.92343],[-68.66842,7.92813],[-68.64958,7.93824],[-68.63516,7.95053],[-68.62879,7.958],[-68.64076,7.95712],[-68.66353,7.99043],[-68.67703,8.00889],[-68.70914,8.05531],[-68.73121,8.08795],[-68.76452,8.13611],[-68.77416,8.13104],[-68.77314,8.11998],[-68.78076,8.1218],[-68.79019,8.11947],[-68.79677,8.11329],[-68.80372,8.11523],[-68.81376,8.11308],[-68.82175,8.1045],[-68.81791,8.09981],[-68.82776,8.09244],[-68.83804,8.0921],[-68.84568,8.09708],[-68.84903,8.09208],[-68.85622,8.09279],[-68.86797,8.10593],[-68.869,8.11378],[-68.87663,8.11307],[-68.88534,8.1223],[-68.88582,8.13612],[-68.89158,8.13677],[-68.8931,8.15064],[-68.90301,8.15335],[-68.9199,8.15433],[-68.91861,8.16161],[-68.92421,8.16316],[-68.92656,8.17089],[-68.93189,8.17479],[-68.94488,8.17758],[-68.94698,8.18476],[-68.95367,8.18417],[-68.95961,8.19266],[-68.95914,8.19871],[-68.96199,8.21536],[-68.96628,8.2294],[-68.98008,8.23502],[-68.99797,8.24956],[-69.00721,8.24913],[-69.00701,8.25586],[-69.01415,8.25805],[-69.01813,8.26331],[-69.03329,8.27107],[-69.03443,8.27723],[-69.04887,8.28313],[-69.05753,8.28858],[-69.06317,8.28608],[-69.07124,8.29032],[-69.07143,8.29703],[-69.08625,8.29764],[-69.08978,8.29262],[-69.09898,8.29046],[-69.09653,8.29867],[-69.09232,8.29941],[-69.09684,8.31501],[-69.10146,8.31866],[-69.10253,8.32729],[-69.1076,8.33491],[-69.11431,8.33536],[-69.12309,8.34026],[-69.12735,8.34707],[-69.13258,8.34842],[-69.14036,8.35618],[-69.14341,8.36908],[-69.13806,8.379],[-69.13427,8.39485],[-69.13584,8.40582],[-69.12102,8.41367],[-69.11578,8.41212],[-69.11352,8.42466],[-69.11562,8.43489],[-69.13177,8.43675],[-69.12975,8.44272],[-69.14091,8.44781],[-69.14693,8.44246],[-69.16616,8.44351],[-69.17715,8.46321],[-69.17715,8.47208],[-69.19007,8.48082],[-69.19013,8.49447]]]},"properties":{"municipio":"Sosa","estado":"BARINAS"}},{"type":"Feature","geometry":{"type":"Polygon","coordinates":[[[-69.57347,8.72009],[-69.57759,8.72731],[-69.60396,8.73128],[-69.61045,8.72976],[-69.61921,8.73316],[-69.63413,8.72917],[-69.64448,8.72909],[-69.65024,8.72381],[-69.66468,8.71874],[-69.65904,8.71244],[-69.6633,8.70649],[-69.67082,8.71589],[-69.67777,8.71777],[-69.68838,8.70865],[-69.70818,8.71558],[-69.71722,8.71227],[-69.71972,8.72146],[-69.72438,8.72398],[-69.73312,8.7205],[-69.74592,8.73564],[-69.75245,8.73486],[-69.75216,8.69055],[-69.78793,8.68432],[-69.82664,8.67677],[-69.84555,8.64896],[-69.92549,8.60725],[-69.91027,8.60242],[-69.89765,8.5959],[-69.89225,8.59656],[-69.88336,8.58791],[-69.88302,8.57505],[-69.87269,8.57103],[-69.86927,8.56598],[-69.86683,8.55121],[-69.86118,8.54632],[-69.86383,8.54142],[-69.8594,8.52838],[-69.85058,8.51961],[-69.83798,8.51276],[-69.8384,8.50885],[-69.83217,8.50002],[-69.83163,8.4939],[-69.82311,8.48975],[-69.82084,8.47846],[-69.81713,8.47179],[-69.81978,8.46714],[-69.81673,8.45447],[-69.818,8.44939],[-69.81339,8.43935],[-69.80422,8.42475],[-69.80548,8.42193],[-69.79294,8.41508],[-69.78947,8.40625],[-69.78204,8.39567],[-69.77616,8.39249],[-69.77233,8.38432],[-69.76031,8.38659],[-69.75467,8.38287],[-69.74002,8.38022],[-69.73245,8.38442],[-69.71847,8.38002],[-69.7049,8.37335],[-69.69837,8.36481],[-69.6884,8.36457],[-69.68559,8.35892],[-69.67498,8.35008],[-69.65559,8.34346],[-69.65014,8.33504],[-69.64295,8.32951],[-69.6358,8.32758],[-69.63056,8.3089],[-69.63237,8.30253],[-69.62367,8.29736],[-69.61779,8.29832],[-69.616,8.28846],[-69.60599,8.28017],[-69.59855,8.27788],[-69.5948,8.26322],[-69.58485,8.25444],[-69.57738,8.23965],[-69.56599,8.22973],[-69.56588,8.22348],[-69.55846,8.21182],[-69.54425,8.20556],[-69.53512,8.20933],[-69.51592,8.20294],[-69.50106,8.23073],[-69.48632,8.2627],[-69.47705,8.53314],[-69.52944,8.65131],[-69.54038,8.66085],[-69.54724,8.66299],[-69.54456,8.66894],[-69.54901,8.67296],[-69.5466,8.68148],[-69.55522,8.68874],[-69.56788,8.6934],[-69.57092,8.69709],[-69.57054,8.70642],[-69.57477,8.71423],[-69.57346,8.72008],[-69.57347,8.72009]]]},"properties":{"municipio":"Rojas","estado":"BARINAS"}},{"type":"Feature","geometry":{"type":"Polygon","coordinates":[[[-70.33446,8.73851],[-70.35299,8.7169],[-70.36405,8.71746],[-70.36806,8.72498],[-70.37516,8.72091],[-70.38764,8.72631],[-70.39786,8.72652],[-70.40703,8.73789],[-70.42037,8.73924],[-70.42329,8.72435],[-70.43053,8.71481],[-70.43884,8.70744],[-70.4464,8.69099],[-70.44359,8.68522],[-70.45328,8.67749],[-70.46934,8.67193],[-70.47091,8.66779],[-70.4633,8.65858],[-70.45525,8.66079],[-70.45743,8.65154],[-70.45601,8.6436],[-70.46018,8.63256],[-70.46709,8.63437],[-70.47182,8.61456],[-70.47593,8.60555],[-70.47867,8.58946],[-70.48307,8.5843],[-70.48968,8.56722],[-70.49799,8.5622],[-70.48878,8.54544],[-70.4882,8.53742],[-70.48343,8.52294],[-70.47525,8.5276],[-70.46025,8.5191],[-70.45727,8.51275],[-70.44587,8.50808],[-70.43653,8.49515],[-70.42501,8.49155],[-70.40986,8.49321],[-70.41313,8.48651],[-70.40859,8.47586],[-70.39636,8.46771],[-70.39194,8.45933],[-70.38452,8.45191],[-70.38611,8.44102],[-70.37088,8.43335],[-70.34663,8.42602],[-70.33921,8.41728],[-70.32659,8.41918],[-70.31795,8.41606],[-70.31353,8.40936],[-70.30187,8.41293],[-70.29266,8.40048],[-70.27898,8.39472],[-70.27208,8.39369],[-70.26514,8.38424],[-70.25818,8.38302],[-70.25659,8.3722],[-70.24577,8.37548],[-70.23967,8.3668],[-70.23958,8.3601],[-70.23261,8.35961],[-70.23354,8.35219],[-70.226,8.34441],[-70.21783,8.34434],[-70.21601,8.34978],[-70.20899,8.34768],[-70.21496,8.34074],[-70.21637,8.33195],[-70.22175,8.18613],[-70.2116,8.1702],[-70.20139,8.17084],[-70.19292,8.15569],[-70.19361,8.14833],[-70.16736,8.13758],[-70.15068,8.11973],[-70.14168,8.1184],[-70.13387,8.12102],[-70.12327,8.11484],[-70.12251,8.10885],[-70.11171,8.10925],[-70.10561,8.10338],[-70.09751,8.10193],[-70.0883,8.09414],[-70.07985,8.10591],[-70.06573,8.09547],[-70.06732,8.08806],[-70.06102,8.08589],[-70.06099,8.07841],[-70.05513,8.07445],[-70.05318,8.06499],[-70.03825,8.06257],[-70.04055,8.05677],[-70.02983,8.05184],[-70.01918,8.04452],[-70.01525,8.03805],[-69.99505,8.03041],[-69.98575,8.01771],[-69.97605,8.02113],[-69.97335,8.01044],[-69.96037,8.00198],[-69.95461,8.00137],[-69.94763,7.99256],[-69.93303,7.99283],[-69.92666,7.99856],[-69.91979,7.99208],[-69.9087,7.98817],[-69.90459,7.97859],[-69.89643,7.97803],[-69.88711,7.96921],[-69.87083,7.96456],[-69.86042,7.95718],[-69.84316,7.96576],[-69.83453,7.96221],[-69.81649,7.96971],[-69.80745,7.96783],[-69.79542,7.95906],[-69.77605,7.97212],[-69.76536,7.97263],[-69.76004,7.96664],[-69.74579,7.96768],[-69.73847,7.96269],[-69.72475,7.9629],[-69.70392,7.95704],[-69.69922,7.94942],[-69.69125,7.94671],[-69.67441,7.94606],[-69.66939,7.9418],[-69.65294,7.94439],[-69.64577,7.95017],[-69.63442,7.94829],[-69.62176,7.94927],[-69.61724,7.95273],[-69.60664,7.94863],[-69.58087,7.94585],[-69.58028,7.93326],[-69.56835,7.93159],[-69.56264,7.93391],[-69.55931,7.95197],[-69.54832,7.95746],[-69.54378,7.96489],[-69.54504,7.97654],[-69.53332,7.99203],[-69.52218,7.99936],[-69.50338,7.99977],[-69.48281,8.01245],[-69.47644,8.02641],[-69.46331,8.03776],[-69.46019,8.04455],[-69.45267,8.04857],[-69.44982,8.05482],[-69.45877,8.05842],[-69.46421,8.06389],[-69.47996,8.07115],[-69.4884,8.07715],[-69.5059,8.08165],[-69.51391,8.0906],[-69.52475,8.09438],[-69.53348,8.08819],[-69.53784,8.09305],[-69.54565,8.09281],[-69.55276,8.09821],[-69.57752,8.10529],[-69.58317,8.10421],[-69.58963,8.10859],[-69.59068,8.11579],[-69.60612,8.12809],[-69.61973,8.13247],[-69.62863,8.12832],[-69.64824,8.13113],[-69.65555,8.13569],[-69.65817,8.15551],[-69.67317,8.15796],[-69.68538,8.1511],[-69.69591,8.16076],[-69.69774,8.16803],[-69.70796,8.17805],[-69.71446,8.1754],[-69.72531,8.1772],[-69.72893,8.17245],[-69.73529,8.17574],[-69.73916,8.18415],[-69.73822,8.19262],[-69.75872,8.20203],[-69.76497,8.20112],[-69.77375,8.21318],[-69.78222,8.21011],[-69.7899,8.2113],[-69.79163,8.21581],[-69.80767,8.22948],[-69.81356,8.22665],[-69.82521,8.2261],[-69.83612,8.23119],[-69.84017,8.24079],[-69.84824,8.24937],[-69.85364,8.25129],[-69.86279,8.2613],[-69.87207,8.26814],[-69.88095,8.27083],[-69.89184,8.26487],[-69.8983,8.27063],[-69.90556,8.2732],[-69.91477,8.28304],[-69.91337,8.29042],[-69.92061,8.29864],[-69.92625,8.29845],[-69.92749,8.30704],[-69.94399,8.3102],[-69.94066,8.31783],[-69.95128,8.32196],[-69.95186,8.32826],[-69.9597,8.3372],[-69.96804,8.33862],[-69.96668,8.3516],[-69.9777,8.36005],[-69.97815,8.37133],[-69.98392,8.38814],[-69.9851,8.39654],[-69.97902,8.39998],[-69.98774,8.4184],[-69.9947,8.41893],[-69.99547,8.42463],[-70.01397,8.43052],[-70.01335,8.43761],[-70.02492,8.44798],[-70.03069,8.44341],[-70.03824,8.45132],[-70.04026,8.45888],[-70.0502,8.47045],[-70.05494,8.47026],[-70.06314,8.4831],[-70.0654,8.49024],[-70.08392,8.50516],[-70.08876,8.5162],[-70.08429,8.52449],[-70.09286,8.53132],[-70.09363,8.5369],[-70.10227,8.54181],[-70.10183,8.5465],[-70.11852,8.55355],[-70.12412,8.56016],[-70.12056,8.56503],[-70.14113,8.57964],[-70.14785,8.58728],[-70.15189,8.5989],[-70.16176,8.5967],[-70.16679,8.60041],[-70.16724,8.60873],[-70.1738,8.60629],[-70.18535,8.6197],[-70.19862,8.62487],[-70.20855,8.63697],[-70.2419,8.65657],[-70.26696,8.6764],[-70.27182,8.67736],[-70.27629,8.69065],[-70.28444,8.69664],[-70.28293,8.70059],[-70.29204,8.70958],[-70.30077,8.72035],[-70.3117,8.72604],[-70.31722,8.73222],[-70.3266,8.73347],[-70.33446,8.73851]]]},"properties":{"municipio":"Barinas","estado":"BARINAS"}},{"type":"Feature","geometry":{"type":"Polygon","coordinates":[[[-70.04491,8.71417],[-70.04979,8.71256],[-70.06875,8.72085],[-70.07099,8.71618],[-70.0807,8.72332],[-70.10179,8.727],[-70.10427,8.72389],[-70.11923,8.72451],[-70.13331,8.72196],[-70.13694,8.71484],[-70.14318,8.71814],[-70.14495,8.70911],[-70.16004,8.70985],[-70.17797,8.72082],[-70.17784,8.72561],[-70.18933,8.72305],[-70.20174,8.73216],[-70.20363,8.74173],[-70.21121,8.73893],[-70.22315,8.74666],[-70.21994,8.7545],[-70.2316,8.75511],[-70.24,8.75895],[-70.24891,8.7562],[-70.25254,8.76626],[-70.29204,8.70958],[-70.28293,8.70059],[-70.28444,8.69664],[-70.27629,8.69065],[-70.27182,8.67736],[-70.26696,8.6764],[-70.2419,8.65657],[-70.20855,8.63697],[-70.19862,8.62487],[-70.18535,8.6197],[-70.1738,8.60629],[-70.16724,8.60873],[-70.16679,8.60041],[-70.16176,8.5967],[-70.15189,8.5989],[-70.14785,8.58728],[-70.14113,8.57964],[-70.12056,8.56503],[-70.12412,8.56016],[-70.11852,8.55355],[-70.10183,8.5465],[-70.10227,8.54181],[-70.09363,8.5369],[-70.09286,8.53132],[-70.08429,8.52449],[-70.08876,8.5162],[-70.08392,8.50516],[-70.0654,8.49024],[-70.06314,8.4831],[-70.05494,8.47026],[-70.0502,8.47045],[-70.04026,8.45888],[-70.03824,8.45132],[-70.03069,8.44341],[-70.02492,8.44798],[-70.01335,8.43761],[-70.01397,8.43052],[-69.99547,8.42463],[-69.9947,8.41893],[-69.98774,8.4184],[-69.97902,8.39998],[-69.9851,8.39654],[-69.98392,8.38814],[-69.97815,8.37133],[-69.9777,8.36005],[-69.96668,8.3516],[-69.96804,8.33862],[-69.9597,8.3372],[-69.95186,8.32826],[-69.95128,8.32196],[-69.94066,8.31783],[-69.94399,8.3102],[-69.92749,8.30704],[-69.92625,8.29845],[-69.92061,8.29864],[-69.91337,8.29042],[-69.91477,8.28304],[-69.90556,8.2732],[-69.8983,8.27063],[-69.89184,8.26487],[-69.88095,8.27083],[-69.87207,8.26814],[-69.86279,8.2613],[-69.85364,8.25129],[-69.84824,8.24937],[-69.84017,8.24079],[-69.83612,8.23119],[-69.82521,8.2261],[-69.81356,8.22665],[-69.80767,8.22948],[-69.79163,8.21581],[-69.7899,8.2113],[-69.78222,8.21011],[-69.77375,8.21318],[-69.76497,8.20112],[-69.75872,8.20203],[-69.73822,8.19262],[-69.73916,8.18415],[-69.73529,8.17574],[-69.72893,8.17245],[-69.72531,8.1772],[-69.71446,8.1754],[-69.70796,8.17805],[-69.69774,8.16803],[-69.69591,8.16076],[-69.68538,8.1511],[-69.67317,8.15796],[-69.65817,8.15551],[-69.65555,8.13569],[-69.64824,8.13113],[-69.62863,8.12832],[-69.61973,8.13247],[-69.60612,8.12809],[-69.59068,8.11579],[-69.58963,8.10859],[-69.58317,8.10421],[-69.57752,8.10529],[-69.55276,8.09821],[-69.54565,8.09281],[-69.53784,8.09305],[-69.53348,8.08819],[-69.52475,8.09438],[-69.51391,8.0906],[-69.5059,8.08165],[-69.4884,8.07715],[-69.47996,8.07115],[-69.46421,8.06389],[-69.45877,8.05842],[-69.44982,8.05482],[-69.43778,8.06621],[-69.4298,8.06626],[-69.43127,8.07287],[-69.4377,8.07113],[-69.44399,8.07401],[-69.44959,8.07028],[-69.46427,8.07526],[-69.47067,8.07953],[-69.47155,8.08487],[-69.46767,8.09358],[-69.47472,8.09964],[-69.48325,8.11183],[-69.49098,8.11507],[-69.50695,8.1281],[-69.51014,8.14101],[-69.51665,8.14773],[-69.51715,8.15734],[-69.52344,8.1595],[-69.52617,8.16701],[-69.52571,8.17691],[-69.51357,8.19421],[-69.51592,8.20294],[-69.53512,8.20933],[-69.54425,8.20556],[-69.55846,8.21182],[-69.56588,8.22348],[-69.56599,8.22973],[-69.57738,8.23965],[-69.58485,8.25444],[-69.5948,8.26322],[-69.59855,8.27788],[-69.60599,8.28017],[-69.616,8.28846],[-69.61779,8.29832],[-69.62367,8.29736],[-69.63237,8.30253],[-69.63056,8.3089],[-69.6358,8.32758],[-69.64295,8.32951],[-69.65014,8.33504],[-69.65559,8.34346],[-69.67498,8.35008],[-69.68559,8.35892],[-69.6884,8.36457],[-69.69837,8.36481],[-69.7049,8.37335],[-69.71847,8.38002],[-69.73245,8.38442],[-69.74002,8.38022],[-69.75467,8.38287],[-69.76031,8.38659],[-69.77233,8.38432],[-69.77616,8.39249],[-69.78204,8.39567],[-69.78947,8.40625],[-69.79294,8.41508],[-69.80548,8.42193],[-69.80422,8.42475],[-69.81339,8.43935],[-69.818,8.44939],[-69.81673,8.45447],[-69.81978,8.46714],[-69.81713,8.47179],[-69.82084,8.47846],[-69.82311,8.48975],[-69.83163,8.4939],[-69.83217,8.50002],[-69.8384,8.50885],[-69.83798,8.51276],[-69.85058,8.51961],[-69.8594,8.52838],[-69.86383,8.54142],[-69.86118,8.54632],[-69.86683,8.55121],[-69.86927,8.56598],[-69.87269,8.57103],[-69.88302,8.57505],[-69.88336,8.58791],[-69.89225,8.59656],[-69.89765,8.5959],[-69.91027,8.60242],[-69.92549,8.60725],[-69.93455,8.60744],[-69.94848,8.61193],[-69.96382,8.62511],[-69.9644,8.63166],[-69.97005,8.63285],[-69.98138,8.64118],[-69.98739,8.64021],[-69.98797,8.64807],[-70.00087,8.6561],[-70.00211,8.66312],[-70.00788,8.66287],[-70.00658,8.67452],[-70.01185,8.68276],[-70.02427,8.689],[-70.02697,8.7045],[-70.04181,8.70872],[-70.04491,8.71417]]]},"properties":{"municipio":"Obispos","estado":"BARINAS"}},{"type":"Feature","geometry":{"type":"Polygon","coordinates":[[[-70.48307,8.5843],[-70.48492,8.59181],[-70.49062,8.59332],[-70.50553,8.61079],[-70.51058,8.60964],[-70.52781,8.61636],[-70.5302,8.62056],[-70.54545,8.62637],[-70.55429,8.62558],[-70.55541,8.63351],[-70.5634,8.6374],[-70.57085,8.63614],[-70.5815,8.62814],[-70.59997,8.62086],[-70.61108,8.62337],[-70.62055,8.63579],[-70.6281,8.64287],[-70.63523,8.65319],[-70.64473,8.66286],[-70.65298,8.6789],[-70.66129,8.69006],[-70.67245,8.69512],[-70.68581,8.71744],[-70.69423,8.71662],[-70.69401,8.72956],[-70.69635,8.74038],[-70.7001,8.74379],[-70.69884,8.76636],[-70.70474,8.76906],[-70.72002,8.75363],[-70.73315,8.74973],[-70.74093,8.74273],[-70.75745,8.72103],[-70.75197,8.71217],[-70.74346,8.70468],[-70.73499,8.70513],[-70.72628,8.69902],[-70.7091,8.68004],[-70.70536,8.67791],[-70.71593,8.66435],[-70.71474,8.65202],[-70.71963,8.64002],[-70.72519,8.63255],[-70.73655,8.63225],[-70.74459,8.62852],[-70.75543,8.61684],[-70.77852,8.60779],[-70.78904,8.61242],[-70.79515,8.60611],[-70.81514,8.59911],[-70.81934,8.60264],[-70.8285,8.60106],[-70.83376,8.59501],[-70.82441,8.5955],[-70.82318,8.57834],[-70.81006,8.56083],[-70.80977,8.55128],[-70.80165,8.55663],[-70.79416,8.5483],[-70.78438,8.54213],[-70.77533,8.53068],[-70.77438,8.52491],[-70.76508,8.51532],[-70.75662,8.51371],[-70.75284,8.50771],[-70.75238,8.49913],[-70.74583,8.49998],[-70.738,8.47981],[-70.73397,8.45244],[-70.7323,8.44842],[-70.72162,8.44189],[-70.71738,8.43043],[-70.70874,8.42527],[-70.70822,8.41783],[-70.69645,8.41346],[-70.69083,8.40482],[-70.68393,8.40117],[-70.6831,8.39528],[-70.67693,8.38935],[-70.69516,8.37156],[-70.69711,8.36027],[-70.69168,8.35841],[-70.68681,8.34725],[-70.67517,8.34174],[-70.66613,8.33034],[-70.65043,8.32236],[-70.63109,8.31492],[-70.61829,8.29925],[-70.61186,8.27919],[-70.58866,8.26903],[-70.58297,8.26385],[-70.57498,8.26642],[-70.57658,8.25354],[-70.57033,8.25521],[-70.5622,8.24418],[-70.55965,8.23623],[-70.5665,8.2153],[-70.56015,8.21035],[-70.55247,8.21081],[-70.54374,8.19948],[-70.5448,8.18858],[-70.53934,8.18707],[-70.52095,8.17613],[-70.52075,8.16433],[-70.51186,8.16293],[-70.51138,8.15622],[-70.51626,8.14751],[-70.51523,8.13418],[-70.50532,8.12117],[-70.50633,8.11717],[-70.49715,8.10733],[-70.48242,8.09857],[-70.48173,8.0887],[-70.47158,8.07603],[-70.4682,8.0629],[-70.46758,8.05128],[-70.46143,8.04459],[-70.46257,8.02677],[-70.46094,8.01322],[-70.4527,8.00213],[-70.44946,8.0023],[-70.44057,7.98868],[-70.43115,7.98757],[-70.42895,7.98419],[-70.41946,7.98724],[-70.41348,7.97952],[-70.40516,7.97438],[-70.40102,7.97509],[-70.38951,7.9564],[-70.37353,7.94589],[-70.36876,7.93925],[-70.36879,7.93059],[-70.37266,7.9241],[-70.36213,7.91727],[-70.36191,7.9107],[-70.35678,7.90419],[-70.34983,7.90254],[-70.34236,7.89434],[-70.33921,7.88632],[-70.33137,7.88197],[-70.32663,7.88394],[-70.32091,7.87375],[-70.32447,7.86708],[-70.31612,7.85652],[-70.31162,7.85699],[-70.30385,7.84938],[-70.30497,7.83879],[-70.2987,7.81764],[-70.29911,7.80602],[-70.30519,7.80044],[-70.31107,7.79938],[-70.31948,7.78122],[-70.3249,7.77533],[-70.33214,7.77957],[-70.34366,7.77984],[-70.35198,7.78384],[-70.3666,7.78785],[-70.36554,7.78189],[-70.37313,7.77239],[-70.37684,7.77415],[-70.37248,7.7866],[-70.38496,7.78537],[-70.39079,7.78207],[-70.38656,7.7752],[-70.39013,7.76702],[-70.39795,7.7609],[-70.40603,7.76339],[-70.41852,7.75903],[-70.42785,7.76483],[-70.4307,7.77248],[-70.43843,7.77503],[-70.43846,7.78424],[-70.45837,7.78405],[-70.46161,7.79742],[-70.46672,7.79491],[-70.48233,7.80722],[-70.49529,7.80581],[-70.5016,7.80251],[-70.50981,7.80452],[-70.53151,7.80493],[-70.53981,7.79995],[-70.54308,7.80839],[-70.55474,7.80029],[-70.55931,7.81336],[-70.56728,7.81597],[-70.5727,7.80984],[-70.57987,7.81563],[-70.58224,7.82491],[-70.58818,7.82311],[-70.60261,7.81447],[-70.60756,7.82249],[-70.61401,7.82568],[-70.62315,7.82582],[-70.63191,7.83235],[-70.63706,7.81946],[-70.65363,7.8195],[-70.65812,7.82344],[-70.66359,7.8187],[-70.67137,7.82142],[-70.68001,7.82766],[-70.70277,7.83094],[-70.70507,7.82766],[-70.71867,7.82499],[-70.7291,7.83047],[-70.72818,7.65523],[-70.73015,7.44035],[-70.73112,7.3307],[-70.72368,7.32301],[-70.71185,7.33367],[-70.70579,7.33299],[-70.69732,7.3369],[-70.69746,7.34182],[-70.68866,7.34766],[-70.67601,7.35],[-70.66727,7.34786],[-70.65717,7.35831],[-70.64662,7.35625],[-70.63881,7.36074],[-70.6282,7.35625],[-70.61698,7.35662],[-70.61208,7.36271],[-70.60476,7.36274],[-70.59194,7.36838],[-70.57737,7.36172],[-70.56965,7.36911],[-70.56233,7.3665],[-70.54652,7.37553],[-70.53841,7.37855],[-70.53151,7.37592],[-70.52496,7.36834],[-70.51699,7.36605],[-70.50871,7.37282],[-70.50826,7.38452],[-70.51368,7.40039],[-70.51126,7.40939],[-70.49849,7.41541],[-70.48571,7.41947],[-70.46534,7.41769],[-70.44667,7.41942],[-70.4367,7.42302],[-70.41721,7.43809],[-70.40446,7.43836],[-70.38751,7.44967],[-70.38154,7.45866],[-70.37878,7.46847],[-70.37335,7.47811],[-70.36062,7.48498],[-70.36005,7.49965],[-70.36215,7.51324],[-70.35765,7.52185],[-70.35841,7.52875],[-70.34999,7.53936],[-70.34558,7.54819],[-70.34275,7.56282],[-70.32292,7.57131],[-70.32254,7.57688],[-70.32727,7.59214],[-70.32062,7.60181],[-70.3151,7.603],[-70.30582,7.59872],[-70.29776,7.60963],[-70.28427,7.60659],[-70.27054,7.6077],[-70.26056,7.61423],[-70.24859,7.60479],[-70.2372,7.60166],[-70.2235,7.5916],[-70.21192,7.5907],[-70.2095,7.59877],[-70.2033,7.60659],[-70.18852,7.61508],[-70.17249,7.61444],[-70.16486,7.62289],[-70.1612,7.63243],[-70.15106,7.64801],[-70.15589,7.66441],[-70.148,7.67412],[-70.14588,7.68222],[-70.1143,7.69139],[-70.11041,7.70537],[-70.0987,7.70972],[-70.09177,7.72057],[-70.08607,7.72224],[-70.06891,7.72279],[-70.05997,7.72469],[-70.04908,7.73271],[-70.04318,7.74122],[-70.03759,7.74409],[-70.0224,7.74693],[-70.01268,7.74684],[-69.99782,7.74307],[-69.99014,7.74371],[-69.97241,7.75213],[-69.9666,7.75055],[-69.95657,7.73574],[-69.94937,7.73608],[-69.94504,7.7455],[-69.939,7.74998],[-69.92608,7.75505],[-69.92052,7.76704],[-69.90608,7.77961],[-69.90155,7.78962],[-69.92026,7.7828],[-69.92118,7.79268],[-69.93249,7.79199],[-69.93911,7.80175],[-69.96108,7.79157],[-69.96938,7.7983],[-69.97549,7.80626],[-69.98969,7.81544],[-70.00116,7.81259],[-70.00231,7.80251],[-70.12201,7.93738],[-70.0883,8.09414],[-70.09751,8.10193],[-70.10561,8.10338],[-70.11171,8.10925],[-70.12251,8.10885],[-70.12327,8.11484],[-70.13387,8.12102],[-70.14168,8.1184],[-70.15068,8.11973],[-70.16736,8.13758],[-70.19361,8.14833],[-70.19292,8.15569],[-70.20139,8.17084],[-70.2116,8.1702],[-70.22175,8.18613],[-70.21637,8.33195],[-70.21496,8.34074],[-70.20899,8.34768],[-70.21601,8.34978],[-70.21783,8.34434],[-70.226,8.34441],[-70.23354,8.35219],[-70.23261,8.35961],[-70.23958,8.3601],[-70.23967,8.3668],[-70.24577,8.37548],[-70.25659,8.3722],[-70.25818,8.38302],[-70.26514,8.38424],[-70.27208,8.39369],[-70.27898,8.39472],[-70.29266,8.40048],[-70.30187,8.41293],[-70.31353,8.40936],[-70.31795,8.41606],[-70.32659,8.41918],[-70.33921,8.41728],[-70.34663,8.42602],[-70.37088,8.43335],[-70.38611,8.44102],[-70.38452,8.45191],[-70.39194,8.45933],[-70.39636,8.46771],[-70.40859,8.47586],[-70.41313,8.48651],[-70.40986,8.49321],[-70.42501,8.49155],[-70.43653,8.49515],[-70.44587,8.50808],[-70.45727,8.51275],[-70.46025,8.5191],[-70.47525,8.5276],[-70.48343,8.52294],[-70.4882,8.53742],[-70.48878,8.54544],[-70.49799,8.5622],[-70.48968,8.56722],[-70.48307,8.5843]]]},"properties":{"municipio":"Pedraza","estado":"BARINAS"}},{"type":"Feature","geometry":{"type":"Polygon","coordinates":[[[-70.33446,8.73851],[-70.3339,8.74909],[-70.33719,8.75618],[-70.34439,8.7638],[-70.34354,8.77053],[-70.36011,8.78012],[-70.37711,8.78665],[-70.37793,8.79879],[-70.37204,8.79849],[-70.36476,8.80344],[-70.36005,8.8136],[-70.36862,8.8306],[-70.36679,8.84575],[-70.36816,8.85392],[-70.37673,8.86593],[-70.37816,8.87332],[-70.3663,8.88223],[-70.35773,8.90046],[-70.34779,8.90949],[-70.34266,8.91858],[-70.34534,8.93571],[-70.35579,8.94134],[-70.37119,8.94299],[-70.38526,8.94171],[-70.38236,8.95097],[-70.38841,8.96544],[-70.39472,8.97036],[-70.3962,8.98376],[-70.38848,8.99309],[-70.38768,9.00457],[-70.3926,9.01166],[-70.41041,9.01331],[-70.416,9.0169],[-70.4206,9.02637],[-70.42426,9.02368],[-70.44167,9.02116],[-70.45312,9.01682],[-70.46077,9.01121],[-70.47791,9.0119],[-70.49631,9.00236],[-70.50644,8.99405],[-70.51353,8.9819],[-70.5228,8.97156],[-70.53318,8.96382],[-70.53988,8.95591],[-70.55233,8.95179],[-70.55249,8.9403],[-70.54743,8.9362],[-70.55972,8.92592],[-70.56765,8.91299],[-70.5748,8.90765],[-70.57787,8.90085],[-70.57804,8.87272],[-70.57254,8.86745],[-70.56816,8.85618],[-70.586,8.84285],[-70.59971,8.84806],[-70.60741,8.84518],[-70.61187,8.83496],[-70.62456,8.83729],[-70.63196,8.84389],[-70.63967,8.84509],[-70.65134,8.83513],[-70.6606,8.82957],[-70.6665,8.81022],[-70.67729,8.80549],[-70.68431,8.79976],[-70.69366,8.77963],[-70.70335,8.77343],[-70.70474,8.76906],[-70.69884,8.76636],[-70.7001,8.74379],[-70.69635,8.74038],[-70.69401,8.72956],[-70.69423,8.71662],[-70.68581,8.71744],[-70.67245,8.69512],[-70.66129,8.69006],[-70.65298,8.6789],[-70.64473,8.66286],[-70.63523,8.65319],[-70.6281,8.64287],[-70.62055,8.63579],[-70.61108,8.62337],[-70.59997,8.62086],[-70.5815,8.62814],[-70.57085,8.63614],[-70.5634,8.6374],[-70.55541,8.63351],[-70.55429,8.62558],[-70.54545,8.62637],[-70.5302,8.62056],[-70.52781,8.61636],[-70.51058,8.60964],[-70.50553,8.61079],[-70.49062,8.59332],[-70.48492,8.59181],[-70.48307,8.5843],[-70.47867,8.58946],[-70.47593,8.60555],[-70.47182,8.61456],[-70.46709,8.63437],[-70.46018,8.63256],[-70.45601,8.6436],[-70.45743,8.65154],[-70.45525,8.66079],[-70.4633,8.65858],[-70.47091,8.66779],[-70.46934,8.67193],[-70.45328,8.67749],[-70.44359,8.68522],[-70.4464,8.69099],[-70.43884,8.70744],[-70.43053,8.71481],[-70.42329,8.72435],[-70.42037,8.73924],[-70.40703,8.73789],[-70.39786,8.72652],[-70.38764,8.72631],[-70.37516,8.72091],[-70.36806,8.72498],[-70.36405,8.71746],[-70.35299,8.7169],[-70.33446,8.73851]]]},"properties":{"municipio":"Bolívar","estado":"BARINAS"}},{"type":"Feature","geometry":{"type":"Polygon","coordinates":[[[-70.04491,8.71417],[-70.0361,8.7124],[-70.03662,8.72148],[-70.04652,8.72838],[-70.0516,8.73878],[-70.05356,8.74846],[-70.04605,8.75723],[-70.05383,8.77087],[-70.0622,8.77007],[-70.06757,8.78491],[-70.0805,8.79095],[-70.07914,8.82145],[-70.08428,8.83244],[-70.09093,8.83816],[-70.10253,8.83894],[-70.12163,8.85291],[-70.14391,8.86454],[-70.1508,8.87704],[-70.15759,8.87962],[-70.15943,8.88833],[-70.16411,8.89361],[-70.16625,8.90329],[-70.17544,8.90929],[-70.1827,8.91818],[-70.20199,8.92513],[-70.21378,8.92607],[-70.23952,8.92267],[-70.25244,8.93185],[-70.2521,8.97717],[-70.25316,9.07575],[-70.26138,9.07085],[-70.33612,9.05561],[-70.34518,9.05891],[-70.35698,9.05444],[-70.37583,9.05804],[-70.38361,9.05565],[-70.38719,9.05108],[-70.39548,9.04963],[-70.40047,9.03987],[-70.40863,9.03565],[-70.4206,9.02637],[-70.416,9.0169],[-70.41041,9.01331],[-70.3926,9.01166],[-70.38768,9.00457],[-70.38848,8.99309],[-70.3962,8.98376],[-70.39472,8.97036],[-70.38841,8.96544],[-70.38236,8.95097],[-70.38526,8.94171],[-70.37119,8.94299],[-70.35579,8.94134],[-70.34534,8.93571],[-70.34266,8.91858],[-70.34779,8.90949],[-70.35773,8.90046],[-70.3663,8.88223],[-70.37816,8.87332],[-70.37673,8.86593],[-70.36816,8.85392],[-70.36679,8.84575],[-70.36862,8.8306],[-70.36005,8.8136],[-70.36476,8.80344],[-70.37204,8.79849],[-70.37793,8.79879],[-70.37711,8.78665],[-70.36011,8.78012],[-70.34354,8.77053],[-70.34439,8.7638],[-70.33719,8.75618],[-70.3339,8.74909],[-70.33446,8.73851],[-70.3266,8.73347],[-70.31722,8.73222],[-70.3117,8.72604],[-70.30077,8.72035],[-70.29204,8.70958],[-70.25254,8.76626],[-70.24891,8.7562],[-70.24,8.75895],[-70.2316,8.75511],[-70.21994,8.7545],[-70.22315,8.74666],[-70.21121,8.73893],[-70.20363,8.74173],[-70.20174,8.73216],[-70.18933,8.72305],[-70.17784,8.72561],[-70.17797,8.72082],[-70.16004,8.70985],[-70.14495,8.70911],[-70.14318,8.71814],[-70.13694,8.71484],[-70.13331,8.72196],[-70.11923,8.72451],[-70.10427,8.72389],[-70.10179,8.727],[-70.0807,8.72332],[-70.07099,8.71618],[-70.06875,8.72085],[-70.04979,8.71256],[-70.04491,8.71417]]]},"properties":{"municipio":"Cruz Paredes","estado":"BARINAS"}},{"type":"Feature","geometry":{"type":"Polygon","coordinates":[[[-70.20062,9.05463],[-70.20665,9.06672],[-70.21281,9.06972],[-70.22387,9.06753],[-70.23066,9.06937],[-70.23696,9.07863],[-70.25316,9.07575],[-70.2521,8.97717],[-70.25244,8.93185],[-70.23952,8.92267],[-70.21378,8.92607],[-70.20199,8.92513],[-70.1827,8.91818],[-70.17544,8.90929],[-70.16625,8.90329],[-70.16411,8.89361],[-70.15943,8.88833],[-70.15759,8.87962],[-70.1508,8.87704],[-70.14391,8.86454],[-70.12163,8.85291],[-70.10253,8.83894],[-70.09093,8.83816],[-70.08428,8.83244],[-70.07914,8.82145],[-70.0805,8.79095],[-70.06757,8.78491],[-70.0622,8.77007],[-70.05383,8.77087],[-70.04605,8.75723],[-70.05356,8.74846],[-70.0516,8.73878],[-70.04652,8.72838],[-70.03662,8.72148],[-70.0361,8.7124],[-70.04491,8.71417],[-70.04181,8.70872],[-70.02697,8.7045],[-70.02427,8.689],[-70.01185,8.68276],[-70.00658,8.67452],[-70.00788,8.66287],[-70.00211,8.66312],[-70.00087,8.6561],[-69.98797,8.64807],[-69.98739,8.64021],[-69.98138,8.64118],[-69.97005,8.63285],[-69.9644,8.63166],[-69.96382,8.62511],[-69.94848,8.61193],[-69.93455,8.60744],[-69.92549,8.60725],[-69.84555,8.64896],[-69.82664,8.67677],[-69.78793,8.68432],[-69.75216,8.69055],[-69.75245,8.73486],[-69.76298,8.73314],[-69.75765,8.74282],[-69.76312,8.7462],[-69.77145,8.73985],[-69.7833,8.74182],[-69.7961,8.74168],[-69.80853,8.75025],[-69.81961,8.74408],[-69.82989,8.74599],[-69.83834,8.75265],[-69.84603,8.75198],[-69.84707,8.75855],[-69.85543,8.75669],[-69.85923,8.76141],[-69.87206,8.76076],[-69.87046,8.77011],[-69.87839,8.77183],[-69.8835,8.7665],[-69.88841,8.76873],[-69.88315,8.77844],[-69.88522,8.78718],[-69.89007,8.78789],[-69.89174,8.77464],[-69.89978,8.77199],[-69.91113,8.78503],[-69.91982,8.78891],[-69.93117,8.79091],[-69.92346,8.8024],[-69.92805,8.80526],[-69.93662,8.79986],[-69.95225,8.81073],[-69.95134,8.8203],[-69.96529,8.83124],[-69.97186,8.8237],[-69.97909,8.83215],[-69.98604,8.82839],[-69.99777,8.83005],[-70.00296,8.84159],[-70.01036,8.84678],[-70.01378,8.85756],[-70.0224,8.86313],[-70.02368,8.87136],[-70.03182,8.87869],[-70.03372,8.88797],[-70.04203,8.89266],[-70.04255,8.91438],[-70.04586,8.92185],[-70.05666,8.92828],[-70.0648,8.92906],[-70.07332,8.93749],[-70.07881,8.93616],[-70.09233,8.94196],[-70.09895,8.94222],[-70.11101,8.95008],[-70.12517,8.96164],[-70.12645,8.96866],[-70.13852,8.97554],[-70.14247,8.97311],[-70.15377,8.97537],[-70.16902,8.98396],[-70.17833,8.99557],[-70.18042,9.00525],[-70.18746,9.01722],[-70.18573,9.03488],[-70.18727,9.04302],[-70.19651,9.04735],[-70.20062,9.05463]]]},"properties":{"municipio":"Alberto Arvelo Torrealba","estado":"BARINAS"}},{"type":"Feature","geometry":{"type":"Polygon","coordinates":[[[-70.7291,7.83047],[-70.71867,7.82499],[-70.70507,7.82766],[-70.70277,7.83094],[-70.68001,7.82766],[-70.67137,7.82142],[-70.66359,7.8187],[-70.65812,7.82344],[-70.65363,7.8195],[-70.63706,7.81946],[-70.63191,7.83235],[-70.62315,7.82582],[-70.61401,7.82568],[-70.60756,7.82249],[-70.60261,7.81447],[-70.58818,7.82311],[-70.58224,7.82491],[-70.57987,7.81563],[-70.5727,7.80984],[-70.56728,7.81597],[-70.55931,7.81336],[-70.55474,7.80029],[-70.54308,7.80839],[-70.53981,7.79995],[-70.53151,7.80493],[-70.50981,7.80452],[-70.5016,7.80251],[-70.49529,7.80581],[-70.48233,7.80722],[-70.46672,7.79491],[-70.46161,7.79742],[-70.45837,7.78405],[-70.43846,7.78424],[-70.43843,7.77503],[-70.4307,7.77248],[-70.42785,7.76483],[-70.41852,7.75903],[-70.40603,7.76339],[-70.39795,7.7609],[-70.39013,7.76702],[-70.38656,7.7752],[-70.39079,7.78207],[-70.38496,7.78537],[-70.37248,7.7866],[-70.37684,7.77415],[-70.37313,7.77239],[-70.36554,7.78189],[-70.3666,7.78785],[-70.35198,7.78384],[-70.34366,7.77984],[-70.33214,7.77957],[-70.3249,7.77533],[-70.31948,7.78122],[-70.31107,7.79938],[-70.30519,7.80044],[-70.29911,7.80602],[-70.2987,7.81764],[-70.30497,7.83879],[-70.30385,7.84938],[-70.31162,7.85699],[-70.31612,7.85652],[-70.32447,7.86708],[-70.32091,7.87375],[-70.32663,7.88394],[-70.33137,7.88197],[-70.33921,7.88632],[-70.34236,7.89434],[-70.34983,7.90254],[-70.35678,7.90419],[-70.36191,7.9107],[-70.36213,7.91727],[-70.37266,7.9241],[-70.36879,7.93059],[-70.36876,7.93925],[-70.37353,7.94589],[-70.38951,7.9564],[-70.40102,7.97509],[-70.40516,7.97438],[-70.41348,7.97952],[-70.41946,7.98724],[-70.42895,7.98419],[-70.43115,7.98757],[-70.44057,7.98868],[-70.44946,8.0023],[-70.4527,8.00213],[-70.46094,8.01322],[-70.46257,8.02677],[-70.46143,8.04459],[-70.46758,8.05128],[-70.4682,8.0629],[-70.47158,8.07603],[-70.48173,8.0887],[-70.48242,8.09857],[-70.49715,8.10733],[-70.50633,8.11717],[-70.50532,8.12117],[-70.51523,8.13418],[-70.51626,8.14751],[-70.51138,8.15622],[-70.51186,8.16293],[-70.52075,8.16433],[-70.52095,8.17613],[-70.53934,8.18707],[-70.5448,8.18858],[-70.54374,8.19948],[-70.55247,8.21081],[-70.56015,8.21035],[-70.5665,8.2153],[-70.55965,8.23623],[-70.5622,8.24418],[-70.57033,8.25521],[-70.57658,8.25354],[-70.57498,8.26642],[-70.58297,8.26385],[-70.58866,8.26903],[-70.61186,8.27919],[-70.61829,8.29925],[-70.63109,8.31492],[-70.65043,8.32236],[-70.66613,8.33034],[-70.67517,8.34174],[-70.68681,8.34725],[-70.69168,8.35841],[-70.69711,8.36027],[-70.69516,8.37156],[-70.67693,8.38935],[-70.6831,8.39528],[-70.68393,8.40117],[-70.69083,8.40482],[-70.69645,8.41346],[-70.70822,8.41783],[-70.70874,8.42527],[-70.71738,8.43043],[-70.72162,8.44189],[-70.7323,8.44842],[-70.73397,8.45244],[-70.738,8.47981],[-70.74583,8.49998],[-70.75238,8.49913],[-70.75284,8.50771],[-70.75662,8.51371],[-70.76508,8.51532],[-70.77438,8.52491],[-70.77533,8.53068],[-70.78438,8.54213],[-70.79416,8.5483],[-70.80165,8.55663],[-70.80977,8.55128],[-70.81006,8.56083],[-70.82318,8.57834],[-70.82441,8.5955],[-70.83376,8.59501],[-70.84462,8.58856],[-70.84359,8.56908],[-70.83991,8.55482],[-70.83612,8.55067],[-70.84012,8.52789],[-70.83239,8.51532],[-70.82697,8.5129],[-70.81808,8.49938],[-70.82618,8.49401],[-70.83318,8.48381],[-70.83328,8.46408],[-70.82918,8.45398],[-70.83613,8.44221],[-70.83776,8.4318],[-70.84108,8.42885],[-70.84913,8.40955],[-70.84755,8.40376],[-70.85665,8.39477],[-70.86533,8.37604],[-70.87632,8.37031],[-70.89142,8.36583],[-70.89331,8.35232],[-70.89862,8.35137],[-70.90667,8.34458],[-70.90715,8.33175],[-70.91117,8.31506],[-70.90677,8.30816],[-70.90684,8.29845],[-70.91013,8.28574],[-70.90599,8.27626],[-70.90977,8.2721],[-70.92021,8.27266],[-70.93738,8.26265],[-70.93962,8.25622],[-70.94907,8.25197],[-70.96005,8.25006],[-70.96973,8.26773],[-70.97754,8.27365],[-70.9925,8.27207],[-71.00198,8.26315],[-71.01061,8.2503],[-71.01841,8.24671],[-71.03506,8.25243],[-71.02368,8.23109],[-71.02709,8.22368],[-71.00926,8.19772],[-71.01771,8.17595],[-71.02448,8.1688],[-71.03519,8.16222],[-71.04268,8.15364],[-71.04523,8.14499],[-71.0127,8.14409],[-71.00381,8.14639],[-71.00132,8.15148],[-70.98988,8.1473],[-70.98498,8.14182],[-70.98729,8.13499],[-70.985,8.12345],[-70.97554,8.11238],[-70.96852,8.09788],[-70.95842,8.08812],[-70.94243,8.08014],[-70.94509,8.06352],[-70.94242,8.05505],[-70.93469,8.05256],[-70.92957,8.04389],[-70.91594,8.03364],[-70.90496,8.03197],[-70.89659,8.02569],[-70.88735,8.01311],[-70.88224,8.00265],[-70.88215,7.99358],[-70.87593,7.98719],[-70.86723,7.98573],[-70.85858,7.96844],[-70.84935,7.96344],[-70.84493,7.95801],[-70.8188,7.94611],[-70.81114,7.93942],[-70.7927,7.93001],[-70.78357,7.93053],[-70.77169,7.9213],[-70.75859,7.91785],[-70.75884,7.91448],[-70.7475,7.89471],[-70.74723,7.88448],[-70.73196,7.8585],[-70.72613,7.84146],[-70.7291,7.83047]]]},"properties":{"municipio":"Antonio José de Sucre","estado":"BARINAS"}},{"type":"Feature","geometry":{"type":"Polygon","coordinates":[[[-71.6147,10.593],[-71.61885,10.59561],[-71.64389,10.59596],[-71.65144,10.58277],[-71.66213,10.58614],[-71.67496,10.58414],[-71.71428,10.59195],[-71.77305,10.60277],[-71.78005,10.60326],[-71.77917,10.50869],[-71.65364,10.51068],[-71.6458,10.50875],[-71.63193,10.50973],[-71.6323,10.52],[-71.6251,10.53642],[-71.61942,10.54423],[-71.61868,10.55709],[-71.61199,10.5736],[-71.61235,10.58256],[-71.61649,10.58727],[-71.6147,10.593]]]},"properties":{"municipio":"San Francisco","estado":"ZULIA"}},{"type":"Feature","geometry":{"type":"Polygon","coordinates":[[[-72.30604,10.50937],[-72.32327,10.51759],[-72.33483,10.53331],[-72.33754,10.55455],[-72.34305,10.55658],[-72.34613,10.56396],[-72.35268,10.56618],[-72.35795,10.56294],[-72.37436,10.58231],[-72.37932,10.59071],[-72.37907,10.59653],[-72.3907,10.60619],[-72.39924,10.60775],[-72.39754,10.61537],[-72.40832,10.61674],[-72.41547,10.62268],[-72.43571,10.618],[-72.44396,10.61265],[-72.47243,10.61648],[-72.48594,10.62164],[-72.49915,10.61936],[-72.52091,10.60849],[-72.52189,10.60471],[-72.53249,10.60279],[-72.53698,10.59414],[-72.54462,10.59084],[-72.55456,10.59],[-72.55626,10.5831],[-72.56469,10.5747],[-72.57505,10.57565],[-72.57978,10.56923],[-72.59276,10.55747],[-72.59834,10.54678],[-72.62023,10.53532],[-72.62387,10.52758],[-72.64018,10.51437],[-72.64771,10.49379],[-72.65996,10.48136],[-72.671,10.4642],[-72.67781,10.44548],[-72.68497,10.43414],[-72.69781,10.43107],[-72.70327,10.42291],[-72.71158,10.41571],[-72.73146,10.40868],[-72.73363,10.42188],[-72.75254,10.41696],[-72.76564,10.40417],[-72.76844,10.39655],[-72.77905,10.38209],[-72.78003,10.37621],[-72.78664,10.36216],[-72.79961,10.35616],[-72.81483,10.36225],[-72.83022,10.36465],[-72.84319,10.36194],[-72.89387,10.36498],[-72.89851,10.36321],[-72.90638,10.35334],[-72.89099,10.35391],[-72.86875,10.35794],[-72.86427,10.35746],[-72.85464,10.3475],[-72.84693,10.3431],[-72.84482,10.33796],[-72.83411,10.33785],[-72.82096,10.33287],[-72.81727,10.32681],[-72.79195,10.31656],[-72.78407,10.3159],[-72.76038,10.31825],[-72.75481,10.31501],[-72.74966,10.30644],[-72.68416,10.30538],[-72.68241,10.29884],[-72.68757,10.28852],[-72.67968,10.27721],[-72.67152,10.26992],[-72.65153,10.26285],[-72.64323,10.26243],[-72.63409,10.24959],[-72.61705,10.24351],[-72.6059,10.23512],[-72.60524,10.23074],[-72.61161,10.21933],[-72.59989,10.2043],[-72.59656,10.20592],[-72.58285,10.19594],[-72.57836,10.19654],[-72.55615,10.24389],[-72.54355,10.23604],[-72.52658,10.23532],[-72.51335,10.22395],[-72.49644,10.22335],[-72.47396,10.21948],[-72.4675,10.21254],[-72.46575,10.20202],[-72.45923,10.19269],[-72.45724,10.1842],[-72.44123,10.17703],[-72.43247,10.17135],[-72.43616,10.16196],[-72.42375,10.15322],[-72.42161,10.1411],[-72.41013,10.13405],[-72.39309,10.11886],[-72.39014,10.10708],[-72.38234,10.10421],[-72.38204,10.09428],[-72.37091,10.0889],[-72.37224,10.08321],[-72.36287,10.08195],[-72.36003,10.07555],[-72.34596,10.0627],[-72.31858,10.05558],[-72.31105,10.04873],[-72.29902,10.05148],[-72.29195,10.04843],[-72.28448,10.03182],[-72.28925,10.03014],[-72.29185,10.01848],[-72.28135,10.00588],[-72.27773,9.99344],[-72.27332,9.99177],[-72.27181,9.97402],[-72.26318,9.96841],[-72.25068,9.97051],[-72.24404,9.96675],[-72.24283,9.96083],[-72.22774,9.95206],[-72.22351,9.9532],[-72.21814,9.94597],[-72.20715,9.94054],[-72.19924,9.94366],[-72.18167,9.94182],[-72.1775,9.93542],[-72.16477,9.92587],[-72.16205,9.92061],[-72.15342,9.91769],[-72.14786,9.91184],[-72.14599,9.89994],[-72.13899,9.89552],[-72.12915,9.88555],[-72.13205,9.87616],[-72.12625,9.86839],[-72.12516,9.85839],[-72.11949,9.84419],[-72.10943,9.83832],[-72.1085,9.84463],[-72.10204,9.85214],[-72.08468,9.86468],[-72.0779,9.88016],[-72.05837,9.90617],[-72.05123,9.91362],[-72.0366,9.94083],[-72.02586,9.97444],[-72.02022,9.97996],[-72.01584,9.99441],[-72.00815,10.00775],[-71.99969,10.03478],[-71.99917,10.04635],[-71.99238,10.06926],[-71.9828,10.08264],[-71.99514,10.10249],[-72.00369,10.11856],[-72.09754,10.27202],[-72.13235,10.32945],[-72.13941,10.33993],[-72.15325,10.34634],[-72.16991,10.3605],[-72.17238,10.37064],[-72.1874,10.37567],[-72.18946,10.38221],[-72.18333,10.38809],[-72.20062,10.39859],[-72.20777,10.39744],[-72.22416,10.40848],[-72.23252,10.4077],[-72.24209,10.41171],[-72.24582,10.40427],[-72.2544,10.40919],[-72.26173,10.40853],[-72.27468,10.42328],[-72.27328,10.43337],[-72.28199,10.4561],[-72.27853,10.45856],[-72.28331,10.4699],[-72.28597,10.48148],[-72.29481,10.49174],[-72.2974,10.50206],[-72.30604,10.50937]]]},"properties":{"municipio":"Rosario de Perijá","estado":"ZULIA"}},{"type":"Feature","geometry":{"type":"Polygon","coordinates":[[[-71.65939,10.76818],[-71.78175,10.76667],[-71.78095,10.70753],[-71.78005,10.60326],[-71.77305,10.60277],[-71.71428,10.59195],[-71.67496,10.58414],[-71.66213,10.58614],[-71.65144,10.58277],[-71.64389,10.59596],[-71.61885,10.59561],[-71.6147,10.593],[-71.61438,10.5999],[-71.60587,10.61305],[-71.61697,10.63326],[-71.61399,10.63859],[-71.60326,10.63629],[-71.60217,10.6447],[-71.59737,10.64834],[-71.58939,10.67336],[-71.59189,10.68144],[-71.59827,10.69068],[-71.59106,10.70057],[-71.59318,10.7091],[-71.61079,10.72415],[-71.62057,10.7304],[-71.62323,10.73716],[-71.62871,10.73723],[-71.65561,10.76283],[-71.65939,10.76818]]]},"properties":{"municipio":"Maracaibo","estado":"ZULIA"}},{"type":"Feature","geometry":{"type":"Polygon","coordinates":[[[-71.78175,10.76667],[-71.95556,10.7651],[-72.13378,10.76668],[-72.27206,10.76761],[-72.41307,10.76884],[-72.50862,10.76971],[-72.68276,10.77113],[-72.6803,10.76381],[-72.68922,10.75752],[-72.69627,10.75923],[-72.70836,10.75824],[-72.71192,10.75176],[-72.71451,10.73515],[-72.71972,10.7209],[-72.71745,10.71089],[-72.7247,10.69885],[-72.72967,10.69643],[-72.7357,10.67512],[-72.73966,10.6703],[-72.73984,10.65306],[-72.74976,10.65164],[-72.74931,10.64056],[-72.76503,10.62288],[-72.77743,10.61617],[-72.78428,10.6155],[-72.79035,10.6049],[-72.79104,10.58879],[-72.79544,10.58356],[-72.8049,10.58127],[-72.82079,10.5702],[-72.82524,10.56306],[-72.82615,10.54741],[-72.83566,10.53931],[-72.84175,10.53901],[-72.83591,10.52132],[-72.8374,10.51068],[-72.84392,10.50672],[-72.84302,10.49982],[-72.84636,10.49376],[-72.84448,10.48701],[-72.86017,10.47395],[-72.86247,10.46372],[-72.87743,10.45779],[-72.89158,10.44748],[-72.90068,10.43407],[-72.89515,10.42471],[-72.89973,10.40002],[-72.88835,10.39526],[-72.8861,10.38419],[-72.89256,10.37439],[-72.89387,10.36498],[-72.84319,10.36194],[-72.83022,10.36465],[-72.81483,10.36225],[-72.79961,10.35616],[-72.78664,10.36216],[-72.78003,10.37621],[-72.77905,10.38209],[-72.76844,10.39655],[-72.76564,10.40417],[-72.75254,10.41696],[-72.73363,10.42188],[-72.73146,10.40868],[-72.71158,10.41571],[-72.70327,10.42291],[-72.69781,10.43107],[-72.68497,10.43414],[-72.67781,10.44548],[-72.671,10.4642],[-72.65996,10.48136],[-72.64771,10.49379],[-72.64018,10.51437],[-72.62387,10.52758],[-72.62023,10.53532],[-72.59834,10.54678],[-72.59276,10.55747],[-72.57978,10.56923],[-72.57505,10.57565],[-72.56469,10.5747],[-72.55626,10.5831],[-72.55456,10.59],[-72.54462,10.59084],[-72.53698,10.59414],[-72.53249,10.60279],[-72.52189,10.60471],[-72.52091,10.60849],[-72.49915,10.61936],[-72.48594,10.62164],[-72.47243,10.61648],[-72.44396,10.61265],[-72.43571,10.618],[-72.41547,10.62268],[-72.40832,10.61674],[-72.39754,10.61537],[-72.39924,10.60775],[-72.3907,10.60619],[-72.37907,10.59653],[-72.37932,10.59071],[-72.37436,10.58231],[-72.35795,10.56294],[-72.35268,10.56618],[-72.34613,10.56396],[-72.34305,10.55658],[-72.33754,10.55455],[-72.33483,10.53331],[-72.32327,10.51759],[-72.30604,10.50937],[-72.12325,10.5093],[-72.03146,10.51014],[-71.9973,10.50937],[-71.85045,10.5092],[-71.77917,10.50869],[-71.78005,10.60326],[-71.78095,10.70753],[-71.78175,10.76667]]]},"properties":{"municipio":"Jesús Enrique Lossada","estado":"ZULIA"}},{"type":"Feature","geometry":{"type":"Polygon","coordinates":[[[-71.75076,9.18794],[-71.75281,9.20031],[-71.75273,9.21541],[-71.74844,9.23426],[-71.75267,9.23763],[-71.76266,9.2266],[-71.77282,9.22343],[-71.77655,9.2193],[-71.78325,9.23392],[-71.79117,9.23919],[-71.80675,9.22004],[-71.81982,9.22472],[-71.82122,9.21835],[-71.82785,9.21354],[-71.83846,9.19684],[-71.84839,9.19642],[-71.85322,9.1868],[-71.86466,9.18656],[-71.87061,9.18902],[-71.97616,9.09882],[-71.98273,9.08999],[-71.98761,9.0877],[-71.99567,9.09161],[-72.00254,9.08704],[-72.015,9.09713],[-72.01908,9.10939],[-72.0324,9.09665],[-72.04011,9.07971],[-72.03904,9.07454],[-72.04813,9.06528],[-72.06114,9.06624],[-72.07558,9.07616],[-72.08052,9.07472],[-72.09484,9.07826],[-72.1052,9.07525],[-72.11109,9.08829],[-72.12571,9.09761],[-72.13107,9.09262],[-72.1401,9.09887],[-72.14642,9.09778],[-72.15076,9.0922],[-72.14422,9.06624],[-72.14814,9.05969],[-72.14983,9.05001],[-72.15501,9.04262],[-72.15303,9.03331],[-72.16146,9.03229],[-72.16711,9.04124],[-72.17693,9.03787],[-72.18361,9.03901],[-72.19187,9.02784],[-72.18742,9.0196],[-72.17725,9.01588],[-72.16865,9.00122],[-72.16474,8.99858],[-72.15037,8.99628],[-72.15143,8.95723],[-72.14959,8.92803],[-72.14361,8.90842],[-72.14436,8.87568],[-72.14878,8.84371],[-72.14575,8.81159],[-72.14439,8.77845],[-72.15405,8.74291],[-72.1545,8.70971],[-72.16237,8.65296],[-72.16016,8.62017],[-72.16404,8.59321],[-72.16408,8.57749],[-72.1543,8.58111],[-72.15002,8.57959],[-72.13617,8.58889],[-72.11273,8.61228],[-72.10855,8.60862],[-72.10205,8.61271],[-72.08908,8.61671],[-72.07391,8.61345],[-72.06779,8.62289],[-72.07319,8.6287],[-72.06924,8.63297],[-72.05349,8.63175],[-72.03719,8.63596],[-72.03322,8.64477],[-72.02375,8.64741],[-72.01989,8.66106],[-72.00771,8.65965],[-71.99695,8.66579],[-71.99346,8.67307],[-71.99699,8.67932],[-72.00163,8.68471],[-72.00398,8.69358],[-72.00222,8.70415],[-71.99687,8.70679],[-71.99708,8.71535],[-71.99061,8.72278],[-71.9947,8.7328],[-72.00189,8.74217],[-72.0006,8.74843],[-72.00696,8.7698],[-72.0121,8.77768],[-72.00786,8.7883],[-71.99999,8.79585],[-71.99922,8.80144],[-72.00294,8.8087],[-72.01612,8.8186],[-72.00858,8.82238],[-72.00018,8.81905],[-71.98078,8.839],[-71.97355,8.83551],[-71.96869,8.84299],[-71.9718,8.85783],[-71.97854,8.86644],[-71.98839,8.86694],[-71.99261,8.87648],[-71.99282,8.88776],[-71.98909,8.89578],[-71.97959,8.89779],[-71.97293,8.93061],[-71.97572,8.93678],[-71.97184,8.94583],[-71.97855,8.95111],[-71.98538,8.96377],[-71.97519,8.9686],[-71.97186,8.98749],[-71.96684,9.00076],[-71.96049,9.0024],[-71.9539,8.99983],[-71.95211,8.99285],[-71.94562,8.98864],[-71.93826,8.98878],[-71.93062,8.99592],[-71.92158,8.99723],[-71.92073,9.00408],[-71.92341,9.01317],[-71.91808,9.02234],[-71.91737,9.03886],[-71.92037,9.04711],[-71.92541,9.05147],[-71.9256,9.05919],[-71.92182,9.07882],[-71.91404,9.08597],[-71.9004,9.09051],[-71.89058,9.10007],[-71.882,9.10153],[-71.87405,9.10952],[-71.86924,9.10733],[-71.8518,9.10656],[-71.83729,9.10756],[-71.82508,9.11435],[-71.81209,9.11603],[-71.80526,9.13382],[-71.7991,9.14511],[-71.80847,9.14885],[-71.80271,9.16139],[-71.80447,9.16782],[-71.80167,9.17327],[-71.79286,9.17006],[-71.78318,9.17461],[-71.78189,9.18084],[-71.76969,9.18055],[-71.76564,9.18403],[-71.76045,9.19963],[-71.75315,9.19362],[-71.75076,9.18794]]]},"properties":{"municipio":"Colón","estado":"ZULIA"}},{"type":"Feature","geometry":{"type":"Polygon","coordinates":[[[-72.38007,9.39328],[-72.38292,9.40904],[-72.40133,9.42368],[-72.40971,9.41833],[-72.41875,9.41701],[-72.42658,9.41058],[-72.43327,9.41179],[-72.44738,9.42321],[-72.44977,9.42884],[-72.46206,9.4277],[-72.4714,9.42332],[-72.47267,9.41647],[-72.49147,9.39509],[-72.49014,9.39107],[-72.49605,9.38362],[-72.50737,9.38314],[-72.50749,9.37569],[-72.52033,9.36584],[-72.52828,9.36824],[-72.5434,9.36518],[-72.55033,9.36638],[-72.55786,9.37467],[-72.56889,9.37941],[-72.57081,9.37701],[-72.58329,9.37863],[-72.59256,9.37365],[-72.59678,9.37989],[-72.6062,9.38093],[-72.60455,9.38937],[-72.61895,9.39347],[-72.62341,9.40176],[-72.63467,9.40308],[-72.64612,9.39191],[-72.66082,9.39004],[-72.67793,9.39317],[-72.7036,9.38314],[-72.72017,9.37221],[-72.72246,9.37617],[-72.73119,9.37761],[-72.73884,9.38356],[-72.75788,9.37725],[-72.76017,9.37287],[-72.76879,9.37083],[-72.7756,9.36182],[-72.78072,9.36062],[-72.78403,9.37119],[-72.79885,9.36236],[-72.80771,9.34632],[-72.81241,9.33227],[-72.81542,9.33419],[-72.82561,9.32536],[-72.83519,9.32524],[-72.84236,9.32842],[-72.85398,9.32092],[-72.86001,9.31101],[-72.86664,9.30855],[-72.87049,9.29966],[-72.87911,9.29906],[-72.88658,9.29521],[-72.89345,9.29852],[-72.89947,9.29533],[-72.90044,9.28825],[-72.92058,9.29349],[-72.92683,9.29263],[-72.94237,9.29725],[-72.94671,9.30086],[-72.95683,9.30122],[-72.96861,9.31111],[-72.97191,9.32111],[-72.9692,9.33481],[-72.95708,9.34562],[-72.95003,9.35565],[-72.93666,9.36808],[-72.93587,9.37397],[-72.93929,9.3856],[-72.93802,9.39695],[-72.94501,9.41503],[-72.95439,9.42362],[-72.96225,9.44345],[-72.95595,9.45621],[-72.95498,9.46742],[-72.9678,9.47472],[-72.97777,9.48335],[-72.99821,9.48867],[-73.0106,9.49388],[-73.0337,9.49776],[-73.04586,9.48739],[-73.06164,9.48432],[-73.07392,9.48623],[-73.0819,9.4918],[-73.0861,9.49865],[-73.09631,9.5011],[-73.10513,9.5093],[-73.14816,9.53611],[-73.15874,9.51899],[-73.16409,9.51748],[-73.16732,9.50958],[-73.17552,9.50186],[-73.17221,9.48097],[-73.17714,9.47763],[-73.19477,9.47481],[-73.20315,9.46977],[-73.20297,9.46306],[-73.1958,9.45965],[-73.19318,9.44366],[-73.2022,9.43517],[-73.20163,9.43024],[-73.21071,9.42356],[-73.22186,9.42524],[-73.2233,9.41766],[-73.23141,9.40979],[-73.24175,9.40289],[-73.24095,9.39309],[-73.24681,9.3804],[-73.25101,9.37622],[-73.25836,9.37607],[-73.26113,9.37054],[-73.26337,9.35704],[-73.2589,9.34566],[-73.26148,9.3344],[-73.2655,9.32687],[-73.27382,9.32205],[-73.28456,9.32214],[-73.28825,9.31558],[-73.2892,9.30268],[-73.29326,9.29885],[-73.29405,9.2902],[-73.29847,9.28033],[-73.29881,9.26762],[-73.30764,9.26303],[-73.31151,9.2541],[-73.3169,9.24828],[-73.31696,9.24238],[-73.32195,9.23246],[-73.32786,9.22751],[-73.3331,9.21357],[-73.35177,9.21787],[-73.35731,9.21484],[-73.35843,9.20658],[-73.36507,9.19741],[-73.36193,9.19082],[-73.36647,9.18261],[-73.36571,9.17072],[-73.35372,9.17096],[-73.34095,9.17383],[-73.31855,9.16777],[-73.3118,9.17151],[-73.29308,9.16891],[-73.27692,9.16159],[-73.26706,9.16462],[-73.24948,9.15945],[-73.23537,9.174],[-73.22485,9.17508],[-73.21324,9.1816],[-73.19576,9.17721],[-73.19227,9.17418],[-73.17997,9.17733],[-73.16635,9.18617],[-73.16172,9.19249],[-73.15504,9.19576],[-73.15164,9.20161],[-73.1531,9.20899],[-73.1419,9.21264],[-73.13322,9.21891],[-73.13056,9.2284],[-73.12184,9.22804],[-73.11673,9.23119],[-73.09943,9.22644],[-73.08923,9.22551],[-73.08372,9.23912],[-73.07623,9.24106],[-73.07679,9.25804],[-73.07089,9.26303],[-73.06539,9.25996],[-73.06046,9.26362],[-73.05238,9.25782],[-73.04254,9.26435],[-73.03634,9.28169],[-73.02033,9.28794],[-73.00758,9.29013],[-73.00352,9.28642],[-73.0067,9.27562],[-72.99434,9.27145],[-72.9973,9.25884],[-72.98574,9.24949],[-72.98932,9.24415],[-72.98794,9.22932],[-72.99497,9.22703],[-72.99369,9.2199],[-72.98691,9.2229],[-72.97949,9.21564],[-72.97049,9.21235],[-72.96428,9.19924],[-72.96208,9.18419],[-72.95604,9.17903],[-72.96193,9.17297],[-72.96476,9.15644],[-72.97924,9.14983],[-72.98734,9.1427],[-72.97247,9.13569],[-72.96544,9.12534],[-72.96043,9.11359],[-72.94696,9.10203],[-72.94904,9.09262],[-72.93699,9.08915],[-72.93117,9.08304],[-72.92071,9.08869],[-72.91983,9.09352],[-72.9078,9.09716],[-72.89614,9.09798],[-72.89359,9.10338],[-72.88677,9.10322],[-72.88371,9.11162],[-72.88685,9.11437],[-72.88369,9.1291],[-72.87853,9.13269],[-72.86295,9.12855],[-72.84502,9.12971],[-72.83722,9.12279],[-72.8228,9.12175],[-72.82433,9.13865],[-72.81161,9.13474],[-72.80724,9.12467],[-72.79939,9.12065],[-72.79628,9.1156],[-72.79877,9.10764],[-72.79143,9.10503],[-72.78585,9.1147],[-72.77667,9.11136],[-72.77622,9.0992],[-72.7679,9.09855],[-72.76296,9.09392],[-72.77313,9.08698],[-72.7639,9.08475],[-72.76322,9.0766],[-72.65615,8.62162],[-72.65487,8.61449],[-72.63764,8.6063],[-72.62831,8.60563],[-72.62766,8.59783],[-72.6179,8.59557],[-72.6106,8.58806],[-72.49525,8.45777],[-72.48736,8.47469],[-72.4456,8.57483],[-72.43735,8.65364],[-72.43758,8.6679],[-72.43599,8.79423],[-72.43591,8.81598],[-72.39295,8.81208],[-72.38572,8.8122],[-72.37535,8.82299],[-72.36047,8.82029],[-72.34775,8.82281],[-72.34737,8.83235],[-72.35002,8.83841],[-72.34525,8.8452],[-72.3444,8.86016],[-72.3213,8.86972],[-72.32196,8.87506],[-72.31526,8.87933],[-72.31718,8.89374],[-72.31307,8.90227],[-72.3118,8.91134],[-72.31673,8.91921],[-72.31281,8.92287],[-72.30756,8.93441],[-72.31274,8.93675],[-72.3146,8.94509],[-72.32707,8.95692],[-72.32194,8.96113],[-72.3338,8.97512],[-72.32741,8.98052],[-72.32432,8.992],[-72.31576,8.99957],[-72.31328,9.00768],[-72.30887,9.0108],[-72.30712,9.01873],[-72.31049,9.02527],[-72.31162,9.04353],[-72.30486,9.04485],[-72.30805,9.05314],[-72.29641,9.05753],[-72.31087,9.06581],[-72.31058,9.05819],[-72.32251,9.06142],[-72.32728,9.0553],[-72.33246,9.05601],[-72.33655,9.064],[-72.33227,9.07163],[-72.34456,9.07385],[-72.34793,9.08231],[-72.35993,9.07552],[-72.36712,9.18579],[-72.3758,9.32158],[-72.38007,9.39328]]]},"properties":{"municipio":"Jesús María Semprúm","estado":"ZULIA"}},{"type":"Feature","geometry":{"type":"Polygon","coordinates":[[[-71.81982,9.22472],[-71.82062,9.22836],[-71.80609,9.24819],[-71.77843,9.25718],[-71.77029,9.26122],[-71.77092,9.27311],[-71.76943,9.28701],[-71.75298,9.28455],[-71.74833,9.27589],[-71.74085,9.2693],[-71.73546,9.27168],[-71.74153,9.28585],[-71.73295,9.28772],[-71.73103,9.31477],[-71.73425,9.32449],[-71.7454,9.33209],[-71.73813,9.34391],[-71.72876,9.34261],[-71.72359,9.33746],[-71.71847,9.34159],[-71.72635,9.34839],[-71.73377,9.3466],[-71.73985,9.35303],[-71.73681,9.35863],[-71.72674,9.36405],[-71.72931,9.37721],[-71.74187,9.3727],[-71.74833,9.35944],[-71.75655,9.3555],[-71.76569,9.35712],[-71.77226,9.3619],[-71.79127,9.38965],[-71.80825,9.41105],[-71.82448,9.42709],[-71.85015,9.44083],[-71.88088,9.45448],[-71.89178,9.46144],[-71.9052,9.47327],[-71.92535,9.50054],[-71.93219,9.50032],[-71.94507,9.51371],[-71.95448,9.50987],[-71.96287,9.49857],[-71.9753,9.48956],[-71.98096,9.49448],[-71.98735,9.49538],[-71.99463,9.50198],[-72.00241,9.50402],[-72.00487,9.51429],[-72.01065,9.51813],[-72.02295,9.52119],[-72.02765,9.52479],[-72.02854,9.53662],[-72.02347,9.54401],[-72.02273,9.55765],[-72.01628,9.56534],[-72.02917,9.5702],[-72.03399,9.57506],[-72.04291,9.57728],[-72.06745,9.57336],[-72.06888,9.58321],[-72.08305,9.58351],[-72.08829,9.59089],[-72.08677,9.5966],[-72.10774,9.60752],[-72.11907,9.6104],[-72.12993,9.60577],[-72.13094,9.61154],[-72.143,9.60811],[-72.13927,9.59904],[-72.15681,9.60222],[-72.16852,9.58948],[-72.17931,9.59056],[-72.18714,9.5941],[-72.19407,9.601],[-72.1945,9.58917],[-72.20144,9.57487],[-72.21096,9.58003],[-72.21978,9.56652],[-72.21243,9.56148],[-72.20749,9.55343],[-72.21781,9.54532],[-72.22312,9.53108],[-72.23091,9.52303],[-72.2282,9.51504],[-72.24388,9.50513],[-72.25263,9.50302],[-72.24896,9.49468],[-72.25601,9.49239],[-72.25632,9.4853],[-72.26296,9.47551],[-72.25568,9.4593],[-72.26075,9.44909],[-72.2762,9.43701],[-72.28145,9.42974],[-72.29097,9.43328],[-72.29126,9.44205],[-72.3,9.44283],[-72.30694,9.43363],[-72.32593,9.42744],[-72.32793,9.41879],[-72.33402,9.41843],[-72.33324,9.40936],[-72.35802,9.40743],[-72.36461,9.39199],[-72.38007,9.39328],[-72.3758,9.32158],[-72.36712,9.18579],[-72.35993,9.07552],[-72.34793,9.08231],[-72.34456,9.07385],[-72.33227,9.07163],[-72.33655,9.064],[-72.33246,9.05601],[-72.32728,9.0553],[-72.32251,9.06142],[-72.31058,9.05819],[-72.31087,9.06581],[-72.29641,9.05753],[-72.30805,9.05314],[-72.30486,9.04485],[-72.31162,9.04353],[-72.31049,9.02527],[-72.30712,9.01873],[-72.30887,9.0108],[-72.31328,9.00768],[-72.31576,8.99957],[-72.32432,8.992],[-72.32741,8.98052],[-72.3338,8.97512],[-72.32194,8.96113],[-72.32707,8.95692],[-72.3146,8.94509],[-72.31274,8.93675],[-72.30756,8.93441],[-72.31281,8.92287],[-72.31673,8.91921],[-72.3118,8.91134],[-72.31307,8.90227],[-72.31718,8.89374],[-72.31526,8.87933],[-72.32196,8.87506],[-72.3213,8.86972],[-72.3444,8.86016],[-72.34525,8.8452],[-72.35002,8.83841],[-72.34737,8.83235],[-72.34775,8.82281],[-72.36047,8.82029],[-72.37535,8.82299],[-72.38572,8.8122],[-72.39295,8.81208],[-72.43591,8.81598],[-72.43599,8.79423],[-72.43758,8.6679],[-72.43735,8.65364],[-72.4456,8.57483],[-72.48736,8.47469],[-72.49525,8.45777],[-72.42778,8.38152],[-72.42072,8.38293],[-72.41108,8.37733],[-72.40725,8.36714],[-72.4029,8.37128],[-72.40265,8.38126],[-72.40663,8.38917],[-72.40438,8.39459],[-72.39375,8.39755],[-72.39734,8.40563],[-72.39218,8.40956],[-72.39294,8.41591],[-72.38398,8.41891],[-72.38093,8.42987],[-72.35614,8.43342],[-72.35255,8.43955],[-72.35256,8.45542],[-72.34931,8.46456],[-72.35881,8.46911],[-72.36149,8.47526],[-72.3507,8.48122],[-72.34838,8.48693],[-72.35231,8.49518],[-72.34727,8.50054],[-72.3202,8.53255],[-72.31264,8.54038],[-72.19329,8.56784],[-72.18024,8.57376],[-72.16832,8.57321],[-72.16408,8.57749],[-72.16404,8.59321],[-72.16016,8.62017],[-72.16237,8.65296],[-72.1545,8.70971],[-72.15405,8.74291],[-72.14439,8.77845],[-72.14575,8.81159],[-72.14878,8.84371],[-72.14436,8.87568],[-72.14361,8.90842],[-72.14959,8.92803],[-72.15143,8.95723],[-72.15037,8.99628],[-72.16474,8.99858],[-72.16865,9.00122],[-72.17725,9.01588],[-72.18742,9.0196],[-72.19187,9.02784],[-72.18361,9.03901],[-72.17693,9.03787],[-72.16711,9.04124],[-72.16146,9.03229],[-72.15303,9.03331],[-72.15501,9.04262],[-72.14983,9.05001],[-72.14814,9.05969],[-72.14422,9.06624],[-72.15076,9.0922],[-72.14642,9.09778],[-72.1401,9.09887],[-72.13107,9.09262],[-72.12571,9.09761],[-72.11109,9.08829],[-72.1052,9.07525],[-72.09484,9.07826],[-72.08052,9.07472],[-72.07558,9.07616],[-72.06114,9.06624],[-72.04813,9.06528],[-72.03904,9.07454],[-72.04011,9.07971],[-72.0324,9.09665],[-72.01908,9.10939],[-72.015,9.09713],[-72.00254,9.08704],[-71.99567,9.09161],[-71.98761,9.0877],[-71.98273,9.08999],[-71.97616,9.09882],[-71.87061,9.18902],[-71.86466,9.18656],[-71.85322,9.1868],[-71.84839,9.19642],[-71.83846,9.19684],[-71.82785,9.21354],[-71.82122,9.21835],[-71.81982,9.22472]]]},"properties":{"municipio":"Catatumbo","estado":"ZULIA"}},{"type":"Feature","geometry":{"type":"Polygon","coordinates":[[[-72.10943,9.83832],[-72.11949,9.84419],[-72.12516,9.85839],[-72.12625,9.86839],[-72.13205,9.87616],[-72.12915,9.88555],[-72.13899,9.89552],[-72.14599,9.89994],[-72.14786,9.91184],[-72.15342,9.91769],[-72.16205,9.92061],[-72.16477,9.92587],[-72.1775,9.93542],[-72.18167,9.94182],[-72.19924,9.94366],[-72.20715,9.94054],[-72.21814,9.94597],[-72.22351,9.9532],[-72.22774,9.95206],[-72.24283,9.96083],[-72.24404,9.96675],[-72.25068,9.97051],[-72.26318,9.96841],[-72.27181,9.97402],[-72.27332,9.99177],[-72.27773,9.99344],[-72.28135,10.00588],[-72.29185,10.01848],[-72.28925,10.03014],[-72.28448,10.03182],[-72.29195,10.04843],[-72.29902,10.05148],[-72.31105,10.04873],[-72.31858,10.05558],[-72.34596,10.0627],[-72.36003,10.07555],[-72.36287,10.08195],[-72.37224,10.08321],[-72.37091,10.0889],[-72.38204,10.09428],[-72.38234,10.10421],[-72.39014,10.10708],[-72.39309,10.11886],[-72.41013,10.13405],[-72.42161,10.1411],[-72.42375,10.15322],[-72.43616,10.16196],[-72.43247,10.17135],[-72.44123,10.17703],[-72.45724,10.1842],[-72.45923,10.19269],[-72.46575,10.20202],[-72.4675,10.21254],[-72.47396,10.21948],[-72.49644,10.22335],[-72.51335,10.22395],[-72.52658,10.23532],[-72.54355,10.23604],[-72.55615,10.24389],[-72.57836,10.19654],[-72.58285,10.19594],[-72.59656,10.20592],[-72.59989,10.2043],[-72.61161,10.21933],[-72.60524,10.23074],[-72.6059,10.23512],[-72.61705,10.24351],[-72.63409,10.24959],[-72.64323,10.26243],[-72.65153,10.26285],[-72.67152,10.26992],[-72.67968,10.27721],[-72.68757,10.28852],[-72.68241,10.29884],[-72.68416,10.30538],[-72.74966,10.30644],[-72.75481,10.31501],[-72.76038,10.31825],[-72.78407,10.3159],[-72.79195,10.31656],[-72.81727,10.32681],[-72.82096,10.33287],[-72.83411,10.33785],[-72.84482,10.33796],[-72.84693,10.3431],[-72.85464,10.3475],[-72.86427,10.35746],[-72.86875,10.35794],[-72.89099,10.35391],[-72.90638,10.35334],[-72.90788,10.34427],[-72.90623,10.33683],[-72.90681,10.32288],[-72.89795,10.31173],[-72.90268,10.29055],[-72.90374,10.28003],[-72.90748,10.26739],[-72.9074,10.26055],[-72.90158,10.24861],[-72.90354,10.23857],[-72.90297,10.22781],[-72.89738,10.21874],[-72.89979,10.20844],[-72.90971,10.20396],[-72.90803,10.18859],[-72.9087,10.17433],[-72.91874,10.15737],[-72.91783,10.15258],[-72.92086,10.13531],[-72.91304,10.11648],[-72.91378,10.11013],[-72.92125,10.1099],[-72.925,10.09973],[-72.92495,10.09143],[-72.9334,10.08311],[-72.94017,10.08223],[-72.94462,10.07102],[-72.95435,10.06593],[-72.95598,10.05675],[-72.9608,10.04556],[-72.95351,10.03871],[-72.95286,10.02682],[-72.96253,10.01833],[-72.96124,10.00762],[-72.96617,9.99647],[-72.97377,9.99415],[-72.97856,9.98193],[-72.98558,9.97196],[-72.97966,9.96028],[-72.9865,9.95435],[-72.9883,9.9415],[-72.99392,9.93355],[-72.99867,9.93256],[-72.99971,9.92108],[-72.99513,9.92015],[-72.98596,9.91242],[-72.98798,9.90169],[-72.97925,9.88644],[-72.99331,9.87899],[-72.99075,9.87437],[-72.97196,9.86836],[-72.96934,9.85441],[-72.94933,9.84867],[-72.9445,9.84139],[-72.95061,9.83526],[-72.956,9.82313],[-72.96483,9.81845],[-72.97997,9.79766],[-72.98414,9.79722],[-72.99344,9.78452],[-73.00052,9.76826],[-73.0003,9.75839],[-73.0056,9.74815],[-73.00555,9.74036],[-73.01567,9.73461],[-73.02039,9.72659],[-73.03215,9.71349],[-73.03552,9.70118],[-73.04504,9.6933],[-73.04634,9.68668],[-73.05359,9.68268],[-73.05587,9.66957],[-73.0615,9.65836],[-73.05819,9.65069],[-73.06564,9.63618],[-73.07406,9.62847],[-73.07827,9.61032],[-73.07395,9.60585],[-73.0817,9.57818],[-73.08624,9.57417],[-73.08506,9.55622],[-73.10253,9.5565],[-73.11597,9.55363],[-73.12613,9.55643],[-73.14499,9.54292],[-73.14816,9.53611],[-73.10513,9.5093],[-73.09631,9.5011],[-73.0861,9.49865],[-73.0819,9.4918],[-73.07392,9.48623],[-73.06164,9.48432],[-73.04586,9.48739],[-73.0337,9.49776],[-73.0106,9.49388],[-72.99821,9.48867],[-72.97777,9.48335],[-72.9678,9.47472],[-72.95498,9.46742],[-72.95595,9.45621],[-72.96225,9.44345],[-72.95439,9.42362],[-72.94501,9.41503],[-72.93802,9.39695],[-72.93929,9.3856],[-72.93587,9.37397],[-72.93666,9.36808],[-72.95003,9.35565],[-72.95708,9.34562],[-72.9692,9.33481],[-72.97191,9.32111],[-72.96861,9.31111],[-72.95683,9.30122],[-72.94671,9.30086],[-72.94237,9.29725],[-72.92683,9.29263],[-72.92058,9.29349],[-72.90044,9.28825],[-72.89947,9.29533],[-72.89345,9.29852],[-72.88658,9.29521],[-72.87911,9.29906],[-72.87049,9.29966],[-72.86664,9.30855],[-72.86001,9.31101],[-72.85398,9.32092],[-72.84236,9.32842],[-72.83519,9.32524],[-72.82561,9.32536],[-72.81542,9.33419],[-72.81241,9.33227],[-72.80771,9.34632],[-72.79885,9.36236],[-72.78403,9.37119],[-72.78072,9.36062],[-72.7756,9.36182],[-72.76879,9.37083],[-72.76017,9.37287],[-72.75788,9.37725],[-72.73884,9.38356],[-72.73119,9.37761],[-72.72246,9.37617],[-72.72017,9.37221],[-72.7036,9.38314],[-72.67793,9.39317],[-72.66082,9.39004],[-72.64612,9.39191],[-72.63467,9.40308],[-72.62341,9.40176],[-72.61895,9.39347],[-72.60455,9.38937],[-72.6062,9.38093],[-72.59678,9.37989],[-72.59256,9.37365],[-72.58329,9.37863],[-72.57081,9.37701],[-72.56889,9.37941],[-72.55786,9.37467],[-72.55033,9.36638],[-72.5434,9.36518],[-72.52828,9.36824],[-72.52033,9.36584],[-72.50749,9.37569],[-72.50737,9.38314],[-72.49605,9.38362],[-72.49014,9.39107],[-72.49147,9.39509],[-72.47267,9.41647],[-72.4714,9.42332],[-72.46206,9.4277],[-72.44977,9.42884],[-72.44738,9.42321],[-72.43327,9.41179],[-72.42658,9.41058],[-72.41875,9.41701],[-72.40971,9.41833],[-72.40133,9.42368],[-72.38292,9.40904],[-72.38007,9.39328],[-72.36461,9.39199],[-72.35802,9.40743],[-72.33324,9.40936],[-72.33402,9.41843],[-72.32793,9.41879],[-72.32593,9.42744],[-72.30694,9.43363],[-72.3,9.44283],[-72.29126,9.44205],[-72.29097,9.43328],[-72.28145,9.42974],[-72.2762,9.43701],[-72.26075,9.44909],[-72.25568,9.4593],[-72.26296,9.47551],[-72.25632,9.4853],[-72.25601,9.49239],[-72.24896,9.49468],[-72.25263,9.50302],[-72.24388,9.50513],[-72.2282,9.51504],[-72.23091,9.52303],[-72.22312,9.53108],[-72.21781,9.54532],[-72.20749,9.55343],[-72.21243,9.56148],[-72.21978,9.56652],[-72.21096,9.58003],[-72.20144,9.57487],[-72.1945,9.58917],[-72.19407,9.601],[-72.18714,9.5941],[-72.17931,9.59056],[-72.16852,9.58948],[-72.15681,9.60222],[-72.13927,9.59904],[-72.143,9.60811],[-72.13094,9.61154],[-72.12993,9.60577],[-72.11907,9.6104],[-72.10774,9.60752],[-72.08677,9.5966],[-72.08829,9.59089],[-72.08305,9.58351],[-72.06888,9.58321],[-72.06745,9.57336],[-72.04291,9.57728],[-72.03399,9.57506],[-72.02917,9.5702],[-72.01628,9.56534],[-72.02273,9.55765],[-72.02347,9.54401],[-72.02854,9.53662],[-72.02765,9.52479],[-72.02295,9.52119],[-72.01065,9.51813],[-72.00487,9.51429],[-72.00241,9.50402],[-71.99463,9.50198],[-71.98735,9.49538],[-71.98096,9.49448],[-71.9753,9.48956],[-71.96287,9.49857],[-71.95448,9.50987],[-71.94507,9.51371],[-71.93219,9.50032],[-71.92535,9.50054],[-71.93174,9.51076],[-71.95716,9.54122],[-71.96567,9.55843],[-71.96742,9.57341],[-71.96528,9.57907],[-71.96696,9.58986],[-71.9728,9.60401],[-71.98832,9.62869],[-72.00469,9.6467],[-72.0243,9.67289],[-72.04011,9.68894],[-72.04276,9.69456],[-72.05874,9.71376],[-72.08883,9.74729],[-72.10949,9.77665],[-72.11981,9.79592],[-72.13174,9.80562],[-72.13246,9.81336],[-72.12478,9.82251],[-72.12829,9.82633],[-72.12549,9.83649],[-72.10943,9.83832]]]},"properties":{"municipio":"Machiques de Perijá","estado":"ZULIA"}},{"type":"Feature","geometry":{"type":"Polygon","coordinates":[[[-71.77917,10.50869],[-71.85045,10.5092],[-71.9973,10.50937],[-72.03146,10.51014],[-72.12325,10.5093],[-72.30604,10.50937],[-72.2974,10.50206],[-72.29481,10.49174],[-72.28597,10.48148],[-72.28331,10.4699],[-72.27853,10.45856],[-72.28199,10.4561],[-72.27328,10.43337],[-72.27468,10.42328],[-72.26173,10.40853],[-72.2544,10.40919],[-72.24582,10.40427],[-72.24209,10.41171],[-72.23252,10.4077],[-72.22416,10.40848],[-72.20777,10.39744],[-72.20062,10.39859],[-72.18333,10.38809],[-72.18946,10.38221],[-72.1874,10.37567],[-72.17238,10.37064],[-72.16991,10.3605],[-72.15325,10.34634],[-72.13941,10.33993],[-72.13235,10.32945],[-72.09754,10.27202],[-72.00369,10.11856],[-71.99514,10.10249],[-71.9828,10.08264],[-71.95483,10.10341],[-71.94158,10.10529],[-71.91431,10.11491],[-71.90356,10.1212],[-71.89926,10.12764],[-71.89509,10.14261],[-71.88408,10.16031],[-71.87222,10.16589],[-71.86435,10.17905],[-71.86109,10.19263],[-71.85764,10.19841],[-71.84373,10.20771],[-71.83992,10.21266],[-71.83762,10.22891],[-71.83146,10.23665],[-71.82737,10.24596],[-71.81882,10.27255],[-71.80671,10.28383],[-71.80421,10.29382],[-71.79511,10.31831],[-71.78936,10.3283],[-71.78121,10.33745],[-71.76577,10.34938],[-71.76335,10.35403],[-71.73186,10.38165],[-71.71008,10.39143],[-71.69803,10.39948],[-71.68162,10.41605],[-71.67279,10.4232],[-71.65383,10.43518],[-71.64014,10.44066],[-71.62924,10.43791],[-71.63309,10.44602],[-71.63195,10.4568],[-71.63726,10.47112],[-71.63494,10.47961],[-71.63513,10.5024],[-71.63193,10.50973],[-71.6458,10.50875],[-71.65364,10.51068],[-71.77917,10.50869]]]},"properties":{"municipio":"La Cañada de Urdaneta","estado":"ZULIA"}},{"type":"Feature","geometry":{"type":"Polygon","coordinates":[[[-63.52195,9.63593],[-63.53663,9.63159],[-63.54815,9.63142],[-63.55695,9.63935],[-63.56607,9.63479],[-63.57995,9.63174],[-63.58852,9.63313],[-63.59534,9.63025],[-63.61157,9.63002],[-63.62248,9.64005],[-63.63473,9.64348],[-63.65221,9.65639],[-63.65765,9.65598],[-63.65427,9.64562],[-63.654,9.49571],[-63.64957,9.49416],[-63.62651,9.50147],[-63.61542,9.49972],[-63.6022,9.50211],[-63.58525,9.49796],[-63.5771,9.50366],[-63.57066,9.50378],[-63.56643,9.51469],[-63.55236,9.52111],[-63.54016,9.52368],[-63.52527,9.51389],[-63.5178,9.50518],[-63.50713,9.50092],[-63.49357,9.50264],[-63.47512,9.49153],[-63.4683,9.49561],[-63.45653,9.49632],[-63.44723,9.50538],[-63.44306,9.50657],[-63.45677,9.65489],[-63.46444,9.65148],[-63.469,9.65319],[-63.48295,9.63754],[-63.50868,9.63794],[-63.52195,9.63593]]]},"properties":{"municipio":"Santa Bárbara","estado":"MONAGAS"}},{"type":"Feature","geometry":{"type":"Polygon","coordinates":[[[-66.95976,10.35187],[-66.96938,10.35264],[-66.9713,10.35905],[-66.98714,10.36189],[-66.98786,10.37014],[-67.00585,10.38477],[-67.01632,10.38397],[-67.02189,10.36999],[-67.0238,10.35985],[-67.01948,10.34877],[-67.01295,10.34679],[-67.00851,10.33294],[-67.01108,10.32029],[-67.00013,10.31466],[-66.98576,10.31801],[-66.98031,10.32372],[-66.97642,10.33292],[-66.95976,10.35187]]]},"properties":{"municipio":"Carrizal","estado":"BOLIVARIANO MIRANDA"}},{"type":"Feature","geometry":{"type":"Polygon","coordinates":[[[-63.52195,9.63593],[-63.52348,9.65186],[-63.53159,9.65705],[-63.5355,9.66528],[-63.54244,9.67249],[-63.54298,9.67562],[-63.54544,9.67715],[-63.58464,9.7206],[-63.60418,9.74304],[-63.63097,9.74462],[-63.70072,9.74967],[-63.70246,9.68512],[-63.72658,9.6586],[-63.8082,9.56317],[-63.82474,9.5449],[-63.82422,9.54312],[-63.80986,9.535],[-63.79845,9.53656],[-63.78694,9.52677],[-63.77259,9.53264],[-63.76083,9.51889],[-63.751,9.51744],[-63.74618,9.51324],[-63.73279,9.51467],[-63.73187,9.52181],[-63.72464,9.52079],[-63.72271,9.51425],[-63.7171,9.5125],[-63.71155,9.51772],[-63.70371,9.51748],[-63.69617,9.51189],[-63.68477,9.51063],[-63.67663,9.50606],[-63.6667,9.49682],[-63.66127,9.49891],[-63.654,9.49571],[-63.65427,9.64562],[-63.65765,9.65598],[-63.65221,9.65639],[-63.63473,9.64348],[-63.62248,9.64005],[-63.61157,9.63002],[-63.59534,9.63025],[-63.58852,9.63313],[-63.57995,9.63174],[-63.56607,9.63479],[-63.55695,9.63935],[-63.54815,9.63142],[-63.53663,9.63159],[-63.52195,9.63593]]]},"properties":{"municipio":"Ezequiel Zamora","estado":"MONAGAS"}},{"type":"Feature","geometry":{"type":"Polygon","coordinates":[[[-63.93018,10.08421],[-63.94199,10.08853],[-63.95904,10.08267],[-63.95771,10.0741],[-63.95995,10.06624],[-63.95639,10.05556],[-63.97996,10.04888],[-63.9957,10.04745],[-63.99987,10.0416],[-64.01257,10.03913],[-64.03071,10.04394],[-64.04806,10.05199],[-64.0591,10.05271],[-64.06126,10.04544],[-64.05355,10.03256],[-64.06112,10.00681],[-64.05773,9.9947],[-64.04569,9.98165],[-64.04852,9.9722],[-64.04467,9.95834],[-64.04407,9.94403],[-64.03688,9.93847],[-64.03682,9.9289],[-64.02891,9.93248],[-64.01842,9.93249],[-64.01005,9.93901],[-64.00322,9.93028],[-63.98402,9.93887],[-63.98535,9.92597],[-63.98218,9.91596],[-63.98514,9.9068],[-63.98037,9.90561],[-63.96089,9.90974],[-63.91119,9.87819],[-63.90233,9.86076],[-63.91021,9.84833],[-63.92152,9.84394],[-63.93185,9.84484],[-63.94282,9.83769],[-63.95252,9.82213],[-63.94773,9.81554],[-63.94785,9.80662],[-63.94342,9.8007],[-63.94416,9.78967],[-63.959,9.77302],[-63.95694,9.75592],[-63.95942,9.74958],[-63.95651,9.73723],[-63.95244,9.7349],[-63.94917,9.72342],[-63.95008,9.71369],[-63.94533,9.70154],[-63.91207,9.65786],[-63.83731,9.56066],[-63.82474,9.5449],[-63.8082,9.56317],[-63.72658,9.6586],[-63.70246,9.68512],[-63.70072,9.74967],[-63.63097,9.74462],[-63.60418,9.74304],[-63.58464,9.7206],[-63.54544,9.67715],[-63.54298,9.67562],[-63.5061,9.68759],[-63.47858,9.69607],[-63.48314,9.77473],[-63.49554,9.78733],[-63.49315,9.7976],[-63.49573,9.8033],[-63.49704,9.81886],[-63.4933,9.82499],[-63.49506,9.833],[-63.49155,9.84003],[-63.49463,9.85188],[-63.50495,9.85862],[-63.51056,9.86667],[-63.50801,9.88116],[-63.5225,9.89728],[-63.53288,9.89975],[-63.54351,9.90498],[-63.54562,9.90961],[-63.56017,9.92128],[-63.56639,9.92411],[-63.56928,9.93355],[-63.56178,9.94899],[-63.56151,9.95701],[-63.56862,9.964],[-63.57456,9.97368],[-63.57495,9.9825],[-63.58117,9.99294],[-63.5793,9.99733],[-63.5871,10.01449],[-63.58522,10.01903],[-63.61151,10.04141],[-63.61526,10.06116],[-63.61913,10.0653],[-63.62907,10.06801],[-63.64389,10.05018],[-63.66395,10.03794],[-63.67332,10.0344],[-63.69867,10.03047],[-63.71277,10.0307],[-63.72327,10.04644],[-63.73463,10.04776],[-63.74019,10.04344],[-63.75662,10.03895],[-63.76607,10.03964],[-63.77692,10.03662],[-63.78499,10.0319],[-63.79891,10.01556],[-63.81431,10.02253],[-63.83133,10.0405],[-63.84166,10.04566],[-63.85765,10.03681],[-63.86637,10.03559],[-63.87852,10.02767],[-63.88939,10.02738],[-63.89875,10.03128],[-63.89669,10.03921],[-63.88908,10.04809],[-63.89306,10.05254],[-63.90545,10.05068],[-63.90907,10.05561],[-63.90918,10.06437],[-63.91763,10.07206],[-63.92059,10.07849],[-63.93018,10.08421]]]},"properties":{"municipio":"Cedeño","estado":"MONAGAS"}},{"type":"Feature","geometry":{"type":"Polygon","coordinates":[[[-70.55233,8.95179],[-70.5551,8.96416],[-70.54825,8.97686],[-70.54623,8.99746],[-70.54704,9.00263],[-70.55374,9.00744],[-70.56732,9.01171],[-70.57803,9.01186],[-70.58521,9.00759],[-70.60576,8.98762],[-70.61241,8.97227],[-70.6127,8.96028],[-70.6246,8.95439],[-70.63133,8.94864],[-70.63323,8.94125],[-70.6405,8.93322],[-70.63778,8.92721],[-70.63695,8.91595],[-70.64664,8.90192],[-70.64759,8.89653],[-70.66256,8.8934],[-70.67515,8.90036],[-70.68195,8.89724],[-70.69773,8.90683],[-70.70127,8.91367],[-70.72393,8.91143],[-70.73772,8.90447],[-70.73907,8.89967],[-70.74879,8.89007],[-70.76446,8.88828],[-70.7631,8.8783],[-70.76551,8.87076],[-70.77128,8.86439],[-70.77879,8.86282],[-70.78293,8.85763],[-70.79449,8.85477],[-70.80008,8.85037],[-70.80849,8.84994],[-70.81286,8.83494],[-70.81249,8.82986],[-70.80577,8.82293],[-70.79429,8.81488],[-70.80663,8.80658],[-70.80979,8.78773],[-70.80148,8.77336],[-70.80232,8.75563],[-70.79048,8.76097],[-70.78365,8.76669],[-70.77877,8.77549],[-70.77279,8.77984],[-70.76425,8.77886],[-70.75546,8.78321],[-70.74887,8.78334],[-70.74947,8.7764],[-70.74532,8.76785],[-70.74885,8.76239],[-70.74714,8.75607],[-70.73315,8.74973],[-70.72002,8.75363],[-70.70474,8.76906],[-70.70335,8.77343],[-70.69366,8.77963],[-70.68431,8.79976],[-70.67729,8.80549],[-70.6665,8.81022],[-70.6606,8.82957],[-70.65134,8.83513],[-70.63967,8.84509],[-70.63196,8.84389],[-70.62456,8.83729],[-70.61187,8.83496],[-70.60741,8.84518],[-70.59971,8.84806],[-70.586,8.84285],[-70.56816,8.85618],[-70.57254,8.86745],[-70.57804,8.87272],[-70.57787,8.90085],[-70.5748,8.90765],[-70.56765,8.91299],[-70.55972,8.92592],[-70.54743,8.9362],[-70.55249,8.9403],[-70.55233,8.95179]]]},"properties":{"municipio":"Cardenal Quintero","estado":"MÉRIDA"}},{"type":"Feature","geometry":{"type":"Polygon","coordinates":[[[-71.03616,8.89461],[-71.04686,8.89317],[-71.06013,8.89373],[-71.06643,8.90062],[-71.0766,8.89878],[-71.08409,8.90174],[-71.11156,8.87918],[-71.11784,8.87774],[-71.1344,8.88796],[-71.14669,8.88624],[-71.15045,8.90291],[-71.15669,8.90877],[-71.15737,8.91644],[-71.16176,8.92259],[-71.15392,8.93943],[-71.15023,8.94292],[-71.14882,8.95322],[-71.15212,8.95973],[-71.14811,8.96572],[-71.15276,8.97549],[-71.1424,8.98585],[-71.13891,8.99218],[-71.13955,9.01671],[-71.18706,8.9848],[-71.23395,8.9516],[-71.30864,8.90017],[-71.3129,8.91174],[-71.32645,8.91976],[-71.34019,8.91933],[-71.35118,8.91522],[-71.35522,8.91017],[-71.35854,8.89412],[-71.35496,8.88054],[-71.35822,8.87335],[-71.35243,8.84435],[-71.34605,8.84713],[-71.34196,8.84269],[-71.33423,8.84089],[-71.33181,8.83517],[-71.33559,8.82853],[-71.33862,8.81661],[-71.3318,8.80722],[-71.32964,8.7982],[-71.30993,8.78123],[-71.306,8.78088],[-71.29298,8.76849],[-71.2718,8.74908],[-71.26309,8.75059],[-71.25555,8.74717],[-71.25224,8.74097],[-71.23795,8.72806],[-71.21774,8.71893],[-71.20143,8.71688],[-71.18406,8.72056],[-71.17599,8.7249],[-71.16439,8.73615],[-71.15239,8.73149],[-71.14281,8.7343],[-71.13348,8.74563],[-71.11952,8.75262],[-71.11128,8.76065],[-71.10169,8.77407],[-71.09169,8.77342],[-71.08323,8.78328],[-71.08328,8.79041],[-71.07314,8.79849],[-71.06877,8.79715],[-71.05914,8.80097],[-71.05806,8.80632],[-71.05137,8.81198],[-71.04355,8.81108],[-71.03394,8.8149],[-71.03164,8.81954],[-71.02817,8.84097],[-71.02611,8.86778],[-71.03269,8.87211],[-71.02775,8.87796],[-71.03101,8.89104],[-71.03616,8.89461]]]},"properties":{"municipio":"Caracciolo Parra Olmedo","estado":"MÉRIDA"}},{"type":"Feature","geometry":{"type":"Polygon","coordinates":[[[-63.60391,10.21746],[-63.62473,10.21496],[-63.63979,10.22288],[-63.64663,10.21952],[-63.65498,10.21962],[-63.67421,10.20958],[-63.69464,10.20122],[-63.70061,10.19661],[-63.71404,10.19497],[-63.72545,10.18786],[-63.72903,10.18819],[-63.75623,10.17759],[-63.76833,10.17919],[-63.77393,10.15717],[-63.78268,10.15691],[-63.79064,10.14934],[-63.79288,10.13829],[-63.80576,10.12346],[-63.81202,10.10455],[-63.81995,10.10502],[-63.82498,10.11059],[-63.83179,10.10642],[-63.85231,10.10773],[-63.85735,10.10513],[-63.86882,10.10597],[-63.89933,10.0931],[-63.91462,10.09246],[-63.93018,10.08421],[-63.92059,10.07849],[-63.91763,10.07206],[-63.90918,10.06437],[-63.90907,10.05561],[-63.90545,10.05068],[-63.89306,10.05254],[-63.88908,10.04809],[-63.89669,10.03921],[-63.89875,10.03128],[-63.88939,10.02738],[-63.87852,10.02767],[-63.86637,10.03559],[-63.85765,10.03681],[-63.84166,10.04566],[-63.83133,10.0405],[-63.81431,10.02253],[-63.79891,10.01556],[-63.78499,10.0319],[-63.77692,10.03662],[-63.76607,10.03964],[-63.75662,10.03895],[-63.74019,10.04344],[-63.73463,10.04776],[-63.72327,10.04644],[-63.71277,10.0307],[-63.69867,10.03047],[-63.67332,10.0344],[-63.66395,10.03794],[-63.64389,10.05018],[-63.62907,10.06801],[-63.61778,10.09506],[-63.6173,10.10275],[-63.59258,10.10945],[-63.58062,10.11409],[-63.57313,10.12647],[-63.56787,10.12974],[-63.58208,10.14034],[-63.59552,10.13378],[-63.60806,10.13288],[-63.61406,10.13744],[-63.62151,10.16433],[-63.61667,10.1743],[-63.59841,10.1854],[-63.59168,10.19319],[-63.58575,10.19621],[-63.5955,10.20229],[-63.59927,10.21323],[-63.60391,10.21746]]]},"properties":{"municipio":"Acosta","estado":"MONAGAS"}},{"type":"Feature","geometry":{"type":"Polygon","coordinates":[[[-63.11865,10.22177],[-63.13054,10.22268],[-63.1384,10.20964],[-63.13912,10.20129],[-63.14806,10.1904],[-63.14655,10.18206],[-63.15615,10.16276],[-63.17488,10.15463],[-63.17718,10.15066],[-63.18812,10.14422],[-63.19579,10.16025],[-63.20776,10.1466],[-63.22769,10.12146],[-63.22111,10.11997],[-63.21373,10.10749],[-63.18509,10.08692],[-63.17965,10.07425],[-63.17083,10.06826],[-63.15862,10.04953],[-63.15372,10.02311],[-63.14308,10.01315],[-63.13728,10.01496],[-63.13203,10.0092],[-63.12737,10.01468],[-63.11601,10.02208],[-63.10683,10.02437],[-63.10641,10.02846],[-63.09493,10.04061],[-63.08973,10.03719],[-63.08097,10.04038],[-63.07396,10.03811],[-63.06403,10.04405],[-63.05822,10.05944],[-63.05006,10.06514],[-63.05005,10.07176],[-63.04317,10.07692],[-63.03924,10.07536],[-63.02758,10.08196],[-63.02032,10.09488],[-63.02178,10.10195],[-63.0324,10.11385],[-63.0443,10.12104],[-63.04328,10.13714],[-63.04539,10.14297],[-63.05361,10.15178],[-63.05669,10.15917],[-63.05234,10.17059],[-63.05434,10.17419],[-63.06479,10.17892],[-63.06256,10.19448],[-63.06745,10.20072],[-63.08093,10.19992],[-63.08685,10.18784],[-63.09241,10.18399],[-63.09972,10.185],[-63.11126,10.19484],[-63.11942,10.21008],[-63.11865,10.22177]]]},"properties":{"municipio":"Bolívar","estado":"MONAGAS"}},{"type":"Feature","geometry":{"type":"Polygon","coordinates":[[[-63.54244,9.67249],[-63.5355,9.66528],[-63.53159,9.65705],[-63.52348,9.65186],[-63.52195,9.63593],[-63.50868,9.63794],[-63.48295,9.63754],[-63.469,9.65319],[-63.46444,9.65148],[-63.45677,9.65489],[-63.44306,9.50657],[-63.44723,9.50538],[-63.45653,9.49632],[-63.4683,9.49561],[-63.47512,9.49153],[-63.49357,9.50264],[-63.50713,9.50092],[-63.49846,9.48363],[-63.46734,9.42541],[-63.38251,9.23352],[-63.35706,9.17674],[-63.36431,9.00123],[-63.36398,8.97963],[-63.36542,8.9501],[-63.36428,8.94762],[-63.36337,8.94686],[-63.34015,8.7656],[-63.31889,8.78545],[-63.29757,8.78224],[-63.29188,8.78265],[-63.28939,8.77394],[-63.28449,8.76885],[-63.27164,8.76325],[-63.25064,8.76471],[-63.23356,8.77095],[-63.22783,8.77534],[-63.218,8.77152],[-63.21488,8.7657],[-63.20607,8.76581],[-62.93372,8.7772],[-62.91362,8.8],[-62.90282,8.80809],[-62.88718,8.8229],[-62.88061,8.82692],[-62.86867,8.84791],[-62.85413,8.86311],[-62.8518,8.86343],[-62.83629,8.87902],[-62.83417,8.88549],[-62.81975,8.8934],[-62.8163,8.90515],[-62.80936,8.91301],[-62.80343,8.93759],[-62.79624,8.95168],[-62.79658,8.96553],[-62.78667,8.9873],[-62.78357,8.98859],[-62.77589,9.00115],[-62.77697,9.00571],[-62.77364,9.02249],[-62.77562,9.02837],[-62.77233,9.04066],[-62.77774,9.05062],[-62.77508,9.05673],[-62.77737,9.06321],[-62.77675,9.07316],[-62.78622,9.07928],[-62.79079,9.08636],[-62.79601,9.10878],[-62.80228,9.11904],[-62.80227,9.12564],[-62.80672,9.13589],[-62.79437,9.14788],[-62.78978,9.15718],[-62.79355,9.17978],[-62.79644,9.18374],[-62.79619,9.19435],[-62.78677,9.20664],[-62.77903,9.21012],[-62.78041,9.21677],[-62.77419,9.21875],[-62.76591,9.23566],[-62.75918,9.23746],[-62.7479,9.24489],[-62.73244,9.24716],[-62.72943,9.23763],[-62.71866,9.23379],[-62.70953,9.24176],[-62.68757,9.24529],[-62.68764,9.2411],[-62.67754,9.23606],[-62.66834,9.23744],[-62.66311,9.22778],[-62.66179,9.21543],[-62.65667,9.21651],[-62.64425,9.21111],[-62.63319,9.20163],[-62.61583,9.19467],[-62.60786,9.20007],[-62.59138,9.19754],[-62.58082,9.20402],[-62.57256,9.1994],[-62.56685,9.21061],[-62.55965,9.21283],[-62.54862,9.20791],[-62.54023,9.21312],[-62.54559,9.21774],[-62.54793,9.22596],[-62.54563,9.23675],[-62.55196,9.24035],[-62.54772,9.25444],[-62.54081,9.25432],[-62.53906,9.26217],[-62.54122,9.26979],[-62.5382,9.27423],[-62.5247,9.26979],[-62.51003,9.26265],[-62.50941,9.27638],[-62.50403,9.29179],[-62.50877,9.30774],[-62.50068,9.31877],[-62.50122,9.32554],[-62.49163,9.32812],[-62.48215,9.33645],[-62.47473,9.33861],[-62.46188,9.35042],[-62.45946,9.35486],[-62.46536,9.36199],[-62.47296,9.36445],[-62.4806,9.37777],[-62.48228,9.38694],[-62.46771,9.39054],[-62.47427,9.39672],[-62.47433,9.40229],[-62.46047,9.41507],[-62.44469,9.41902],[-62.43417,9.42615],[-62.43375,9.43627],[-62.42774,9.44175],[-62.42249,9.44046],[-62.40847,9.44266],[-62.40732,9.45339],[-62.40342,9.46729],[-62.40365,9.47416],[-62.40922,9.48296],[-62.41722,9.48575],[-62.4381,9.48205],[-62.44222,9.4847],[-62.44669,9.49567],[-62.44083,9.5153],[-62.44337,9.52012],[-62.44771,9.53916],[-62.44685,9.54506],[-62.43663,9.56118],[-62.43881,9.56733],[-62.44656,9.57481],[-62.4406,9.58408],[-62.43523,9.59888],[-62.42319,9.61404],[-62.4041,9.63268],[-62.37832,9.66082],[-62.37126,9.67297],[-62.3712,9.6861],[-62.36291,9.70656],[-62.35403,9.71149],[-62.34941,9.71846],[-62.33858,9.72904],[-62.31755,9.74225],[-62.30398,9.77373],[-62.30482,9.78373],[-62.30855,9.79059],[-62.31947,9.80146],[-62.34277,9.8095],[-62.35918,9.84208],[-62.36219,9.85194],[-62.36264,9.86912],[-62.3655,9.8822],[-62.37353,9.88938],[-62.38491,9.8956],[-62.394,9.90284],[-62.40308,9.91778],[-62.41246,9.92491],[-62.41131,9.93439],[-62.40286,9.93695],[-62.3966,9.94581],[-62.3901,9.96325],[-62.39234,9.96682],[-62.37187,9.9761],[-62.37473,9.9855],[-62.38797,9.99643],[-62.39018,10.00432],[-62.39912,10.01362],[-62.40589,10.01167],[-62.41168,10.02462],[-62.41268,10.03191],[-62.41841,10.0442],[-62.43477,10.0527],[-62.44169,10.05254],[-62.44706,10.0427],[-62.45638,10.04665],[-62.46213,10.05342],[-62.4597,10.06168],[-62.4626,10.07468],[-62.4687,10.08842],[-62.47049,10.09874],[-62.47671,10.11051],[-62.47452,10.11284],[-62.48157,10.13673],[-62.49165,10.15965],[-62.50159,10.17491],[-62.50358,10.18256],[-62.51438,10.19513],[-62.53921,10.21567],[-62.56808,10.22923],[-62.57271,10.23268],[-62.59686,10.24247],[-62.60414,10.24182],[-62.61919,10.23549],[-62.62395,10.23095],[-62.63967,10.24281],[-62.64059,10.22559],[-62.63762,10.21099],[-62.63077,10.18637],[-62.62005,10.15999],[-62.6141,10.13729],[-62.61113,10.11517],[-62.61411,10.10869],[-62.6232,10.09999],[-62.64047,10.08907],[-62.64718,10.08097],[-62.66357,10.06917],[-62.67265,10.06592],[-62.70468,10.05899],[-62.7291,10.05928],[-62.7361,10.064],[-62.74414,10.0783],[-62.75263,10.08522],[-62.76291,10.08552],[-62.77348,10.08168],[-62.77959,10.07593],[-62.79017,10.05647],[-62.79136,10.04733],[-62.78749,10.03465],[-62.79181,10.03332],[-62.81445,10.03376],[-62.82398,10.03597],[-62.83426,10.0485],[-62.83664,10.06885],[-62.83961,10.07386],[-62.8487,10.07769],[-62.85659,10.07386],[-62.85957,10.05779],[-62.86896,10.05144],[-62.88698,10.05336],[-62.90038,10.05763],[-62.90172,10.06087],[-62.89532,10.07901],[-62.89475,10.08857],[-62.90547,10.09713],[-62.91238,10.09439],[-62.93141,10.07932],[-62.93676,10.07699],[-62.97648,10.01589],[-62.99438,9.98602],[-63.01065,9.96277],[-63.04009,9.91795],[-63.05536,9.89571],[-63.06333,9.88928],[-63.08368,9.88418],[-63.09195,9.88851],[-63.09823,9.88828],[-63.10436,9.89324],[-63.12554,9.89565],[-63.13375,9.90269],[-63.15162,9.90161],[-63.15621,9.89843],[-63.1707,9.89681],[-63.19106,9.90087],[-63.20447,9.9001],[-63.20596,9.88481],[-63.21424,9.87809],[-63.21895,9.86728],[-63.22518,9.86223],[-63.24099,9.86032],[-63.26182,9.86039],[-63.27632,9.85228],[-63.2931,9.85025],[-63.31235,9.8565],[-63.3243,9.85825],[-63.33475,9.85681],[-63.30329,9.78801],[-63.30818,9.78669],[-63.32104,9.78892],[-63.338,9.79511],[-63.34923,9.79175],[-63.35707,9.7932],[-63.37374,9.79134],[-63.38262,9.78649],[-63.39783,9.78193],[-63.40764,9.78491],[-63.42084,9.78236],[-63.42475,9.78561],[-63.43809,9.7876],[-63.45348,9.79602],[-63.46078,9.79554],[-63.46941,9.80371],[-63.47417,9.81946],[-63.48581,9.82601],[-63.4933,9.82499],[-63.49704,9.81886],[-63.49573,9.8033],[-63.49315,9.7976],[-63.49554,9.78733],[-63.48314,9.77473],[-63.54244,9.67249]]]},"properties":{"municipio":"Maturín","estado":"MONAGAS"}},{"type":"Feature","geometry":{"type":"Polygon","coordinates":[[[-63.42747,10.28752],[-63.44697,10.28921],[-63.44733,10.29894],[-63.45591,10.30423],[-63.45927,10.32008],[-63.47046,10.3164],[-63.48719,10.30382],[-63.49078,10.29744],[-63.49826,10.29482],[-63.51007,10.29555],[-63.52955,10.28581],[-63.53697,10.27722],[-63.55034,10.26738],[-63.54347,10.25494],[-63.54323,10.24929],[-63.55575,10.24206],[-63.55629,10.2368],[-63.55895,10.21465],[-63.56976,10.20119],[-63.57749,10.20227],[-63.58575,10.19621],[-63.59168,10.19319],[-63.59841,10.1854],[-63.61667,10.1743],[-63.62151,10.16433],[-63.61406,10.13744],[-63.60806,10.13288],[-63.59552,10.13378],[-63.58208,10.14034],[-63.56787,10.12974],[-63.55835,10.11348],[-63.55299,10.11229],[-63.54031,10.12281],[-63.54025,10.12683],[-63.52263,10.13073],[-63.51769,10.12712],[-63.48883,10.13621],[-63.48233,10.14112],[-63.47369,10.14329],[-63.45701,10.14103],[-63.45235,10.13575],[-63.44667,10.12085],[-63.45338,10.10907],[-63.44238,10.10962],[-63.42248,10.10394],[-63.39963,10.10818],[-63.38627,10.09665],[-63.38156,10.08584],[-63.36227,10.08791],[-63.34982,10.09171],[-63.3416,10.09058],[-63.33343,10.07918],[-63.32193,10.07269],[-63.31335,10.07234],[-63.30441,10.06791],[-63.29541,10.07411],[-63.28961,10.07513],[-63.2739,10.08362],[-63.2675,10.08489],[-63.2521,10.0923],[-63.24328,10.10024],[-63.23802,10.11466],[-63.22769,10.12146],[-63.20776,10.1466],[-63.19579,10.16025],[-63.20823,10.16252],[-63.22039,10.16929],[-63.22227,10.17662],[-63.21955,10.18353],[-63.22294,10.19092],[-63.23986,10.19198],[-63.25092,10.19037],[-63.25431,10.20013],[-63.27154,10.20383],[-63.28889,10.2121],[-63.31374,10.20919],[-63.31809,10.21219],[-63.33478,10.21337],[-63.3459,10.2324],[-63.35219,10.23534],[-63.35504,10.24429],[-63.36392,10.24302],[-63.37595,10.23771],[-63.38883,10.23926],[-63.39536,10.24682],[-63.40116,10.25925],[-63.42716,10.25585],[-63.42593,10.25973],[-63.41063,10.28727],[-63.42747,10.28752]]]},"properties":{"municipio":"Caripe","estado":"MONAGAS"}},{"type":"Feature","geometry":{"type":"Polygon","coordinates":[[[-65.63888,9.94972],[-65.65289,9.95281],[-65.66593,9.95321],[-65.66889,9.96366],[-65.6742,9.9706],[-65.67601,9.97803],[-65.69201,9.98023],[-65.70886,9.97607],[-65.71562,9.96216],[-65.71637,9.92433],[-65.71272,9.91602],[-65.71796,9.91191],[-65.71734,9.90547],[-65.72227,9.90127],[-65.72306,9.89002],[-65.72026,9.88366],[-65.72114,9.87427],[-65.71601,9.86441],[-65.70604,9.85866],[-65.70506,9.84291],[-65.71199,9.84071],[-65.70679,9.83204],[-65.70099,9.81732],[-65.69077,9.81132],[-65.68676,9.80163],[-65.67814,9.79483],[-65.67599,9.77974],[-65.6704,9.77384],[-65.65168,9.777],[-65.63962,9.81436],[-65.61507,9.88518],[-65.59176,9.91292],[-65.63459,9.9158],[-65.63888,9.94972]]]},"properties":{"municipio":"Francisco del Carmen Carvajal","estado":"ANZOÁTEGUI"}},{"type":"Feature","geometry":{"type":"Polygon","coordinates":[[[-70.40599,9.20541],[-70.41689,9.20956],[-70.43841,9.20419],[-70.45088,9.20527],[-70.46781,9.214],[-70.47865,9.22165],[-70.48118,9.22589],[-70.48154,9.2367],[-70.49498,9.22452],[-70.50347,9.23969],[-70.50485,9.25582],[-70.51539,9.26102],[-70.51755,9.27063],[-70.5243,9.27798],[-70.53286,9.28085],[-70.53714,9.27781],[-70.55379,9.29151],[-70.56877,9.2685],[-70.57233,9.26503],[-70.56975,9.25029],[-70.56337,9.2437],[-70.55887,9.2319],[-70.56032,9.22777],[-70.5739,9.21633],[-70.58715,9.22394],[-70.58851,9.23508],[-70.60001,9.24418],[-70.60902,9.22886],[-70.61579,9.2103],[-70.61707,9.20138],[-70.62607,9.1918],[-70.6423,9.16751],[-70.64931,9.15189],[-70.65541,9.14379],[-70.66508,9.12499],[-70.6925,9.12284],[-70.70178,9.11824],[-70.70987,9.10896],[-70.72074,9.1005],[-70.72792,9.09238],[-70.731,9.0837],[-70.72976,9.07101],[-70.73044,9.05561],[-70.72449,9.03797],[-70.71945,9.02622],[-70.7064,9.01521],[-70.71056,9.00721],[-70.69945,8.98978],[-70.67886,8.97499],[-70.67126,8.97554],[-70.66322,8.9816],[-70.65251,8.98521],[-70.63239,8.99807],[-70.62862,9.00459],[-70.62044,9.00761],[-70.61865,9.01315],[-70.60088,9.01709],[-70.58781,9.0273],[-70.58196,9.02648],[-70.57732,9.03413],[-70.56382,9.03742],[-70.55815,9.04221],[-70.5521,9.05514],[-70.54615,9.08345],[-70.54848,9.09315],[-70.51983,9.10097],[-70.51049,9.09912],[-70.50331,9.10535],[-70.50455,9.12001],[-70.49228,9.11707],[-70.47342,9.11537],[-70.46752,9.11656],[-70.45246,9.12515],[-70.44462,9.13193],[-70.44618,9.14925],[-70.45087,9.15803],[-70.44924,9.1686],[-70.45165,9.17337],[-70.44197,9.18334],[-70.42618,9.19665],[-70.41159,9.20118],[-70.40599,9.20541]]]},"properties":{"municipio":"Urdaneta","estado":"TRUJILLO"}},{"type":"Feature","geometry":{"type":"Polygon","coordinates":[[[-70.57233,9.26503],[-70.58251,9.25947],[-70.59547,9.26307],[-70.60133,9.29351],[-70.59765,9.29788],[-70.59779,9.31018],[-70.59308,9.33832],[-70.59797,9.35738],[-70.59487,9.36518],[-70.60578,9.35458],[-70.61584,9.35027],[-70.62199,9.35028],[-70.6324,9.34292],[-70.6338,9.3393],[-70.63194,9.32354],[-70.64205,9.303],[-70.64766,9.29833],[-70.64805,9.28461],[-70.66422,9.27269],[-70.66526,9.26365],[-70.67685,9.25203],[-70.69755,9.23772],[-70.70667,9.22365],[-70.71512,9.21683],[-70.71267,9.20605],[-70.71736,9.19439],[-70.7281,9.18757],[-70.74079,9.16912],[-70.74725,9.16505],[-70.75264,9.1514],[-70.75723,9.14511],[-70.75604,9.13337],[-70.76421,9.11828],[-70.77069,9.09947],[-70.77437,9.0945],[-70.78525,9.09277],[-70.79105,9.08642],[-70.79707,9.08505],[-70.79224,9.08269],[-70.78274,9.08497],[-70.7739,9.08308],[-70.75994,9.0729],[-70.75589,9.0722],[-70.74521,9.05647],[-70.73889,9.05358],[-70.73044,9.05561],[-70.72976,9.07101],[-70.731,9.0837],[-70.72792,9.09238],[-70.72074,9.1005],[-70.70987,9.10896],[-70.70178,9.11824],[-70.6925,9.12284],[-70.66508,9.12499],[-70.65541,9.14379],[-70.64931,9.15189],[-70.6423,9.16751],[-70.62607,9.1918],[-70.61707,9.20138],[-70.61579,9.2103],[-70.60902,9.22886],[-70.60001,9.24418],[-70.58851,9.23508],[-70.58715,9.22394],[-70.5739,9.21633],[-70.56032,9.22777],[-70.55887,9.2319],[-70.56337,9.2437],[-70.56975,9.25029],[-70.57233,9.26503]]]},"properties":{"municipio":"Valera","estado":"TRUJILLO"}},{"type":"Feature","geometry":{"type":"Polygon","coordinates":[[[-70.6324,9.34292],[-70.62881,9.35179],[-70.64009,9.3693],[-70.65004,9.37021],[-70.6562,9.37465],[-70.65936,9.38143],[-70.67028,9.3628],[-70.66836,9.35393],[-70.66923,9.34033],[-70.68824,9.32943],[-70.69763,9.32805],[-70.71167,9.31883],[-70.71812,9.31164],[-70.76205,9.28884],[-70.76995,9.28585],[-70.80248,9.26431],[-70.81044,9.26557],[-70.81984,9.25816],[-70.81381,9.25844],[-70.81534,9.24694],[-70.80807,9.23478],[-70.80312,9.2331],[-70.7961,9.21825],[-70.79318,9.19686],[-70.77997,9.20339],[-70.7757,9.20171],[-70.75689,9.20219],[-70.73489,9.19871],[-70.72791,9.19385],[-70.71736,9.19439],[-70.71267,9.20605],[-70.71512,9.21683],[-70.70667,9.22365],[-70.69755,9.23772],[-70.67685,9.25203],[-70.66526,9.26365],[-70.66422,9.27269],[-70.64805,9.28461],[-70.64766,9.29833],[-70.64205,9.303],[-70.63194,9.32354],[-70.6338,9.3393],[-70.6324,9.34292]]]},"properties":{"municipio":"Escuque","estado":"TRUJILLO"}},{"type":"Feature","geometry":{"type":"Polygon","coordinates":[[[-70.66567,9.39855],[-70.67773,9.39844],[-70.6922,9.40073],[-70.69558,9.40487],[-70.70571,9.40152],[-70.70903,9.39762],[-70.72995,9.39758],[-70.73936,9.40364],[-70.75148,9.40856],[-70.75539,9.40489],[-70.76329,9.39225],[-70.75774,9.38206],[-70.75604,9.37241],[-70.77284,9.35891],[-70.77483,9.34885],[-70.76856,9.34315],[-70.76608,9.33458],[-70.775,9.32164],[-70.78435,9.31523],[-70.79013,9.31416],[-70.79876,9.30745],[-70.81141,9.29332],[-70.80707,9.28253],[-70.80822,9.27786],[-70.80273,9.27168],[-70.80248,9.26431],[-70.76995,9.28585],[-70.76205,9.28884],[-70.71812,9.31164],[-70.71167,9.31883],[-70.69763,9.32805],[-70.68824,9.32943],[-70.66923,9.34033],[-70.66836,9.35393],[-70.67028,9.3628],[-70.65936,9.38143],[-70.66042,9.38915],[-70.66567,9.39855]]]},"properties":{"municipio":"Rafael Rangel","estado":"TRUJILLO"}},{"type":"Feature","geometry":{"type":"Polygon","coordinates":[[[-70.32304,9.42788],[-70.35391,9.42672],[-70.3615,9.43372],[-70.36506,9.44048],[-70.38255,9.44118],[-70.40437,9.45217],[-70.41022,9.44929],[-70.41281,9.43714],[-70.4204,9.43013],[-70.43071,9.42886],[-70.43646,9.43371],[-70.44768,9.43765],[-70.4557,9.43561],[-70.45153,9.42717],[-70.45298,9.42046],[-70.46708,9.42075],[-70.47516,9.41559],[-70.48747,9.41375],[-70.45447,9.38789],[-70.45766,9.37297],[-70.46436,9.36309],[-70.50168,9.37041],[-70.51326,9.37453],[-70.52043,9.35722],[-70.52459,9.35171],[-70.53544,9.3526],[-70.54451,9.36349],[-70.55744,9.35455],[-70.5555,9.34816],[-70.56508,9.34199],[-70.56721,9.31979],[-70.5657,9.3111],[-70.56721,9.29972],[-70.55379,9.29151],[-70.53714,9.27781],[-70.53286,9.28085],[-70.5243,9.27798],[-70.51755,9.27063],[-70.51539,9.26102],[-70.50485,9.25582],[-70.50347,9.23969],[-70.49498,9.22452],[-70.48154,9.2367],[-70.48118,9.22589],[-70.47865,9.22165],[-70.46781,9.214],[-70.45088,9.20527],[-70.43841,9.20419],[-70.41689,9.20956],[-70.40599,9.20541],[-70.40223,9.21132],[-70.38598,9.21991],[-70.38435,9.24015],[-70.37838,9.24725],[-70.37536,9.25823],[-70.36867,9.26431],[-70.35692,9.26849],[-70.3442,9.28191],[-70.33884,9.29212],[-70.33896,9.2985],[-70.33498,9.30823],[-70.32931,9.31414],[-70.32027,9.31628],[-70.31328,9.32664],[-70.31207,9.33416],[-70.29771,9.35452],[-70.29728,9.36814],[-70.29275,9.37146],[-70.29198,9.38289],[-70.29801,9.39516],[-70.29898,9.40797],[-70.30791,9.42137],[-70.32304,9.42788]]]},"properties":{"municipio":"Trujillo","estado":"TRUJILLO"}},{"type":"Feature","geometry":{"type":"Polygon","coordinates":[[[-64.94717,9.96473],[-64.97191,9.97697],[-64.96912,9.99414],[-64.97032,10.00152],[-64.9772,10.01887],[-64.99849,10.04492],[-65.00694,10.05674],[-65.0544,10.05019],[-65.05308,10.04533],[-65.0558,10.03308],[-65.05581,10.02269],[-65.05829,10.01501],[-65.05334,10.00678],[-65.05727,9.9943],[-65.06144,9.99147],[-65.08047,9.96938],[-65.08785,9.95005],[-65.08695,9.94176],[-65.09178,9.92627],[-65.08841,9.91781],[-65.08933,9.89812],[-65.09803,9.87902],[-65.10396,9.85591],[-65.11042,9.83997],[-65.11232,9.82947],[-65.11502,9.81164],[-65.02328,9.80308],[-65.00777,9.80314],[-65.00807,9.83456],[-65.05531,9.87698],[-65.05891,9.91574],[-65.01233,9.97333],[-65.00888,9.97819],[-64.94717,9.96473]]]},"properties":{"municipio":"Píritu","estado":"ANZOÁTEGUI"}},{"type":"Feature","geometry":{"type":"Polygon","coordinates":[[[-65.48897,10.0677],[-65.49718,10.06421],[-65.50558,10.06662],[-65.5109,10.05827],[-65.52347,10.05299],[-65.52794,10.05396],[-65.53622,10.04255],[-65.53586,10.03744],[-65.54239,10.02891],[-65.54227,10.02225],[-65.54916,10.01817],[-65.55418,10.00249],[-65.56451,10.00724],[-65.57195,10.00527],[-65.58554,10.00822],[-65.59551,10.00204],[-65.60343,10.00156],[-65.60101,9.99171],[-65.60271,9.97699],[-65.60855,9.97026],[-65.61387,9.97152],[-65.62601,9.96886],[-65.62764,9.95861],[-65.63888,9.94972],[-65.63459,9.9158],[-65.59176,9.91292],[-65.61507,9.88518],[-65.63962,9.81436],[-65.65168,9.777],[-65.5542,9.79346],[-65.46138,9.79637],[-65.45646,9.78487],[-65.44782,9.77851],[-65.44326,9.77194],[-65.43116,9.76441],[-65.42686,9.77472],[-65.42224,9.77715],[-65.41006,9.77161],[-65.40968,9.77706],[-65.39961,9.77915],[-65.39333,9.77734],[-65.38764,9.77074],[-65.38269,9.76024],[-65.35199,9.75167],[-65.3554,9.74155],[-65.36142,9.74024],[-65.36409,9.72667],[-65.37492,9.71828],[-65.37789,9.70836],[-65.37668,9.69534],[-65.29832,9.68139],[-65.29035,9.71129],[-65.28772,9.72939],[-65.28041,9.73108],[-65.27462,9.7382],[-65.25732,9.74581],[-65.24671,9.74517],[-65.23026,9.75534],[-65.21962,9.75558],[-65.21514,9.76043],[-65.19653,9.75967],[-65.18457,9.7606],[-65.18324,9.77077],[-65.17163,9.76996],[-65.16087,9.76633],[-65.15037,9.75709],[-65.14547,9.76056],[-65.13319,9.76242],[-65.13526,9.77094],[-65.12664,9.77551],[-65.12415,9.78608],[-65.12843,9.79265],[-65.12234,9.80404],[-65.12605,9.80977],[-65.11999,9.82083],[-65.12413,9.83918],[-65.1153,9.83787],[-65.11232,9.82947],[-65.11042,9.83997],[-65.10492,9.9231],[-65.13009,9.96401],[-65.12241,9.98094],[-65.10463,10.0165],[-65.18489,10.00575],[-65.20721,10.00448],[-65.22346,10.00667],[-65.22708,10.01304],[-65.2458,10.03853],[-65.26512,10.03642],[-65.2696,10.03763],[-65.28112,10.0327],[-65.29889,10.0346],[-65.31888,10.02468],[-65.33008,10.01707],[-65.34791,10.02195],[-65.36036,10.02079],[-65.37028,10.01118],[-65.40511,10.02568],[-65.43833,10.04154],[-65.48897,10.0677]]]},"properties":{"municipio":"Manuel Ezequiel Bruzual","estado":"ANZOÁTEGUI"}},{"type":"Feature","geometry":{"type":"Polygon","coordinates":[[[-64.11233,10.08618],[-64.13026,10.08394],[-64.15375,10.07647],[-64.16015,10.07653],[-64.18332,10.0655],[-64.27698,10.01479],[-64.31998,9.99237],[-64.39203,9.97675],[-64.45762,9.94173],[-64.50543,9.92929],[-64.54772,9.9202],[-64.55676,9.91738],[-64.64343,9.88598],[-64.73949,9.8508],[-64.7602,9.84282],[-64.82077,9.8922],[-64.85191,9.77069],[-64.87711,9.73713],[-64.8696,9.72843],[-64.86972,9.72336],[-64.84718,9.71212],[-64.83605,9.71293],[-64.83032,9.70937],[-64.8186,9.7132],[-64.80355,9.70979],[-64.79563,9.71229],[-64.78435,9.72301],[-64.7748,9.72168],[-64.76041,9.73126],[-64.74995,9.73042],[-64.74326,9.71566],[-64.73834,9.70865],[-64.74019,9.70456],[-64.73288,9.69527],[-64.72481,9.69191],[-64.71704,9.68001],[-64.71396,9.6667],[-64.70665,9.66379],[-64.70449,9.65831],[-64.69664,9.65066],[-64.67994,9.6534],[-64.66878,9.64949],[-64.66969,9.64061],[-64.66133,9.63165],[-64.65045,9.62718],[-64.64098,9.62583],[-64.6311,9.61558],[-64.61963,9.61185],[-64.61638,9.60719],[-64.60204,9.60315],[-64.59759,9.59917],[-64.5897,9.59802],[-64.57939,9.59157],[-64.57475,9.5742],[-64.57037,9.56907],[-64.55999,9.56656],[-64.55543,9.56168],[-64.54803,9.56322],[-64.54248,9.56029],[-64.53604,9.56349],[-64.52595,9.56116],[-64.5206,9.56273],[-64.50813,9.55575],[-64.49997,9.55584],[-64.48845,9.55082],[-64.45841,9.61919],[-64.43184,9.64236],[-64.38396,9.68635],[-64.32522,9.7424],[-64.21523,9.84749],[-64.20467,9.85805],[-64.1503,9.99641],[-64.13561,10.02932],[-64.11233,10.08618]]]},"properties":{"municipio":"Libertad","estado":"ANZOÁTEGUI"}},{"type":"Feature","geometry":{"type":"Polygon","coordinates":[[[-63.95904,10.08267],[-63.9622,10.0861],[-63.95916,10.09613],[-63.96181,10.10466],[-63.97951,10.10904],[-63.98548,10.11324],[-64.00088,10.10928],[-64.01157,10.11126],[-64.01501,10.1172],[-64.02178,10.11984],[-64.03216,10.12008],[-64.04696,10.11576],[-64.05294,10.09937],[-64.06646,10.09541],[-64.08573,10.09739],[-64.10014,10.09062],[-64.10777,10.09013],[-64.11233,10.08618],[-64.13561,10.02932],[-64.1503,9.99641],[-64.20467,9.85805],[-64.21523,9.84749],[-64.32522,9.7424],[-64.34145,9.72262],[-64.40014,9.65339],[-64.48845,9.55082],[-64.48489,9.5501],[-64.47361,9.55688],[-64.44831,9.55423],[-64.42341,9.54193],[-64.41793,9.54043],[-64.34534,9.51311],[-64.3524,9.50346],[-64.35499,9.49322],[-64.35456,9.4325],[-64.36148,9.43388],[-64.37425,9.43268],[-64.38301,9.42578],[-64.38617,9.41155],[-64.39795,9.39773],[-64.40114,9.38552],[-64.40757,9.38191],[-64.40773,9.3732],[-64.41447,9.35873],[-64.41876,9.35591],[-64.41778,9.30081],[-64.41369,9.28711],[-64.41405,9.28211],[-64.40669,9.27288],[-64.39984,9.26981],[-64.39453,9.26213],[-64.39358,9.25353],[-64.40058,9.24835],[-64.44531,9.1278],[-64.42658,9.12233],[-64.4247,9.11879],[-64.41116,9.11394],[-64.39589,9.1163],[-64.38873,9.11927],[-64.37768,9.11674],[-64.37494,9.11219],[-64.36196,9.10103],[-64.3715,9.10049],[-64.37512,9.09556],[-64.38562,9.09292],[-64.38751,9.08949],[-64.40221,9.0818],[-64.41136,9.07309],[-64.42087,9.06687],[-64.44384,9.0424],[-64.4192,8.98447],[-64.37465,8.87382],[-64.35654,8.82832],[-64.35651,8.82831],[-64.35317,8.86885],[-64.34676,8.93731],[-64.33653,8.93821],[-64.32863,8.94181],[-64.32026,8.94025],[-64.30695,8.94421],[-64.29346,8.94247],[-64.28948,8.94547],[-64.27858,8.94595],[-64.26256,8.93681],[-64.25034,8.93333],[-64.24233,8.93597],[-64.2357,8.93146],[-64.2283,8.93242],[-64.22011,8.92918],[-64.20523,8.92954],[-64.19916,8.931],[-64.18496,8.92764],[-64.16275,8.90945],[-64.16154,8.90447],[-64.14956,8.89931],[-64.13524,8.88832],[-64.11363,8.8771],[-64.09828,8.87199],[-64.09087,8.87139],[-64.06397,8.87433],[-64.05879,8.87637],[-64.05139,8.87265],[-64.04254,8.87199],[-64.03357,8.86815],[-64.01443,8.87115],[-64.00239,8.86983],[-63.98872,8.86334],[-63.97325,8.86076],[-63.94394,8.86124],[-63.92708,8.85644],[-63.91474,8.84677],[-63.90565,8.84587],[-63.89398,8.84749],[-63.89049,8.84539],[-63.87995,8.84743],[-63.8696,8.84653],[-63.86322,8.84317],[-63.85316,8.84527],[-63.84552,8.84407],[-63.83926,8.84779],[-63.83372,8.84491],[-63.81729,8.84671],[-63.81133,8.84442],[-63.79724,8.84886],[-63.78045,8.8302],[-63.76528,8.8293],[-63.76191,8.83302],[-63.75228,8.83086],[-63.7474,8.82425],[-63.73693,8.82761],[-63.7211,8.82329],[-63.69714,8.81999],[-63.69202,8.81711],[-63.66674,8.81218],[-63.65829,8.80462],[-63.64603,8.80258],[-63.63357,8.80276],[-63.62563,8.79886],[-63.62039,8.79243],[-63.60724,8.7841],[-63.60448,8.7794],[-63.58005,8.76765],[-63.5739,8.76825],[-63.56921,8.76337],[-63.56109,8.76054],[-63.55694,8.75583],[-63.5296,8.75541],[-63.52291,8.76071],[-63.50478,8.76089],[-63.49514,8.76782],[-63.49693,8.77982],[-63.48975,8.7897],[-63.48709,8.79706],[-63.48136,8.80272],[-63.47676,8.81604],[-63.47735,8.82297],[-63.4724,8.83255],[-63.47557,8.84425],[-63.46761,8.85503],[-63.46373,8.87263],[-63.45782,8.88005],[-63.45221,8.88167],[-63.44419,8.8912],[-63.44478,8.89626],[-63.43605,8.89951],[-63.42827,8.90608],[-63.42651,8.91193],[-63.4159,8.92115],[-63.40319,8.92392],[-63.39848,8.93513],[-63.38889,8.94116],[-63.3748,8.94122],[-63.37106,8.94652],[-63.36428,8.94762],[-63.36542,8.9501],[-63.36899,8.95655],[-63.37955,8.966],[-63.37955,8.97423],[-63.38546,8.97911],[-63.38314,8.98411],[-63.39188,8.99583],[-63.39906,9],[-63.42673,9.00563],[-63.43074,9.01427],[-63.4375,9.00413],[-63.44231,9.00424],[-63.44922,9.01453],[-63.45551,9.01879],[-63.46446,9.01774],[-63.47455,9.01997],[-63.47445,9.03245],[-63.4785,9.03534],[-63.48893,9.03536],[-63.48217,9.04386],[-63.48098,9.05228],[-63.48336,9.05811],[-63.49825,9.05027],[-63.50762,9.05847],[-63.51377,9.07416],[-63.51724,9.06742],[-63.52351,9.07377],[-63.53296,9.07799],[-63.53999,9.09214],[-63.55299,9.08793],[-63.55674,9.09441],[-63.56162,9.09146],[-63.56768,9.09527],[-63.56283,9.10281],[-63.57651,9.10654],[-63.58456,9.09992],[-63.59698,9.10097],[-63.60193,9.1063],[-63.6003,9.13254],[-63.60651,9.13531],[-63.60569,9.14433],[-63.62203,9.15415],[-63.63215,9.14888],[-63.6392,9.15677],[-63.64897,9.15903],[-63.66171,9.15897],[-63.6685,9.15628],[-63.69403,9.17697],[-63.69708,9.1839],[-63.70766,9.18761],[-63.71422,9.19741],[-63.73197,9.1978],[-63.74138,9.20323],[-63.74879,9.21639],[-63.7548,9.22296],[-63.76405,9.22279],[-63.77265,9.22706],[-63.78963,9.22273],[-63.79593,9.22341],[-63.80431,9.21726],[-63.82002,9.2236],[-63.82668,9.22903],[-63.8403,9.22622],[-63.84945,9.21969],[-63.85436,9.21914],[-63.8584,9.21271],[-63.86723,9.21419],[-63.87318,9.20779],[-63.8859,9.20627],[-63.88846,9.2022],[-63.90004,9.19996],[-63.90866,9.19229],[-63.91668,9.25835],[-63.92532,9.26757],[-63.93075,9.27718],[-63.94106,9.29076],[-63.95248,9.29611],[-63.95611,9.304],[-63.96154,9.32279],[-63.96076,9.32848],[-63.96549,9.33542],[-63.97336,9.33874],[-63.97867,9.34478],[-63.97155,9.41457],[-63.9338,9.44693],[-63.84804,9.52182],[-63.82422,9.54312],[-63.82474,9.5449],[-63.83731,9.56066],[-63.91207,9.65786],[-63.94533,9.70154],[-63.95008,9.71369],[-63.94917,9.72342],[-63.95244,9.7349],[-63.95651,9.73723],[-63.95942,9.74958],[-63.95694,9.75592],[-63.959,9.77302],[-63.94416,9.78967],[-63.94342,9.8007],[-63.94785,9.80662],[-63.94773,9.81554],[-63.95252,9.82213],[-63.94282,9.83769],[-63.93185,9.84484],[-63.92152,9.84394],[-63.91021,9.84833],[-63.92521,9.86748],[-63.93142,9.87004],[-63.93497,9.87618],[-63.95625,9.8963],[-63.97566,9.89934],[-63.98037,9.90561],[-63.98514,9.9068],[-63.98218,9.91596],[-63.98535,9.92597],[-63.98402,9.93887],[-64.00322,9.93028],[-64.01005,9.93901],[-64.01842,9.93249],[-64.02891,9.93248],[-64.03682,9.9289],[-64.05607,9.92271],[-64.05841,9.93114],[-64.05429,9.9496],[-64.05724,9.95372],[-64.05207,9.97039],[-64.04852,9.9722],[-64.04569,9.98165],[-64.05773,9.9947],[-64.06112,10.00681],[-64.05355,10.03256],[-64.06126,10.04544],[-64.0591,10.05271],[-64.05849,10.05817],[-64.04979,10.06259],[-64.04865,10.07134],[-64.03455,10.08065],[-64.03328,10.08682],[-64.02546,10.0927],[-63.99478,10.09399],[-63.98566,10.09822],[-63.97632,10.09867],[-63.9696,10.09238],[-63.96918,10.08569],[-63.95904,10.08267]]]},"properties":{"municipio":"Pedro María Fréites","estado":"ANZOÁTEGUI"}},{"type":"Feature","geometry":{"type":"Polygon","coordinates":[[[-70.54451,9.36349],[-70.54002,9.37563],[-70.53847,9.39587],[-70.54408,9.40768],[-70.54312,9.41883],[-70.54795,9.43016],[-70.55621,9.44095],[-70.55699,9.44707],[-70.56452,9.45568],[-70.57646,9.44172],[-70.58242,9.43034],[-70.58619,9.39669],[-70.593,9.38153],[-70.59487,9.36518],[-70.59797,9.35738],[-70.59308,9.33832],[-70.59779,9.31018],[-70.59765,9.29788],[-70.60133,9.29351],[-70.59547,9.26307],[-70.58251,9.25947],[-70.57233,9.26503],[-70.56877,9.2685],[-70.55379,9.29151],[-70.56721,9.29972],[-70.5657,9.3111],[-70.56721,9.31979],[-70.56508,9.34199],[-70.5555,9.34816],[-70.55744,9.35455],[-70.54451,9.36349]]]},"properties":{"municipio":"San Rafael de Carvajal","estado":"TRUJILLO"}},{"type":"Feature","geometry":{"type":"Polygon","coordinates":[[[-64.35654,8.82832],[-64.36284,8.83129],[-64.47905,8.88222],[-64.59887,8.93586],[-64.63316,8.95003],[-64.74074,8.92462],[-64.7625,8.92481],[-64.7646,8.92724],[-64.79414,8.92786],[-64.80215,8.92942],[-64.81114,8.92414],[-64.82024,8.93097],[-64.84054,8.92259],[-64.83145,8.91659],[-64.82092,8.91354],[-64.81273,8.90761],[-64.80876,8.90012],[-64.80022,8.8961],[-64.79246,8.87962],[-64.77747,8.87189],[-64.78121,8.8635],[-64.77905,8.85025],[-64.77448,8.8466],[-64.77394,8.83629],[-64.77786,8.82453],[-64.78208,8.81998],[-64.78003,8.81222],[-64.83588,8.71503],[-64.8476,8.69586],[-64.80101,8.68246],[-64.79692,8.68805],[-64.78397,8.68763],[-64.75741,8.6943],[-64.75102,8.69695],[-64.67625,8.67089],[-64.60762,8.66803],[-64.60197,8.65903],[-64.60914,8.6478],[-64.60553,8.6427],[-64.60674,8.63627],[-64.59958,8.63531],[-64.59688,8.62475],[-64.60025,8.62114],[-64.59689,8.61412],[-64.60334,8.60881],[-64.60096,8.60113],[-64.59567,8.60323],[-64.59056,8.59825],[-64.59195,8.589],[-64.58793,8.58738],[-64.5835,8.56505],[-64.58837,8.56289],[-64.58117,8.54674],[-64.58298,8.5363],[-64.57932,8.52981],[-64.56874,8.52693],[-64.56238,8.51744],[-64.55691,8.5193],[-64.53804,8.51576],[-64.53383,8.50735],[-64.52758,8.51527],[-64.52036,8.51671],[-64.51262,8.50969],[-64.50895,8.50314],[-64.50096,8.50518],[-64.48913,8.49107],[-64.48877,8.48465],[-64.48072,8.48381],[-64.4794,8.4754],[-64.46576,8.47336],[-64.4612,8.46736],[-64.45928,8.45859],[-64.44221,8.46099],[-64.44673,8.44976],[-64.43873,8.45174],[-64.42899,8.44898],[-64.41939,8.43823],[-64.40178,8.42892],[-64.39602,8.421],[-64.39656,8.41542],[-64.38617,8.40707],[-64.38919,8.3968],[-64.3869,8.3923],[-64.37891,8.3887],[-64.37327,8.37693],[-64.38362,8.36703],[-64.37563,8.36331],[-64.37804,8.35148],[-64.37101,8.35058],[-64.36309,8.33593],[-64.35041,8.32608],[-64.35306,8.31984],[-64.34711,8.31582],[-64.34874,8.30969],[-64.34436,8.30441],[-64.34533,8.29192],[-64.34016,8.28832],[-64.34251,8.28238],[-64.33116,8.27865],[-64.33272,8.27241],[-64.34066,8.26965],[-64.34229,8.26479],[-64.33827,8.2574],[-64.34476,8.25428],[-64.34374,8.2451],[-64.3497,8.24288],[-64.34616,8.2361],[-64.34959,8.23202],[-64.34214,8.22307],[-64.34305,8.2074],[-64.33134,8.2002],[-64.33201,8.18231],[-64.31586,8.16814],[-64.32452,8.16154],[-64.31503,8.15067],[-64.32501,8.14239],[-64.31619,8.12882],[-64.31698,8.12155],[-64.32251,8.11999],[-64.33531,8.12126],[-64.33972,8.11806],[-64.34396,8.07786],[-64.3351,8.06512],[-64.32199,8.08024],[-64.30891,8.09072],[-64.29114,8.09723],[-64.26464,8.09553],[-64.25585,8.09807],[-64.22935,8.10231],[-64.21425,8.09703],[-64.20943,8.09293],[-64.20572,8.08089],[-64.19687,8.07705],[-64.19022,8.06962],[-64.18318,8.04464],[-64.17692,8.03336],[-64.16838,8.02797],[-64.16489,8.03056],[-64.15047,8.02635],[-64.14467,8.0177],[-64.12456,8.00623],[-64.10911,8.00032],[-64.10632,7.99694],[-64.09106,7.98785],[-64.07682,7.98568],[-64.06801,7.97544],[-64.06765,7.96236],[-64.03058,7.95464],[-64.00883,7.95842],[-64.00009,7.96337],[-63.9785,7.97132],[-63.96582,7.97935],[-63.94005,7.99141],[-63.91723,8.00645],[-63.91049,8.01234],[-63.89992,8.02967],[-63.88226,8.05174],[-63.87577,8.06661],[-63.87168,8.07981],[-63.8575,8.09786],[-63.85798,8.10289],[-63.8682,8.13515],[-63.88051,8.15457],[-63.88874,8.18437],[-63.89475,8.18868],[-63.89283,8.19828],[-63.89733,8.20223],[-63.89379,8.20937],[-63.89697,8.2141],[-63.89181,8.22112],[-63.89836,8.22855],[-63.8971,8.23461],[-63.90767,8.24252],[-63.92701,8.24983],[-63.92839,8.25397],[-63.93669,8.25906],[-63.93915,8.26518],[-63.94498,8.26614],[-63.94832,8.27461],[-63.95024,8.28775],[-63.95703,8.2935],[-63.95409,8.29741],[-63.95529,8.30592],[-63.96298,8.31438],[-63.96412,8.32506],[-63.96731,8.32955],[-63.97783,8.33129],[-63.98718,8.33966],[-63.98766,8.43761],[-63.9885,8.56923],[-63.99282,8.57043],[-63.99914,8.57845],[-64.00268,8.5887],[-64.02241,8.58426],[-64.03342,8.59528],[-64.04557,8.60109],[-64.05826,8.60265],[-64.06837,8.60037],[-64.07781,8.60552],[-64.0887,8.60587],[-64.09826,8.61426],[-64.11727,8.61575],[-64.13447,8.62971],[-64.14288,8.64037],[-64.14829,8.65355],[-64.15533,8.66128],[-64.15466,8.66661],[-64.17985,8.69273],[-64.18093,8.70507],[-64.18441,8.71465],[-64.18393,8.7228],[-64.19029,8.73976],[-64.20341,8.74634],[-64.20455,8.75114],[-64.21182,8.75784],[-64.22253,8.7603],[-64.23588,8.76952],[-64.23864,8.77348],[-64.24809,8.77671],[-64.25621,8.77683],[-64.27257,8.78605],[-64.2781,8.7909],[-64.28796,8.79425],[-64.29855,8.79239],[-64.31317,8.80371],[-64.32658,8.8094],[-64.33421,8.81821],[-64.3427,8.81797],[-64.3543,8.82377],[-64.35651,8.82831],[-64.35654,8.82832]]]},"properties":{"municipio":"Francisco de Miranda","estado":"ANZOÁTEGUI"}},{"type":"Feature","geometry":{"type":"Polygon","coordinates":[[[-67.66625,10.13064],[-67.67781,10.12311],[-67.68395,10.13077],[-67.69493,10.13809],[-67.70478,10.13786],[-67.71021,10.14119],[-67.71759,10.13894],[-67.72377,10.12932],[-67.71967,10.12628],[-67.70608,10.12402],[-67.70387,10.11777],[-67.71728,10.11594],[-67.72239,10.10489],[-67.73237,10.1011],[-67.73865,10.10169],[-67.75295,10.10984],[-67.76638,10.12322],[-67.79611,10.12194],[-67.81323,10.11399],[-67.81693,10.10852],[-67.82975,10.10366],[-67.8452,10.10486],[-67.85655,10.10736],[-67.86138,10.11156],[-67.86374,10.10543],[-67.87628,10.09665],[-67.88867,10.09493],[-67.89714,10.09036],[-67.90669,10.08924],[-67.91423,10.09685],[-67.92529,10.09842],[-67.93296,10.09982],[-67.93985,10.09709],[-67.96257,10.09925],[-67.9714,10.09527],[-67.97726,10.09557],[-67.9821,10.06973],[-67.97964,10.06479],[-67.96316,10.04403],[-67.9563,10.03332],[-67.95464,10.02298],[-67.9515,10.01942],[-67.93935,10.01435],[-67.92962,10.00491],[-67.92467,9.99682],[-67.91727,9.99101],[-67.91396,9.97812],[-67.90587,9.96844],[-67.89983,9.9682],[-67.88352,9.97713],[-67.88043,9.9811],[-67.86316,9.97776],[-67.86128,9.96642],[-67.86153,9.95262],[-67.85054,9.95086],[-67.84841,9.9471],[-67.82329,9.94309],[-67.80868,9.93748],[-67.8049,9.92896],[-67.7979,9.92462],[-67.78022,9.92345],[-67.76877,9.91651],[-67.76411,9.9057],[-67.75326,9.90449],[-67.74529,9.89547],[-67.73629,9.89285],[-67.73101,9.88077],[-67.72409,9.8797],[-67.71185,9.87268],[-67.71157,9.85638],[-67.70291,9.8504],[-67.70893,9.84534],[-67.71105,9.83703],[-67.69049,9.82356],[-67.6788,9.82609],[-67.66655,9.84446],[-67.65908,9.84841],[-67.64651,9.845],[-67.6438,9.84983],[-67.63067,9.86221],[-67.62253,9.85966],[-67.61027,9.8495],[-67.60392,9.84976],[-67.5964,9.84362],[-67.59043,9.84793],[-67.59069,9.855],[-67.58517,9.8653],[-67.58636,9.87487],[-67.57325,9.89114],[-67.57675,9.89937],[-67.56468,9.90454],[-67.55745,9.89778],[-67.54867,9.89428],[-67.55,9.88848],[-67.54043,9.88308],[-67.52216,9.88325],[-67.51705,9.87676],[-67.53449,9.95312],[-67.5442,9.99673],[-67.56578,9.99383],[-67.57033,10.00237],[-67.57754,10.00325],[-67.58482,9.99611],[-67.60609,9.99483],[-67.61751,9.99875],[-67.61416,10.00656],[-67.62356,10.01462],[-67.63019,10.01594],[-67.63757,10.01286],[-67.6439,10.01417],[-67.64938,10.02036],[-67.66108,10.02471],[-67.66924,10.03009],[-67.67888,10.02554],[-67.68431,10.0191],[-67.68957,10.02257],[-67.69693,10.02154],[-67.68301,10.03997],[-67.68721,10.05653],[-67.69171,10.06123],[-67.68777,10.06845],[-67.67911,10.06856],[-67.67764,10.07655],[-67.66337,10.08591],[-67.66625,10.13064]]]},"properties":{"municipio":"Carlos Arvelo","estado":"CARABOBO"}},{"type":"Feature","geometry":{"type":"Polygon","coordinates":[[[-67.97726,10.09557],[-67.99338,10.10197],[-67.99743,10.11063],[-67.99568,10.12512],[-67.99848,10.13211],[-67.9981,10.1488],[-68.00187,10.17039],[-68.01893,10.1681],[-68.02353,10.16908],[-68.03004,10.17735],[-68.03437,10.17867],[-68.03855,10.17069],[-68.05201,10.16391],[-68.0636,10.17134],[-68.06611,10.16772],[-68.06816,10.1505],[-68.06567,10.13761],[-68.06047,10.13007],[-68.05732,10.11664],[-68.0584,10.1123],[-68.07429,10.10008],[-68.07833,10.09176],[-68.07066,10.07894],[-68.07023,10.07431],[-68.06128,10.06599],[-68.06176,10.05874],[-68.05106,10.05655],[-68.05583,10.0421],[-68.05389,10.03223],[-68.05606,10.02504],[-68.052,10.01602],[-68.05454,10.00811],[-68.05155,9.99748],[-68.04466,9.98483],[-68.03948,9.98176],[-68.01846,9.97883],[-68.0154,9.97371],[-68.01249,9.95951],[-68.00499,9.93931],[-68.0086,9.93709],[-68.01966,9.94149],[-68.03615,9.93584],[-68.04285,9.92942],[-68.04315,9.92318],[-68.049,9.91433],[-68.07391,9.89628],[-68.08474,9.89651],[-68.10335,9.88777],[-68.11585,9.88622],[-68.12244,9.88853],[-68.13466,9.88208],[-68.12853,9.87204],[-68.12939,9.86182],[-68.12481,9.85863],[-68.12657,9.85063],[-68.12177,9.84726],[-68.1186,9.83928],[-68.08871,9.84157],[-68.08281,9.85044],[-68.06625,9.86103],[-68.05062,9.86198],[-68.03903,9.86056],[-68.02442,9.86574],[-68.00959,9.87272],[-68.01095,9.86546],[-68.01564,9.86206],[-68.01533,9.85171],[-68.00976,9.84269],[-68.00683,9.83331],[-67.99565,9.82858],[-67.98337,9.83053],[-67.97859,9.82786],[-67.95506,9.83001],[-67.94416,9.82134],[-67.92919,9.81875],[-67.92241,9.81352],[-67.91389,9.81237],[-67.90411,9.81935],[-67.89307,9.82332],[-67.88181,9.83198],[-67.86401,9.83793],[-67.84564,9.8351],[-67.83151,9.83588],[-67.82116,9.84212],[-67.80557,9.84857],[-67.80599,9.85733],[-67.81059,9.86209],[-67.81535,9.87323],[-67.8129,9.87932],[-67.81416,9.8906],[-67.80918,9.90017],[-67.8123,9.91237],[-67.80807,9.92613],[-67.8049,9.92896],[-67.80868,9.93748],[-67.82329,9.94309],[-67.84841,9.9471],[-67.85054,9.95086],[-67.86153,9.95262],[-67.86128,9.96642],[-67.86316,9.97776],[-67.88043,9.9811],[-67.88352,9.97713],[-67.89983,9.9682],[-67.90587,9.96844],[-67.91396,9.97812],[-67.91727,9.99101],[-67.92467,9.99682],[-67.92962,10.00491],[-67.93935,10.01435],[-67.9515,10.01942],[-67.95464,10.02298],[-67.9563,10.03332],[-67.96316,10.04403],[-67.97964,10.06479],[-67.9821,10.06973],[-67.97726,10.09557]]]},"properties":{"municipio":"Miguel Peña","estado":"CARABOBO"}},{"type":"Feature","geometry":{"type":"Polygon","coordinates":[[[-72.25928,7.87516],[-72.26588,7.87552],[-72.27098,7.86929],[-72.28335,7.87189],[-72.29326,7.87194],[-72.30898,7.88021],[-72.30948,7.87045],[-72.31578,7.86276],[-72.31857,7.83828],[-72.31688,7.82047],[-72.30814,7.79931],[-72.3099,7.78963],[-72.30559,7.78527],[-72.29634,7.78193],[-72.29004,7.77675],[-72.27725,7.77238],[-72.27162,7.76254],[-72.26113,7.78355],[-72.2645,7.7952],[-72.26223,7.8034],[-72.27016,7.81714],[-72.27748,7.81921],[-72.27464,7.82885],[-72.26633,7.83545],[-72.25928,7.87516]]]},"properties":{"municipio":"Independencia","estado":"TÁCHIRA"}},{"type":"Feature","geometry":{"type":"Polygon","coordinates":[[[-70.75539,9.40489],[-70.75774,9.41455],[-70.76818,9.41761],[-70.77677,9.42343],[-70.78455,9.43458],[-70.79559,9.43969],[-70.79982,9.44904],[-70.81212,9.45882],[-70.81644,9.47309],[-70.82748,9.47724],[-70.83321,9.47514],[-70.85625,9.45993],[-70.8703,9.44681],[-70.88338,9.43645],[-70.90416,9.42885],[-70.90643,9.39964],[-70.90418,9.3294],[-70.88364,9.32825],[-70.86972,9.32082],[-70.86117,9.32799],[-70.85375,9.33122],[-70.84547,9.32606],[-70.848,9.31576],[-70.84184,9.2913],[-70.83674,9.28213],[-70.82604,9.27913],[-70.8229,9.27541],[-70.82399,9.26564],[-70.81984,9.25816],[-70.81044,9.26557],[-70.80248,9.26431],[-70.80273,9.27168],[-70.80822,9.27786],[-70.80707,9.28253],[-70.81141,9.29332],[-70.79876,9.30745],[-70.79013,9.31416],[-70.78435,9.31523],[-70.775,9.32164],[-70.76608,9.33458],[-70.76856,9.34315],[-70.77483,9.34885],[-70.77284,9.35891],[-70.75604,9.37241],[-70.75774,9.38206],[-70.76329,9.39225],[-70.75539,9.40489]]]},"properties":{"municipio":"Bolívar","estado":"TRUJILLO"}},{"type":"Feature","geometry":{"type":"Polygon","coordinates":[[[-72.20132,7.87819],[-72.21646,7.88244],[-72.23267,7.87113],[-72.24324,7.86856],[-72.25928,7.87516],[-72.26633,7.83545],[-72.27464,7.82885],[-72.26144,7.83253],[-72.25735,7.829],[-72.25951,7.82101],[-72.24564,7.81871],[-72.23639,7.82317],[-72.22396,7.82435],[-72.22144,7.83326],[-72.21496,7.83443],[-72.21556,7.84461],[-72.20673,7.85341],[-72.208,7.86292],[-72.20354,7.87403],[-72.20132,7.87819]]]},"properties":{"municipio":"Guásimos","estado":"TÁCHIRA"}},{"type":"Feature","geometry":{"type":"Polygon","coordinates":[[[-70.4557,9.43561],[-70.46338,9.43458],[-70.48835,9.43492],[-70.49779,9.44086],[-70.50129,9.44829],[-70.50617,9.44764],[-70.51432,9.45232],[-70.53006,9.46851],[-70.53724,9.48908],[-70.54201,9.49454],[-70.55468,9.49946],[-70.57249,9.49806],[-70.57013,9.48086],[-70.56452,9.45568],[-70.55699,9.44707],[-70.55621,9.44095],[-70.54795,9.43016],[-70.54312,9.41883],[-70.54408,9.40768],[-70.53847,9.39587],[-70.54002,9.37563],[-70.54451,9.36349],[-70.53544,9.3526],[-70.52459,9.35171],[-70.52043,9.35722],[-70.51326,9.37453],[-70.50168,9.37041],[-70.46436,9.36309],[-70.45766,9.37297],[-70.45447,9.38789],[-70.48747,9.41375],[-70.47516,9.41559],[-70.46708,9.42075],[-70.45298,9.42046],[-70.45153,9.42717],[-70.4557,9.43561]]]},"properties":{"municipio":"Pampanito","estado":"TRUJILLO"}},{"type":"Feature","geometry":{"type":"Polygon","coordinates":[[[-70.12121,9.52418],[-70.14003,9.49238],[-70.14968,9.4883],[-70.1545,9.4829],[-70.16668,9.47516],[-70.17482,9.45863],[-70.18887,9.45765],[-70.19285,9.44411],[-70.20159,9.43829],[-70.20188,9.4247],[-70.21165,9.42066],[-70.21769,9.42676],[-70.22729,9.44131],[-70.23929,9.44243],[-70.251,9.46764],[-70.26911,9.47978],[-70.27435,9.4729],[-70.28448,9.47203],[-70.28882,9.48073],[-70.30098,9.47473],[-70.30635,9.46885],[-70.30911,9.4546],[-70.32159,9.43345],[-70.32304,9.42788],[-70.30791,9.42137],[-70.29898,9.40797],[-70.29801,9.39516],[-70.29198,9.38289],[-70.29275,9.37146],[-70.29728,9.36814],[-70.29771,9.35452],[-70.31207,9.33416],[-70.31328,9.32664],[-70.32027,9.31628],[-70.32931,9.31414],[-70.33498,9.30823],[-70.33896,9.2985],[-70.33884,9.29212],[-70.3442,9.28191],[-70.35692,9.26849],[-70.36867,9.26431],[-70.37536,9.25823],[-70.37838,9.24725],[-70.38435,9.24015],[-70.38598,9.21991],[-70.40223,9.21132],[-70.40599,9.20541],[-70.41159,9.20118],[-70.42618,9.19665],[-70.44197,9.18334],[-70.45165,9.17337],[-70.44924,9.1686],[-70.45087,9.15803],[-70.44618,9.14925],[-70.44462,9.13193],[-70.45246,9.12515],[-70.46752,9.11656],[-70.47342,9.11537],[-70.49228,9.11707],[-70.50455,9.12001],[-70.50331,9.10535],[-70.51049,9.09912],[-70.51983,9.10097],[-70.54848,9.09315],[-70.54615,9.08345],[-70.5521,9.05514],[-70.55815,9.04221],[-70.56382,9.03742],[-70.57732,9.03413],[-70.58196,9.02648],[-70.57803,9.01186],[-70.56732,9.01171],[-70.55374,9.00744],[-70.54704,9.00263],[-70.54623,8.99746],[-70.54825,8.97686],[-70.5551,8.96416],[-70.55233,8.95179],[-70.53988,8.95591],[-70.53318,8.96382],[-70.5228,8.97156],[-70.51353,8.9819],[-70.50644,8.99405],[-70.49631,9.00236],[-70.47791,9.0119],[-70.46077,9.01121],[-70.45312,9.01682],[-70.44167,9.02116],[-70.42426,9.02368],[-70.4206,9.02637],[-70.40863,9.03565],[-70.40047,9.03987],[-70.39548,9.04963],[-70.38719,9.05108],[-70.38361,9.05565],[-70.37583,9.05804],[-70.35698,9.05444],[-70.34518,9.05891],[-70.33612,9.05561],[-70.26138,9.07085],[-70.25316,9.07575],[-70.23696,9.07863],[-70.23066,9.06937],[-70.22387,9.06753],[-70.21281,9.06972],[-70.20665,9.06672],[-70.20062,9.05463],[-70.17749,9.06151],[-70.161,9.0696],[-70.15682,9.07969],[-70.13723,9.08437],[-70.10806,9.08701],[-70.09883,9.0907],[-70.07663,9.10527],[-70.07051,9.11071],[-70.06275,9.12173],[-70.05335,9.12958],[-70.04319,9.14836],[-70.04417,9.15723],[-70.06204,9.17451],[-70.06884,9.18175],[-70.06934,9.19581],[-70.07941,9.20659],[-70.08729,9.20644],[-70.09483,9.21104],[-70.09749,9.22003],[-70.09238,9.22596],[-70.08319,9.23155],[-70.08124,9.23757],[-70.07125,9.24435],[-70.06242,9.26408],[-70.06497,9.27857],[-70.07027,9.28211],[-70.09076,9.28087],[-70.11113,9.29294],[-70.1142,9.29656],[-70.11109,9.30445],[-70.10333,9.31222],[-70.10321,9.31664],[-70.09097,9.33592],[-70.08167,9.34793],[-70.08239,9.3582],[-70.08866,9.35954],[-70.1015,9.3581],[-70.10789,9.36748],[-70.11277,9.36929],[-70.12214,9.36654],[-70.14465,9.37341],[-70.13247,9.38877],[-70.12144,9.39998],[-70.10782,9.40161],[-70.11206,9.41028],[-70.11544,9.42309],[-70.11454,9.43165],[-70.11021,9.44109],[-70.09827,9.44076],[-70.0864,9.45071],[-70.08719,9.46777],[-70.09322,9.47267],[-70.10341,9.48637],[-70.11324,9.49168],[-70.1124,9.50162],[-70.11578,9.51473],[-70.12121,9.52418]]]},"properties":{"municipio":"Boconó","estado":"TRUJILLO"}},{"type":"Feature","geometry":{"type":"Polygon","coordinates":[[[-70.57249,9.49806],[-70.57472,9.49986],[-70.6029,9.55502],[-70.60495,9.56174],[-70.61931,9.55869],[-70.62082,9.55437],[-70.63298,9.54149],[-70.63611,9.52531],[-70.63388,9.50858],[-70.63134,9.50282],[-70.62862,9.46703],[-70.61921,9.46325],[-70.61782,9.45341],[-70.62343,9.44568],[-70.62276,9.44101],[-70.63765,9.43206],[-70.64084,9.42697],[-70.64935,9.42296],[-70.65345,9.41265],[-70.6553,9.4046],[-70.66567,9.39855],[-70.66042,9.38915],[-70.65936,9.38143],[-70.6562,9.37465],[-70.65004,9.37021],[-70.64009,9.3693],[-70.62881,9.35179],[-70.6324,9.34292],[-70.62199,9.35028],[-70.61584,9.35027],[-70.60578,9.35458],[-70.59487,9.36518],[-70.593,9.38153],[-70.58619,9.39669],[-70.58242,9.43034],[-70.57646,9.44172],[-70.56452,9.45568],[-70.57013,9.48086],[-70.57249,9.49806]]]},"properties":{"municipio":"Motatán","estado":"TRUJILLO"}},{"type":"Feature","geometry":{"type":"Polygon","coordinates":[[[-70.07956,9.43144],[-70.08469,9.43479],[-70.08262,9.44643],[-70.07886,9.45276],[-70.08157,9.46545],[-70.07647,9.47778],[-70.07884,9.48827],[-70.08569,9.49845],[-70.09767,9.4991],[-70.10185,9.50278],[-70.1037,9.51552],[-70.1091,9.51992],[-70.11311,9.52826],[-70.12121,9.52418],[-70.11578,9.51473],[-70.1124,9.50162],[-70.11324,9.49168],[-70.10341,9.48637],[-70.09322,9.47267],[-70.08719,9.46777],[-70.0864,9.45071],[-70.09827,9.44076],[-70.11021,9.44109],[-70.11454,9.43165],[-70.11544,9.42309],[-70.11206,9.41028],[-70.10782,9.40161],[-70.12144,9.39998],[-70.13247,9.38877],[-70.14465,9.37341],[-70.12214,9.36654],[-70.11277,9.36929],[-70.10789,9.36748],[-70.1015,9.3581],[-70.08866,9.35954],[-70.08239,9.3582],[-70.08167,9.34793],[-70.09097,9.33592],[-70.08434,9.33569],[-70.07476,9.34378],[-70.07066,9.35198],[-70.05932,9.35909],[-70.05157,9.36161],[-70.03886,9.37682],[-70.03701,9.39147],[-70.03867,9.39933],[-70.03527,9.4136],[-70.0428,9.42793],[-70.06545,9.43011],[-70.07672,9.42773],[-70.07956,9.43144]]]},"properties":{"municipio":"Juan Vicente Campo Elías","estado":"TRUJILLO"}},{"type":"Feature","geometry":{"type":"Polygon","coordinates":[[[-70.84384,9.58558],[-70.86179,9.5905],[-70.86763,9.58828],[-70.88549,9.58765],[-70.89491,9.59109],[-70.9018,9.58847],[-70.90713,9.58326],[-70.90598,9.57921],[-70.90416,9.42885],[-70.88338,9.43645],[-70.8703,9.44681],[-70.85625,9.45993],[-70.83321,9.47514],[-70.82748,9.47724],[-70.81644,9.47309],[-70.81212,9.45882],[-70.79982,9.44904],[-70.79559,9.43969],[-70.78455,9.43458],[-70.77677,9.42343],[-70.76818,9.41761],[-70.75774,9.41455],[-70.75539,9.40489],[-70.75148,9.40856],[-70.73936,9.40364],[-70.72995,9.39758],[-70.70903,9.39762],[-70.70571,9.40152],[-70.69558,9.40487],[-70.6922,9.40073],[-70.67773,9.39844],[-70.66567,9.39855],[-70.6553,9.4046],[-70.65345,9.41265],[-70.69157,9.41957],[-70.69936,9.42341],[-70.70822,9.41976],[-70.71661,9.42624],[-70.72011,9.4338],[-70.72802,9.4371],[-70.73369,9.44844],[-70.74829,9.4533],[-70.76464,9.46926],[-70.77424,9.48696],[-70.80299,9.51336],[-70.80547,9.5659],[-70.82208,9.5804],[-70.83167,9.5812],[-70.84384,9.58558]]]},"properties":{"municipio":"Sucre","estado":"TRUJILLO"}},{"type":"Feature","geometry":{"type":"Polygon","coordinates":[[[-72.09394,8.2113],[-72.10363,8.22407],[-72.10315,8.23907],[-72.10827,8.24457],[-72.1224,8.24829],[-72.13544,8.24056],[-72.13813,8.24108],[-72.18607,8.19366],[-72.21032,8.17067],[-72.21746,8.16542],[-72.21798,8.1593],[-72.20746,8.14897],[-72.20544,8.13573],[-72.19917,8.12562],[-72.18756,8.11623],[-72.18455,8.10684],[-72.18585,8.0925],[-72.13456,8.14737],[-72.09377,8.21043],[-72.09394,8.2113]]]},"properties":{"municipio":"Antonio Rómulo Costa","estado":"TÁCHIRA"}},{"type":"Feature","geometry":{"type":"Polygon","coordinates":[[[-72.21746,8.16542],[-72.2615,8.15836],[-72.27978,8.17182],[-72.28676,8.17395],[-72.29457,8.18761],[-72.30185,8.20616],[-72.31231,8.21656],[-72.31683,8.23216],[-72.32188,8.23825],[-72.32195,8.25473],[-72.31864,8.2565],[-72.32027,8.26713],[-72.33128,8.28108],[-72.34036,8.28758],[-72.34619,8.28641],[-72.35857,8.29904],[-72.3638,8.30018],[-72.3817,8.31373],[-72.38193,8.30529],[-72.38637,8.2989],[-72.38901,8.28667],[-72.38474,8.27783],[-72.39218,8.25622],[-72.38782,8.25257],[-72.38357,8.2322],[-72.3754,8.21616],[-72.37441,8.20414],[-72.36953,8.19637],[-72.3632,8.19179],[-72.36426,8.18193],[-72.35492,8.16451],[-72.35503,8.15425],[-72.36431,8.15009],[-72.36662,8.14241],[-72.36442,8.13081],[-72.36027,8.12086],[-72.36568,8.11932],[-72.37317,8.10775],[-72.37071,8.09439],[-72.36633,8.09078],[-72.35387,8.08724],[-72.35309,8.07607],[-72.3499,8.06562],[-72.34661,8.03783],[-72.35409,8.02996],[-72.3476,8.01897],[-72.33974,8.00967],[-72.30807,8.00222],[-72.30032,8.00423],[-72.29605,8.00157],[-72.30548,7.97996],[-72.29959,7.97872],[-72.27832,7.98863],[-72.26907,7.99135],[-72.26655,8.00038],[-72.24313,7.98761],[-72.22469,7.99481],[-72.20522,8.00035],[-72.19057,8.01062],[-72.17681,8.01847],[-72.16907,8.0376],[-72.17022,8.051],[-72.16463,8.06287],[-72.1638,8.0771],[-72.16712,8.08719],[-72.18585,8.0925],[-72.18455,8.10684],[-72.18756,8.11623],[-72.19917,8.12562],[-72.20544,8.13573],[-72.20746,8.14897],[-72.21798,8.1593],[-72.21746,8.16542]]]},"properties":{"municipio":"Ayacucho","estado":"TÁCHIRA"}},{"type":"Feature","geometry":{"type":"Polygon","coordinates":[[[-70.30109,9.55429],[-70.30751,9.546],[-70.3101,9.53432],[-70.31588,9.52006],[-70.32674,9.5234],[-70.33634,9.52878],[-70.34219,9.52195],[-70.35546,9.52271],[-70.36245,9.51456],[-70.37234,9.50916],[-70.39062,9.5071],[-70.39822,9.50979],[-70.41294,9.51032],[-70.41891,9.50809],[-70.43293,9.51283],[-70.43366,9.52163],[-70.43939,9.53132],[-70.43946,9.54438],[-70.4356,9.5542],[-70.44255,9.57174],[-70.44014,9.58037],[-70.4469,9.59072],[-70.44642,9.5988],[-70.45264,9.60484],[-70.46536,9.6098],[-70.47109,9.61806],[-70.47761,9.61805],[-70.49034,9.62511],[-70.49419,9.62085],[-70.50212,9.6215],[-70.51888,9.60651],[-70.53149,9.60225],[-70.53729,9.60329],[-70.54815,9.60986],[-70.55469,9.61142],[-70.56169,9.60699],[-70.57031,9.59428],[-70.57369,9.58577],[-70.59783,9.56869],[-70.60495,9.56174],[-70.6029,9.55502],[-70.57472,9.49986],[-70.57249,9.49806],[-70.55468,9.49946],[-70.54201,9.49454],[-70.53724,9.48908],[-70.53006,9.46851],[-70.51432,9.45232],[-70.50617,9.44764],[-70.50129,9.44829],[-70.49779,9.44086],[-70.48835,9.43492],[-70.46338,9.43458],[-70.4557,9.43561],[-70.44768,9.43765],[-70.43646,9.43371],[-70.43071,9.42886],[-70.4204,9.43013],[-70.41281,9.43714],[-70.41022,9.44929],[-70.40437,9.45217],[-70.38255,9.44118],[-70.36506,9.44048],[-70.3615,9.43372],[-70.35391,9.42672],[-70.32304,9.42788],[-70.32159,9.43345],[-70.30911,9.4546],[-70.30635,9.46885],[-70.30098,9.47473],[-70.28882,9.48073],[-70.29022,9.49624],[-70.29668,9.5051],[-70.29795,9.51636],[-70.29464,9.5305],[-70.30109,9.55429]]]},"properties":{"municipio":"Pampán","estado":"TRUJILLO"}},{"type":"Feature","geometry":{"type":"Polygon","coordinates":[[[-71.93052,8.37722],[-71.94508,8.39386],[-71.94731,8.40037],[-71.94084,8.41739],[-71.93977,8.43092],[-71.94453,8.43839],[-71.96025,8.44613],[-71.9658,8.46048],[-71.96305,8.47132],[-71.95458,8.48678],[-71.95893,8.49503],[-71.95798,8.50443],[-71.97122,8.50798],[-71.97226,8.51246],[-71.99573,8.49301],[-72.04269,8.4525],[-72.07089,8.42896],[-72.08964,8.42962],[-72.15893,8.42963],[-72.1748,8.42752],[-72.1748,8.42752],[-72.17185,8.41698],[-72.16016,8.41393],[-72.15562,8.3956],[-72.14796,8.38673],[-72.1519,8.3802],[-72.14896,8.3726],[-72.15395,8.37008],[-72.14882,8.35924],[-72.14979,8.34828],[-72.13969,8.34517],[-72.13163,8.3399],[-72.13134,8.33259],[-72.12756,8.32621],[-72.13443,8.30171],[-72.12902,8.2965],[-72.11976,8.3027],[-72.11072,8.29272],[-72.10679,8.29173],[-72.08172,8.31849],[-72.06691,8.33147],[-72.05616,8.32861],[-72.02663,8.3134],[-72.01726,8.34521],[-71.99875,8.3631],[-71.97327,8.38417],[-71.93052,8.37722]]]},"properties":{"municipio":"Panamericano","estado":"TÁCHIRA"}},{"type":"Feature","geometry":{"type":"Polygon","coordinates":[[[-71.91442,8.63258],[-71.92368,8.62955],[-71.93374,8.61723],[-71.95326,8.61596],[-71.96018,8.62004],[-71.96294,8.62829],[-71.95885,8.63638],[-71.9682,8.63829],[-71.97365,8.64622],[-71.98439,8.64584],[-71.98636,8.63237],[-71.98236,8.62937],[-71.98579,8.61843],[-71.9845,8.61119],[-71.97874,8.60811],[-71.97341,8.60009],[-71.97756,8.58425],[-71.98234,8.57832],[-71.98481,8.55362],[-71.9803,8.54724],[-71.98039,8.54052],[-71.97226,8.51246],[-71.97122,8.50798],[-71.95798,8.50443],[-71.95893,8.49503],[-71.95458,8.48678],[-71.96305,8.47132],[-71.9658,8.46048],[-71.96025,8.44613],[-71.94453,8.43839],[-71.93977,8.43092],[-71.94084,8.41739],[-71.94731,8.40037],[-71.94508,8.39386],[-71.93052,8.37722],[-71.91928,8.3659],[-71.89846,8.35883],[-71.88676,8.34719],[-71.8808,8.34718],[-71.87318,8.35516],[-71.85553,8.36804],[-71.84505,8.37066],[-71.83825,8.37508],[-71.81691,8.37113],[-71.80549,8.38281],[-71.8027,8.39187],[-71.81127,8.40185],[-71.81289,8.41106],[-71.79775,8.42585],[-71.79911,8.43135],[-71.78777,8.4423],[-71.77863,8.45427],[-71.77491,8.46257],[-71.77423,8.48924],[-71.77918,8.49914],[-71.78352,8.513],[-71.78758,8.52645],[-71.80063,8.53848],[-71.80226,8.54824],[-71.80694,8.55636],[-71.8085,8.56469],[-71.81726,8.57331],[-71.82276,8.58724],[-71.83822,8.59418],[-71.8412,8.59919],[-71.84831,8.5989],[-71.85932,8.60578],[-71.87211,8.60916],[-71.88943,8.6168],[-71.89693,8.62515],[-71.90983,8.63353],[-71.91442,8.63258]]]},"properties":{"municipio":"Samuel Dario Maldonado","estado":"TÁCHIRA"}},{"type":"Feature","geometry":{"type":"Polygon","coordinates":[[[-70.55469,9.61142],[-70.55188,9.61478],[-70.54658,9.63937],[-70.52838,9.66255],[-70.52927,9.67206],[-70.54173,9.68937],[-70.54053,9.6996],[-70.54272,9.70845],[-70.54701,9.71358],[-70.55716,9.71822],[-70.5635,9.72704],[-70.62425,9.69737],[-70.63342,9.69455],[-70.63739,9.67355],[-70.64429,9.64528],[-70.66156,9.55565],[-70.68919,9.55729],[-70.80547,9.5659],[-70.80299,9.51336],[-70.77424,9.48696],[-70.76464,9.46926],[-70.74829,9.4533],[-70.73369,9.44844],[-70.72802,9.4371],[-70.72011,9.4338],[-70.71661,9.42624],[-70.70822,9.41976],[-70.69936,9.42341],[-70.69157,9.41957],[-70.65345,9.41265],[-70.64935,9.42296],[-70.64084,9.42697],[-70.63765,9.43206],[-70.62276,9.44101],[-70.62343,9.44568],[-70.61782,9.45341],[-70.61921,9.46325],[-70.62862,9.46703],[-70.63134,9.50282],[-70.63388,9.50858],[-70.63611,9.52531],[-70.63298,9.54149],[-70.62082,9.55437],[-70.61931,9.55869],[-70.60495,9.56174],[-70.59783,9.56869],[-70.57369,9.58577],[-70.57031,9.59428],[-70.56169,9.60699],[-70.55469,9.61142]]]},"properties":{"municipio":"Miranda","estado":"TRUJILLO"}},{"type":"Feature","geometry":{"type":"Polygon","coordinates":[[[-70.63342,9.69455],[-70.63948,9.69818],[-70.64913,9.71131],[-70.6593,9.71886],[-70.65766,9.72671],[-70.66032,9.7348],[-70.66555,9.73664],[-70.68714,9.75824],[-70.6896,9.77257],[-70.69349,9.76162],[-70.71927,9.75125],[-70.7383,9.76043],[-70.74551,9.75429],[-70.74685,9.73078],[-70.75467,9.71948],[-70.76386,9.70061],[-70.76022,9.6927],[-70.76526,9.68752],[-70.7779,9.6848],[-70.7894,9.68951],[-70.80319,9.66239],[-70.805,9.65667],[-70.83228,9.60765],[-70.84384,9.58558],[-70.83167,9.5812],[-70.82208,9.5804],[-70.80547,9.5659],[-70.68919,9.55729],[-70.66156,9.55565],[-70.64429,9.64528],[-70.63739,9.67355],[-70.63342,9.69455]]]},"properties":{"municipio":"Andrés Bello","estado":"TRUJILLO"}},{"type":"Feature","geometry":{"type":"Polygon","coordinates":[[[-70.30109,9.55429],[-70.29909,9.55712],[-70.30327,9.57544],[-70.29338,9.5939],[-70.29592,9.60611],[-70.29159,9.62486],[-70.29292,9.63864],[-70.29835,9.65467],[-70.30527,9.66033],[-70.31858,9.65153],[-70.33812,9.65858],[-70.3403,9.65583],[-70.35139,9.65938],[-70.35675,9.66437],[-70.36297,9.66396],[-70.37321,9.66926],[-70.40753,9.65975],[-70.42123,9.65971],[-70.42668,9.65492],[-70.42936,9.66549],[-70.4337,9.66796],[-70.46135,9.66836],[-70.48647,9.66559],[-70.49679,9.6686],[-70.49744,9.67299],[-70.48866,9.67963],[-70.47634,9.68153],[-70.47059,9.68465],[-70.46815,9.69214],[-70.45441,9.70064],[-70.44823,9.70705],[-70.43875,9.70926],[-70.43532,9.7227],[-70.42304,9.73108],[-70.4238,9.73756],[-70.41731,9.74691],[-70.40885,9.76515],[-70.40215,9.76496],[-70.39203,9.7761],[-70.39133,9.7863],[-70.40428,9.8043],[-70.43952,9.78726],[-70.48626,9.76394],[-70.5351,9.74094],[-70.5635,9.72704],[-70.55716,9.71822],[-70.54701,9.71358],[-70.54272,9.70845],[-70.54053,9.6996],[-70.54173,9.68937],[-70.52927,9.67206],[-70.52838,9.66255],[-70.54658,9.63937],[-70.55188,9.61478],[-70.55469,9.61142],[-70.54815,9.60986],[-70.53729,9.60329],[-70.53149,9.60225],[-70.51888,9.60651],[-70.50212,9.6215],[-70.49419,9.62085],[-70.49034,9.62511],[-70.47761,9.61805],[-70.47109,9.61806],[-70.46536,9.6098],[-70.45264,9.60484],[-70.44642,9.5988],[-70.4469,9.59072],[-70.44014,9.58037],[-70.44255,9.57174],[-70.4356,9.5542],[-70.43946,9.54438],[-70.43939,9.53132],[-70.43366,9.52163],[-70.43293,9.51283],[-70.41891,9.50809],[-70.41294,9.51032],[-70.39822,9.50979],[-70.39062,9.5071],[-70.37234,9.50916],[-70.36245,9.51456],[-70.35546,9.52271],[-70.34219,9.52195],[-70.33634,9.52878],[-70.32674,9.5234],[-70.31588,9.52006],[-70.3101,9.53432],[-70.30751,9.546],[-70.30109,9.55429]]]},"properties":{"municipio":"Candelaria","estado":"TRUJILLO"}},{"type":"Feature","geometry":{"type":"Polygon","coordinates":[[[-70.07777,9.75871],[-70.08953,9.76188],[-70.10212,9.77121],[-70.12716,9.76111],[-70.14339,9.76312],[-70.14684,9.77146],[-70.15847,9.77713],[-70.16532,9.78875],[-70.17084,9.78975],[-70.18548,9.79798],[-70.18893,9.80493],[-70.18709,9.81211],[-70.19081,9.82145],[-70.19897,9.83003],[-70.20801,9.83462],[-70.21022,9.84029],[-70.21803,9.84093],[-70.21827,9.82805],[-70.22172,9.82341],[-70.23235,9.8222],[-70.23014,9.809],[-70.23447,9.78549],[-70.23868,9.77897],[-70.23761,9.76565],[-70.24262,9.75989],[-70.28005,9.82291],[-70.33081,9.82265],[-70.33715,9.82734],[-70.3524,9.82655],[-70.40428,9.8043],[-70.39133,9.7863],[-70.39203,9.7761],[-70.40215,9.76496],[-70.40885,9.76515],[-70.41731,9.74691],[-70.4238,9.73756],[-70.42304,9.73108],[-70.43532,9.7227],[-70.43875,9.70926],[-70.44823,9.70705],[-70.45441,9.70064],[-70.46815,9.69214],[-70.47059,9.68465],[-70.47634,9.68153],[-70.48866,9.67963],[-70.49744,9.67299],[-70.49679,9.6686],[-70.48647,9.66559],[-70.46135,9.66836],[-70.4337,9.66796],[-70.42936,9.66549],[-70.42668,9.65492],[-70.42123,9.65971],[-70.40753,9.65975],[-70.37321,9.66926],[-70.36297,9.66396],[-70.35675,9.66437],[-70.35139,9.65938],[-70.3403,9.65583],[-70.33812,9.65858],[-70.31858,9.65153],[-70.30527,9.66033],[-70.29835,9.65467],[-70.29292,9.63864],[-70.29159,9.62486],[-70.29592,9.60611],[-70.29338,9.5939],[-70.30327,9.57544],[-70.29909,9.55712],[-70.30109,9.55429],[-70.29464,9.5305],[-70.29795,9.51636],[-70.29668,9.5051],[-70.29022,9.49624],[-70.28882,9.48073],[-70.28448,9.47203],[-70.27435,9.4729],[-70.26911,9.47978],[-70.251,9.46764],[-70.23929,9.44243],[-70.22729,9.44131],[-70.21769,9.42676],[-70.21165,9.42066],[-70.20188,9.4247],[-70.20159,9.43829],[-70.19285,9.44411],[-70.18887,9.45765],[-70.17482,9.45863],[-70.16668,9.47516],[-70.1545,9.4829],[-70.14968,9.4883],[-70.14003,9.49238],[-70.12121,9.52418],[-70.11311,9.52826],[-70.11213,9.54333],[-70.11757,9.55711],[-70.123,9.5603],[-70.11779,9.58202],[-70.12646,9.59866],[-70.1272,9.61172],[-70.11609,9.62611],[-70.10933,9.63135],[-70.09959,9.65136],[-70.09712,9.66407],[-70.08565,9.67605],[-70.06508,9.67699],[-70.05977,9.66888],[-70.05249,9.67249],[-70.02412,9.66971],[-70.01777,9.67371],[-69.99759,9.6774],[-70.00135,9.68157],[-70.00545,9.69436],[-70.01699,9.70142],[-70.02329,9.70808],[-70.02607,9.71643],[-70.03081,9.72114],[-70.04199,9.71783],[-70.05774,9.7198],[-70.06466,9.72875],[-70.06948,9.73059],[-70.08047,9.75158],[-70.07777,9.75871]]]},"properties":{"municipio":"Carache","estado":"TRUJILLO"}},{"type":"Feature","geometry":{"type":"Polygon","coordinates":[[[-70.58924,9.97019],[-70.5942,9.97903],[-70.59741,9.99288],[-70.60388,9.99592],[-70.6098,10.00468],[-70.60921,10.01572],[-70.61242,10.02046],[-70.63855,10.04053],[-70.6444,10.03789],[-70.65335,10.02447],[-70.66506,10.01522],[-70.68228,9.99492],[-70.68371,9.98879],[-70.67912,9.97133],[-70.68381,9.96438],[-70.6825,9.95666],[-70.6948,9.94527],[-70.69249,9.94029],[-70.69468,9.92053],[-70.69114,9.91364],[-70.68964,9.89546],[-70.69961,9.88449],[-70.69424,9.87622],[-70.68258,9.8632],[-70.6809,9.85506],[-70.67275,9.84455],[-70.67168,9.8326],[-70.66709,9.82002],[-70.67089,9.81065],[-70.68317,9.80395],[-70.68793,9.79297],[-70.68722,9.78356],[-70.6896,9.77257],[-70.68714,9.75824],[-70.66555,9.73664],[-70.66032,9.7348],[-70.65766,9.72671],[-70.6593,9.71886],[-70.64913,9.71131],[-70.63948,9.69818],[-70.63342,9.69455],[-70.62425,9.69737],[-70.5635,9.72704],[-70.5351,9.74094],[-70.48626,9.76394],[-70.43952,9.78726],[-70.40428,9.8043],[-70.3524,9.82655],[-70.33715,9.82734],[-70.33081,9.82265],[-70.3232,9.82981],[-70.32423,9.83742],[-70.32,9.84689],[-70.3229,9.85594],[-70.33964,9.86773],[-70.34332,9.88049],[-70.35577,9.89667],[-70.35887,9.90565],[-70.3698,9.90732],[-70.3893,9.9021],[-70.39866,9.90365],[-70.40294,9.90144],[-70.41158,9.90742],[-70.41761,9.90634],[-70.42401,9.89083],[-70.43403,9.87915],[-70.44218,9.87741],[-70.45335,9.88112],[-70.46066,9.8713],[-70.47158,9.86848],[-70.48595,9.87517],[-70.4842,9.88523],[-70.49078,9.89265],[-70.50515,9.88151],[-70.51692,9.88707],[-70.51855,9.89287],[-70.52609,9.89718],[-70.53654,9.90837],[-70.54348,9.92423],[-70.53901,9.93506],[-70.54469,9.94757],[-70.55556,9.95636],[-70.56745,9.956],[-70.58321,9.95216],[-70.59021,9.95712],[-70.58924,9.97019]]]},"properties":{"municipio":"José Felipe Máquez Cañizales","estado":"TRUJILLO"}},{"type":"Feature","geometry":{"type":"Polygon","coordinates":[[[-68.94549,10.07433],[-68.95107,10.08751],[-68.95839,10.09226],[-68.97144,10.09266],[-68.97917,10.09068],[-68.98327,10.09695],[-68.98618,10.10875],[-69.00086,10.11808],[-69.01549,10.12032],[-69.01918,10.13581],[-69.00534,10.14725],[-69.01223,10.15176],[-69.0306,10.15346],[-69.04088,10.15725],[-69.06482,10.14668],[-69.06623,10.12927],[-69.06844,10.12247],[-69.06644,10.1121],[-69.05671,10.11099],[-69.04565,10.1026],[-69.0361,10.09225],[-69.03459,10.07538],[-69.02534,10.06491],[-69.02044,10.04697],[-69.02328,10.0388],[-69.01777,10.02742],[-69.01668,10.00602],[-69.01085,9.9954],[-68.96458,10.01865],[-68.96628,10.02466],[-68.96265,10.04949],[-68.96881,10.05414],[-68.95861,10.06249],[-68.95124,10.06465],[-68.94549,10.07433]]]},"properties":{"municipio":"José Antonio Páez","estado":"YARACUY"}},{"type":"Feature","geometry":{"type":"Polygon","coordinates":[[[-69.04859,10.21505],[-69.04966,10.23173],[-69.05674,10.2343],[-69.06266,10.23139],[-69.07278,10.2202],[-69.07892,10.22338],[-69.09693,10.2145],[-69.09905,10.2061],[-69.1094,10.198],[-69.11365,10.19165],[-69.11487,10.18067],[-69.12125,10.16859],[-69.11787,10.16288],[-69.12282,10.15349],[-69.1215,10.13676],[-69.13428,10.13585],[-69.19681,10.13085],[-69.2251,10.12739],[-69.22058,10.10991],[-69.21465,10.09696],[-69.20821,10.08803],[-69.20175,10.08369],[-69.18486,10.03641],[-69.17402,10.03997],[-69.1607,10.04046],[-69.16065,10.03423],[-69.15174,10.02238],[-69.15078,10.01151],[-69.15308,10.00441],[-69.14969,9.99397],[-69.15043,9.97681],[-69.15866,9.94069],[-69.14877,9.92917],[-69.14419,9.91116],[-69.12808,9.89604],[-69.12871,9.88261],[-69.08865,9.86669],[-69.08586,9.95769],[-69.01085,9.9954],[-69.01668,10.00602],[-69.01777,10.02742],[-69.02328,10.0388],[-69.02044,10.04697],[-69.02534,10.06491],[-69.03459,10.07538],[-69.0361,10.09225],[-69.04565,10.1026],[-69.05671,10.11099],[-69.06644,10.1121],[-69.06844,10.12247],[-69.06623,10.12927],[-69.07234,10.13327],[-69.07542,10.15182],[-69.07971,10.16548],[-69.07366,10.16881],[-69.06852,10.1791],[-69.05944,10.18976],[-69.05702,10.20016],[-69.05061,10.20534],[-69.04859,10.21505]]]},"properties":{"municipio":"Peña","estado":"YARACUY"}},{"type":"Feature","geometry":{"type":"Polygon","coordinates":[[[-68.67093,10.20734],[-68.67808,10.21214],[-68.71115,10.23796],[-68.76483,10.25694],[-68.79907,10.28048],[-68.80026,10.24526],[-68.79333,10.23939],[-68.78439,10.23575],[-68.77928,10.22988],[-68.76354,10.22727],[-68.7591,10.22332],[-68.70364,10.19206],[-68.67237,10.19822],[-68.67093,10.20734]]]},"properties":{"municipio":"La Trinidad","estado":"YARACUY"}},{"type":"Feature","geometry":{"type":"Polygon","coordinates":[[[-68.95885,10.2981],[-68.96999,10.30124],[-68.97797,10.30907],[-68.98637,10.31144],[-69.00278,10.31038],[-69.01111,10.31281],[-69.01946,10.3065],[-69.02045,10.29729],[-69.01034,10.28625],[-69.00935,10.26307],[-69.0142,10.25374],[-69.01817,10.23758],[-69.02782,10.23983],[-69.0387,10.23664],[-69.04428,10.22788],[-69.04859,10.21505],[-69.05061,10.20534],[-69.05702,10.20016],[-69.05944,10.18976],[-69.06852,10.1791],[-69.07366,10.16881],[-69.07971,10.16548],[-69.07542,10.15182],[-69.07234,10.13327],[-69.06623,10.12927],[-69.06482,10.14668],[-69.04088,10.15725],[-69.0306,10.15346],[-69.01223,10.15176],[-69.00534,10.14725],[-69.01918,10.13581],[-69.01549,10.12032],[-69.00086,10.11808],[-68.98618,10.10875],[-68.98327,10.09695],[-68.97917,10.09068],[-68.97144,10.09266],[-68.95839,10.09226],[-68.95107,10.08751],[-68.94549,10.07433],[-68.93981,10.07383],[-68.91946,10.08023],[-68.90841,10.08208],[-68.90197,10.0868],[-68.90073,10.10904],[-68.9139,10.11408],[-68.91832,10.12031],[-68.92364,10.12055],[-68.93493,10.13095],[-68.93638,10.13831],[-68.94303,10.14633],[-68.94387,10.15816],[-68.95644,10.16557],[-68.96339,10.16468],[-68.96954,10.17138],[-68.97171,10.18291],[-68.97599,10.19218],[-68.98633,10.2059],[-68.99585,10.23547],[-68.99951,10.24005],[-68.99003,10.24401],[-68.97644,10.23264],[-68.97232,10.24666],[-68.96292,10.26191],[-68.96062,10.26904],[-68.9614,10.27807],[-68.95885,10.2981]]]},"properties":{"municipio":"Urachiche","estado":"YARACUY"}},{"type":"Feature","geometry":{"type":"Polygon","coordinates":[[[-68.76222,10.16907],[-68.77329,10.17783],[-68.77945,10.18531],[-68.79103,10.19088],[-68.80373,10.20313],[-68.81687,10.22632],[-68.81656,10.23049],[-68.82366,10.24233],[-68.82748,10.25336],[-68.8347,10.26157],[-68.84435,10.2688],[-68.84958,10.26959],[-68.86253,10.27792],[-68.88046,10.29618],[-68.88577,10.31697],[-68.8859,10.32601],[-68.90018,10.30878],[-68.90357,10.29339],[-68.91171,10.2839],[-68.90778,10.27604],[-68.89913,10.2714],[-68.8918,10.25666],[-68.88654,10.24963],[-68.88605,10.24211],[-68.8771,10.23527],[-68.86522,10.21825],[-68.82984,10.20144],[-68.82803,10.19775],[-68.8149,10.18674],[-68.80499,10.18574],[-68.80178,10.18174],[-68.78352,10.17461],[-68.76222,10.16907]]]},"properties":{"municipio":"Arístides Bastidas","estado":"YARACUY"}},{"type":"Feature","geometry":{"type":"Polygon","coordinates":[[[-68.91171,10.2839],[-68.91493,10.28448],[-68.91975,10.30194],[-68.9261,10.30633],[-68.93117,10.31441],[-68.92972,10.32273],[-68.93161,10.33148],[-68.92217,10.34272],[-68.92313,10.36173],[-68.92908,10.36045],[-68.93422,10.35106],[-68.94039,10.34552],[-68.94203,10.33453],[-68.95171,10.33137],[-68.9577,10.32133],[-68.95637,10.31669],[-68.95885,10.2981],[-68.9614,10.27807],[-68.96062,10.26904],[-68.96292,10.26191],[-68.97232,10.24666],[-68.97644,10.23264],[-68.99003,10.24401],[-68.99951,10.24005],[-68.99585,10.23547],[-68.98633,10.2059],[-68.97599,10.19218],[-68.97171,10.18291],[-68.96954,10.17138],[-68.96339,10.16468],[-68.95644,10.16557],[-68.94387,10.15816],[-68.94303,10.14633],[-68.93638,10.13831],[-68.93493,10.13095],[-68.92364,10.12055],[-68.91832,10.12031],[-68.9139,10.11408],[-68.90073,10.10904],[-68.90197,10.0868],[-68.89508,10.09014],[-68.87769,10.08985],[-68.86996,10.08219],[-68.85396,10.07547],[-68.85148,10.06946],[-68.83645,10.06659],[-68.82733,10.07372],[-68.82008,10.07342],[-68.79425,10.08325],[-68.7809,10.09013],[-68.76236,10.10541],[-68.75089,10.10849],[-68.7467,10.11605],[-68.74905,10.12138],[-68.74476,10.12672],[-68.73263,10.13145],[-68.72429,10.14139],[-68.73178,10.15309],[-68.72942,10.15842],[-68.73402,10.15894],[-68.76222,10.16907],[-68.78352,10.17461],[-68.80178,10.18174],[-68.80499,10.18574],[-68.8149,10.18674],[-68.82803,10.19775],[-68.82984,10.20144],[-68.86522,10.21825],[-68.8771,10.23527],[-68.88605,10.24211],[-68.88654,10.24963],[-68.8918,10.25666],[-68.89913,10.2714],[-68.90778,10.27604],[-68.91171,10.2839]]]},"properties":{"municipio":"Bruzual","estado":"YARACUY"}},{"type":"Feature","geometry":{"type":"Polygon","coordinates":[[[-68.76409,10.42011],[-68.7671,10.42142],[-68.77726,10.41606],[-68.78362,10.40874],[-68.7994,10.40498],[-68.80104,10.39155],[-68.8053,10.38613],[-68.80333,10.38002],[-68.78755,10.36659],[-68.78617,10.35992],[-68.78831,10.34238],[-68.78075,10.33531],[-68.75106,10.30189],[-68.74079,10.29262],[-68.73553,10.29031],[-68.71969,10.27658],[-68.7102,10.26677],[-68.66216,10.23056],[-68.65069,10.22069],[-68.64519,10.22464],[-68.65272,10.23223],[-68.65672,10.24755],[-68.66652,10.25535],[-68.6681,10.26476],[-68.675,10.27388],[-68.68153,10.29349],[-68.69127,10.2977],[-68.69919,10.30932],[-68.71766,10.32067],[-68.72673,10.31725],[-68.73616,10.32344],[-68.75426,10.35575],[-68.76436,10.36027],[-68.76466,10.40864],[-68.76409,10.42011]]]},"properties":{"municipio":"Independencia","estado":"YARACUY"}},{"type":"Feature","geometry":{"type":"Polygon","coordinates":[[[-68.56495,10.60407],[-68.56634,10.59963],[-68.57741,10.60009],[-68.58352,10.59681],[-68.58836,10.60383],[-68.59424,10.60465],[-68.60031,10.60027],[-68.6043,10.58234],[-68.60082,10.52552],[-68.63208,10.45739],[-68.65056,10.41495],[-68.64365,10.41702],[-68.62976,10.4147],[-68.6268,10.40529],[-68.63418,10.39945],[-68.63082,10.38395],[-68.63227,10.37596],[-68.63016,10.36767],[-68.6169,10.36731],[-68.6071,10.36481],[-68.59011,10.34806],[-68.57753,10.34722],[-68.5705,10.35312],[-68.56603,10.34478],[-68.56374,10.32853],[-68.55703,10.32209],[-68.56465,10.31905],[-68.56848,10.30272],[-68.56619,10.29545],[-68.57073,10.28889],[-68.57037,10.28121],[-68.5803,10.27107],[-68.59018,10.25065],[-68.58849,10.24821],[-68.60229,10.23677],[-68.60822,10.23927],[-68.62631,10.23635],[-68.63295,10.2277],[-68.62551,10.22297],[-68.61893,10.20337],[-68.60664,10.19894],[-68.59354,10.19908],[-68.57005,10.20487],[-68.55314,10.20543],[-68.53057,10.21841],[-68.52725,10.21603],[-68.50152,10.21372],[-68.49572,10.22048],[-68.4863,10.22711],[-68.47847,10.22967],[-68.48868,10.24347],[-68.48942,10.25119],[-68.48602,10.25791],[-68.4888,10.27674],[-68.48862,10.28506],[-68.48271,10.29115],[-68.48425,10.30439],[-68.48738,10.30939],[-68.4944,10.31176],[-68.49883,10.31777],[-68.49865,10.32646],[-68.48745,10.3368],[-68.47687,10.33918],[-68.46856,10.34539],[-68.45022,10.35179],[-68.4488,10.35592],[-68.43298,10.36219],[-68.41987,10.3633],[-68.41366,10.36144],[-68.39976,10.36563],[-68.39939,10.36796],[-68.40083,10.38687],[-68.39667,10.40105],[-68.40128,10.41719],[-68.39974,10.43349],[-68.40216,10.43991],[-68.39893,10.4442],[-68.39671,10.45576],[-68.4024,10.46197],[-68.40442,10.46894],[-68.4019,10.47477],[-68.38986,10.48333],[-68.40093,10.48812],[-68.38817,10.50202],[-68.38674,10.51696],[-68.38292,10.51894],[-68.38351,10.52885],[-68.3733,10.53929],[-68.3544,10.55169],[-68.34713,10.54977],[-68.33594,10.55031],[-68.32227,10.5436],[-68.31469,10.53774],[-68.30404,10.53821],[-68.30094,10.54458],[-68.29057,10.54997],[-68.28548,10.54876],[-68.26471,10.5632],[-68.25971,10.56867],[-68.25749,10.57758],[-68.24907,10.57883],[-68.52028,10.59657],[-68.52477,10.59732],[-68.52897,10.59803],[-68.53443,10.59894],[-68.54808,10.59632],[-68.55961,10.60318],[-68.56495,10.60407]]]},"properties":{"municipio":"Veroes","estado":"YARACUY"}},{"type":"Feature","geometry":{"type":"Polygon","coordinates":[[[-68.82822,10.36326],[-68.84436,10.36096],[-68.86529,10.35232],[-68.88453,10.33216],[-68.8859,10.32601],[-68.88577,10.31697],[-68.88046,10.29618],[-68.86253,10.27792],[-68.84958,10.26959],[-68.84435,10.2688],[-68.8347,10.26157],[-68.82748,10.25336],[-68.82366,10.24233],[-68.81656,10.23049],[-68.81687,10.22632],[-68.80373,10.20313],[-68.79103,10.19088],[-68.77945,10.18531],[-68.77329,10.17783],[-68.76222,10.16907],[-68.73402,10.15894],[-68.72942,10.15842],[-68.72361,10.15689],[-68.70966,10.14814],[-68.70187,10.15875],[-68.69897,10.16752],[-68.70247,10.17187],[-68.69559,10.18726],[-68.67539,10.19497],[-68.67237,10.19822],[-68.70364,10.19206],[-68.7591,10.22332],[-68.76354,10.22727],[-68.77928,10.22988],[-68.78439,10.23575],[-68.79333,10.23939],[-68.80026,10.24526],[-68.79907,10.28048],[-68.80823,10.28665],[-68.82326,10.32121],[-68.82557,10.32894],[-68.83028,10.33173],[-68.83609,10.34406],[-68.82944,10.34992],[-68.82822,10.36326]]]},"properties":{"municipio":"Sucre","estado":"YARACUY"}},{"type":"Feature","geometry":{"type":"Polygon","coordinates":[[[-68.36393,10.24694],[-68.36114,10.25836],[-68.35436,10.26383],[-68.36014,10.2684],[-68.36204,10.27489],[-68.36928,10.2812],[-68.37342,10.29693],[-68.37408,10.30835],[-68.37972,10.31259],[-68.3946,10.34085],[-68.39222,10.35044],[-68.39655,10.35582],[-68.39976,10.36563],[-68.41366,10.36144],[-68.41987,10.3633],[-68.43298,10.36219],[-68.4488,10.35592],[-68.45022,10.35179],[-68.46856,10.34539],[-68.47687,10.33918],[-68.48745,10.3368],[-68.49865,10.32646],[-68.49883,10.31777],[-68.4944,10.31176],[-68.48738,10.30939],[-68.48425,10.30439],[-68.48271,10.29115],[-68.48862,10.28506],[-68.4888,10.27674],[-68.48602,10.25791],[-68.48942,10.25119],[-68.48868,10.24347],[-68.47847,10.22967],[-68.4863,10.22711],[-68.49572,10.22048],[-68.50152,10.21372],[-68.52725,10.21603],[-68.53057,10.21841],[-68.55314,10.20543],[-68.57005,10.20487],[-68.59354,10.19908],[-68.60664,10.19894],[-68.61893,10.20337],[-68.62551,10.22297],[-68.63295,10.2277],[-68.64519,10.22464],[-68.65069,10.22069],[-68.66307,10.21437],[-68.67093,10.20734],[-68.67237,10.19822],[-68.67539,10.19497],[-68.69559,10.18726],[-68.70247,10.17187],[-68.69897,10.16752],[-68.70187,10.15875],[-68.70966,10.14814],[-68.72361,10.15689],[-68.72942,10.15842],[-68.73178,10.15309],[-68.72429,10.14139],[-68.73263,10.13145],[-68.74476,10.12672],[-68.74905,10.12138],[-68.7467,10.11605],[-68.75089,10.10849],[-68.76236,10.10541],[-68.7809,10.09013],[-68.79425,10.08325],[-68.82008,10.07342],[-68.82733,10.07372],[-68.83645,10.06659],[-68.85148,10.06946],[-68.85396,10.07547],[-68.86996,10.08219],[-68.87769,10.08985],[-68.89508,10.09014],[-68.90197,10.0868],[-68.90841,10.08208],[-68.91946,10.08023],[-68.93981,10.07383],[-68.94549,10.07433],[-68.95124,10.06465],[-68.95861,10.06249],[-68.96881,10.05414],[-68.96265,10.04949],[-68.96628,10.02466],[-68.96458,10.01865],[-68.92481,10.04],[-68.80658,10.0086],[-68.81625,10.00536],[-68.81677,9.99073],[-68.82205,9.98141],[-68.8281,9.98097],[-68.83878,9.9696],[-68.84166,9.95697],[-68.83671,9.94331],[-68.83783,9.94012],[-68.83155,9.92803],[-68.84037,9.92614],[-68.84653,9.91965],[-68.84866,9.91266],[-68.86167,9.91378],[-68.87226,9.90057],[-68.88658,9.89367],[-68.89636,9.88664],[-68.90271,9.87728],[-68.91653,9.88304],[-68.91375,9.89313],[-68.92391,9.89013],[-68.92541,9.89605],[-68.94157,9.89263],[-68.95191,9.88538],[-68.95686,9.88549],[-68.97396,9.86252],[-68.9709,9.84587],[-68.97548,9.8421],[-68.96491,9.84243],[-68.95011,9.85142],[-68.94449,9.85049],[-68.94037,9.84297],[-68.92117,9.8494],[-68.91434,9.84795],[-68.90685,9.84148],[-68.89114,9.84119],[-68.88346,9.84271],[-68.87089,9.84074],[-68.85892,9.83479],[-68.85067,9.83653],[-68.8313,9.84593],[-68.82399,9.84752],[-68.80976,9.84269],[-68.80089,9.84386],[-68.79109,9.85693],[-68.77726,9.86683],[-68.76965,9.8695],[-68.76019,9.8684],[-68.7504,9.86926],[-68.73514,9.87328],[-68.72141,9.8819],[-68.71449,9.89287],[-68.71468,9.89665],[-68.72322,9.90324],[-68.72196,9.91885],[-68.71739,9.92968],[-68.71718,9.93722],[-68.7103,9.94576],[-68.69745,9.9475],[-68.67587,9.96061],[-68.65821,9.97634],[-68.65181,9.97401],[-68.64282,9.9653],[-68.63651,9.96323],[-68.62602,9.96794],[-68.61598,9.96958],[-68.61134,9.9643],[-68.60931,9.94971],[-68.61079,9.94543],[-68.60509,9.93305],[-68.60156,9.93151],[-68.58799,9.93413],[-68.57414,9.93467],[-68.55977,9.93053],[-68.54683,9.9306],[-68.53276,9.93717],[-68.52648,9.92873],[-68.52827,9.92149],[-68.53586,9.91316],[-68.53888,9.90141],[-68.53762,9.88868],[-68.52553,9.89644],[-68.52113,9.88689],[-68.51342,9.8893],[-68.4926,9.9011],[-68.49222,9.90127],[-68.48686,9.90931],[-68.47932,9.91514],[-68.47018,9.91647],[-68.45564,9.92649],[-68.44936,9.92637],[-68.43582,9.93705],[-68.42707,9.94122],[-68.41603,9.95392],[-68.40991,9.95421],[-68.40548,9.95902],[-68.40418,9.96725],[-68.39447,9.96573],[-68.39045,9.97175],[-68.38343,9.97553],[-68.37917,9.98217],[-68.36966,9.99075],[-68.38077,9.99893],[-68.3894,10.01653],[-68.38705,10.03216],[-68.37903,10.0438],[-68.37872,10.04903],[-68.38981,10.05696],[-68.39188,10.06112],[-68.39999,10.06024],[-68.40356,10.06588],[-68.40261,10.07554],[-68.40768,10.08323],[-68.40232,10.0941],[-68.39852,10.11076],[-68.39975,10.12663],[-68.4132,10.13957],[-68.41448,10.1514],[-68.42491,10.16213],[-68.42791,10.18012],[-68.41752,10.19023],[-68.41304,10.2006],[-68.41245,10.214],[-68.40322,10.22085],[-68.39232,10.22114],[-68.38085,10.22521],[-68.37078,10.23556],[-68.36393,10.24694]]]},"properties":{"municipio":"Nirgua","estado":"YARACUY"}},{"type":"Feature","geometry":{"type":"Polygon","coordinates":[[[-68.65069,10.22069],[-68.66216,10.23056],[-68.7102,10.26677],[-68.71969,10.27658],[-68.73553,10.29031],[-68.74079,10.29262],[-68.75106,10.30189],[-68.78075,10.33531],[-68.78831,10.34238],[-68.78617,10.35992],[-68.78755,10.36659],[-68.80333,10.38002],[-68.8053,10.38613],[-68.82228,10.36398],[-68.82822,10.36326],[-68.82944,10.34992],[-68.83609,10.34406],[-68.83028,10.33173],[-68.82557,10.32894],[-68.82326,10.32121],[-68.80823,10.28665],[-68.79907,10.28048],[-68.76483,10.25694],[-68.71115,10.23796],[-68.67808,10.21214],[-68.67093,10.20734],[-68.66307,10.21437],[-68.65069,10.22069]]]},"properties":{"municipio":"Cocorote","estado":"YARACUY"}},{"type":"Feature","geometry":{"type":"Polygon","coordinates":[[[-66.87143,10.54555],[-66.87506,10.54226],[-66.88603,10.54236],[-66.89208,10.54774],[-66.90608,10.5519],[-66.91637,10.55318],[-66.93465,10.54938],[-66.94013,10.54372],[-66.95236,10.54367],[-66.95486,10.5478],[-66.96854,10.54958],[-66.97116,10.55268],[-66.98384,10.55682],[-66.99855,10.56405],[-67.00851,10.5593],[-67.0189,10.56726],[-67.02273,10.56139],[-67.02437,10.54923],[-67.0185,10.54108],[-67.0274,10.53495],[-67.03941,10.53283],[-67.05419,10.51963],[-67.06214,10.51462],[-67.05451,10.50324],[-67.05999,10.48413],[-67.05854,10.46739],[-67.06567,10.46307],[-67.08207,10.46287],[-67.09856,10.4596],[-67.10121,10.46124],[-67.12167,10.45833],[-67.13033,10.45243],[-67.14318,10.44929],[-67.15177,10.44062],[-67.16044,10.43699],[-67.15521,10.42354],[-67.16062,10.41196],[-67.15153,10.41432],[-67.14575,10.4093],[-67.1345,10.40927],[-67.11882,10.40401],[-67.08837,10.40246],[-67.07978,10.39106],[-67.07097,10.39334],[-67.05994,10.39148],[-67.04578,10.38556],[-67.03365,10.39087],[-67.02023,10.38964],[-67.01632,10.38397],[-67.00585,10.38477],[-66.99741,10.38728],[-66.9907,10.39397],[-66.97637,10.40177],[-66.96487,10.4114],[-66.95958,10.41319],[-66.95385,10.42218],[-66.94174,10.42316],[-66.93223,10.41407],[-66.92536,10.41482],[-66.9038,10.40696],[-66.89691,10.41132],[-66.89409,10.42027],[-66.90131,10.42333],[-66.89556,10.43995],[-66.89642,10.44814],[-66.89219,10.46218],[-66.88354,10.46918],[-66.88298,10.48331],[-66.87927,10.48668],[-66.86946,10.48757],[-66.86879,10.49972],[-66.86183,10.51053],[-66.86345,10.52044],[-66.8678,10.5285],[-66.87143,10.54555]]]},"properties":{"municipio":"Bolivariano Libertador","estado":"DISTRITO CAPITAL"}},{"type":"Feature","geometry":{"type":"Polygon","coordinates":[[[-68.60031,10.60027],[-68.60726,10.60595],[-68.63013,10.59717],[-68.64901,10.59815],[-68.65929,10.59296],[-68.67079,10.59408],[-68.68071,10.59073],[-68.68616,10.5837],[-68.68156,10.57245],[-68.67636,10.56841],[-68.68163,10.55816],[-68.67994,10.55393],[-68.67183,10.55085],[-68.67395,10.54573],[-68.68339,10.54047],[-68.68194,10.53595],[-68.68793,10.53011],[-68.69538,10.5273],[-68.6952,10.50926],[-68.70597,10.48323],[-68.70169,10.45793],[-68.7163,10.4524],[-68.73331,10.45481],[-68.7522,10.44468],[-68.75426,10.43975],[-68.75163,10.43195],[-68.75441,10.42404],[-68.76409,10.42011],[-68.76466,10.40864],[-68.76436,10.36027],[-68.75426,10.35575],[-68.73616,10.32344],[-68.72673,10.31725],[-68.71766,10.32067],[-68.69919,10.30932],[-68.69127,10.2977],[-68.68153,10.29349],[-68.675,10.27388],[-68.6681,10.26476],[-68.66652,10.25535],[-68.65672,10.24755],[-68.65272,10.23223],[-68.64519,10.22464],[-68.63295,10.2277],[-68.62631,10.23635],[-68.60822,10.23927],[-68.60229,10.23677],[-68.58849,10.24821],[-68.59018,10.25065],[-68.5803,10.27107],[-68.57037,10.28121],[-68.57073,10.28889],[-68.56619,10.29545],[-68.56848,10.30272],[-68.56465,10.31905],[-68.55703,10.32209],[-68.56374,10.32853],[-68.56603,10.34478],[-68.5705,10.35312],[-68.57753,10.34722],[-68.59011,10.34806],[-68.6071,10.36481],[-68.6169,10.36731],[-68.63016,10.36767],[-68.63227,10.37596],[-68.63082,10.38395],[-68.63418,10.39945],[-68.6268,10.40529],[-68.62976,10.4147],[-68.64365,10.41702],[-68.65056,10.41495],[-68.63208,10.45739],[-68.60082,10.52552],[-68.6043,10.58234],[-68.60031,10.60027]]]},"properties":{"municipio":"San Felipe","estado":"YARACUY"}},{"type":"Feature","geometry":{"type":"Polygon","coordinates":[[[-68.7163,10.4524],[-68.71763,10.4628],[-68.72391,10.47611],[-68.7236,10.48568],[-68.71633,10.49603],[-68.71415,10.50447],[-68.71481,10.51475],[-68.72054,10.52776],[-68.72731,10.5318],[-68.72882,10.54404],[-68.73329,10.55105],[-68.73213,10.56893],[-68.7288,10.57446],[-68.73521,10.57826],[-68.74422,10.57225],[-68.75335,10.57379],[-68.7594,10.5695],[-68.78799,10.57506],[-68.81394,10.56155],[-68.82069,10.56337],[-68.82882,10.56011],[-68.83366,10.55167],[-68.87665,10.64478],[-68.87893,10.63332],[-68.8764,10.61982],[-68.88209,10.60849],[-68.88174,10.60111],[-68.88628,10.59433],[-68.89227,10.59127],[-68.89603,10.58012],[-68.90657,10.57064],[-68.90888,10.5617],[-68.91445,10.55691],[-68.94641,10.53956],[-68.95367,10.5401],[-68.95614,10.54694],[-68.96896,10.55317],[-68.98916,10.55484],[-68.99352,10.55334],[-69.00088,10.54238],[-69.01538,10.52887],[-69.02682,10.5288],[-69.03437,10.52337],[-69.04879,10.51998],[-69.0526,10.51704],[-69.05563,10.50745],[-69.04644,10.50775],[-69.05038,10.49653],[-69.04985,10.4828],[-69.06601,10.46894],[-69.06699,10.45575],[-69.06587,10.44089],[-69.06787,10.43346],[-69.07907,10.41936],[-69.08005,10.40982],[-69.07643,10.40227],[-69.07138,10.39962],[-69.06234,10.40277],[-69.0529,10.40114],[-69.04743,10.41266],[-69.04224,10.41838],[-69.03272,10.41226],[-69.03116,10.41037],[-69.0217,10.29846],[-69.02045,10.29729],[-69.01946,10.3065],[-69.01111,10.31281],[-69.00278,10.31038],[-68.98637,10.31144],[-68.97797,10.30907],[-68.96999,10.30124],[-68.95885,10.2981],[-68.95637,10.31669],[-68.9577,10.32133],[-68.95171,10.33137],[-68.94203,10.33453],[-68.94039,10.34552],[-68.93422,10.35106],[-68.92908,10.36045],[-68.92313,10.36173],[-68.92217,10.34272],[-68.93161,10.33148],[-68.92972,10.32273],[-68.93117,10.31441],[-68.9261,10.30633],[-68.91975,10.30194],[-68.91493,10.28448],[-68.91171,10.2839],[-68.90357,10.29339],[-68.90018,10.30878],[-68.8859,10.32601],[-68.88453,10.33216],[-68.86529,10.35232],[-68.84436,10.36096],[-68.82822,10.36326],[-68.82228,10.36398],[-68.8053,10.38613],[-68.80104,10.39155],[-68.7994,10.40498],[-68.78362,10.40874],[-68.77726,10.41606],[-68.7671,10.42142],[-68.76409,10.42011],[-68.75441,10.42404],[-68.75163,10.43195],[-68.75426,10.43975],[-68.7522,10.44468],[-68.73331,10.45481],[-68.7163,10.4524]]]},"properties":{"municipio":"Bolívar","estado":"YARACUY"}},{"type":"Feature","geometry":{"type":"Polygon","coordinates":[[[-64.8476,8.69586],[-64.8536,8.69615],[-64.87084,8.70178],[-64.87589,8.71016],[-64.89595,8.71327],[-64.89745,8.7186],[-64.91265,8.73374],[-64.91096,8.74099],[-64.91859,8.7459],[-64.92622,8.74644],[-64.93853,8.74074],[-64.94292,8.74421],[-64.95469,8.74391],[-64.96033,8.74864],[-64.96935,8.75079],[-64.97475,8.74725],[-64.98184,8.75108],[-65.01613,8.74316],[-65.01938,8.73849],[-65.02863,8.74345],[-65.03145,8.74154],[-65.04262,8.7465],[-65.05265,8.74698],[-65.06052,8.7538],[-65.06449,8.76117],[-65.07674,8.75973],[-65.08124,8.76458],[-65.0953,8.75822],[-65.10719,8.74695],[-65.11109,8.74971],[-65.11992,8.74365],[-65.12275,8.74862],[-65.13055,8.74904],[-65.1383,8.74562],[-65.14473,8.73795],[-65.14929,8.72058],[-65.1544,8.72129],[-65.16131,8.71051],[-65.16719,8.70673],[-65.16996,8.69337],[-65.16731,8.67654],[-65.16419,8.67049],[-65.17278,8.65126],[-65.16611,8.63826],[-65.16443,8.6279],[-65.14923,8.61389],[-65.14617,8.59634],[-65.15158,8.58807],[-65.14419,8.58047],[-65.14941,8.57244],[-65.14719,8.55717],[-65.1547,8.55363],[-65.14851,8.54644],[-65.15758,8.54272],[-65.15224,8.53129],[-65.1598,8.53008],[-65.16311,8.52188],[-65.15848,8.51217],[-65.16953,8.50324],[-65.16887,8.4909],[-65.17794,8.48587],[-65.18221,8.47053],[-65.1774,8.46484],[-65.178,8.44807],[-65.18719,8.4289],[-65.19494,8.42201],[-65.19344,8.41638],[-65.20059,8.40972],[-65.20347,8.39295],[-65.1968,8.38774],[-65.20605,8.38019],[-65.20149,8.37181],[-65.20419,8.36767],[-65.21632,8.36467],[-65.21692,8.35712],[-65.22533,8.35772],[-65.22833,8.33879],[-65.23548,8.3383],[-65.23644,8.33106],[-65.24791,8.32758],[-65.25704,8.33105],[-65.26227,8.319],[-65.27188,8.3163],[-65.27386,8.30708],[-65.26936,8.29744],[-65.27837,8.29887],[-65.28227,8.28533],[-65.29134,8.27412],[-65.29218,8.26658],[-65.29783,8.26573],[-65.29867,8.25639],[-65.30702,8.2483],[-65.31338,8.23188],[-65.31987,8.23422],[-65.32359,8.22643],[-65.32942,8.22187],[-65.3338,8.22409],[-65.33777,8.21516],[-65.34329,8.21576],[-65.34281,8.20701],[-65.35459,8.20425],[-65.36221,8.20526],[-65.3672,8.20077],[-65.36606,8.19214],[-65.37597,8.1813],[-65.37483,8.15985],[-65.38275,8.14889],[-65.38696,8.13726],[-65.40095,8.12672],[-65.39795,8.11899],[-65.40071,8.11426],[-65.42174,8.10598],[-65.41993,8.10173],[-65.42798,8.08717],[-65.43477,8.08147],[-65.43861,8.06895],[-65.44852,8.05254],[-65.45507,8.04978],[-65.46126,8.05265],[-65.47964,8.04491],[-65.47693,8.02958],[-65.48576,8.02832],[-65.48672,8.01915],[-65.48168,8.00993],[-65.48798,8.00046],[-65.49567,7.99609],[-65.49717,7.9901],[-65.49099,7.98063],[-65.48955,7.96416],[-65.4997,7.96338],[-65.50024,7.94469],[-65.50378,7.94019],[-65.50492,7.92887],[-65.49699,7.92786],[-65.49603,7.91989],[-65.49015,7.91648],[-65.4809,7.91942],[-65.4654,7.91919],[-65.46234,7.91727],[-65.42786,7.91801],[-65.41549,7.91214],[-65.41254,7.90777],[-65.40209,7.90472],[-65.38888,7.89676],[-65.38353,7.88856],[-65.37206,7.87892],[-65.36257,7.88119],[-65.34525,7.88343],[-65.33163,7.88242],[-65.31332,7.87885],[-65.30316,7.8755],[-65.27089,7.85239],[-65.26061,7.84814],[-65.23996,7.84357],[-65.18368,7.84223],[-65.16838,7.84033],[-65.15074,7.83307],[-65.13365,7.8161],[-65.12059,7.80471],[-65.08966,7.79589],[-65.07034,7.79589],[-65.05862,7.79321],[-65.02936,7.77836],[-65.01652,7.77066],[-65.00274,7.75614],[-64.9866,7.73127],[-64.97196,7.71625],[-64.96198,7.70847],[-64.95682,7.69069],[-64.94602,7.69044],[-64.94546,7.69666],[-64.93553,7.69176],[-64.91857,7.68686],[-64.89954,7.67549],[-64.8878,7.67047],[-64.8709,7.66595],[-64.85049,7.66645],[-64.80659,7.67394],[-64.79231,7.68152],[-64.78127,7.6841],[-64.76397,7.69595],[-64.73474,7.70884],[-64.72973,7.71259],[-64.71398,7.7324],[-64.69668,7.74771],[-64.68519,7.755],[-64.66716,7.76413],[-64.65656,7.7723],[-64.64897,7.77384],[-64.63918,7.76891],[-64.61687,7.77119],[-64.60532,7.77473],[-64.57764,7.76876],[-64.56674,7.76928],[-64.53567,7.76368],[-64.52625,7.76508],[-64.51918,7.7698],[-64.50865,7.79173],[-64.48944,7.80837],[-64.48443,7.81029],[-64.48237,7.82162],[-64.49062,7.82795],[-64.52316,7.83959],[-64.5381,7.84599],[-64.5716,7.85556],[-64.58124,7.86314],[-64.58897,7.87529],[-64.59155,7.88449],[-64.59523,7.90938],[-64.59324,7.91865],[-64.58728,7.93316],[-64.58669,7.95583],[-64.58183,7.97659],[-64.56983,7.99073],[-64.55025,8.0078],[-64.52551,8.02216],[-64.50056,8.03188],[-64.49099,8.0335],[-64.47148,8.04196],[-64.46029,8.04432],[-64.44269,8.04226],[-64.43187,8.0349],[-64.42568,8.02209],[-64.42281,8.00764],[-64.41561,8.00293],[-64.40186,8.00201],[-64.38328,8.00698],[-64.35815,8.02413],[-64.341,8.05693],[-64.3351,8.06512],[-64.34396,8.07786],[-64.33972,8.11806],[-64.33531,8.12126],[-64.32251,8.11999],[-64.31698,8.12155],[-64.31619,8.12882],[-64.32501,8.14239],[-64.31503,8.15067],[-64.32452,8.16154],[-64.31586,8.16814],[-64.33201,8.18231],[-64.33134,8.2002],[-64.34305,8.2074],[-64.34214,8.22307],[-64.34959,8.23202],[-64.34616,8.2361],[-64.3497,8.24288],[-64.34374,8.2451],[-64.34476,8.25428],[-64.33827,8.2574],[-64.34229,8.26479],[-64.34066,8.26965],[-64.33272,8.27241],[-64.33116,8.27865],[-64.34251,8.28238],[-64.34016,8.28832],[-64.34533,8.29192],[-64.34436,8.30441],[-64.34874,8.30969],[-64.34711,8.31582],[-64.35306,8.31984],[-64.35041,8.32608],[-64.36309,8.33593],[-64.37101,8.35058],[-64.37804,8.35148],[-64.37563,8.36331],[-64.38362,8.36703],[-64.37327,8.37693],[-64.37891,8.3887],[-64.3869,8.3923],[-64.38919,8.3968],[-64.38617,8.40707],[-64.39656,8.41542],[-64.39602,8.421],[-64.40178,8.42892],[-64.41939,8.43823],[-64.42899,8.44898],[-64.43873,8.45174],[-64.44673,8.44976],[-64.44221,8.46099],[-64.45928,8.45859],[-64.4612,8.46736],[-64.46576,8.47336],[-64.4794,8.4754],[-64.48072,8.48381],[-64.48877,8.48465],[-64.48913,8.49107],[-64.50096,8.50518],[-64.50895,8.50314],[-64.51262,8.50969],[-64.52036,8.51671],[-64.52758,8.51527],[-64.53383,8.50735],[-64.53804,8.51576],[-64.55691,8.5193],[-64.56238,8.51744],[-64.56874,8.52693],[-64.57932,8.52981],[-64.58298,8.5363],[-64.58117,8.54674],[-64.58837,8.56289],[-64.5835,8.56505],[-64.58793,8.58738],[-64.59195,8.589],[-64.59056,8.59825],[-64.59567,8.60323],[-64.60096,8.60113],[-64.60334,8.60881],[-64.59689,8.61412],[-64.60025,8.62114],[-64.59688,8.62475],[-64.59958,8.63531],[-64.60674,8.63627],[-64.60553,8.6427],[-64.60914,8.6478],[-64.60197,8.65903],[-64.60762,8.66803],[-64.67625,8.67089],[-64.75102,8.69695],[-64.75741,8.6943],[-64.78397,8.68763],[-64.79692,8.68805],[-64.80101,8.68246],[-64.8476,8.69586]]]},"properties":{"municipio":"José Gregorio Monagas","estado":"ANZOÁTEGUI"}},{"type":"Feature","geometry":{"type":"Polygon","coordinates":[[[-63.60724,8.7841],[-63.62039,8.79243],[-63.62563,8.79886],[-63.63357,8.80276],[-63.64603,8.80258],[-63.65829,8.80462],[-63.66674,8.81218],[-63.69202,8.81711],[-63.69714,8.81999],[-63.7211,8.82329],[-63.73693,8.82761],[-63.7474,8.82425],[-63.75228,8.83086],[-63.76191,8.83302],[-63.76528,8.8293],[-63.78045,8.8302],[-63.79724,8.84886],[-63.81133,8.84442],[-63.81729,8.84671],[-63.83372,8.84491],[-63.83926,8.84779],[-63.84552,8.84407],[-63.85316,8.84527],[-63.86322,8.84317],[-63.8696,8.84653],[-63.87995,8.84743],[-63.89049,8.84539],[-63.89398,8.84749],[-63.90565,8.84587],[-63.91474,8.84677],[-63.92708,8.85644],[-63.94394,8.86124],[-63.97325,8.86076],[-63.98872,8.86334],[-64.00239,8.86983],[-64.01443,8.87115],[-64.03357,8.86815],[-64.04254,8.87199],[-64.05139,8.87265],[-64.05879,8.87637],[-64.06397,8.87433],[-64.09087,8.87139],[-64.09828,8.87199],[-64.11363,8.8771],[-64.13524,8.88832],[-64.14956,8.89931],[-64.16154,8.90447],[-64.16275,8.90945],[-64.18496,8.92764],[-64.19916,8.931],[-64.20523,8.92954],[-64.19361,8.91296],[-64.09693,8.7778],[-64.04588,8.70692],[-64.03606,8.70974],[-64.02064,8.70824],[-64.01378,8.69598],[-64.00565,8.68793],[-64.00427,8.6743],[-63.99741,8.6579],[-64.00506,8.64745],[-63.99784,8.62613],[-63.9999,8.61256],[-63.99105,8.5922],[-63.9934,8.58847],[-63.99352,8.57664],[-63.9885,8.56923],[-63.93186,8.60139],[-63.85698,8.64316],[-63.69519,8.73402],[-63.60724,8.7841]]]},"properties":{"municipio":"San José de Guanipa","estado":"ANZOÁTEGUI"}},{"type":"Feature","geometry":{"type":"Polygon","coordinates":[[[-64.20523,8.92954],[-64.22011,8.92918],[-64.2283,8.93242],[-64.2357,8.93146],[-64.24233,8.93597],[-64.25034,8.93333],[-64.26256,8.93681],[-64.27858,8.94595],[-64.28948,8.94547],[-64.29346,8.94247],[-64.30695,8.94421],[-64.32026,8.94025],[-64.32863,8.94181],[-64.33653,8.93821],[-64.34676,8.93731],[-64.35317,8.86885],[-64.35651,8.82831],[-64.3543,8.82377],[-64.3427,8.81797],[-64.33421,8.81821],[-64.32658,8.8094],[-64.31317,8.80371],[-64.29855,8.79239],[-64.28796,8.79425],[-64.2781,8.7909],[-64.27257,8.78605],[-64.25621,8.77683],[-64.24809,8.77671],[-64.23864,8.77348],[-64.23588,8.76952],[-64.22253,8.7603],[-64.21182,8.75784],[-64.20455,8.75114],[-64.20341,8.74634],[-64.19029,8.73976],[-64.18393,8.7228],[-64.18441,8.71465],[-64.18093,8.70507],[-64.17985,8.69273],[-64.15466,8.66661],[-64.15533,8.66128],[-64.14829,8.65355],[-64.14288,8.64037],[-64.13447,8.62971],[-64.11727,8.61575],[-64.09826,8.61426],[-64.0887,8.60587],[-64.07781,8.60552],[-64.06837,8.60037],[-64.05826,8.60265],[-64.04557,8.60109],[-64.03342,8.59528],[-64.02241,8.58426],[-64.00268,8.5887],[-63.99914,8.57845],[-63.99282,8.57043],[-63.9885,8.56923],[-63.99352,8.57664],[-63.9934,8.58847],[-63.99105,8.5922],[-63.9999,8.61256],[-63.99784,8.62613],[-64.00506,8.64745],[-63.99741,8.6579],[-64.00427,8.6743],[-64.00565,8.68793],[-64.01378,8.69598],[-64.02064,8.70824],[-64.03606,8.70974],[-64.04588,8.70692],[-64.09693,8.7778],[-64.19361,8.91296],[-64.20523,8.92954]]]},"properties":{"municipio":"Simón Rodríguez","estado":"ANZOÁTEGUI"}},{"type":"Feature","geometry":{"type":"Polygon","coordinates":[[[-62.93372,8.7772],[-63.20607,8.76581],[-63.21488,8.7657],[-63.218,8.77152],[-63.22783,8.77534],[-63.23356,8.77095],[-63.25064,8.76471],[-63.27164,8.76325],[-63.28449,8.76885],[-63.28939,8.77394],[-63.29188,8.78265],[-63.29757,8.78224],[-63.31889,8.78545],[-63.34015,8.7656],[-63.36337,8.94686],[-63.36428,8.94762],[-63.37106,8.94652],[-63.3748,8.94122],[-63.38889,8.94116],[-63.39848,8.93513],[-63.40319,8.92392],[-63.4159,8.92115],[-63.42651,8.91193],[-63.42827,8.90608],[-63.43605,8.89951],[-63.44478,8.89626],[-63.44419,8.8912],[-63.45221,8.88167],[-63.45782,8.88005],[-63.46373,8.87263],[-63.46761,8.85503],[-63.47557,8.84425],[-63.4724,8.83255],[-63.47735,8.82297],[-63.47676,8.81604],[-63.48136,8.80272],[-63.48709,8.79706],[-63.48975,8.7897],[-63.49693,8.77982],[-63.49514,8.76782],[-63.50478,8.76089],[-63.52291,8.76071],[-63.5296,8.75541],[-63.55694,8.75583],[-63.56109,8.76054],[-63.56921,8.76337],[-63.5739,8.76825],[-63.58005,8.76765],[-63.60448,8.7794],[-63.60724,8.7841],[-63.69519,8.73402],[-63.85698,8.64316],[-63.93186,8.60139],[-63.9885,8.56923],[-63.98766,8.43761],[-63.98718,8.33966],[-63.97783,8.33129],[-63.96731,8.32955],[-63.96412,8.32506],[-63.96298,8.31438],[-63.95529,8.30592],[-63.95409,8.29741],[-63.95703,8.2935],[-63.95024,8.28775],[-63.94832,8.27461],[-63.94498,8.26614],[-63.93915,8.26518],[-63.93669,8.25906],[-63.92839,8.25397],[-63.92701,8.24983],[-63.90767,8.24252],[-63.8971,8.23461],[-63.89836,8.22855],[-63.89181,8.22112],[-63.89697,8.2141],[-63.89379,8.20937],[-63.89733,8.20223],[-63.89283,8.19828],[-63.89475,8.18868],[-63.88874,8.18437],[-63.88051,8.15457],[-63.8682,8.13515],[-63.85798,8.10289],[-63.8575,8.09786],[-63.84682,8.10713],[-63.8351,8.12314],[-63.83216,8.1298],[-63.822,8.14072],[-63.811,8.14726],[-63.79279,8.15278],[-63.77266,8.15339],[-63.75337,8.15088],[-63.74525,8.14657],[-63.73257,8.14646],[-63.7119,8.15072],[-63.70276,8.15463],[-63.68557,8.17178],[-63.66178,8.17461],[-63.6372,8.16521],[-63.62572,8.1567],[-63.61736,8.15359],[-63.60294,8.15245],[-63.59441,8.1479],[-63.58107,8.14833],[-63.57139,8.15235],[-63.55763,8.15415],[-63.54951,8.15326],[-63.54284,8.15698],[-63.52884,8.16094],[-63.52433,8.16023],[-63.49963,8.16785],[-63.48797,8.1657],[-63.47565,8.1672],[-63.4581,8.1798],[-63.43871,8.17796],[-63.43192,8.18135],[-63.42276,8.19757],[-63.41787,8.20251],[-63.40636,8.20531],[-63.39622,8.21721],[-63.37981,8.22982],[-63.36704,8.23518],[-63.3489,8.2471],[-63.33995,8.24636],[-63.33616,8.24207],[-63.32899,8.24487],[-63.3222,8.25111],[-63.30432,8.26206],[-63.29261,8.26608],[-63.28341,8.26613],[-63.26706,8.28062],[-63.26052,8.29304],[-63.26233,8.30017],[-63.26163,8.31715],[-63.25332,8.32976],[-63.24167,8.34397],[-63.23329,8.34965],[-63.21971,8.35325],[-63.20966,8.34937],[-63.20848,8.33822],[-63.20321,8.33039],[-63.18998,8.31999],[-63.18554,8.31847],[-63.16857,8.32879],[-63.15907,8.33274],[-63.14083,8.35078],[-63.12982,8.36889],[-63.12123,8.37859],[-63.11104,8.38365],[-63.10203,8.38393],[-63.09392,8.37915],[-63.08131,8.3569],[-63.07535,8.34006],[-63.06937,8.33073],[-63.04701,8.32558],[-63.02676,8.33026],[-63.00121,8.33811],[-62.99917,8.33808],[-62.99247,8.3405],[-62.98288,8.33804],[-62.97477,8.34104],[-62.97087,8.33625],[-62.95926,8.34326],[-62.95365,8.34019],[-62.95692,8.3336],[-62.94449,8.32912],[-62.93659,8.32418],[-62.91982,8.29321],[-62.90257,8.28323],[-62.88531,8.28349],[-62.87684,8.28583],[-62.86457,8.29259],[-62.84878,8.30537],[-62.83162,8.31156],[-62.82217,8.3219],[-62.81463,8.34212],[-62.79987,8.36686],[-62.78225,8.405],[-62.76661,8.41181],[-62.75502,8.40927],[-62.7494,8.40563],[-62.74072,8.39139],[-62.72857,8.38544],[-62.7012,8.38377],[-62.6868,8.38574],[-62.70111,8.39341],[-62.71273,8.39036],[-62.71367,8.39975],[-62.72431,8.40533],[-62.72328,8.41721],[-62.727,8.42571],[-62.72943,8.44976],[-63.06166,8.55142],[-63.05479,8.58325],[-63.05005,8.69531],[-63.04598,8.70274],[-63.02344,8.7489],[-63.01281,8.75275],[-63.00067,8.75173],[-62.99911,8.74684],[-62.97868,8.74259],[-62.96638,8.74453],[-62.94894,8.75583],[-62.94685,8.7625],[-62.93471,8.7728],[-62.93372,8.7772]]]},"properties":{"municipio":"Independencia","estado":"ANZOÁTEGUI"}},{"type":"Feature","geometry":{"type":"Polygon","coordinates":[[[-65.20305,9.43615],[-65.21245,9.42595],[-65.22623,9.42691],[-65.22792,9.41893],[-65.23828,9.41191],[-65.23028,9.40346],[-65.23702,9.40124],[-65.24894,9.4022],[-65.25455,9.39314],[-65.26051,9.39452],[-65.26641,9.3908],[-65.26973,9.38235],[-65.27593,9.37929],[-65.28412,9.38264],[-65.28647,9.37467],[-65.29111,9.37131],[-65.29827,9.37682],[-65.30838,9.37208],[-65.29532,9.36483],[-65.29148,9.34907],[-65.3025,9.35386],[-65.31068,9.35044],[-65.31238,9.34211],[-65.30208,9.34259],[-65.29534,9.33887],[-65.27945,9.32491],[-65.27411,9.30333],[-65.26622,9.30064],[-65.27081,9.28541],[-65.26979,9.27678],[-65.26425,9.26899],[-65.25504,9.26383],[-65.24216,9.26432],[-65.23452,9.25137],[-65.24109,9.24729],[-65.23633,9.238],[-65.22664,9.23543],[-65.21304,9.22476],[-65.21028,9.21595],[-65.20107,9.21086],[-65.20571,9.20043],[-65.20445,9.19383],[-65.19873,9.1924],[-65.18387,9.17274],[-65.17611,9.16938],[-65.17472,9.16501],[-65.16521,9.16945],[-65.16166,9.16543],[-65.14329,9.17371],[-65.11398,9.16581],[-65.10735,9.17049],[-65.09615,9.17349],[-65.087,9.17158],[-65.0849,9.16373],[-65.07792,9.15623],[-65.07076,9.15432],[-65.06233,9.14485],[-65.04927,9.13766],[-65.02965,9.13515],[-65.02507,9.13042],[-65.02117,9.12017],[-65.01208,9.11885],[-65.00275,9.11436],[-64.98559,9.11539],[-64.97085,9.09807],[-64.96664,9.08746],[-64.97344,9.08212],[-64.97152,9.07594],[-64.95912,9.06624],[-64.9563,9.05845],[-64.94769,9.05953],[-64.94625,9.04514],[-64.95162,9.02392],[-64.95825,9.01618],[-64.95862,9.00983],[-64.94326,9.01037],[-64.94513,9.00509],[-64.93695,8.99599],[-64.93503,8.98903],[-64.92184,8.9852],[-64.90721,8.98617],[-64.90029,8.97879],[-64.89921,8.97172],[-64.8909,8.97184],[-64.8882,8.96345],[-64.88369,8.9601],[-64.87581,8.94583],[-64.87503,8.93906],[-64.86473,8.93786],[-64.84054,8.92259],[-64.82024,8.93097],[-64.81114,8.92414],[-64.80215,8.92942],[-64.79414,8.92786],[-64.7646,8.92724],[-64.7625,8.92481],[-64.74074,8.92462],[-64.76749,8.95137],[-64.7688,8.9602],[-64.77622,8.96601],[-64.78186,8.96634],[-64.78913,8.972],[-64.7908,8.99006],[-64.77716,8.9978],[-64.78097,9.00634],[-64.78711,9.00936],[-64.79283,9.03196],[-64.79085,9.03894],[-64.8016,9.05494],[-64.80321,9.06092],[-64.81203,9.06965],[-64.81053,9.07246],[-64.81798,9.08485],[-64.80803,9.09344],[-64.80316,9.1031],[-64.80306,9.12459],[-64.79761,9.13165],[-64.80121,9.13707],[-64.79413,9.15064],[-64.78847,9.15057],[-64.78919,9.15995],[-64.78634,9.16706],[-64.79674,9.17855],[-64.80193,9.18117],[-64.8056,9.18975],[-64.81298,9.19587],[-64.8305,9.20239],[-64.83181,9.21085],[-64.84466,9.21523],[-64.85091,9.22683],[-64.86626,9.18862],[-64.90459,9.19366],[-64.91969,9.25915],[-64.9314,9.24968],[-64.93693,9.24994],[-64.9549,9.24293],[-64.9607,9.24714],[-64.99868,9.3234],[-65.0146,9.33942],[-65.03001,9.33853],[-65.04395,9.35204],[-65.05256,9.35677],[-65.05218,9.36384],[-65.06252,9.37047],[-65.06843,9.37849],[-65.08933,9.38682],[-65.09099,9.3928],[-65.10328,9.40106],[-65.1048,9.40549],[-65.11262,9.40768],[-65.11846,9.41414],[-65.13526,9.41445],[-65.14274,9.42063],[-65.14652,9.41944],[-65.15214,9.42833],[-65.16338,9.43454],[-65.16876,9.42867],[-65.17766,9.42974],[-65.18405,9.42417],[-65.18983,9.42624],[-65.19792,9.43519],[-65.20305,9.43615]]]},"properties":{"municipio":"Sir Arthur Mc Gregor","estado":"ANZOÁTEGUI"}},{"type":"Feature","geometry":{"type":"Polygon","coordinates":[[[-64.55938,9.46858],[-64.58787,9.45118],[-64.59917,9.45002],[-64.60675,9.43306],[-64.61531,9.42948],[-64.62069,9.43077],[-64.6268,9.41893],[-64.63373,9.42264],[-64.65042,9.42183],[-64.65667,9.42627],[-64.66305,9.42216],[-64.6792,9.42809],[-64.6813,9.42483],[-64.69051,9.43046],[-64.70328,9.42789],[-64.71294,9.41994],[-64.72743,9.38279],[-64.7281,9.37542],[-64.73576,9.37561],[-64.73339,9.3663],[-64.73843,9.36249],[-64.72801,9.34764],[-64.72887,9.33883],[-64.73585,9.3262],[-64.73687,9.31332],[-64.74506,9.30822],[-64.74492,9.30039],[-64.75528,9.29807],[-64.7567,9.28934],[-64.76758,9.28105],[-64.76856,9.27389],[-64.77475,9.26691],[-64.76873,9.25798],[-64.76093,9.25362],[-64.7576,9.2435],[-64.73279,9.2318],[-64.72941,9.2258],[-64.73025,9.2113],[-64.73646,9.20445],[-64.73546,9.18932],[-64.72771,9.18157],[-64.72866,9.17536],[-64.72095,9.17252],[-64.72188,9.1626],[-64.71475,9.16086],[-64.70828,9.15248],[-64.6974,9.15265],[-64.68668,9.15662],[-64.67594,9.1541],[-64.66501,9.14454],[-64.65869,9.14454],[-64.64667,9.13963],[-64.64311,9.12335],[-64.62586,9.11112],[-64.62562,9.106],[-64.61399,9.09922],[-64.60475,9.09915],[-64.60396,9.09417],[-64.59583,9.08917],[-64.58619,9.09596],[-64.57764,9.09129],[-64.56804,9.09327],[-64.54912,9.09177],[-64.53821,9.0882],[-64.52635,9.0867],[-64.51816,9.08982],[-64.50998,9.08128],[-64.46243,9.05275],[-64.44384,9.0424],[-64.48517,9.15152],[-64.56589,9.29763],[-64.5669,9.32295],[-64.5649,9.35357],[-64.55938,9.46858]]]},"properties":{"municipio":"Santa Ana","estado":"ANZOÁTEGUI"}},{"type":"Feature","geometry":{"type":"Polygon","coordinates":[[[-64.48845,9.55082],[-64.49997,9.55584],[-64.50813,9.55575],[-64.5206,9.56273],[-64.52595,9.56116],[-64.53604,9.56349],[-64.54248,9.56029],[-64.54803,9.56322],[-64.55543,9.56168],[-64.55938,9.46858],[-64.5649,9.35357],[-64.5669,9.32295],[-64.56589,9.29763],[-64.48517,9.15152],[-64.44384,9.0424],[-64.42087,9.06687],[-64.41136,9.07309],[-64.40221,9.0818],[-64.38751,9.08949],[-64.38562,9.09292],[-64.37512,9.09556],[-64.3715,9.10049],[-64.36196,9.10103],[-64.37494,9.11219],[-64.37768,9.11674],[-64.38873,9.11927],[-64.39589,9.1163],[-64.41116,9.11394],[-64.4247,9.11879],[-64.42658,9.12233],[-64.44531,9.1278],[-64.40058,9.24835],[-64.39358,9.25353],[-64.39453,9.26213],[-64.39984,9.26981],[-64.40669,9.27288],[-64.41405,9.28211],[-64.41369,9.28711],[-64.41778,9.30081],[-64.41876,9.35591],[-64.41447,9.35873],[-64.40773,9.3732],[-64.40757,9.38191],[-64.40114,9.38552],[-64.39795,9.39773],[-64.38617,9.41155],[-64.38301,9.42578],[-64.37425,9.43268],[-64.36148,9.43388],[-64.35456,9.4325],[-64.35499,9.49322],[-64.3524,9.50346],[-64.34534,9.51311],[-64.41793,9.54043],[-64.42341,9.54193],[-64.44831,9.55423],[-64.47361,9.55688],[-64.48489,9.5501],[-64.48845,9.55082]]]},"properties":{"municipio":"Anaco","estado":"ANZOÁTEGUI"}},{"type":"Feature","geometry":{"type":"Polygon","coordinates":[[[-64.98586,9.73495],[-64.99479,9.73572],[-65.00773,9.73064],[-65.0152,9.72978],[-65.02137,9.73475],[-65.0283,9.65405],[-65.05087,9.50564],[-65.02886,9.42177],[-65.04175,9.41711],[-65.04708,9.41747],[-65.05573,9.40955],[-65.0719,9.41126],[-65.08075,9.41054],[-65.08484,9.40153],[-65.09691,9.40194],[-65.1048,9.40549],[-65.10328,9.40106],[-65.09099,9.3928],[-65.08933,9.38682],[-65.06843,9.37849],[-65.06252,9.37047],[-65.05218,9.36384],[-65.05256,9.35677],[-65.04395,9.35204],[-65.03001,9.33853],[-65.0146,9.33942],[-64.99868,9.3234],[-64.9607,9.24714],[-64.9549,9.24293],[-64.93693,9.24994],[-64.9314,9.24968],[-64.91969,9.25915],[-64.90459,9.19366],[-64.86626,9.18862],[-64.85091,9.22683],[-64.84466,9.21523],[-64.83181,9.21085],[-64.8305,9.20239],[-64.81298,9.19587],[-64.8056,9.18975],[-64.80193,9.18117],[-64.79674,9.17855],[-64.78634,9.16706],[-64.78919,9.15995],[-64.78847,9.15057],[-64.79413,9.15064],[-64.80121,9.13707],[-64.79761,9.13165],[-64.80306,9.12459],[-64.80316,9.1031],[-64.80803,9.09344],[-64.81798,9.08485],[-64.81053,9.07246],[-64.81203,9.06965],[-64.80321,9.06092],[-64.8016,9.05494],[-64.79085,9.03894],[-64.79283,9.03196],[-64.78711,9.00936],[-64.78097,9.00634],[-64.77716,8.9978],[-64.7908,8.99006],[-64.78913,8.972],[-64.78186,8.96634],[-64.77622,8.96601],[-64.7688,8.9602],[-64.76749,8.95137],[-64.74074,8.92462],[-64.63316,8.95003],[-64.59887,8.93586],[-64.47905,8.88222],[-64.36284,8.83129],[-64.35654,8.82832],[-64.37465,8.87382],[-64.4192,8.98447],[-64.44384,9.0424],[-64.46243,9.05275],[-64.50998,9.08128],[-64.51816,9.08982],[-64.52635,9.0867],[-64.53821,9.0882],[-64.54912,9.09177],[-64.56804,9.09327],[-64.57764,9.09129],[-64.58619,9.09596],[-64.59583,9.08917],[-64.60396,9.09417],[-64.60475,9.09915],[-64.61399,9.09922],[-64.62562,9.106],[-64.62586,9.11112],[-64.64311,9.12335],[-64.64667,9.13963],[-64.65869,9.14454],[-64.66501,9.14454],[-64.67594,9.1541],[-64.68668,9.15662],[-64.6974,9.15265],[-64.70828,9.15248],[-64.71475,9.16086],[-64.72188,9.1626],[-64.72095,9.17252],[-64.72866,9.17536],[-64.72771,9.18157],[-64.73546,9.18932],[-64.73646,9.20445],[-64.73025,9.2113],[-64.72941,9.2258],[-64.73279,9.2318],[-64.7576,9.2435],[-64.76093,9.25362],[-64.76873,9.25798],[-64.77475,9.26691],[-64.76856,9.27389],[-64.76758,9.28105],[-64.7567,9.28934],[-64.75528,9.29807],[-64.74492,9.30039],[-64.74506,9.30822],[-64.73687,9.31332],[-64.73585,9.3262],[-64.72887,9.33883],[-64.72801,9.34764],[-64.73843,9.36249],[-64.73339,9.3663],[-64.73576,9.37561],[-64.7281,9.37542],[-64.72743,9.38279],[-64.71294,9.41994],[-64.70328,9.42789],[-64.69051,9.43046],[-64.6813,9.42483],[-64.6792,9.42809],[-64.66305,9.42216],[-64.65667,9.42627],[-64.65042,9.42183],[-64.63373,9.42264],[-64.6268,9.41893],[-64.62069,9.43077],[-64.61531,9.42948],[-64.60675,9.43306],[-64.59917,9.45002],[-64.58787,9.45118],[-64.55938,9.46858],[-64.55543,9.56168],[-64.55999,9.56656],[-64.57037,9.56907],[-64.57475,9.5742],[-64.57939,9.59157],[-64.5897,9.59802],[-64.59759,9.59917],[-64.60204,9.60315],[-64.61638,9.60719],[-64.61963,9.61185],[-64.6311,9.61558],[-64.64098,9.62583],[-64.65045,9.62718],[-64.66133,9.63165],[-64.66969,9.64061],[-64.66878,9.64949],[-64.67994,9.6534],[-64.69664,9.65066],[-64.70449,9.65831],[-64.70665,9.66379],[-64.71396,9.6667],[-64.71704,9.68001],[-64.72481,9.69191],[-64.73288,9.69527],[-64.74019,9.70456],[-64.73834,9.70865],[-64.74326,9.71566],[-64.74995,9.73042],[-64.76041,9.73126],[-64.7748,9.72168],[-64.78435,9.72301],[-64.79563,9.71229],[-64.80355,9.70979],[-64.8186,9.7132],[-64.83032,9.70937],[-64.83605,9.71293],[-64.84718,9.71212],[-64.86972,9.72336],[-64.8696,9.72843],[-64.87711,9.73713],[-64.88762,9.74153],[-64.88978,9.73573],[-64.8989,9.73181],[-64.90284,9.71961],[-64.91054,9.71901],[-64.91592,9.71371],[-64.93297,9.71899],[-64.94916,9.71997],[-64.95959,9.73168],[-64.97067,9.73375],[-64.97923,9.73834],[-64.98586,9.73495]]]},"properties":{"municipio":"Aragua","estado":"ANZOÁTEGUI"}},{"type":"Feature","geometry":{"type":"Polygon","coordinates":[[[-67.87698,10.15533],[-67.88959,10.16236],[-67.89547,10.17616],[-67.89478,10.18543],[-67.89895,10.18709],[-67.91098,10.20713],[-67.90969,10.21543],[-67.93039,10.19718],[-67.94867,10.18821],[-67.95491,10.18676],[-67.94623,10.17926],[-67.94227,10.17028],[-67.93032,10.16563],[-67.92968,10.15696],[-67.9245,10.14615],[-67.92525,10.1373],[-67.92069,10.12541],[-67.9247,10.11709],[-67.92529,10.09842],[-67.91423,10.09685],[-67.90669,10.08924],[-67.89714,10.09036],[-67.88867,10.09493],[-67.87628,10.09665],[-67.86374,10.10543],[-67.86138,10.11156],[-67.86868,10.1196],[-67.87421,10.13054],[-67.86434,10.13624],[-67.87616,10.14576],[-67.87698,10.15533]]]},"properties":{"municipio":"Los Guayos","estado":"CARABOBO"}},{"type":"Feature","geometry":{"type":"Polygon","coordinates":[[[-68.29998,10.16475],[-68.34058,10.15403],[-68.35084,10.1579],[-68.36433,10.17061],[-68.37426,10.1966],[-68.37366,10.20795],[-68.38085,10.22521],[-68.39232,10.22114],[-68.40322,10.22085],[-68.41245,10.214],[-68.41304,10.2006],[-68.41752,10.19023],[-68.42791,10.18012],[-68.42491,10.16213],[-68.41448,10.1514],[-68.4132,10.13957],[-68.39975,10.12663],[-68.39852,10.11076],[-68.40232,10.0941],[-68.40768,10.08323],[-68.40261,10.07554],[-68.40356,10.06588],[-68.39999,10.06024],[-68.39188,10.06112],[-68.38981,10.05696],[-68.37872,10.04903],[-68.37903,10.0438],[-68.38705,10.03216],[-68.3894,10.01653],[-68.38077,9.99893],[-68.36966,9.99075],[-68.35632,9.99152],[-68.34288,10.00399],[-68.33736,10.00718],[-68.33626,10.01396],[-68.34119,10.02407],[-68.33963,10.02823],[-68.33813,10.0356],[-68.3325,10.0426],[-68.3328,10.04872],[-68.32707,10.0555],[-68.32507,10.06365],[-68.33173,10.07826],[-68.32412,10.08455],[-68.32255,10.09299],[-68.31826,10.09958],[-68.30902,10.10767],[-68.30618,10.11802],[-68.30673,10.12658],[-68.3019,10.13555],[-68.30667,10.13959],[-68.30891,10.14955],[-68.30227,10.15335],[-68.29998,10.16475]]]},"properties":{"municipio":"Miranda","estado":"CARABOBO"}},{"type":"Feature","geometry":{"type":"Polygon","coordinates":[[[-68.29998,10.16475],[-68.28479,10.16462],[-68.27984,10.17707],[-68.27458,10.18512],[-68.27344,10.19761],[-68.26553,10.21709],[-68.25042,10.22692],[-68.24674,10.23696],[-68.23253,10.25213],[-68.23539,10.26344],[-68.24476,10.2689],[-68.25262,10.2683],[-68.2609,10.26312],[-68.2782,10.26169],[-68.28866,10.26341],[-68.30492,10.26251],[-68.31913,10.26809],[-68.32833,10.26898],[-68.33509,10.26142],[-68.347,10.25785],[-68.35274,10.25196],[-68.36393,10.24694],[-68.37078,10.23556],[-68.38085,10.22521],[-68.37366,10.20795],[-68.37426,10.1966],[-68.36433,10.17061],[-68.35084,10.1579],[-68.34058,10.15403],[-68.29998,10.16475]]]},"properties":{"municipio":"Montalbán","estado":"CARABOBO"}},{"type":"Feature","geometry":{"type":"Polygon","coordinates":[[[-67.98545,10.22938],[-68.00335,10.22552],[-68.0132,10.23029],[-68.12415,10.23153],[-68.12814,10.2206],[-68.10528,10.18352],[-68.10437,10.17574],[-68.09898,10.16974],[-68.09191,10.16861],[-68.07288,10.17538],[-68.0636,10.17134],[-68.05201,10.16391],[-68.03855,10.17069],[-68.03437,10.17867],[-68.03004,10.17735],[-68.02353,10.16908],[-68.01893,10.1681],[-68.00187,10.17039],[-67.9981,10.1488],[-67.99848,10.13211],[-67.99568,10.12512],[-67.99743,10.11063],[-67.99338,10.10197],[-67.97726,10.09557],[-67.9714,10.09527],[-67.96257,10.09925],[-67.93985,10.09709],[-67.93296,10.09982],[-67.92529,10.09842],[-67.9247,10.11709],[-67.92069,10.12541],[-67.92525,10.1373],[-67.9245,10.14615],[-67.92968,10.15696],[-67.93032,10.16563],[-67.94227,10.17028],[-67.94623,10.17926],[-67.95491,10.18676],[-67.98363,10.18215],[-67.98877,10.19651],[-67.98208,10.20952],[-67.98545,10.22938]]]},"properties":{"municipio":"Valencia","estado":"CARABOBO"}},{"type":"Feature","geometry":{"type":"Polygon","coordinates":[[[-68.12415,10.23153],[-68.12023,10.24314],[-68.13075,10.25531],[-68.14205,10.25825],[-68.1404,10.24991],[-68.14529,10.23362],[-68.15085,10.22423],[-68.1506,10.21424],[-68.15398,10.20722],[-68.15277,10.19371],[-68.1481,10.17785],[-68.15558,10.15991],[-68.16778,10.14825],[-68.17507,10.13147],[-68.19024,10.11482],[-68.20263,10.10819],[-68.20825,10.10047],[-68.20939,10.09203],[-68.20516,10.08521],[-68.20382,10.07588],[-68.19692,10.06503],[-68.20057,10.05969],[-68.21346,10.04982],[-68.22367,10.04492],[-68.22754,10.03783],[-68.24484,10.02536],[-68.25067,10.00661],[-68.24839,10.00097],[-68.25101,9.9944],[-68.24713,9.97934],[-68.23956,9.97047],[-68.24001,9.96633],[-68.22945,9.96471],[-68.21967,9.96859],[-68.21389,9.96447],[-68.20494,9.93975],[-68.19652,9.93972],[-68.18959,9.94415],[-68.17334,9.94049],[-68.1712,9.93154],[-68.16301,9.92021],[-68.14747,9.91838],[-68.13953,9.89968],[-68.13466,9.88208],[-68.12244,9.88853],[-68.11585,9.88622],[-68.10335,9.88777],[-68.08474,9.89651],[-68.07391,9.89628],[-68.049,9.91433],[-68.04315,9.92318],[-68.04285,9.92942],[-68.03615,9.93584],[-68.01966,9.94149],[-68.0086,9.93709],[-68.00499,9.93931],[-68.01249,9.95951],[-68.0154,9.97371],[-68.01846,9.97883],[-68.03948,9.98176],[-68.04466,9.98483],[-68.05155,9.99748],[-68.05454,10.00811],[-68.052,10.01602],[-68.05606,10.02504],[-68.05389,10.03223],[-68.05583,10.0421],[-68.05106,10.05655],[-68.06176,10.05874],[-68.06128,10.06599],[-68.07023,10.07431],[-68.07066,10.07894],[-68.07833,10.09176],[-68.07429,10.10008],[-68.0584,10.1123],[-68.05732,10.11664],[-68.06047,10.13007],[-68.06567,10.13761],[-68.06816,10.1505],[-68.06611,10.16772],[-68.0636,10.17134],[-68.07288,10.17538],[-68.09191,10.16861],[-68.09898,10.16974],[-68.10437,10.17574],[-68.10528,10.18352],[-68.12814,10.2206],[-68.12415,10.23153]]]},"properties":{"municipio":"Libertador","estado":"CARABOBO"}},{"type":"Feature","geometry":{"type":"Polygon","coordinates":[[[-67.69304,10.34192],[-67.70934,10.33255],[-67.71424,10.33222],[-67.72599,10.33942],[-67.73888,10.34315],[-67.7434,10.32449],[-67.74678,10.31956],[-67.74026,10.30653],[-67.74312,10.29597],[-67.74192,10.28382],[-67.73484,10.25988],[-67.73091,10.26213],[-67.71271,10.26492],[-67.70008,10.26128],[-67.6904,10.26123],[-67.69877,10.25142],[-67.69813,10.24387],[-67.69118,10.24244],[-67.67926,10.24611],[-67.67382,10.24421],[-67.67481,10.25542],[-67.66577,10.2648],[-67.66163,10.27856],[-67.6533,10.28048],[-67.6512,10.28683],[-67.65159,10.29999],[-67.66391,10.31624],[-67.6731,10.33489],[-67.68207,10.34075],[-67.69304,10.34192]]]},"properties":{"municipio":"Diego Ibarra","estado":"CARABOBO"}},{"type":"Feature","geometry":{"type":"Polygon","coordinates":[[[-67.967,10.33511],[-67.97493,10.33756],[-67.99775,10.33103],[-68.00747,10.34114],[-68.01371,10.33337],[-68.03724,10.32822],[-68.04895,10.33444],[-68.05452,10.32561],[-68.07176,10.32317],[-68.08021,10.33062],[-68.08067,10.33593],[-68.10271,10.34362],[-68.11054,10.33319],[-68.12232,10.32406],[-68.13418,10.32589],[-68.14712,10.32465],[-68.15973,10.32058],[-68.15114,10.30708],[-68.14838,10.29848],[-68.14889,10.28778],[-68.14689,10.27085],[-68.14205,10.25825],[-68.13075,10.25531],[-68.12023,10.24314],[-68.12415,10.23153],[-68.0132,10.23029],[-68.00335,10.22552],[-67.98545,10.22938],[-67.98397,10.24844],[-67.99308,10.26371],[-67.99273,10.28232],[-67.9806,10.29438],[-67.97485,10.29786],[-67.97162,10.30839],[-67.97522,10.31844],[-67.97331,10.33021],[-67.967,10.33511]]]},"properties":{"municipio":"Naguanagua","estado":"CARABOBO"}},{"type":"Feature","geometry":{"type":"Polygon","coordinates":[[[-67.90969,10.21543],[-67.91172,10.22352],[-67.91744,10.23078],[-67.92903,10.23739],[-67.93196,10.25017],[-67.9285,10.25694],[-67.93144,10.26331],[-67.93093,10.27377],[-67.92528,10.28688],[-67.9207,10.30436],[-67.91256,10.3185],[-67.91214,10.32539],[-67.92005,10.33266],[-67.92913,10.3611],[-67.93793,10.35991],[-67.94441,10.34792],[-67.94557,10.33748],[-67.95258,10.33451],[-67.95924,10.33742],[-67.967,10.33511],[-67.97331,10.33021],[-67.97522,10.31844],[-67.97162,10.30839],[-67.97485,10.29786],[-67.9806,10.29438],[-67.99273,10.28232],[-67.99308,10.26371],[-67.98397,10.24844],[-67.98545,10.22938],[-67.98208,10.20952],[-67.98877,10.19651],[-67.98363,10.18215],[-67.95491,10.18676],[-67.94867,10.18821],[-67.93039,10.19718],[-67.90969,10.21543]]]},"properties":{"municipio":"San Diego","estado":"CARABOBO"}},{"type":"Feature","geometry":{"type":"Polygon","coordinates":[[[-67.73888,10.34315],[-67.75051,10.34813],[-67.75651,10.3462],[-67.76876,10.34996],[-67.78956,10.33751],[-67.79786,10.32842],[-67.80795,10.32902],[-67.83484,10.33894],[-67.83717,10.34469],[-67.83823,10.33556],[-67.83435,10.32256],[-67.84856,10.30607],[-67.85196,10.28677],[-67.85553,10.27413],[-67.85006,10.26113],[-67.84866,10.25165],[-67.82646,10.2191],[-67.81865,10.2251],[-67.79627,10.22871],[-67.78865,10.23209],[-67.77678,10.24136],[-67.76655,10.24516],[-67.75574,10.24408],[-67.73624,10.25691],[-67.73484,10.25988],[-67.74192,10.28382],[-67.74312,10.29597],[-67.74026,10.30653],[-67.74678,10.31956],[-67.7434,10.32449],[-67.73888,10.34315]]]},"properties":{"municipio":"San Joaquín","estado":"CARABOBO"}},{"type":"Feature","geometry":{"type":"Polygon","coordinates":[[[-67.83717,10.34469],[-67.83851,10.34758],[-67.85345,10.35674],[-67.86915,10.36906],[-67.8815,10.37204],[-67.90125,10.36715],[-67.90718,10.36413],[-67.92913,10.3611],[-67.92005,10.33266],[-67.91214,10.32539],[-67.91256,10.3185],[-67.9207,10.30436],[-67.92528,10.28688],[-67.93093,10.27377],[-67.93144,10.26331],[-67.9285,10.25694],[-67.93196,10.25017],[-67.92903,10.23739],[-67.91744,10.23078],[-67.91172,10.22352],[-67.90969,10.21543],[-67.91098,10.20713],[-67.89895,10.18709],[-67.89478,10.18543],[-67.89547,10.17616],[-67.88959,10.16236],[-67.87698,10.15533],[-67.8715,10.16496],[-67.86074,10.17032],[-67.85636,10.18262],[-67.84461,10.18856],[-67.84345,10.19421],[-67.83187,10.20829],[-67.82646,10.2191],[-67.84866,10.25165],[-67.85006,10.26113],[-67.85553,10.27413],[-67.85196,10.28677],[-67.84856,10.30607],[-67.83435,10.32256],[-67.83823,10.33556],[-67.83717,10.34469]]]},"properties":{"municipio":"Guacara","estado":"CARABOBO"}},{"type":"Feature","geometry":{"type":"Polygon","coordinates":[[[-68.17671,10.32435],[-68.18458,10.31815],[-68.19428,10.30572],[-68.20564,10.29665],[-68.21567,10.30549],[-68.21646,10.30959],[-68.22487,10.31696],[-68.23273,10.31915],[-68.23879,10.33342],[-68.24617,10.34288],[-68.25978,10.357],[-68.26806,10.35765],[-68.27079,10.36371],[-68.28814,10.3719],[-68.29712,10.39285],[-68.3074,10.39827],[-68.3106,10.40907],[-68.31695,10.41221],[-68.3312,10.41332],[-68.33834,10.42251],[-68.35588,10.40382],[-68.3718,10.37766],[-68.37579,10.37771],[-68.39939,10.36796],[-68.39976,10.36563],[-68.39655,10.35582],[-68.39222,10.35044],[-68.3946,10.34085],[-68.37972,10.31259],[-68.37408,10.30835],[-68.37342,10.29693],[-68.36928,10.2812],[-68.36204,10.27489],[-68.36014,10.2684],[-68.35436,10.26383],[-68.36114,10.25836],[-68.36393,10.24694],[-68.35274,10.25196],[-68.347,10.25785],[-68.33509,10.26142],[-68.32833,10.26898],[-68.31913,10.26809],[-68.30492,10.26251],[-68.28866,10.26341],[-68.2782,10.26169],[-68.2609,10.26312],[-68.25262,10.2683],[-68.24476,10.2689],[-68.23539,10.26344],[-68.23253,10.25213],[-68.24674,10.23696],[-68.25042,10.22692],[-68.26553,10.21709],[-68.27344,10.19761],[-68.27458,10.18512],[-68.27984,10.17707],[-68.28479,10.16462],[-68.29998,10.16475],[-68.30227,10.15335],[-68.30891,10.14955],[-68.30667,10.13959],[-68.3019,10.13555],[-68.30673,10.12658],[-68.30618,10.11802],[-68.30902,10.10767],[-68.31826,10.09958],[-68.32255,10.09299],[-68.32412,10.08455],[-68.33173,10.07826],[-68.32507,10.06365],[-68.32707,10.0555],[-68.3328,10.04872],[-68.3325,10.0426],[-68.33813,10.0356],[-68.33963,10.02823],[-68.33384,10.03219],[-68.32199,10.03535],[-68.31347,10.04927],[-68.30143,10.05874],[-68.29298,10.06214],[-68.29286,10.0689],[-68.28451,10.07319],[-68.27504,10.06402],[-68.26264,10.06455],[-68.2556,10.06728],[-68.23654,10.08489],[-68.22871,10.0804],[-68.22136,10.08009],[-68.2073,10.06717],[-68.20672,10.06141],[-68.20057,10.05969],[-68.19692,10.06503],[-68.20382,10.07588],[-68.20516,10.08521],[-68.20939,10.09203],[-68.20825,10.10047],[-68.20263,10.10819],[-68.19024,10.11482],[-68.17507,10.13147],[-68.16778,10.14825],[-68.15558,10.15991],[-68.1481,10.17785],[-68.15277,10.19371],[-68.15398,10.20722],[-68.1506,10.21424],[-68.15085,10.22423],[-68.14529,10.23362],[-68.1404,10.24991],[-68.14205,10.25825],[-68.14689,10.27085],[-68.14889,10.28778],[-68.14838,10.29848],[-68.15114,10.30708],[-68.15973,10.32058],[-68.17671,10.32435]]]},"properties":{"municipio":"Bejuma","estado":"CARABOBO"}},{"type":"Feature","geometry":{"type":"Polygon","coordinates":[[[-68.39543,9.05749],[-68.46776,9.05785],[-68.47727,9.06187],[-68.48722,9.06036],[-68.49379,9.06288],[-68.49624,9.07548],[-68.50514,9.08247],[-68.51699,9.09526],[-68.52683,9.09212],[-68.52621,9.09838],[-68.53054,9.10493],[-68.53825,9.10494],[-68.54161,9.11534],[-68.55724,9.10673],[-68.56724,9.11033],[-68.56345,9.13394],[-68.57746,9.1562],[-68.57122,9.16865],[-68.58194,9.17321],[-68.58483,9.17835],[-68.59207,9.17285],[-68.59603,9.18198],[-68.60326,9.18404],[-68.60753,9.19105],[-68.61349,9.19432],[-68.61552,9.20599],[-68.6206,9.21307],[-68.65922,8.98663],[-68.65949,8.98641],[-68.65795,8.97521],[-68.65438,8.97257],[-68.65657,8.96267],[-68.64544,8.95246],[-68.64065,8.9527],[-68.63173,8.94739],[-68.63026,8.94259],[-68.62045,8.9294],[-68.62121,8.91401],[-68.61964,8.90697],[-68.60684,8.89488],[-68.60199,8.88805],[-68.58481,8.87399],[-68.58385,8.86511],[-68.57891,8.86549],[-68.57832,8.85662],[-68.56964,8.85116],[-68.56794,8.85193],[-68.56742,8.84976],[-68.55904,8.8445],[-68.54902,8.84158],[-68.55074,8.83375],[-68.56262,8.82494],[-68.58196,8.81658],[-68.59116,8.81662],[-68.59883,8.81959],[-68.60581,8.82506],[-68.61557,8.82092],[-68.61714,8.81259],[-68.62649,8.80222],[-68.63606,8.79507],[-68.64187,8.79065],[-68.64049,8.78242],[-68.64782,8.7758],[-68.6537,8.7783],[-68.65698,8.77119],[-68.67035,8.76569],[-68.67939,8.76581],[-68.68809,8.76061],[-68.68918,8.75016],[-68.69777,8.74224],[-68.71255,8.7434],[-68.71807,8.73779],[-68.72364,8.73707],[-68.73056,8.74614],[-68.73502,8.73899],[-68.73121,8.73178],[-68.72481,8.72954],[-68.72222,8.71867],[-68.71508,8.7066],[-68.70378,8.70468],[-68.69823,8.69868],[-68.68127,8.69935],[-68.67694,8.70601],[-68.65835,8.71129],[-68.64926,8.70118],[-68.65205,8.69561],[-68.64662,8.69142],[-68.64529,8.67458],[-68.64743,8.66727],[-68.63425,8.6618],[-68.63522,8.64959],[-68.64655,8.64274],[-68.64146,8.63422],[-68.63648,8.63774],[-68.62194,8.63484],[-68.60902,8.62813],[-68.5952,8.62801],[-68.59484,8.63639],[-68.58416,8.63765],[-68.58154,8.62332],[-68.57469,8.61609],[-68.56838,8.61442],[-68.56205,8.61902],[-68.54842,8.61347],[-68.54321,8.60262],[-68.53247,8.59834],[-68.52814,8.60181],[-68.51503,8.60426],[-68.50639,8.59841],[-68.49345,8.60162],[-68.48724,8.59739],[-68.47053,8.59953],[-68.46532,8.60869],[-68.45228,8.60331],[-68.44181,8.60741],[-68.4202,8.59451],[-68.41613,8.59994],[-68.3994,8.6022],[-68.38479,8.60617],[-68.38225,8.61324],[-68.3683,8.61112],[-68.361,8.6032],[-68.35605,8.60681],[-68.34632,8.606],[-68.33865,8.60241],[-68.33201,8.59411],[-68.32676,8.59772],[-68.32407,8.60593],[-68.31752,8.60922],[-68.30696,8.60848],[-68.30341,8.60239],[-68.29408,8.59368],[-68.28269,8.58683],[-68.2667,8.59454],[-68.26436,8.60105],[-68.24571,8.60022],[-68.23398,8.58959],[-68.2216,8.59227],[-68.21368,8.60022],[-68.20366,8.60439],[-68.19626,8.60006],[-68.1936,8.60391],[-68.18177,8.60436],[-68.17116,8.60167],[-68.15993,8.60427],[-68.15771,8.59894],[-68.1476,8.59784],[-68.14075,8.60015],[-68.13335,8.59573],[-68.12849,8.6017],[-68.11952,8.59535],[-68.11196,8.60479],[-68.10444,8.60089],[-68.09706,8.58759],[-68.08854,8.57774],[-68.0785,8.58278],[-68.06977,8.57324],[-68.06301,8.57257],[-68.05266,8.57533],[-68.05613,8.56501],[-68.04994,8.56237],[-68.0524,8.55354],[-68.0493,8.53655],[-68.04576,8.5341],[-68.0325,8.53329],[-68.02246,8.54133],[-68.00871,8.55594],[-68.00219,8.5538],[-67.99417,8.57752],[-67.99888,8.58502],[-68.00626,8.57664],[-68.01425,8.57548],[-68.00673,8.59056],[-68.01599,8.6016],[-68.01318,8.61507],[-68.01875,8.62223],[-68.00987,8.62595],[-68.00207,8.63396],[-68.00711,8.63668],[-68.01978,8.63911],[-68.02001,8.64406],[-68.02596,8.64944],[-68.02753,8.65694],[-68.02268,8.66684],[-68.02218,8.67471],[-68.02582,8.68078],[-68.03212,8.67731],[-68.0425,8.68325],[-68.05492,8.68568],[-68.05877,8.6931],[-68.05811,8.71304],[-68.06272,8.7119],[-68.07253,8.71783],[-68.06755,8.72506],[-68.07357,8.7278],[-68.079,8.72411],[-68.08906,8.73548],[-68.09361,8.74733],[-68.09965,8.75411],[-68.09363,8.76078],[-68.07874,8.7648],[-68.07096,8.77353],[-68.07503,8.78043],[-68.06774,8.79231],[-68.05873,8.79704],[-68.05211,8.80784],[-68.0508,8.82029],[-68.05442,8.82652],[-68.05675,8.8467],[-68.05366,8.85196],[-68.05637,8.85917],[-68.04388,8.86457],[-68.02798,8.8659],[-68.02879,8.87625],[-68.02264,8.88676],[-68.03035,8.89905],[-68.04245,8.91446],[-68.05232,8.92495],[-68.06562,8.93495],[-68.10325,8.95343],[-68.11643,8.95845],[-68.13371,8.96298],[-68.15262,8.96402],[-68.16532,8.96172],[-68.18597,8.96215],[-68.19711,8.95841],[-68.20987,8.96235],[-68.22516,8.97655],[-68.24996,8.9956],[-68.25821,9.00327],[-68.27145,9.02768],[-68.27988,9.03493],[-68.28867,9.03815],[-68.29788,9.04516],[-68.30835,9.04484],[-68.3169,9.05443],[-68.33623,9.05752],[-68.35031,9.06668],[-68.35778,9.06152],[-68.37024,9.05981],[-68.37217,9.06618],[-68.38385,9.06445],[-68.39543,9.05749]]]},"properties":{"municipio":"Girardot","estado":"COJEDES"}},{"type":"Feature","geometry":{"type":"Polygon","coordinates":[[[-68.65268,9.54774],[-68.66451,9.55665],[-68.67525,9.55419],[-68.68679,9.5439],[-68.70115,9.54067],[-68.70435,9.53755],[-68.71703,9.53761],[-68.72585,9.52917],[-68.73025,9.52857],[-68.73472,9.52109],[-68.7477,9.51493],[-68.77059,9.50685],[-68.77252,9.50098],[-68.7619,9.49877],[-68.75357,9.49028],[-68.74042,9.48795],[-68.73511,9.48112],[-68.7382,9.47023],[-68.73772,9.45761],[-68.74153,9.45186],[-68.73549,9.44839],[-68.7349,9.43888],[-68.73907,9.4229],[-68.88833,9.42473],[-68.88543,9.41304],[-68.88616,9.40411],[-68.87876,9.40466],[-68.86758,9.41006],[-68.86522,9.39947],[-68.86827,9.39286],[-68.85868,9.38413],[-68.85592,9.37694],[-68.84107,9.36271],[-68.82749,9.35692],[-68.81197,9.34698],[-68.8044,9.34712],[-68.79688,9.33654],[-68.78837,9.33661],[-68.78591,9.3308],[-68.78913,9.32599],[-68.78258,9.3175],[-68.77345,9.31671],[-68.76398,9.31074],[-68.76143,9.30111],[-68.76635,9.29292],[-68.77809,9.28493],[-68.76935,9.27143],[-68.76138,9.27346],[-68.75838,9.26972],[-68.74956,9.26933],[-68.7488,9.26931],[-68.74859,9.26837],[-68.74714,9.26751],[-68.74787,9.26518],[-68.74765,9.2642],[-68.74327,9.25928],[-68.73194,9.26254],[-68.72635,9.26068],[-68.7184,9.25138],[-68.70814,9.25179],[-68.69648,9.24795],[-68.69375,9.24065],[-68.68701,9.23637],[-68.68299,9.24184],[-68.66677,9.22216],[-68.65777,9.23118],[-68.64235,9.21826],[-68.63895,9.22292],[-68.63233,9.21776],[-68.62215,9.21702],[-68.6206,9.21307],[-68.61552,9.20599],[-68.61349,9.19432],[-68.60753,9.19105],[-68.60326,9.18404],[-68.59603,9.18198],[-68.59207,9.17285],[-68.58483,9.17835],[-68.58194,9.17321],[-68.57122,9.16865],[-68.57746,9.1562],[-68.56345,9.13394],[-68.56724,9.11033],[-68.55724,9.10673],[-68.54161,9.11534],[-68.53825,9.10494],[-68.53054,9.10493],[-68.52621,9.09838],[-68.52683,9.09212],[-68.51699,9.09526],[-68.50514,9.08247],[-68.49624,9.07548],[-68.49379,9.06288],[-68.48722,9.06036],[-68.47727,9.06187],[-68.46776,9.05785],[-68.39543,9.05749],[-68.4017,9.06602],[-68.41093,9.06931],[-68.41606,9.07738],[-68.42462,9.08558],[-68.42818,9.0933],[-68.43578,9.09629],[-68.44006,9.11221],[-68.43704,9.11849],[-68.43952,9.12382],[-68.43348,9.1322],[-68.43698,9.14357],[-68.43697,9.15524],[-68.44361,9.18216],[-68.45482,9.19198],[-68.46339,9.19521],[-68.46224,9.20083],[-68.47533,9.21812],[-68.48167,9.21693],[-68.48323,9.22722],[-68.49355,9.23231],[-68.49723,9.2399],[-68.50218,9.23907],[-68.51116,9.25175],[-68.51007,9.25935],[-68.51412,9.26342],[-68.50506,9.27718],[-68.51447,9.29262],[-68.51845,9.29292],[-68.52328,9.3007],[-68.53649,9.30184],[-68.55103,9.30991],[-68.54874,9.31297],[-68.55615,9.3232],[-68.56158,9.32224],[-68.56508,9.33116],[-68.57323,9.33487],[-68.5769,9.3439],[-68.58324,9.34755],[-68.58662,9.35533],[-68.58281,9.36131],[-68.58969,9.36993],[-68.6064,9.38094],[-68.61243,9.38818],[-68.61792,9.39051],[-68.61961,9.4014],[-68.61815,9.42019],[-68.62919,9.43563],[-68.6526,9.43641],[-68.65405,9.45149],[-68.66375,9.47596],[-68.66272,9.4911],[-68.66435,9.49703],[-68.66374,9.51899],[-68.65825,9.52599],[-68.65753,9.54065],[-68.65268,9.54774]]]},"properties":{"municipio":"Ricaurte","estado":"COJEDES"}},{"type":"Feature","geometry":{"type":"Polygon","coordinates":[[[-68.37872,9.55089],[-68.40299,9.5455],[-68.49154,9.52706],[-68.52577,9.52029],[-68.55937,9.55062],[-68.62886,9.61685],[-68.64317,9.59908],[-68.64234,9.58968],[-68.63781,9.58424],[-68.64023,9.57921],[-68.63583,9.56964],[-68.64845,9.55797],[-68.65268,9.54774],[-68.65753,9.54065],[-68.65825,9.52599],[-68.66374,9.51899],[-68.66435,9.49703],[-68.66272,9.4911],[-68.66375,9.47596],[-68.65405,9.45149],[-68.6526,9.43641],[-68.62919,9.43563],[-68.61815,9.42019],[-68.61961,9.4014],[-68.61792,9.39051],[-68.61243,9.38818],[-68.6064,9.38094],[-68.58969,9.36993],[-68.58281,9.36131],[-68.58662,9.35533],[-68.58324,9.34755],[-68.5769,9.3439],[-68.57323,9.33487],[-68.56508,9.33116],[-68.56158,9.32224],[-68.55615,9.3232],[-68.54874,9.31297],[-68.55103,9.30991],[-68.53649,9.30184],[-68.52328,9.3007],[-68.51845,9.29292],[-68.51447,9.29262],[-68.50506,9.27718],[-68.51412,9.26342],[-68.51007,9.25935],[-68.51116,9.25175],[-68.50218,9.23907],[-68.49723,9.2399],[-68.49355,9.23231],[-68.48323,9.22722],[-68.48167,9.21693],[-68.47533,9.21812],[-68.46224,9.20083],[-68.46339,9.19521],[-68.45482,9.19198],[-68.44361,9.18216],[-68.43697,9.15524],[-68.43698,9.14357],[-68.43348,9.1322],[-68.43952,9.12382],[-68.43704,9.11849],[-68.44006,9.11221],[-68.43578,9.09629],[-68.42818,9.0933],[-68.42462,9.08558],[-68.41606,9.07738],[-68.41093,9.06931],[-68.4017,9.06602],[-68.39543,9.05749],[-68.38385,9.06445],[-68.37217,9.06618],[-68.37024,9.05981],[-68.35778,9.06152],[-68.36128,9.06544],[-68.37344,9.07113],[-68.37067,9.07775],[-68.3706,9.08862],[-68.37947,9.09841],[-68.37167,9.11322],[-68.36431,9.11646],[-68.36171,9.12173],[-68.36545,9.13581],[-68.37534,9.15078],[-68.38728,9.16617],[-68.38595,9.17306],[-68.38806,9.18186],[-68.3941,9.18252],[-68.40484,9.1912],[-68.40188,9.19557],[-68.40797,9.20054],[-68.40851,9.20629],[-68.42142,9.21719],[-68.41743,9.23199],[-68.42069,9.24175],[-68.41863,9.24859],[-68.42484,9.25859],[-68.42532,9.26356],[-68.41723,9.27531],[-68.4162,9.28418],[-68.40678,9.29725],[-68.40478,9.30593],[-68.40659,9.31294],[-68.40067,9.32547],[-68.40712,9.34254],[-68.39927,9.34902],[-68.39474,9.36334],[-68.39491,9.37736],[-68.39925,9.39497],[-68.39677,9.39983],[-68.4066,9.41582],[-68.39942,9.42313],[-68.39887,9.43517],[-68.39241,9.43752],[-68.38751,9.4637],[-68.3889,9.46819],[-68.38195,9.48234],[-68.37513,9.4887],[-68.36359,9.49446],[-68.36986,9.51303],[-68.37143,9.52603],[-68.36315,9.53292],[-68.362,9.53945],[-68.36798,9.54155],[-68.37148,9.54885],[-68.37872,9.55089]]]},"properties":{"municipio":"Rómulo Gallegos","estado":"COJEDES"}},{"type":"Feature","geometry":{"type":"Polygon","coordinates":[[[-68.30281,9.77227],[-68.31645,9.77202],[-68.31953,9.76033],[-68.33088,9.76206],[-68.33734,9.75768],[-68.34476,9.75941],[-68.36305,9.7579],[-68.37301,9.76371],[-68.37934,9.77341],[-68.42545,9.78499],[-68.43625,9.78373],[-68.44236,9.77216],[-68.45141,9.76814],[-68.45823,9.75998],[-68.46686,9.7728],[-68.47163,9.76429],[-68.48105,9.76045],[-68.49318,9.76205],[-68.5007,9.7442],[-68.49992,9.73499],[-68.50887,9.70555],[-68.50761,9.70028],[-68.51534,9.69651],[-68.5168,9.68209],[-68.50341,9.66617],[-68.50764,9.64607],[-68.51405,9.63967],[-68.51067,9.62632],[-68.50434,9.62154],[-68.50302,9.6128],[-68.49892,9.60682],[-68.49319,9.5909],[-68.48728,9.5863],[-68.483,9.57768],[-68.47817,9.57571],[-68.47106,9.56554],[-68.46068,9.56655],[-68.43738,9.56452],[-68.43431,9.55686],[-68.4232,9.55322],[-68.41542,9.55591],[-68.39954,9.55065],[-68.38789,9.55239],[-68.37872,9.55089],[-68.37148,9.54885],[-68.36798,9.54155],[-68.362,9.53945],[-68.36315,9.53292],[-68.37143,9.52603],[-68.36986,9.51303],[-68.36359,9.49446],[-68.37513,9.4887],[-68.38195,9.48234],[-68.3889,9.46819],[-68.38751,9.4637],[-68.39241,9.43752],[-68.39887,9.43517],[-68.39942,9.42313],[-68.4066,9.41582],[-68.39677,9.39983],[-68.39925,9.39497],[-68.39491,9.37736],[-68.39474,9.36334],[-68.39927,9.34902],[-68.40712,9.34254],[-68.40067,9.32547],[-68.40659,9.31294],[-68.40478,9.30593],[-68.40678,9.29725],[-68.4162,9.28418],[-68.41723,9.27531],[-68.42532,9.26356],[-68.42484,9.25859],[-68.41863,9.24859],[-68.42069,9.24175],[-68.41743,9.23199],[-68.42142,9.21719],[-68.40851,9.20629],[-68.40797,9.20054],[-68.40188,9.19557],[-68.40484,9.1912],[-68.3941,9.18252],[-68.38806,9.18186],[-68.38595,9.17306],[-68.38728,9.16617],[-68.37534,9.15078],[-68.36545,9.13581],[-68.36171,9.12173],[-68.36431,9.11646],[-68.37167,9.11322],[-68.37947,9.09841],[-68.3706,9.08862],[-68.36848,9.09437],[-68.36178,9.09576],[-68.35193,9.12356],[-68.35343,9.1416],[-68.34624,9.15535],[-68.33471,9.16896],[-68.32607,9.20069],[-68.32606,9.21091],[-68.33258,9.21902],[-68.33329,9.23316],[-68.33661,9.24814],[-68.33057,9.25407],[-68.33328,9.26468],[-68.34275,9.26922],[-68.3419,9.2777],[-68.35627,9.28512],[-68.35403,9.29034],[-68.35554,9.29869],[-68.34581,9.30952],[-68.3303,9.3041],[-68.33049,9.29751],[-68.32276,9.29518],[-68.31407,9.30513],[-68.30785,9.30933],[-68.29656,9.31168],[-68.27501,9.32539],[-68.2776,9.33138],[-68.28623,9.33568],[-68.2928,9.34311],[-68.296,9.35715],[-68.30221,9.36416],[-68.30859,9.3806],[-68.30624,9.38689],[-68.3156,9.39438],[-68.31656,9.40872],[-68.31154,9.42101],[-68.3128,9.43155],[-68.31039,9.43935],[-68.30199,9.45433],[-68.30065,9.46979],[-68.28616,9.47777],[-68.2788,9.48724],[-68.2634,9.49516],[-68.2602,9.50014],[-68.24867,9.51009],[-68.22472,9.61472],[-68.23895,9.63472],[-68.25247,9.64436],[-68.2611,9.65382],[-68.27136,9.65872],[-68.28427,9.66081],[-68.29025,9.65649],[-68.30751,9.66361],[-68.30281,9.77227]]]},"properties":{"municipio":"Tinaco","estado":"COJEDES"}},{"type":"Feature","geometry":{"type":"Polygon","coordinates":[[[-67.80557,9.84857],[-67.82116,9.84212],[-67.83151,9.83588],[-67.84564,9.8351],[-67.86401,9.83793],[-67.88181,9.83198],[-67.89307,9.82332],[-67.90411,9.81935],[-67.91389,9.81237],[-67.92241,9.81352],[-67.92919,9.81875],[-67.94416,9.82134],[-67.95506,9.83001],[-67.97859,9.82786],[-67.98337,9.83053],[-67.99565,9.82858],[-68.00683,9.83331],[-68.00976,9.84269],[-68.01533,9.85171],[-68.01564,9.86206],[-68.01095,9.86546],[-68.00959,9.87272],[-68.02442,9.86574],[-68.03903,9.86056],[-68.05062,9.86198],[-68.06625,9.86103],[-68.08281,9.85044],[-68.08871,9.84157],[-68.1186,9.83928],[-68.12177,9.84726],[-68.12657,9.85063],[-68.12481,9.85863],[-68.12939,9.86182],[-68.13258,9.85432],[-68.13704,9.853],[-68.13535,9.84293],[-68.14222,9.8391],[-68.14691,9.82724],[-68.12465,9.81323],[-68.12526,9.80892],[-68.23063,9.80895],[-68.23923,9.81128],[-68.24874,9.80966],[-68.26607,9.80409],[-68.28479,9.80265],[-68.30152,9.79785],[-68.30281,9.77227],[-68.30751,9.66361],[-68.29025,9.65649],[-68.28427,9.66081],[-68.27136,9.65872],[-68.2611,9.65382],[-68.25247,9.64436],[-68.23895,9.63472],[-68.22472,9.61472],[-68.24867,9.51009],[-68.2602,9.50014],[-68.2634,9.49516],[-68.2788,9.48724],[-68.28616,9.47777],[-68.30065,9.46979],[-68.30199,9.45433],[-68.31039,9.43935],[-68.3128,9.43155],[-68.31154,9.42101],[-68.31656,9.40872],[-68.3156,9.39438],[-68.30624,9.38689],[-68.30859,9.3806],[-68.30221,9.36416],[-68.296,9.35715],[-68.2928,9.34311],[-68.28623,9.33568],[-68.2776,9.33138],[-68.27501,9.32539],[-68.29656,9.31168],[-68.30785,9.30933],[-68.31407,9.30513],[-68.32276,9.29518],[-68.33049,9.29751],[-68.3303,9.3041],[-68.34581,9.30952],[-68.35554,9.29869],[-68.35403,9.29034],[-68.35627,9.28512],[-68.3419,9.2777],[-68.34275,9.26922],[-68.33328,9.26468],[-68.33057,9.25407],[-68.33661,9.24814],[-68.33329,9.23316],[-68.33258,9.21902],[-68.32606,9.21091],[-68.32607,9.20069],[-68.33471,9.16896],[-68.34624,9.15535],[-68.35343,9.1416],[-68.35193,9.12356],[-68.36178,9.09576],[-68.36848,9.09437],[-68.3706,9.08862],[-68.37067,9.07775],[-68.37344,9.07113],[-68.36128,9.06544],[-68.35778,9.06152],[-68.35031,9.06668],[-68.33623,9.05752],[-68.3169,9.05443],[-68.30835,9.04484],[-68.29788,9.04516],[-68.28867,9.03815],[-68.27988,9.03493],[-68.27145,9.02768],[-68.25821,9.00327],[-68.24996,8.9956],[-68.22516,8.97655],[-68.20987,8.96235],[-68.19711,8.95841],[-68.18597,8.96215],[-68.16532,8.96172],[-68.15262,8.96402],[-68.13371,8.96298],[-68.11643,8.95845],[-68.10325,8.95343],[-68.06562,8.93495],[-68.05232,8.92495],[-68.04245,8.91446],[-68.03035,8.89905],[-68.02264,8.88676],[-68.02879,8.87625],[-68.02798,8.8659],[-68.04388,8.86457],[-68.05637,8.85917],[-68.05366,8.85196],[-68.05675,8.8467],[-68.05442,8.82652],[-68.0508,8.82029],[-68.05211,8.80784],[-68.05873,8.79704],[-68.06774,8.79231],[-68.07503,8.78043],[-68.07096,8.77353],[-68.07874,8.7648],[-68.09363,8.76078],[-68.09965,8.75411],[-68.09361,8.74733],[-68.08906,8.73548],[-68.079,8.72411],[-68.07357,8.7278],[-68.06755,8.72506],[-68.07253,8.71783],[-68.06272,8.7119],[-68.05811,8.71304],[-68.05877,8.6931],[-68.05492,8.68568],[-68.0425,8.68325],[-68.03212,8.67731],[-68.02582,8.68078],[-68.02218,8.67471],[-68.02268,8.66684],[-68.02753,8.65694],[-68.02596,8.64944],[-68.02001,8.64406],[-68.01978,8.63911],[-68.00711,8.63668],[-68.00168,8.64581],[-68.00239,8.6518],[-68.01291,8.6587],[-68.00967,8.66605],[-68.01298,8.67403],[-68.01215,8.68045],[-68.00244,8.69949],[-68.01415,8.69982],[-68.01227,8.71138],[-68.02038,8.71997],[-68.02148,8.72442],[-68.01693,8.73435],[-68.00789,8.74234],[-68.01358,8.74774],[-68.01629,8.75843],[-68.02623,8.76052],[-68.0056,8.78879],[-67.99985,8.8039],[-67.99387,8.80837],[-67.99568,8.81701],[-67.99406,8.82674],[-67.98657,8.83188],[-67.98997,8.83928],[-67.97798,8.84575],[-67.97196,8.85651],[-67.97167,8.86484],[-67.96751,8.86902],[-67.96458,8.88311],[-67.97553,8.88214],[-67.98091,8.89715],[-67.97919,8.90998],[-67.97324,8.92421],[-67.96741,8.92342],[-67.96363,8.92832],[-67.94997,8.93232],[-67.93972,8.93191],[-67.938,8.93525],[-67.92756,8.93482],[-67.92108,8.94334],[-67.91326,8.95818],[-67.90421,8.96801],[-67.90395,8.98769],[-67.89746,9.00473],[-67.88596,9.01774],[-67.88266,9.03052],[-67.87242,9.03916],[-67.86431,9.05215],[-67.86103,9.06628],[-67.85236,9.08444],[-67.85058,9.0937],[-67.85574,9.09876],[-67.86264,9.11145],[-67.85639,9.11728],[-67.85643,9.12599],[-67.86129,9.14362],[-67.8595,9.15835],[-67.87124,9.17591],[-67.87202,9.18576],[-67.87783,9.1993],[-67.87747,9.22057],[-67.88132,9.23099],[-67.88568,9.24494],[-67.89762,9.24641],[-67.9046,9.25964],[-67.9046,9.26692],[-67.91343,9.27292],[-67.91688,9.28201],[-67.93541,9.29678],[-67.94105,9.3059],[-67.94079,9.31251],[-67.94641,9.32208],[-67.94399,9.33119],[-67.92478,9.35004],[-67.92283,9.37931],[-67.91976,9.39404],[-67.91453,9.40505],[-67.91829,9.41433],[-67.92122,9.43392],[-67.91881,9.43808],[-67.92531,9.44641],[-67.92288,9.45655],[-67.92824,9.47289],[-67.92726,9.48122],[-67.94946,9.49326],[-67.95403,9.49821],[-67.95584,9.51308],[-67.9616,9.52933],[-67.96881,9.5291],[-67.97307,9.53592],[-67.96674,9.54152],[-67.94551,9.55089],[-67.93568,9.5531],[-67.93583,9.5591],[-67.92802,9.56081],[-67.92755,9.56741],[-67.9349,9.57504],[-67.93533,9.59441],[-67.926,9.60067],[-67.92398,9.60878],[-67.91639,9.61554],[-67.90511,9.61516],[-67.89333,9.62033],[-67.88205,9.61021],[-67.85728,9.62085],[-67.85064,9.61899],[-67.84671,9.62444],[-67.82751,9.62468],[-67.81911,9.6318],[-67.8114,9.64526],[-67.8065,9.65055],[-67.78665,9.65633],[-67.77885,9.66942],[-67.77364,9.67113],[-67.75831,9.68243],[-67.7526,9.70209],[-67.76067,9.71339],[-67.76419,9.74013],[-67.76812,9.74163],[-67.76343,9.7631],[-67.77899,9.76312],[-67.78371,9.76526],[-67.78911,9.77423],[-67.79748,9.78358],[-67.79675,9.79962],[-67.80288,9.8193],[-67.79791,9.83236],[-67.80305,9.83905],[-67.80557,9.84857]]]},"properties":{"municipio":"Pao de San Juan Bautista","estado":"COJEDES"}},{"type":"Feature","geometry":{"type":"Polygon","coordinates":[[[-68.30152,9.79785],[-68.30979,9.79664],[-68.3154,9.8],[-68.33961,9.80228],[-68.34547,9.79695],[-68.37337,9.79701],[-68.37903,9.80906],[-68.37979,9.82388],[-68.37252,9.83498],[-68.3679,9.85183],[-68.39535,9.85065],[-68.40737,9.85483],[-68.4166,9.86399],[-68.42191,9.86333],[-68.44485,9.87368],[-68.45318,9.88015],[-68.49222,9.90127],[-68.4926,9.9011],[-68.49212,9.8875],[-68.49974,9.87314],[-68.49673,9.86122],[-68.50229,9.85141],[-68.50894,9.84506],[-68.50067,9.83189],[-68.48872,9.83094],[-68.48135,9.82681],[-68.48087,9.81938],[-68.47514,9.81597],[-68.46181,9.80017],[-68.46417,9.78975],[-68.47673,9.77916],[-68.47432,9.77329],[-68.48105,9.76045],[-68.47163,9.76429],[-68.46686,9.7728],[-68.45823,9.75998],[-68.45141,9.76814],[-68.44236,9.77216],[-68.43625,9.78373],[-68.42545,9.78499],[-68.37934,9.77341],[-68.37301,9.76371],[-68.36305,9.7579],[-68.34476,9.75941],[-68.33734,9.75768],[-68.33088,9.76206],[-68.31953,9.76033],[-68.31645,9.77202],[-68.30281,9.77227],[-68.30152,9.79785]]]},"properties":{"municipio":"Lima Blanco","estado":"COJEDES"}},{"type":"Feature","geometry":{"type":"Polygon","coordinates":[[[-68.4926,9.9011],[-68.51342,9.8893],[-68.52113,9.88689],[-68.52553,9.89644],[-68.53762,9.88868],[-68.53888,9.90141],[-68.53586,9.91316],[-68.52827,9.92149],[-68.52648,9.92873],[-68.53276,9.93717],[-68.54683,9.9306],[-68.55977,9.93053],[-68.57414,9.93467],[-68.58799,9.93413],[-68.60156,9.93151],[-68.60509,9.93305],[-68.61079,9.94543],[-68.60931,9.94971],[-68.61134,9.9643],[-68.61598,9.96958],[-68.62602,9.96794],[-68.63651,9.96323],[-68.64282,9.9653],[-68.65181,9.97401],[-68.65821,9.97634],[-68.67587,9.96061],[-68.69745,9.9475],[-68.7103,9.94576],[-68.71718,9.93722],[-68.71739,9.92968],[-68.72196,9.91885],[-68.72322,9.90324],[-68.71468,9.89665],[-68.71449,9.89287],[-68.72141,9.8819],[-68.73514,9.87328],[-68.7504,9.86926],[-68.76019,9.8684],[-68.75534,9.86276],[-68.7621,9.85952],[-68.76427,9.85276],[-68.77363,9.8451],[-68.77056,9.83924],[-68.82652,9.72656],[-68.82562,9.7165],[-68.83371,9.7113],[-68.83336,9.70148],[-68.83945,9.69777],[-68.83886,9.68808],[-68.83252,9.68228],[-68.83422,9.66911],[-68.83169,9.65984],[-68.83713,9.64829],[-68.8378,9.64153],[-68.81898,9.62208],[-68.81724,9.61185],[-68.82032,9.59845],[-68.81212,9.59271],[-68.80119,9.59361],[-68.79462,9.58918],[-68.77398,9.58655],[-68.77084,9.5896],[-68.7619,9.58793],[-68.75732,9.57578],[-68.74713,9.56866],[-68.73887,9.55688],[-68.73947,9.55059],[-68.73308,9.54461],[-68.72856,9.5345],[-68.73025,9.52857],[-68.72585,9.52917],[-68.71703,9.53761],[-68.70435,9.53755],[-68.70115,9.54067],[-68.68679,9.5439],[-68.67525,9.55419],[-68.66451,9.55665],[-68.65268,9.54774],[-68.64845,9.55797],[-68.63583,9.56964],[-68.64023,9.57921],[-68.63781,9.58424],[-68.64234,9.58968],[-68.64317,9.59908],[-68.62886,9.61685],[-68.55937,9.55062],[-68.52577,9.52029],[-68.49154,9.52706],[-68.40299,9.5455],[-68.37872,9.55089],[-68.38789,9.55239],[-68.39954,9.55065],[-68.41542,9.55591],[-68.4232,9.55322],[-68.43431,9.55686],[-68.43738,9.56452],[-68.46068,9.56655],[-68.47106,9.56554],[-68.47817,9.57571],[-68.483,9.57768],[-68.48728,9.5863],[-68.49319,9.5909],[-68.49892,9.60682],[-68.50302,9.6128],[-68.50434,9.62154],[-68.51067,9.62632],[-68.51405,9.63967],[-68.50764,9.64607],[-68.50341,9.66617],[-68.5168,9.68209],[-68.51534,9.69651],[-68.50761,9.70028],[-68.50887,9.70555],[-68.49992,9.73499],[-68.5007,9.7442],[-68.49318,9.76205],[-68.48105,9.76045],[-68.47432,9.77329],[-68.47673,9.77916],[-68.46417,9.78975],[-68.46181,9.80017],[-68.47514,9.81597],[-68.48087,9.81938],[-68.48135,9.82681],[-68.48872,9.83094],[-68.50067,9.83189],[-68.50894,9.84506],[-68.50229,9.85141],[-68.49673,9.86122],[-68.49974,9.87314],[-68.49212,9.8875],[-68.4926,9.9011]]]},"properties":{"municipio":"Ezequiel Zamora","estado":"COJEDES"}},{"type":"Feature","geometry":{"type":"Polygon","coordinates":[[[-68.20057,10.05969],[-68.20672,10.06141],[-68.2073,10.06717],[-68.22136,10.08009],[-68.22871,10.0804],[-68.23654,10.08489],[-68.2556,10.06728],[-68.26264,10.06455],[-68.27504,10.06402],[-68.28451,10.07319],[-68.29286,10.0689],[-68.29298,10.06214],[-68.30143,10.05874],[-68.31347,10.04927],[-68.32199,10.03535],[-68.33384,10.03219],[-68.33963,10.02823],[-68.34119,10.02407],[-68.33626,10.01396],[-68.33736,10.00718],[-68.34288,10.00399],[-68.35632,9.99152],[-68.36966,9.99075],[-68.37917,9.98217],[-68.38343,9.97553],[-68.39045,9.97175],[-68.39447,9.96573],[-68.40418,9.96725],[-68.40548,9.95902],[-68.40991,9.95421],[-68.41603,9.95392],[-68.42707,9.94122],[-68.43582,9.93705],[-68.44936,9.92637],[-68.45564,9.92649],[-68.47018,9.91647],[-68.47932,9.91514],[-68.48686,9.90931],[-68.49222,9.90127],[-68.45318,9.88015],[-68.44485,9.87368],[-68.42191,9.86333],[-68.4166,9.86399],[-68.40737,9.85483],[-68.39535,9.85065],[-68.3679,9.85183],[-68.37252,9.83498],[-68.37979,9.82388],[-68.37903,9.80906],[-68.37337,9.79701],[-68.34547,9.79695],[-68.33961,9.80228],[-68.3154,9.8],[-68.30979,9.79664],[-68.30152,9.79785],[-68.28479,9.80265],[-68.26607,9.80409],[-68.24874,9.80966],[-68.23923,9.81128],[-68.23063,9.80895],[-68.12526,9.80892],[-68.12465,9.81323],[-68.14691,9.82724],[-68.14222,9.8391],[-68.13535,9.84293],[-68.13704,9.853],[-68.13258,9.85432],[-68.12939,9.86182],[-68.12853,9.87204],[-68.13466,9.88208],[-68.13953,9.89968],[-68.14747,9.91838],[-68.16301,9.92021],[-68.1712,9.93154],[-68.17334,9.94049],[-68.18959,9.94415],[-68.19652,9.93972],[-68.20494,9.93975],[-68.21389,9.96447],[-68.21967,9.96859],[-68.22945,9.96471],[-68.24001,9.96633],[-68.23956,9.97047],[-68.24713,9.97934],[-68.25101,9.9944],[-68.24839,10.00097],[-68.25067,10.00661],[-68.24484,10.02536],[-68.22754,10.03783],[-68.22367,10.04492],[-68.21346,10.04982],[-68.20057,10.05969]]]},"properties":{"municipio":"Tinaquillo","estado":"COJEDES"}},{"type":"Feature","geometry":{"type":"Polygon","coordinates":[[[-68.76019,9.8684],[-68.76965,9.8695],[-68.77726,9.86683],[-68.79109,9.85693],[-68.80089,9.84386],[-68.80976,9.84269],[-68.82399,9.84752],[-68.8313,9.84593],[-68.85067,9.83653],[-68.85892,9.83479],[-68.87089,9.84074],[-68.88346,9.84271],[-68.89114,9.84119],[-68.90685,9.84148],[-68.91434,9.84795],[-68.92117,9.8494],[-68.94037,9.84297],[-68.94449,9.85049],[-68.95011,9.85142],[-68.96491,9.84243],[-68.97548,9.8421],[-68.97868,9.83719],[-68.97526,9.83217],[-68.97882,9.81841],[-68.97421,9.80042],[-68.97561,9.78641],[-68.98163,9.78548],[-68.98333,9.77807],[-68.97861,9.77587],[-68.97678,9.76849],[-68.98458,9.76211],[-68.98063,9.75018],[-68.98263,9.73748],[-68.98777,9.7321],[-68.98411,9.72175],[-68.9719,9.72139],[-68.97,9.71364],[-68.96524,9.70909],[-68.96571,9.69015],[-68.96286,9.68549],[-68.96698,9.67473],[-68.94832,9.65627],[-68.94949,9.65279],[-68.93706,9.63799],[-68.93159,9.62217],[-68.92507,9.62041],[-68.92345,9.59937],[-68.91052,9.57076],[-68.90513,9.56199],[-68.90875,9.53598],[-68.90239,9.53103],[-68.89871,9.52147],[-68.89395,9.51719],[-68.89859,9.51012],[-68.89526,9.50422],[-68.90263,9.48328],[-68.89597,9.46845],[-68.89235,9.46481],[-68.8949,9.45456],[-68.89614,9.43895],[-68.89288,9.42934],[-68.88833,9.42473],[-68.73907,9.4229],[-68.7349,9.43888],[-68.73549,9.44839],[-68.74153,9.45186],[-68.73772,9.45761],[-68.7382,9.47023],[-68.73511,9.48112],[-68.74042,9.48795],[-68.75357,9.49028],[-68.7619,9.49877],[-68.77252,9.50098],[-68.77059,9.50685],[-68.7477,9.51493],[-68.73472,9.52109],[-68.73025,9.52857],[-68.72856,9.5345],[-68.73308,9.54461],[-68.73947,9.55059],[-68.73887,9.55688],[-68.74713,9.56866],[-68.75732,9.57578],[-68.7619,9.58793],[-68.77084,9.5896],[-68.77398,9.58655],[-68.79462,9.58918],[-68.80119,9.59361],[-68.81212,9.59271],[-68.82032,9.59845],[-68.81724,9.61185],[-68.81898,9.62208],[-68.8378,9.64153],[-68.83713,9.64829],[-68.83169,9.65984],[-68.83422,9.66911],[-68.83252,9.68228],[-68.83886,9.68808],[-68.83945,9.69777],[-68.83336,9.70148],[-68.83371,9.7113],[-68.82562,9.7165],[-68.82652,9.72656],[-68.77056,9.83924],[-68.77363,9.8451],[-68.76427,9.85276],[-68.7621,9.85952],[-68.75534,9.86276],[-68.76019,9.8684]]]},"properties":{"municipio":"Anzoátegui","estado":"COJEDES"}},{"type":"Feature","geometry":{"type":"Polygon","coordinates":[[[-66.6535,10.0973],[-66.65326,10.10401],[-66.66781,10.10551],[-66.67143,10.10773],[-66.69263,10.11121],[-66.70242,10.10883],[-66.71612,10.11464],[-66.7312,10.14465],[-66.74152,10.15232],[-66.74913,10.15328],[-66.81844,10.18703],[-66.82292,10.18832],[-66.82758,10.18431],[-66.82806,10.17094],[-66.82558,10.16567],[-66.8282,10.14967],[-66.83286,10.14638],[-66.83317,10.13254],[-66.84212,10.12592],[-66.84716,10.10532],[-66.84227,10.1022],[-66.84535,10.09598],[-66.84442,10.07024],[-66.86045,10.05443],[-66.85955,10.04916],[-66.84766,10.03873],[-66.84984,10.03076],[-66.85607,10.02831],[-66.8675,10.01741],[-66.8735,10.00435],[-66.8807,10.00166],[-66.8733,9.99912],[-66.85439,10.00617],[-66.8475,10.01293],[-66.84024,10.01538],[-66.8328,10.02574],[-66.829,10.02705],[-66.81837,10.02244],[-66.81354,10.01585],[-66.79277,10.01266],[-66.7782,10.0166],[-66.76968,10.00757],[-66.76637,10.0011],[-66.759,9.99858],[-66.74764,9.99863],[-66.7424,9.98995],[-66.72234,9.99305],[-66.71038,9.98927],[-66.70175,9.98328],[-66.68514,9.98057],[-66.68115,9.97548],[-66.66212,9.98098],[-66.65995,9.97577],[-66.64866,9.97402],[-66.64534,9.96911],[-66.62293,9.96868],[-66.61169,9.97274],[-66.60666,9.97537],[-66.59388,9.97657],[-66.58725,9.98294],[-66.57128,9.97736],[-66.56344,9.97904],[-66.54964,9.96739],[-66.53988,9.96697],[-66.53517,9.97321],[-66.52173,9.97952],[-66.50986,9.97868],[-66.48695,9.99754],[-66.4893,10.0009],[-66.48671,10.01601],[-66.49438,10.01896],[-66.50043,10.01579],[-66.5125,10.02178],[-66.52893,10.02557],[-66.53865,10.03348],[-66.55218,10.03696],[-66.55265,10.04648],[-66.55772,10.05055],[-66.55475,10.05947],[-66.56097,10.06307],[-66.56084,10.07445],[-66.57104,10.07679],[-66.57665,10.08457],[-66.5944,10.09554],[-66.59935,10.10225],[-66.60521,10.10393],[-66.60866,10.09789],[-66.64219,10.09366],[-66.6535,10.0973]]]},"properties":{"municipio":"Tomas Lander","estado":"BOLIVARIANO MIRANDA"}},{"type":"Feature","geometry":{"type":"Polygon","coordinates":[[[-65.43038,10.14012],[-65.4837,10.15368],[-65.50187,10.15966],[-65.53936,10.16986],[-65.60071,10.18956],[-65.64666,10.20512],[-65.68557,10.21964],[-65.69139,10.2071],[-65.73791,10.20451],[-65.84143,10.19971],[-65.86553,10.2015],[-65.86429,10.15704],[-65.86517,10.12206],[-65.85521,10.10754],[-65.84627,10.09878],[-65.85534,10.09302],[-65.86043,10.08492],[-65.87125,10.08198],[-65.88214,10.07485],[-65.88692,10.06261],[-65.87937,10.06219],[-65.87351,10.05043],[-65.88102,10.03831],[-65.88048,10.03141],[-65.8875,10.02361],[-65.88351,10.01911],[-65.88551,10.01311],[-65.89338,10.00597],[-65.8857,10.00057],[-65.88439,9.98767],[-65.8931,9.97537],[-65.88818,9.96753],[-65.87922,9.9661],[-65.8733,9.96922],[-65.8515,9.96874],[-65.83465,9.96964],[-65.82355,9.96225],[-65.81341,9.95942],[-65.8069,9.95449],[-65.79535,9.96038],[-65.78256,9.95587],[-65.77618,9.94607],[-65.76644,9.95202],[-65.75751,9.94751],[-65.75523,9.94149],[-65.74731,9.94052],[-65.74484,9.94799],[-65.74569,9.95721],[-65.71562,9.96216],[-65.70886,9.97607],[-65.69201,9.98023],[-65.67601,9.97803],[-65.6742,9.9706],[-65.66889,9.96366],[-65.66593,9.95321],[-65.65289,9.95281],[-65.63888,9.94972],[-65.62764,9.95861],[-65.62601,9.96886],[-65.61387,9.97152],[-65.60855,9.97026],[-65.60271,9.97699],[-65.60101,9.99171],[-65.60343,10.00156],[-65.59551,10.00204],[-65.58554,10.00822],[-65.57195,10.00527],[-65.56451,10.00724],[-65.55418,10.00249],[-65.54916,10.01817],[-65.54227,10.02225],[-65.54239,10.02891],[-65.53586,10.03744],[-65.53622,10.04255],[-65.52794,10.05396],[-65.52347,10.05299],[-65.5109,10.05827],[-65.50558,10.06662],[-65.49718,10.06421],[-65.48897,10.0677],[-65.49144,10.08074],[-65.47597,10.08428],[-65.46267,10.0919],[-65.45378,10.09448],[-65.45571,10.10373],[-65.45275,10.1119],[-65.44066,10.11646],[-65.42911,10.13225],[-65.43038,10.14012]]]},"properties":{"municipio":"Pedro Gual","estado":"BOLIVARIANO MIRANDA"}},{"type":"Feature","geometry":{"type":"Polygon","coordinates":[[[-66.82806,10.17094],[-66.83913,10.16238],[-66.85006,10.16976],[-66.85489,10.17725],[-66.86437,10.18073],[-66.86793,10.18822],[-66.87639,10.19062],[-66.884,10.20021],[-66.88321,10.20644],[-66.89166,10.21693],[-66.88827,10.22136],[-66.89086,10.22718],[-66.9003,10.23864],[-66.9102,10.23474],[-66.91575,10.2267],[-66.92922,10.22088],[-66.9754,10.22043],[-66.97562,10.20704],[-66.97141,10.19499],[-66.9647,10.19031],[-66.96205,10.17803],[-66.98558,10.16145],[-66.98668,10.15438],[-66.98173,10.14635],[-66.97333,10.14491],[-66.98691,10.10621],[-66.99369,10.10011],[-66.9937,10.08836],[-66.99803,10.06871],[-66.97673,10.07104],[-66.96737,10.0663],[-66.96399,10.05803],[-66.9605,10.04155],[-66.95809,10.03927],[-66.9356,10.03854],[-66.92576,10.02727],[-66.9254,10.02386],[-66.93315,10.01374],[-66.91338,10.01516],[-66.90733,10.02115],[-66.9028,10.02097],[-66.89187,10.01401],[-66.8807,10.00166],[-66.8735,10.00435],[-66.8675,10.01741],[-66.85607,10.02831],[-66.84984,10.03076],[-66.84766,10.03873],[-66.85955,10.04916],[-66.86045,10.05443],[-66.84442,10.07024],[-66.84535,10.09598],[-66.84227,10.1022],[-66.84716,10.10532],[-66.84212,10.12592],[-66.83317,10.13254],[-66.83286,10.14638],[-66.8282,10.14967],[-66.82558,10.16567],[-66.82806,10.17094]]]},"properties":{"municipio":"Urdaneta","estado":"BOLIVARIANO MIRANDA"}},{"type":"Feature","geometry":{"type":"Polygon","coordinates":[[[-66.6535,10.0973],[-66.64781,10.10529],[-66.65053,10.11092],[-66.64369,10.12092],[-66.64609,10.1329],[-66.6505,10.1335],[-66.65285,10.14141],[-66.66704,10.14812],[-66.66824,10.15621],[-66.66117,10.16327],[-66.66388,10.17334],[-66.67112,10.18502],[-66.67141,10.19125],[-66.68427,10.19964],[-66.69116,10.19671],[-66.69556,10.20827],[-66.70633,10.22764],[-66.71908,10.22861],[-66.7244,10.23167],[-66.73752,10.23102],[-66.75667,10.24163],[-66.77035,10.24778],[-66.79458,10.24355],[-66.79736,10.24067],[-66.82001,10.19617],[-66.82292,10.18832],[-66.81844,10.18703],[-66.74913,10.15328],[-66.74152,10.15232],[-66.7312,10.14465],[-66.71612,10.11464],[-66.70242,10.10883],[-66.69263,10.11121],[-66.67143,10.10773],[-66.66781,10.10551],[-66.65326,10.10401],[-66.6535,10.0973]]]},"properties":{"municipio":"Simón Bolívar","estado":"BOLIVARIANO MIRANDA"}},{"type":"Feature","geometry":{"type":"Polygon","coordinates":[[[-66.76205,10.25724],[-66.78897,10.2903],[-66.79518,10.30187],[-66.79288,10.31115],[-66.79897,10.31895],[-66.81391,10.31794],[-66.82629,10.32861],[-66.82212,10.33148],[-66.82593,10.3406],[-66.8347,10.33377],[-66.83634,10.32928],[-66.86374,10.31773],[-66.87868,10.3157],[-66.88751,10.31199],[-66.88864,10.2998],[-66.88119,10.29561],[-66.87821,10.28638],[-66.88938,10.28062],[-66.89414,10.27018],[-66.89007,10.26431],[-66.89338,10.25364],[-66.89318,10.24668],[-66.9003,10.23864],[-66.89086,10.22718],[-66.88827,10.22136],[-66.89166,10.21693],[-66.88321,10.20644],[-66.884,10.20021],[-66.87639,10.19062],[-66.86793,10.18822],[-66.86437,10.18073],[-66.85489,10.17725],[-66.85006,10.16976],[-66.83913,10.16238],[-66.82806,10.17094],[-66.82758,10.18431],[-66.82292,10.18832],[-66.82001,10.19617],[-66.79736,10.24067],[-66.79458,10.24355],[-66.77035,10.24778],[-66.76205,10.25724]]]},"properties":{"municipio":"Cristobál Rojas","estado":"BOLIVARIANO MIRANDA"}},{"type":"Feature","geometry":{"type":"Polygon","coordinates":[[[-66.52035,10.23038],[-66.52628,10.22786],[-66.53022,10.21983],[-66.54165,10.22008],[-66.54932,10.2286],[-66.55554,10.23184],[-66.55632,10.24179],[-66.58213,10.24947],[-66.58461,10.25313],[-66.60419,10.25734],[-66.60921,10.26178],[-66.61453,10.2571],[-66.62251,10.26328],[-66.62522,10.27054],[-66.643,10.26641],[-66.64705,10.26869],[-66.66816,10.26253],[-66.6982,10.27861],[-66.70673,10.27448],[-66.72269,10.27527],[-66.7221,10.26082],[-66.74332,10.26383],[-66.76205,10.25724],[-66.77035,10.24778],[-66.75667,10.24163],[-66.73752,10.23102],[-66.7244,10.23167],[-66.71908,10.22861],[-66.70633,10.22764],[-66.69556,10.20827],[-66.69116,10.19671],[-66.68427,10.19964],[-66.67141,10.19125],[-66.67112,10.18502],[-66.66388,10.17334],[-66.66117,10.16327],[-66.66824,10.15621],[-66.66704,10.14812],[-66.65285,10.14141],[-66.6505,10.1335],[-66.64609,10.1329],[-66.64369,10.12092],[-66.65053,10.11092],[-66.64781,10.10529],[-66.6535,10.0973],[-66.64219,10.09366],[-66.60866,10.09789],[-66.60521,10.10393],[-66.59935,10.10225],[-66.5944,10.09554],[-66.57665,10.08457],[-66.57104,10.07679],[-66.56084,10.07445],[-66.54894,10.0815],[-66.54186,10.0936],[-66.54197,10.10162],[-66.53568,10.10563],[-66.52771,10.10449],[-66.52329,10.11245],[-66.52237,10.12455],[-66.51619,10.13658],[-66.51552,10.14569],[-66.50887,10.15227],[-66.50547,10.16449],[-66.50824,10.17054],[-66.50768,10.19365],[-66.5119,10.20132],[-66.51164,10.21785],[-66.51362,10.22953],[-66.52035,10.23038]]]},"properties":{"municipio":"Independencia","estado":"BOLIVARIANO MIRANDA"}},{"type":"Feature","geometry":{"type":"Polygon","coordinates":[[[-66.00259,10.37998],[-66.00919,10.38396],[-66.01765,10.38138],[-66.0255,10.3685],[-66.03172,10.36586],[-66.03619,10.35952],[-66.03781,10.34892],[-66.04724,10.34765],[-66.07327,10.32787],[-66.06891,10.32267],[-66.0573,10.31927],[-66.05082,10.30443],[-66.04507,10.30163],[-66.04058,10.28769],[-66.04419,10.27553],[-66.06214,10.26791],[-66.06981,10.26024],[-66.07614,10.2485],[-66.08393,10.24296],[-66.10216,10.24441],[-66.1037,10.21419],[-66.06954,10.20394],[-66.062,10.21288],[-66.04894,10.21666],[-66.04204,10.22314],[-66.03726,10.22158],[-66.03151,10.22782],[-66.01119,10.23352],[-66.00647,10.23773],[-66.00423,10.24655],[-65.99715,10.25099],[-65.99296,10.27332],[-65.99494,10.28472],[-65.99167,10.29505],[-65.98598,10.29583],[-65.98367,10.30309],[-65.99398,10.34211],[-66.00259,10.37998]]]},"properties":{"municipio":"Andrés Bello","estado":"BOLIVARIANO MIRANDA"}},{"type":"Feature","geometry":{"type":"Polygon","coordinates":[[[-66.01765,10.38138],[-66.02106,10.38143],[-66.04299,10.39195],[-66.05502,10.39548],[-66.06462,10.40176],[-66.07592,10.40642],[-66.07933,10.39577],[-66.08357,10.3917],[-66.09506,10.39313],[-66.10273,10.40037],[-66.11525,10.40061],[-66.11611,10.3908],[-66.1261,10.38523],[-66.13354,10.38654],[-66.23172,10.37047],[-66.22762,10.36268],[-66.19391,10.33155],[-66.18261,10.32004],[-66.11079,10.25305],[-66.10216,10.24441],[-66.08393,10.24296],[-66.07614,10.2485],[-66.06981,10.26024],[-66.06214,10.26791],[-66.04419,10.27553],[-66.04058,10.28769],[-66.04507,10.30163],[-66.05082,10.30443],[-66.0573,10.31927],[-66.06891,10.32267],[-66.07327,10.32787],[-66.04724,10.34765],[-66.03781,10.34892],[-66.03619,10.35952],[-66.03172,10.36586],[-66.0255,10.3685],[-66.01765,10.38138]]]},"properties":{"municipio":"Buroz","estado":"BOLIVARIANO MIRANDA"}},{"type":"Feature","geometry":{"type":"Polygon","coordinates":[[[-66.59164,10.40956],[-66.61764,10.40856],[-66.62913,10.4103],[-66.64081,10.40336],[-66.6636,10.40907],[-66.67823,10.40728],[-66.69406,10.41544],[-66.6925,10.40435],[-66.7017,10.40064],[-66.70534,10.39081],[-66.69833,10.38547],[-66.70693,10.37394],[-66.70742,10.36962],[-66.71722,10.36325],[-66.7252,10.36589],[-66.73281,10.36506],[-66.74158,10.36812],[-66.76432,10.36753],[-66.76475,10.36112],[-66.76972,10.34878],[-66.77667,10.34608],[-66.79354,10.34873],[-66.79699,10.34436],[-66.80703,10.34179],[-66.81634,10.34515],[-66.82593,10.3406],[-66.82212,10.33148],[-66.82629,10.32861],[-66.81391,10.31794],[-66.79897,10.31895],[-66.79288,10.31115],[-66.79518,10.30187],[-66.78897,10.2903],[-66.76205,10.25724],[-66.74332,10.26383],[-66.7221,10.26082],[-66.72269,10.27527],[-66.70673,10.27448],[-66.6982,10.27861],[-66.66816,10.26253],[-66.64705,10.26869],[-66.643,10.26641],[-66.62522,10.27054],[-66.62251,10.26328],[-66.61453,10.2571],[-66.60921,10.26178],[-66.60419,10.25734],[-66.58461,10.25313],[-66.58213,10.24947],[-66.55632,10.24179],[-66.55554,10.23184],[-66.54932,10.2286],[-66.54165,10.22008],[-66.53022,10.21983],[-66.52628,10.22786],[-66.52035,10.23038],[-66.51308,10.24518],[-66.51131,10.25854],[-66.51445,10.26448],[-66.50688,10.27496],[-66.51498,10.28096],[-66.52192,10.29517],[-66.51447,10.30565],[-66.51942,10.31135],[-66.51857,10.3212],[-66.52884,10.32646],[-66.53077,10.33563],[-66.52924,10.34635],[-66.53818,10.35781],[-66.54156,10.36734],[-66.53936,10.3822],[-66.54546,10.38964],[-66.57581,10.4002],[-66.57877,10.4041],[-66.59164,10.40956]]]},"properties":{"municipio":"Paz Castillo","estado":"BOLIVARIANO MIRANDA"}},{"type":"Feature","geometry":{"type":"Polygon","coordinates":[[[-66.89691,10.41132],[-66.9038,10.40696],[-66.92536,10.41482],[-66.93223,10.41407],[-66.94174,10.42316],[-66.95385,10.42218],[-66.95958,10.41319],[-66.96487,10.4114],[-66.97637,10.40177],[-66.9907,10.39397],[-66.99741,10.38728],[-67.00585,10.38477],[-66.98786,10.37014],[-66.98714,10.36189],[-66.9713,10.35905],[-66.96938,10.35264],[-66.95976,10.35187],[-66.94752,10.34547],[-66.94129,10.34594],[-66.92526,10.356],[-66.927,10.36583],[-66.92397,10.37368],[-66.92571,10.37973],[-66.91846,10.38219],[-66.90999,10.38039],[-66.90497,10.38374],[-66.89657,10.38415],[-66.89309,10.38883],[-66.89246,10.40373],[-66.89691,10.41132]]]},"properties":{"municipio":"Los Salias","estado":"BOLIVARIANO MIRANDA"}},{"type":"Feature","geometry":{"type":"Polygon","coordinates":[[[-67.01632,10.38397],[-67.02023,10.38964],[-67.03365,10.39087],[-67.04578,10.38556],[-67.05994,10.39148],[-67.07097,10.39334],[-67.07978,10.39106],[-67.08837,10.40246],[-67.11882,10.40401],[-67.1345,10.40927],[-67.14575,10.4093],[-67.15153,10.41432],[-67.16062,10.41196],[-67.15521,10.42354],[-67.16044,10.43699],[-67.19857,10.42471],[-67.21063,10.41796],[-67.21617,10.41734],[-67.21995,10.40963],[-67.21849,10.39999],[-67.206,10.39034],[-67.19878,10.36923],[-67.18773,10.35356],[-67.1696,10.34855],[-67.1637,10.34202],[-67.16322,10.33245],[-67.17274,10.32633],[-67.18843,10.32515],[-67.18611,10.31402],[-67.18272,10.29893],[-67.16676,10.29754],[-67.14868,10.28736],[-67.14769,10.28439],[-67.13108,10.27354],[-67.11823,10.26358],[-67.09617,10.23667],[-67.1015,10.22487],[-67.11354,10.21832],[-67.11649,10.20986],[-67.11178,10.20176],[-67.11206,10.18278],[-67.12535,10.17099],[-67.12914,10.16338],[-67.13712,10.15939],[-67.13823,10.1518],[-67.12778,10.14036],[-67.12626,10.13472],[-67.11795,10.12703],[-67.11737,10.11838],[-67.10613,10.10571],[-67.10436,10.10108],[-67.11103,10.09377],[-67.10997,10.08964],[-67.09899,10.08568],[-67.08592,10.07728],[-67.0763,10.0737],[-67.058,10.05601],[-67.04355,10.05847],[-67.03323,10.06669],[-67.0093,10.06347],[-67.00367,10.05994],[-66.99803,10.06871],[-66.9937,10.08836],[-66.99369,10.10011],[-66.98691,10.10621],[-66.97333,10.14491],[-66.98173,10.14635],[-66.98668,10.15438],[-66.98558,10.16145],[-66.96205,10.17803],[-66.9647,10.19031],[-66.97141,10.19499],[-66.97562,10.20704],[-66.9754,10.22043],[-66.92922,10.22088],[-66.91575,10.2267],[-66.9102,10.23474],[-66.9003,10.23864],[-66.89318,10.24668],[-66.89338,10.25364],[-66.89007,10.26431],[-66.89414,10.27018],[-66.88938,10.28062],[-66.87821,10.28638],[-66.88119,10.29561],[-66.88864,10.2998],[-66.88751,10.31199],[-66.87868,10.3157],[-66.86374,10.31773],[-66.83634,10.32928],[-66.8347,10.33377],[-66.82593,10.3406],[-66.8484,10.35578],[-66.86521,10.35495],[-66.88872,10.36587],[-66.89628,10.37205],[-66.89657,10.38415],[-66.90497,10.38374],[-66.90999,10.38039],[-66.91846,10.38219],[-66.92571,10.37973],[-66.92397,10.37368],[-66.927,10.36583],[-66.92526,10.356],[-66.94129,10.34594],[-66.94752,10.34547],[-66.95976,10.35187],[-66.97642,10.33292],[-66.98031,10.32372],[-66.98576,10.31801],[-67.00013,10.31466],[-67.01108,10.32029],[-67.00851,10.33294],[-67.01295,10.34679],[-67.01948,10.34877],[-67.0238,10.35985],[-67.02189,10.36999],[-67.01632,10.38397]]]},"properties":{"municipio":"Bolivariano Guaicaipuro","estado":"BOLIVARIANO MIRANDA"}},{"type":"Feature","geometry":{"type":"Polygon","coordinates":[[[-66.82482,10.45415],[-66.83515,10.45809],[-66.84846,10.45411],[-66.84325,10.44732],[-66.84332,10.44168],[-66.84873,10.42761],[-66.84825,10.42001],[-66.85231,10.41555],[-66.8476,10.40932],[-66.84969,10.39311],[-66.84649,10.38783],[-66.83428,10.38458],[-66.83301,10.38119],[-66.83853,10.37092],[-66.83576,10.36516],[-66.82119,10.35989],[-66.80958,10.35889],[-66.8016,10.36228],[-66.77934,10.36301],[-66.76432,10.36753],[-66.74158,10.36812],[-66.73281,10.36506],[-66.7252,10.36589],[-66.71722,10.36325],[-66.70742,10.36962],[-66.70693,10.37394],[-66.69833,10.38547],[-66.70534,10.39081],[-66.71907,10.39932],[-66.72476,10.39812],[-66.74005,10.40648],[-66.74489,10.40345],[-66.74796,10.41253],[-66.75436,10.41621],[-66.76323,10.43093],[-66.77351,10.43175],[-66.78149,10.43625],[-66.78323,10.44106],[-66.78031,10.45205],[-66.78993,10.45593],[-66.79332,10.45118],[-66.80022,10.45064],[-66.80517,10.45449],[-66.81378,10.45572],[-66.82482,10.45415]]]},"properties":{"municipio":"El Hatillo","estado":"BOLIVARIANO MIRANDA"}},{"type":"Feature","geometry":{"type":"Polygon","coordinates":[[[-66.86946,10.48757],[-66.87927,10.48668],[-66.88298,10.48331],[-66.88354,10.46918],[-66.89219,10.46218],[-66.89642,10.44814],[-66.89556,10.43995],[-66.90131,10.42333],[-66.89409,10.42027],[-66.89691,10.41132],[-66.89246,10.40373],[-66.89309,10.38883],[-66.89657,10.38415],[-66.89628,10.37205],[-66.88872,10.36587],[-66.86521,10.35495],[-66.8484,10.35578],[-66.82593,10.3406],[-66.81634,10.34515],[-66.80703,10.34179],[-66.79699,10.34436],[-66.79354,10.34873],[-66.77667,10.34608],[-66.76972,10.34878],[-66.76475,10.36112],[-66.76432,10.36753],[-66.77934,10.36301],[-66.8016,10.36228],[-66.80958,10.35889],[-66.82119,10.35989],[-66.83576,10.36516],[-66.83853,10.37092],[-66.83301,10.38119],[-66.83428,10.38458],[-66.84649,10.38783],[-66.84969,10.39311],[-66.8476,10.40932],[-66.85231,10.41555],[-66.84825,10.42001],[-66.84873,10.42761],[-66.84332,10.44168],[-66.84325,10.44732],[-66.84846,10.45411],[-66.83515,10.45809],[-66.82482,10.45415],[-66.83307,10.46799],[-66.83294,10.47309],[-66.84706,10.47924],[-66.84706,10.48474],[-66.85229,10.48266],[-66.86946,10.48757]]]},"properties":{"municipio":"Baruta","estado":"BOLIVARIANO MIRANDA"}},{"type":"Feature","geometry":{"type":"Polygon","coordinates":[[[-66.32895,10.52166],[-66.33693,10.52662],[-66.34765,10.52524],[-66.36042,10.51453],[-66.36219,10.50579],[-66.35561,10.49772],[-66.34609,10.47611],[-66.35433,10.47085],[-66.35664,10.46388],[-66.37765,10.45191],[-66.40016,10.44586],[-66.41064,10.43934],[-66.41264,10.43413],[-66.4077,10.42528],[-66.41098,10.4154],[-66.40958,10.40792],[-66.41509,10.40277],[-66.41909,10.39216],[-66.44148,10.3742],[-66.47418,10.38992],[-66.476,10.38243],[-66.47232,10.36972],[-66.47476,10.35396],[-66.4845,10.34348],[-66.48403,10.3352],[-66.48851,10.32741],[-66.49656,10.32221],[-66.51204,10.31766],[-66.51857,10.3212],[-66.51942,10.31135],[-66.51447,10.30565],[-66.52192,10.29517],[-66.51498,10.28096],[-66.50688,10.27496],[-66.51445,10.26448],[-66.51131,10.25854],[-66.51308,10.24518],[-66.52035,10.23038],[-66.51362,10.22953],[-66.51164,10.21785],[-66.5119,10.20132],[-66.50768,10.19365],[-66.50824,10.17054],[-66.50547,10.16449],[-66.50887,10.15227],[-66.51552,10.14569],[-66.51619,10.13658],[-66.52237,10.12455],[-66.52329,10.11245],[-66.52771,10.10449],[-66.53568,10.10563],[-66.54197,10.10162],[-66.54186,10.0936],[-66.54894,10.0815],[-66.56084,10.07445],[-66.56097,10.06307],[-66.55475,10.05947],[-66.55772,10.05055],[-66.55265,10.04648],[-66.55218,10.03696],[-66.53865,10.03348],[-66.52893,10.02557],[-66.5125,10.02178],[-66.50043,10.01579],[-66.49438,10.01896],[-66.48671,10.01601],[-66.48165,10.02198],[-66.47254,10.02198],[-66.4626,10.0131],[-66.44379,10.01358],[-66.43385,10.01832],[-66.43331,10.02883],[-66.41902,10.03346],[-66.40703,10.03922],[-66.39358,10.03838],[-66.37924,10.03947],[-66.36387,10.02752],[-66.34663,10.02482],[-66.33536,10.01527],[-66.33808,10.00494],[-66.3344,9.99821],[-66.32476,10.00266],[-66.31523,10.00188],[-66.31258,9.99635],[-66.30457,9.99167],[-66.28902,9.97846],[-66.28383,9.97702],[-66.27491,9.98441],[-66.26027,9.98231],[-66.24532,9.98795],[-66.23116,9.96772],[-66.22428,9.96928],[-66.21928,9.95937],[-66.21199,9.95775],[-66.20789,9.95276],[-66.19144,9.95673],[-66.18053,9.9497],[-66.1645,9.94664],[-66.15811,9.95091],[-66.1578,9.95715],[-66.14936,9.97637],[-66.13303,9.96466],[-66.12688,9.95751],[-66.10651,9.95548],[-66.09934,9.95235],[-66.09084,9.96064],[-66.08572,9.97007],[-66.09867,9.99831],[-66.1165,9.99824],[-66.12448,10.00164],[-66.12836,10.00917],[-66.1291,10.01725],[-66.13672,10.02502],[-66.12828,10.04041],[-66.12931,10.0464],[-66.1402,10.0559],[-66.15333,10.06289],[-66.14319,10.07777],[-66.12096,10.0897],[-66.11729,10.09856],[-66.10551,10.10295],[-66.09409,10.11331],[-66.0837,10.11901],[-66.07705,10.11794],[-66.06994,10.13015],[-66.07267,10.13841],[-66.06983,10.14332],[-66.06924,10.15391],[-66.07843,10.16],[-66.07186,10.17048],[-66.07466,10.19041],[-66.06669,10.20089],[-66.06954,10.20394],[-66.1037,10.21419],[-66.10216,10.24441],[-66.11079,10.25305],[-66.18261,10.32004],[-66.19391,10.33155],[-66.22762,10.36268],[-66.23172,10.37047],[-66.22226,10.40217],[-66.21935,10.40912],[-66.20521,10.43139],[-66.20527,10.43641],[-66.32895,10.52166]]]},"properties":{"municipio":"Acevedo","estado":"BOLIVARIANO MIRANDA"}},{"type":"Feature","geometry":{"type":"Polygon","coordinates":[[[-66.60464,10.53851],[-66.61514,10.54114],[-66.62507,10.53982],[-66.63765,10.54128],[-66.64307,10.53814],[-66.65593,10.54312],[-66.66915,10.54268],[-66.67485,10.54623],[-66.71195,10.53961],[-66.7138,10.524],[-66.71823,10.51224],[-66.72152,10.4978],[-66.72215,10.48378],[-66.71129,10.46668],[-66.71264,10.44963],[-66.70595,10.44028],[-66.70698,10.4344],[-66.69406,10.41544],[-66.67823,10.40728],[-66.6636,10.40907],[-66.64081,10.40336],[-66.62913,10.4103],[-66.61764,10.40856],[-66.59164,10.40956],[-66.58923,10.42158],[-66.59085,10.42715],[-66.57574,10.45049],[-66.5869,10.47341],[-66.58434,10.48185],[-66.59267,10.49394],[-66.60089,10.49687],[-66.6039,10.5019],[-66.60273,10.51369],[-66.59982,10.52069],[-66.60464,10.53851]]]},"properties":{"municipio":"Plaza","estado":"BOLIVARIANO MIRANDA"}},{"type":"Feature","geometry":{"type":"Polygon","coordinates":[[[-66.71195,10.53961],[-66.71824,10.54514],[-66.72931,10.54713],[-66.74196,10.54581],[-66.75005,10.54031],[-66.75785,10.5457],[-66.77818,10.54725],[-66.78084,10.5432],[-66.79057,10.54053],[-66.80581,10.54263],[-66.81517,10.54842],[-66.82292,10.54858],[-66.84541,10.53799],[-66.8444,10.52611],[-66.84734,10.50104],[-66.84192,10.48971],[-66.84706,10.48474],[-66.84706,10.47924],[-66.83294,10.47309],[-66.83307,10.46799],[-66.82482,10.45415],[-66.81378,10.45572],[-66.80517,10.45449],[-66.80022,10.45064],[-66.79332,10.45118],[-66.78993,10.45593],[-66.78031,10.45205],[-66.78323,10.44106],[-66.78149,10.43625],[-66.77351,10.43175],[-66.76323,10.43093],[-66.75436,10.41621],[-66.74796,10.41253],[-66.74489,10.40345],[-66.74005,10.40648],[-66.72476,10.39812],[-66.71907,10.39932],[-66.70534,10.39081],[-66.7017,10.40064],[-66.6925,10.40435],[-66.69406,10.41544],[-66.70698,10.4344],[-66.70595,10.44028],[-66.71264,10.44963],[-66.71129,10.46668],[-66.72215,10.48378],[-66.72152,10.4978],[-66.71823,10.51224],[-66.7138,10.524],[-66.71195,10.53961]]]},"properties":{"municipio":"Sucre","estado":"BOLIVARIANO MIRANDA"}},{"type":"Feature","geometry":{"type":"Polygon","coordinates":[[[-66.84541,10.53799],[-66.85521,10.54223],[-66.86055,10.54821],[-66.86797,10.54919],[-66.87143,10.54555],[-66.8678,10.5285],[-66.86345,10.52044],[-66.86183,10.51053],[-66.86879,10.49972],[-66.86946,10.48757],[-66.85229,10.48266],[-66.84706,10.48474],[-66.84192,10.48971],[-66.84734,10.50104],[-66.8444,10.52611],[-66.84541,10.53799]]]},"properties":{"municipio":"Chacao","estado":"BOLIVARIANO MIRANDA"}},{"type":"Feature","geometry":{"type":"Polygon","coordinates":[[[-66.34765,10.52524],[-66.35014,10.53588],[-66.35862,10.53954],[-66.37833,10.53812],[-66.39426,10.53459],[-66.41582,10.54273],[-66.42151,10.54255],[-66.42995,10.5344],[-66.44468,10.53238],[-66.45562,10.54094],[-66.46008,10.5362],[-66.47077,10.53209],[-66.48084,10.53673],[-66.49614,10.53967],[-66.50638,10.54843],[-66.53507,10.55298],[-66.53945,10.547],[-66.55131,10.54657],[-66.56739,10.54905],[-66.58214,10.55603],[-66.59112,10.55365],[-66.60464,10.53851],[-66.59982,10.52069],[-66.60273,10.51369],[-66.6039,10.5019],[-66.60089,10.49687],[-66.59267,10.49394],[-66.58434,10.48185],[-66.5869,10.47341],[-66.57574,10.45049],[-66.59085,10.42715],[-66.58923,10.42158],[-66.59164,10.40956],[-66.57877,10.4041],[-66.57581,10.4002],[-66.54546,10.38964],[-66.53936,10.3822],[-66.54156,10.36734],[-66.53818,10.35781],[-66.52924,10.34635],[-66.53077,10.33563],[-66.52884,10.32646],[-66.51857,10.3212],[-66.51204,10.31766],[-66.49656,10.32221],[-66.48851,10.32741],[-66.48403,10.3352],[-66.4845,10.34348],[-66.47476,10.35396],[-66.47232,10.36972],[-66.476,10.38243],[-66.47418,10.38992],[-66.44148,10.3742],[-66.41909,10.39216],[-66.41509,10.40277],[-66.40958,10.40792],[-66.41098,10.4154],[-66.4077,10.42528],[-66.41264,10.43413],[-66.41064,10.43934],[-66.40016,10.44586],[-66.37765,10.45191],[-66.35664,10.46388],[-66.35433,10.47085],[-66.34609,10.47611],[-66.35561,10.49772],[-66.36219,10.50579],[-66.36042,10.51453],[-66.34765,10.52524]]]},"properties":{"municipio":"Zamora","estado":"BOLIVARIANO MIRANDA"}},{"type":"Feature","geometry":{"type":"Polygon","coordinates":[[[-71.37505,7.84663],[-71.37932,7.86153],[-71.3898,7.86968],[-71.40143,7.86387],[-71.41006,7.87261],[-71.40902,7.88139],[-71.42021,7.89673],[-71.42996,7.90477],[-71.43796,7.90818],[-71.44471,7.90469],[-71.44872,7.88531],[-71.45556,7.87962],[-71.47238,7.85451],[-71.47835,7.85424],[-71.48819,7.8585],[-71.49311,7.87062],[-71.49236,7.87663],[-71.50927,7.89326],[-71.50961,7.90481],[-71.51154,7.88753],[-71.51038,7.87605],[-71.51733,7.8716],[-71.51888,7.86301],[-71.51663,7.85132],[-71.51974,7.84781],[-71.51327,7.84129],[-71.51438,7.82953],[-71.52234,7.82038],[-71.52293,7.80975],[-71.51443,7.7972],[-71.52293,7.78392],[-71.52452,7.76994],[-71.534,7.75366],[-71.52227,7.74484],[-71.51301,7.73184],[-71.51523,7.72198],[-71.50912,7.71802],[-71.50575,7.7104],[-71.49962,7.70716],[-71.49641,7.68626],[-71.49263,7.67488],[-71.49253,7.66334],[-71.48743,7.66333],[-71.48439,7.6704],[-71.4776,7.67152],[-71.47596,7.67925],[-71.46695,7.6758],[-71.46149,7.67941],[-71.46043,7.68687],[-71.45057,7.6925],[-71.4441,7.69919],[-71.4564,7.7189],[-71.46639,7.72593],[-71.46434,7.74297],[-71.46635,7.74935],[-71.46434,7.75889],[-71.45994,7.763],[-71.46498,7.77026],[-71.45383,7.78503],[-71.43985,7.79436],[-71.43444,7.79335],[-71.41112,7.8077],[-71.40114,7.8176],[-71.39235,7.82146],[-71.38561,7.82768],[-71.38215,7.83874],[-71.37505,7.84663]]]},"properties":{"municipio":"Padre Noguera","estado":"MÉRIDA"}},{"type":"Feature","geometry":{"type":"Polygon","coordinates":[[[-71.58064,8.26348],[-71.59587,8.26827],[-71.60147,8.27408],[-71.61125,8.27929],[-71.62366,8.28848],[-71.63167,8.28718],[-71.65077,8.29086],[-71.6552,8.28968],[-71.67345,8.30094],[-71.67626,8.3005],[-71.69032,8.29289],[-71.6964,8.27112],[-71.70933,8.25667],[-71.7191,8.26029],[-71.73124,8.25671],[-71.75038,8.24071],[-71.75804,8.23185],[-71.77249,8.22662],[-71.78715,8.23091],[-71.78922,8.22017],[-71.79853,8.20732],[-71.7987,8.19601],[-71.80297,8.19088],[-71.82461,8.15549],[-71.8163,8.14593],[-71.81396,8.12831],[-71.80537,8.11947],[-71.79189,8.11854],[-71.78329,8.11102],[-71.77776,8.09917],[-71.77058,8.09733],[-71.76631,8.09129],[-71.76582,8.07836],[-71.75853,8.07373],[-71.75963,8.06717],[-71.75502,8.05776],[-71.73494,8.04479],[-71.72202,8.0386],[-71.70933,8.0432],[-71.70258,8.03989],[-71.70709,8.03176],[-71.70342,8.02595],[-71.69628,8.02685],[-71.68841,8.01469],[-71.67519,8.00565],[-71.6681,8.00893],[-71.64757,8.02867],[-71.63839,8.03902],[-71.62984,8.03875],[-71.62234,8.04309],[-71.61678,8.04997],[-71.61035,8.05089],[-71.60206,8.05703],[-71.58446,8.04499],[-71.57148,8.03906],[-71.56102,8.04892],[-71.58639,8.08576],[-71.58452,8.09237],[-71.58672,8.09972],[-71.59823,8.11343],[-71.60327,8.11647],[-71.62124,8.11592],[-71.63707,8.1268],[-71.63519,8.13549],[-71.62459,8.1451],[-71.62046,8.15819],[-71.62772,8.17153],[-71.63535,8.18181],[-71.62186,8.19477],[-71.60581,8.20595],[-71.59043,8.21061],[-71.58458,8.22344],[-71.58586,8.24418],[-71.58039,8.25002],[-71.58064,8.26348]]]},"properties":{"municipio":"Guaraque","estado":"MÉRIDA"}},{"type":"Feature","geometry":{"type":"Polygon","coordinates":[[[-71.18217,8.32698],[-71.19503,8.33369],[-71.19543,8.34179],[-71.20271,8.3455],[-71.21525,8.3594],[-71.23113,8.36151],[-71.24158,8.35859],[-71.25058,8.34778],[-71.26783,8.34959],[-71.27319,8.34715],[-71.27973,8.3338],[-71.29816,8.33031],[-71.3047,8.32692],[-71.31199,8.31918],[-71.32388,8.32173],[-71.32742,8.32523],[-71.33878,8.31601],[-71.34583,8.31796],[-71.34957,8.29068],[-71.36361,8.27807],[-71.3886,8.29238],[-71.39623,8.29274],[-71.40506,8.30394],[-71.41269,8.3084],[-71.42445,8.30687],[-71.43173,8.3021],[-71.43681,8.29228],[-71.44412,8.28665],[-71.45118,8.26898],[-71.45475,8.26535],[-71.46278,8.26751],[-71.46848,8.26398],[-71.48516,8.26613],[-71.49292,8.26167],[-71.49421,8.24781],[-71.50847,8.2394],[-71.51405,8.23957],[-71.51639,8.24591],[-71.52394,8.25424],[-71.52795,8.26976],[-71.55116,8.27589],[-71.55512,8.27479],[-71.57063,8.27856],[-71.57363,8.27685],[-71.58064,8.26348],[-71.58039,8.25002],[-71.58586,8.24418],[-71.58458,8.22344],[-71.59043,8.21061],[-71.60581,8.20595],[-71.62186,8.19477],[-71.63535,8.18181],[-71.62772,8.17153],[-71.62046,8.15819],[-71.62459,8.1451],[-71.63519,8.13549],[-71.63707,8.1268],[-71.62124,8.11592],[-71.60327,8.11647],[-71.59823,8.11343],[-71.58672,8.09972],[-71.58452,8.09237],[-71.58639,8.08576],[-71.56102,8.04892],[-71.57148,8.03906],[-71.56718,8.02332],[-71.57216,8.00379],[-71.5714,7.99779],[-71.55913,7.99347],[-71.55639,7.98457],[-71.54906,7.97618],[-71.53696,7.97885],[-71.53329,7.97673],[-71.52794,7.9708],[-71.52793,7.96469],[-71.52115,7.96094],[-71.51603,7.93769],[-71.50709,7.92513],[-71.50961,7.90481],[-71.50927,7.89326],[-71.49236,7.87663],[-71.49311,7.87062],[-71.48819,7.8585],[-71.47835,7.85424],[-71.47238,7.85451],[-71.45556,7.87962],[-71.44872,7.88531],[-71.44471,7.90469],[-71.43796,7.90818],[-71.42996,7.90477],[-71.42021,7.89673],[-71.40902,7.88139],[-71.41006,7.87261],[-71.40143,7.86387],[-71.3898,7.86968],[-71.37932,7.86153],[-71.37505,7.84663],[-71.36623,7.85168],[-71.35595,7.85245],[-71.35181,7.86082],[-71.34571,7.86154],[-71.33301,7.8721],[-71.32108,7.88563],[-71.30891,7.88247],[-71.30236,7.89184],[-71.29372,7.89594],[-71.29475,7.90166],[-71.28936,7.91339],[-71.29136,7.92317],[-71.28826,7.9317],[-71.29393,7.94068],[-71.29157,7.96679],[-71.28597,7.96832],[-71.28648,7.98407],[-71.28213,7.99377],[-71.27748,7.998],[-71.26552,8.03381],[-71.25599,8.03577],[-71.24521,8.04459],[-71.23665,8.05422],[-71.23134,8.07252],[-71.232,8.07858],[-71.22993,8.09849],[-71.22771,8.10213],[-71.24209,8.11607],[-71.24991,8.11943],[-71.24777,8.12869],[-71.26738,8.15453],[-71.26617,8.16152],[-71.26113,8.16968],[-71.26081,8.17731],[-71.24859,8.19002],[-71.24066,8.20062],[-71.23712,8.21089],[-71.22554,8.2181],[-71.2177,8.22588],[-71.21599,8.23655],[-71.21748,8.24535],[-71.20612,8.25987],[-71.19735,8.26769],[-71.18728,8.28782],[-71.18363,8.29831],[-71.18652,8.31262],[-71.18217,8.32698]]]},"properties":{"municipio":"Arzobispo Chacón","estado":"MÉRIDA"}},{"type":"Feature","geometry":{"type":"Polygon","coordinates":[[[-71.08311,8.37357],[-71.08989,8.36696],[-71.10754,8.37245],[-71.11926,8.3858],[-71.1358,8.37994],[-71.13959,8.37009],[-71.147,8.3666],[-71.1557,8.36576],[-71.16835,8.35696],[-71.17108,8.35126],[-71.16653,8.33705],[-71.17553,8.32785],[-71.18217,8.32698],[-71.18652,8.31262],[-71.18363,8.29831],[-71.18728,8.28782],[-71.19735,8.26769],[-71.20612,8.25987],[-71.21748,8.24535],[-71.21599,8.23655],[-71.2177,8.22588],[-71.22554,8.2181],[-71.23712,8.21089],[-71.24066,8.20062],[-71.24859,8.19002],[-71.26081,8.17731],[-71.26113,8.16968],[-71.26617,8.16152],[-71.26738,8.15453],[-71.24777,8.12869],[-71.24991,8.11943],[-71.24209,8.11607],[-71.22771,8.10213],[-71.22993,8.09849],[-71.232,8.07858],[-71.23134,8.07252],[-71.23665,8.05422],[-71.24521,8.04459],[-71.25599,8.03577],[-71.26552,8.03381],[-71.27748,7.998],[-71.28213,7.99377],[-71.28648,7.98407],[-71.28597,7.96832],[-71.29157,7.96679],[-71.29393,7.94068],[-71.28826,7.9317],[-71.29136,7.92317],[-71.28936,7.91339],[-71.27858,7.90685],[-71.27241,7.90728],[-71.26085,7.92161],[-71.24809,7.93093],[-71.24355,7.93837],[-71.23361,7.94253],[-71.23161,7.94725],[-71.2358,7.95628],[-71.22668,7.95786],[-71.21367,7.97007],[-71.19763,7.97702],[-71.18275,7.99022],[-71.18121,7.99448],[-71.16858,7.99688],[-71.1714,8.00594],[-71.16729,8.01133],[-71.15773,8.01231],[-71.15159,8.01911],[-71.13532,8.02159],[-71.12753,8.03774],[-71.12092,8.03891],[-71.11801,8.03393],[-71.10908,8.04305],[-71.10377,8.04293],[-71.10242,8.05512],[-71.09471,8.05883],[-71.09522,8.06978],[-71.08221,8.0721],[-71.06539,8.09164],[-71.05689,8.10518],[-71.04479,8.11491],[-71.04687,8.12293],[-71.04523,8.14499],[-71.04268,8.15364],[-71.03519,8.16222],[-71.02448,8.1688],[-71.01771,8.17595],[-71.00926,8.19772],[-71.02709,8.22368],[-71.02368,8.23109],[-71.03506,8.25243],[-71.05045,8.27373],[-71.05143,8.29079],[-71.06516,8.30362],[-71.07039,8.3128],[-71.06898,8.32994],[-71.07543,8.34812],[-71.07306,8.3547],[-71.07853,8.35892],[-71.07787,8.36606],[-71.08311,8.37357]]]},"properties":{"municipio":"Aricagua","estado":"MÉRIDA"}},{"type":"Feature","geometry":{"type":"Polygon","coordinates":[[[-71.67626,8.3005],[-71.67538,8.31685],[-71.67752,8.32076],[-71.6749,8.33351],[-71.67901,8.33957],[-71.67592,8.34665],[-71.68132,8.35802],[-71.68453,8.36989],[-71.66924,8.37996],[-71.67438,8.39146],[-71.68004,8.39765],[-71.68492,8.39815],[-71.68672,8.40927],[-71.69443,8.41685],[-71.70329,8.4291],[-71.70992,8.43508],[-71.712,8.43143],[-71.73014,8.42541],[-71.74016,8.41151],[-71.7386,8.40222],[-71.74339,8.3868],[-71.74874,8.38527],[-71.75287,8.37782],[-71.74976,8.37137],[-71.77162,8.35267],[-71.78076,8.34658],[-71.79165,8.33554],[-71.80144,8.33094],[-71.80567,8.3257],[-71.79559,8.32513],[-71.77884,8.31823],[-71.77182,8.31095],[-71.769,8.30392],[-71.77338,8.29099],[-71.77275,8.28703],[-71.76208,8.27449],[-71.75892,8.25365],[-71.75133,8.24547],[-71.75038,8.24071],[-71.73124,8.25671],[-71.7191,8.26029],[-71.70933,8.25667],[-71.6964,8.27112],[-71.69032,8.29289],[-71.67626,8.3005]]]},"properties":{"municipio":"Tovar","estado":"MÉRIDA"}},{"type":"Feature","geometry":{"type":"Polygon","coordinates":[[[-69.3014,11.52047],[-69.29639,11.50073],[-69.284,11.46768],[-69.23313,11.45961],[-69.22771,11.45823],[-69.21623,11.42478],[-69.17884,11.431],[-69.17918,11.4674],[-69.16215,11.49578],[-69.17548,11.50776],[-69.18403,11.51178],[-69.19778,11.5095],[-69.2011,11.50394],[-69.2077,11.50494],[-69.22119,11.51154],[-69.23231,11.51143],[-69.24323,11.51848],[-69.25428,11.52859],[-69.26622,11.5354],[-69.28398,11.53361],[-69.28594,11.52787],[-69.29424,11.52592],[-69.3014,11.52047]]]},"properties":{"municipio":"Tocópero","estado":"FALCÓN"}},{"type":"Feature","geometry":{"type":"Polygon","coordinates":[[[-69.46517,11.50159],[-69.42982,11.45559],[-69.42173,11.45334],[-69.4262,11.44287],[-69.4324,11.43398],[-69.432,11.42371],[-69.42168,11.43053],[-69.41923,11.42587],[-69.42434,11.36744],[-69.41831,11.35421],[-69.41667,11.32259],[-69.41402,11.31628],[-69.40709,11.31314],[-69.40338,11.30253],[-69.39254,11.30308],[-69.38255,11.29934],[-69.3755,11.29323],[-69.37382,11.2858],[-69.37733,11.27404],[-69.3853,11.25793],[-69.3861,11.25118],[-69.3826,11.2441],[-69.38591,11.23727],[-69.38616,11.20353],[-69.38587,11.13891],[-69.3863,11.12288],[-69.38011,11.12],[-69.37416,11.12659],[-69.36458,11.13234],[-69.35368,11.13568],[-69.33802,11.14814],[-69.33002,11.15125],[-69.31389,11.16107],[-69.29609,11.15828],[-69.2886,11.15191],[-69.27396,11.14672],[-69.26777,11.15259],[-69.2577,11.15798],[-69.24052,11.15135],[-69.23492,11.15998],[-69.22534,11.16452],[-69.22093,11.17053],[-69.21911,11.18369],[-69.2219,11.18991],[-69.20578,11.19446],[-69.199,11.20476],[-69.19173,11.20727],[-69.19939,11.2185],[-69.19704,11.22251],[-69.20116,11.22993],[-69.21086,11.23842],[-69.22177,11.24068],[-69.22571,11.24553],[-69.23371,11.24426],[-69.24583,11.25352],[-69.24717,11.25693],[-69.24775,11.2801],[-69.2406,11.32902],[-69.23933,11.33076],[-69.23488,11.36375],[-69.23808,11.40488],[-69.21623,11.42478],[-69.22771,11.45823],[-69.23313,11.45961],[-69.284,11.46768],[-69.29639,11.50073],[-69.3014,11.52047],[-69.31926,11.5129],[-69.334,11.5003],[-69.35468,11.4915],[-69.35713,11.4879],[-69.36787,11.48346],[-69.37905,11.48319],[-69.38871,11.48561],[-69.3966,11.48491],[-69.42164,11.49325],[-69.44569,11.49589],[-69.45897,11.50135],[-69.46517,11.50159]]]},"properties":{"municipio":"Zamora","estado":"FALCÓN"}},{"type":"Feature","geometry":{"type":"Polygon","coordinates":[[[-69.46517,11.50159],[-69.48556,11.50253],[-69.49282,11.50515],[-69.50334,11.50395],[-69.51237,11.50578],[-69.52415,11.50385],[-69.53702,11.49679],[-69.55175,11.48657],[-69.56631,11.47388],[-69.57154,11.4583],[-69.58475,11.45494],[-69.59854,11.4556],[-69.60094,11.44931],[-69.61004,11.44677],[-69.61092,11.44126],[-69.62058,11.43506],[-69.6285,11.42658],[-69.62904,11.41483],[-69.60472,11.36701],[-69.58901,11.38218],[-69.56839,11.38623],[-69.55696,11.38133],[-69.53647,11.38226],[-69.50981,11.39235],[-69.50264,11.39675],[-69.49263,11.3879],[-69.47353,11.3531],[-69.47891,11.34443],[-69.47823,11.33543],[-69.47016,11.32622],[-69.48014,11.31715],[-69.49187,11.31031],[-69.50289,11.29974],[-69.53099,11.28931],[-69.55132,11.26954],[-69.56602,11.25072],[-69.59915,11.22929],[-69.57639,11.22004],[-69.56235,11.21318],[-69.55749,11.21954],[-69.54367,11.22841],[-69.53228,11.22708],[-69.51716,11.21723],[-69.51159,11.21086],[-69.50239,11.2105],[-69.49138,11.20401],[-69.46708,11.17806],[-69.46576,11.16738],[-69.46107,11.15262],[-69.45647,11.14829],[-69.44388,11.14528],[-69.43625,11.14875],[-69.42733,11.12546],[-69.41655,11.12473],[-69.40978,11.12088],[-69.40117,11.12591],[-69.39379,11.12242],[-69.3863,11.12288],[-69.38587,11.13891],[-69.38616,11.20353],[-69.38591,11.23727],[-69.3826,11.2441],[-69.3861,11.25118],[-69.3853,11.25793],[-69.37733,11.27404],[-69.37382,11.2858],[-69.3755,11.29323],[-69.38255,11.29934],[-69.39254,11.30308],[-69.40338,11.30253],[-69.40709,11.31314],[-69.41402,11.31628],[-69.41667,11.32259],[-69.41831,11.35421],[-69.42434,11.36744],[-69.41923,11.42587],[-69.42168,11.43053],[-69.432,11.42371],[-69.4324,11.43398],[-69.4262,11.44287],[-69.42173,11.45334],[-69.42982,11.45559],[-69.46517,11.50159]]]},"properties":{"municipio":"Colina","estado":"FALCÓN"}},{"type":"Feature","geometry":{"type":"Polygon","coordinates":[[[-71.58367,8.51449],[-71.59625,8.50663],[-71.6045,8.50637],[-71.61955,8.51292],[-71.62791,8.51485],[-71.63365,8.52834],[-71.63253,8.54],[-71.63505,8.5543],[-71.67164,8.53317],[-71.72025,8.50684],[-71.72409,8.50404],[-71.72394,8.50001],[-71.70955,8.48941],[-71.70943,8.47273],[-71.71187,8.46388],[-71.70682,8.45695],[-71.70631,8.44924],[-71.71082,8.44014],[-71.70992,8.43508],[-71.70329,8.4291],[-71.69443,8.41685],[-71.68672,8.40927],[-71.68492,8.39815],[-71.68004,8.39765],[-71.67438,8.39146],[-71.66924,8.37996],[-71.68453,8.36989],[-71.68132,8.35802],[-71.67592,8.34665],[-71.67901,8.33957],[-71.6749,8.33351],[-71.67752,8.32076],[-71.67538,8.31685],[-71.67626,8.3005],[-71.67345,8.30094],[-71.6552,8.28968],[-71.65077,8.29086],[-71.63167,8.28718],[-71.62366,8.28848],[-71.61125,8.27929],[-71.60147,8.27408],[-71.59587,8.26827],[-71.58064,8.26348],[-71.57363,8.27685],[-71.57063,8.27856],[-71.58073,8.30047],[-71.57473,8.31135],[-71.57986,8.3208],[-71.58695,8.32709],[-71.58076,8.3407],[-71.57564,8.35872],[-71.56372,8.36005],[-71.55206,8.3679],[-71.5535,8.37459],[-71.54787,8.38682],[-71.55899,8.396],[-71.56226,8.40783],[-71.56815,8.41992],[-71.57443,8.42223],[-71.58088,8.4463],[-71.57223,8.45553],[-71.56974,8.46196],[-71.57183,8.47508],[-71.56934,8.47972],[-71.58137,8.50325],[-71.58367,8.51449]]]},"properties":{"municipio":"Antonio Pinto Salinas","estado":"MÉRIDA"}},{"type":"Feature","geometry":{"type":"Polygon","coordinates":[[[-71.55651,8.63157],[-71.56405,8.63698],[-71.57226,8.61481],[-71.55433,8.56111],[-71.55773,8.55712],[-71.57383,8.55955],[-71.58313,8.56482],[-71.59307,8.56564],[-71.58169,8.54339],[-71.57947,8.52847],[-71.58406,8.52358],[-71.58367,8.51449],[-71.58137,8.50325],[-71.56934,8.47972],[-71.57183,8.47508],[-71.56974,8.46196],[-71.57223,8.45553],[-71.58088,8.4463],[-71.57443,8.42223],[-71.56815,8.41992],[-71.56226,8.40783],[-71.55899,8.396],[-71.54787,8.38682],[-71.5535,8.37459],[-71.55206,8.3679],[-71.56372,8.36005],[-71.57564,8.35872],[-71.58076,8.3407],[-71.58695,8.32709],[-71.57986,8.3208],[-71.57473,8.31135],[-71.58073,8.30047],[-71.57063,8.27856],[-71.55512,8.27479],[-71.55116,8.27589],[-71.52795,8.26976],[-71.52394,8.25424],[-71.51639,8.24591],[-71.51405,8.23957],[-71.50847,8.2394],[-71.49421,8.24781],[-71.49292,8.26167],[-71.48516,8.26613],[-71.46848,8.26398],[-71.46278,8.26751],[-71.45475,8.26535],[-71.45118,8.26898],[-71.44412,8.28665],[-71.43681,8.29228],[-71.43173,8.3021],[-71.42445,8.30687],[-71.41269,8.3084],[-71.40506,8.30394],[-71.39623,8.29274],[-71.3886,8.29238],[-71.36361,8.27807],[-71.34957,8.29068],[-71.34583,8.31796],[-71.34983,8.31578],[-71.35751,8.31938],[-71.36074,8.33164],[-71.36546,8.3347],[-71.36802,8.34297],[-71.35373,8.35722],[-71.3474,8.36122],[-71.34214,8.36854],[-71.34349,8.38587],[-71.34672,8.3912],[-71.35607,8.39635],[-71.33431,8.40725],[-71.3335,8.42524],[-71.32245,8.4299],[-71.31948,8.43456],[-71.31169,8.45615],[-71.31319,8.47489],[-71.31227,8.48255],[-71.32196,8.48362],[-71.32955,8.49003],[-71.3283,8.4954],[-71.32156,8.49936],[-71.32286,8.5078],[-71.32796,8.51694],[-71.32914,8.52913],[-71.3372,8.53851],[-71.33753,8.55294],[-71.34726,8.56044],[-71.35591,8.56397],[-71.35613,8.54953],[-71.37904,8.55168],[-71.3851,8.55992],[-71.39267,8.56356],[-71.3944,8.5688],[-71.40295,8.57364],[-71.40431,8.5864],[-71.40155,8.5945],[-71.40246,8.61093],[-71.4125,8.6205],[-71.41453,8.62973],[-71.43321,8.62759],[-71.4387,8.63367],[-71.44586,8.63216],[-71.456,8.62382],[-71.46666,8.62222],[-71.48173,8.6302],[-71.49224,8.62312],[-71.51092,8.6246],[-71.51938,8.61998],[-71.52672,8.61915],[-71.53923,8.62139],[-71.54916,8.62908],[-71.55651,8.63157]]]},"properties":{"municipio":"Sucre","estado":"MÉRIDA"}},{"type":"Feature","geometry":{"type":"Polygon","coordinates":[[[-71.147,8.3666],[-71.15305,8.37384],[-71.17399,8.38856],[-71.17562,8.3953],[-71.18458,8.40316],[-71.18672,8.4089],[-71.19718,8.42212],[-71.2016,8.43298],[-71.20828,8.43485],[-71.21168,8.44408],[-71.2282,8.45132],[-71.2357,8.46048],[-71.2311,8.47533],[-71.2205,8.48618],[-71.20643,8.49003],[-71.19256,8.48691],[-71.18804,8.48909],[-71.18661,8.49902],[-71.19225,8.50428],[-71.20354,8.50969],[-71.20605,8.51474],[-71.20596,8.53396],[-71.21638,8.54772],[-71.22787,8.54682],[-71.22585,8.55578],[-71.21806,8.55866],[-71.2196,8.56414],[-71.21637,8.58021],[-71.21908,8.59538],[-71.2233,8.60917],[-71.21906,8.62033],[-71.21931,8.62684],[-71.22852,8.64247],[-71.22698,8.65352],[-71.22144,8.6613],[-71.21434,8.678],[-71.20918,8.68132],[-71.21005,8.69094],[-71.20515,8.6954],[-71.20218,8.70395],[-71.19213,8.70598],[-71.18889,8.7134],[-71.17673,8.72015],[-71.17599,8.7249],[-71.18406,8.72056],[-71.20143,8.71688],[-71.21774,8.71893],[-71.2191,8.7116],[-71.23179,8.70338],[-71.24229,8.7025],[-71.25061,8.69859],[-71.25306,8.69404],[-71.25053,8.68391],[-71.26313,8.67226],[-71.28012,8.68125],[-71.29828,8.67779],[-71.30659,8.68058],[-71.31402,8.67717],[-71.3234,8.66351],[-71.33847,8.66385],[-71.3427,8.6617],[-71.35728,8.66323],[-71.37251,8.66311],[-71.38043,8.6664],[-71.38827,8.6554],[-71.39034,8.64744],[-71.39764,8.63876],[-71.39666,8.62611],[-71.39271,8.62079],[-71.39862,8.60992],[-71.40246,8.61093],[-71.40155,8.5945],[-71.40431,8.5864],[-71.40295,8.57364],[-71.3944,8.5688],[-71.39267,8.56356],[-71.3851,8.55992],[-71.37904,8.55168],[-71.35613,8.54953],[-71.35591,8.56397],[-71.34726,8.56044],[-71.33753,8.55294],[-71.3372,8.53851],[-71.32914,8.52913],[-71.32796,8.51694],[-71.32286,8.5078],[-71.32156,8.49936],[-71.3283,8.4954],[-71.32955,8.49003],[-71.32196,8.48362],[-71.31227,8.48255],[-71.31319,8.47489],[-71.31169,8.45615],[-71.31948,8.43456],[-71.32245,8.4299],[-71.3335,8.42524],[-71.33431,8.40725],[-71.35607,8.39635],[-71.34672,8.3912],[-71.34349,8.38587],[-71.34214,8.36854],[-71.3474,8.36122],[-71.35373,8.35722],[-71.36802,8.34297],[-71.36546,8.3347],[-71.36074,8.33164],[-71.35751,8.31938],[-71.34983,8.31578],[-71.34583,8.31796],[-71.33878,8.31601],[-71.32742,8.32523],[-71.32388,8.32173],[-71.31199,8.31918],[-71.3047,8.32692],[-71.29816,8.33031],[-71.27973,8.3338],[-71.27319,8.34715],[-71.26783,8.34959],[-71.25058,8.34778],[-71.24158,8.35859],[-71.23113,8.36151],[-71.21525,8.3594],[-71.20271,8.3455],[-71.19543,8.34179],[-71.19503,8.33369],[-71.18217,8.32698],[-71.17553,8.32785],[-71.16653,8.33705],[-71.17108,8.35126],[-71.16835,8.35696],[-71.1557,8.36576],[-71.147,8.3666]]]},"properties":{"municipio":"Campo Elías","estado":"MÉRIDA"}},{"type":"Feature","geometry":{"type":"Polygon","coordinates":[[[-70.26288,11.95265],[-70.27026,11.94353],[-70.26973,11.93911],[-70.28138,11.92525],[-70.28439,11.91464],[-70.28943,11.90699],[-70.29197,11.89398],[-70.28883,11.87233],[-70.29307,11.86501],[-70.28295,11.85752],[-70.28042,11.85169],[-70.28246,11.8358],[-70.27707,11.8253],[-70.27665,11.81796],[-70.26588,11.81985],[-70.25753,11.81075],[-70.25268,11.79091],[-70.24553,11.773],[-70.24078,11.76917],[-70.23903,11.757],[-70.23243,11.76452],[-70.23911,11.76894],[-70.23778,11.77701],[-70.22683,11.78119],[-70.21296,11.77556],[-70.20564,11.76217],[-70.20479,11.75583],[-70.21262,11.74657],[-70.20174,11.74061],[-70.20372,11.72857],[-70.21046,11.72583],[-70.21256,11.73386],[-70.22616,11.72333],[-70.22301,11.71914],[-70.20049,11.72402],[-70.12096,11.74712],[-70.12115,11.82163],[-70.16228,11.83717],[-70.26288,11.95265]]]},"properties":{"municipio":"Los Taques","estado":"FALCÓN"}},{"type":"Feature","geometry":{"type":"Polygon","coordinates":[[[-70.22301,11.71914],[-70.21592,11.71842],[-70.2109,11.71016],[-70.21277,11.69898],[-70.21875,11.69558],[-70.21985,11.68649],[-70.21405,11.66958],[-70.22114,11.66388],[-70.22574,11.65627],[-70.22841,11.64614],[-70.2333,11.6416],[-70.23711,11.63206],[-70.22599,11.61833],[-70.22519,11.60912],[-70.20989,11.60447],[-70.1832,11.60478],[-70.16498,11.61172],[-70.15406,11.61231],[-70.14239,11.61776],[-70.12983,11.61645],[-70.09848,11.62358],[-70.07158,11.63282],[-70.04038,11.64021],[-70.01071,11.65007],[-69.99904,11.65751],[-69.97963,11.65762],[-69.9617,11.66632],[-69.95584,11.6628],[-69.94263,11.66987],[-69.9329,11.6634],[-69.94745,11.66062],[-69.9412,11.65485],[-69.93044,11.65338],[-69.92501,11.64747],[-69.91188,11.6622],[-69.90598,11.66169],[-69.89863,11.67246],[-69.89595,11.66732],[-69.879,11.66582],[-69.86903,11.66709],[-69.8644,11.67864],[-69.85891,11.68334],[-69.85194,11.6836],[-69.84049,11.69292],[-69.83283,11.6888],[-69.82634,11.67791],[-69.81491,11.68144],[-69.80653,11.69301],[-69.84518,11.76106],[-69.85982,11.81885],[-69.89357,11.8491],[-69.92044,11.83747],[-69.95237,11.81746],[-70.00153,11.80046],[-70.02858,11.79338],[-70.12096,11.74712],[-70.20049,11.72402],[-70.22301,11.71914]]]},"properties":{"municipio":"Carirubana","estado":"FALCÓN"}},{"type":"Feature","geometry":{"type":"Polygon","coordinates":[[[-69.73641,11.5141],[-69.69381,11.53488],[-69.6857,11.53887],[-69.70296,11.56678],[-69.71898,11.59521],[-69.73522,11.63565],[-69.75804,11.69084],[-69.776,11.7428],[-69.7864,11.77046],[-69.79231,11.79047],[-69.80014,11.82126],[-69.8119,11.8802],[-69.81369,11.89257],[-69.81358,11.91417],[-69.81023,11.93007],[-69.80583,11.93836],[-69.81568,11.95682],[-69.82,11.972],[-69.82044,11.99667],[-69.83399,12.01203],[-69.83302,12.02012],[-69.83795,12.02621],[-69.84116,12.0355],[-69.8525,12.04616],[-69.85218,12.05511],[-69.85847,12.06873],[-69.86798,12.08351],[-69.87531,12.08686],[-69.87785,12.09893],[-69.88276,12.10784],[-69.8937,12.13611],[-69.89776,12.14205],[-69.92302,12.16333],[-69.9348,12.17227],[-69.94553,12.1757],[-69.96277,12.17463],[-69.96773,12.17266],[-69.98702,12.1817],[-70.00232,12.1967],[-70.00815,12.19448],[-70.0182,12.19729],[-70.03542,12.19004],[-70.03784,12.18671],[-70.05452,12.18026],[-70.05832,12.17508],[-70.06819,12.17009],[-70.07117,12.16589],[-70.08359,12.16],[-70.10003,12.1486],[-70.10308,12.14402],[-70.11446,12.13833],[-70.12049,12.13211],[-70.12175,12.12569],[-70.1287,12.11947],[-70.14659,12.1082],[-70.15574,12.10462],[-70.17268,12.10254],[-70.18922,12.1056],[-70.20168,12.10275],[-70.21169,12.09689],[-70.21921,12.08243],[-70.20999,12.07515],[-70.20984,12.06812],[-70.21612,12.04829],[-70.23636,12.02119],[-70.25133,11.98993],[-70.2585,11.97951],[-70.2578,11.95978],[-70.26288,11.95265],[-70.16228,11.83717],[-70.12115,11.82163],[-70.12096,11.74712],[-70.02858,11.79338],[-70.00153,11.80046],[-69.95237,11.81746],[-69.92044,11.83747],[-69.89357,11.8491],[-69.85982,11.81885],[-69.84518,11.76106],[-69.80653,11.69301],[-69.801,11.68782],[-69.79787,11.68005],[-69.79953,11.67423],[-69.79339,11.66731],[-69.79025,11.65598],[-69.7847,11.6515],[-69.78537,11.64554],[-69.77809,11.63907],[-69.77875,11.62964],[-69.77206,11.61643],[-69.76544,11.61047],[-69.76552,11.60458],[-69.76107,11.59258],[-69.76201,11.58045],[-69.76559,11.57422],[-69.75657,11.56084],[-69.75106,11.5604],[-69.74982,11.55033],[-69.75511,11.53984],[-69.74524,11.53211],[-69.74541,11.52434],[-69.73641,11.5141]]]},"properties":{"municipio":"Falcón","estado":"FALCÓN"}},{"type":"Feature","geometry":{"type":"Polygon","coordinates":[[[-70.32065,11.32003],[-70.31102,11.31517],[-70.31275,11.30918],[-70.31095,11.28523],[-70.313,11.2757],[-70.32286,11.26698],[-70.32712,11.25676],[-70.3209,11.24397],[-70.32725,11.22696],[-70.33206,11.21824],[-70.36451,11.16963],[-70.37276,11.15847],[-70.38501,11.12166],[-70.39196,11.10296],[-70.38204,11.09755],[-70.40265,11.02128],[-70.40926,10.99524],[-70.4182,10.96531],[-70.44405,10.88523],[-70.37446,10.89754],[-70.35797,10.88643],[-70.35117,10.88582],[-70.34087,10.89177],[-70.31809,10.9107],[-70.30174,10.91514],[-70.2994,10.92761],[-70.29004,10.93107],[-70.28789,10.94008],[-70.2731,10.95594],[-70.28206,10.96387],[-70.27765,10.97222],[-70.27451,10.98762],[-70.26588,10.98979],[-70.26284,10.99437],[-70.26678,10.99953],[-70.26109,11.01043],[-70.24118,11.02751],[-70.23752,11.03419],[-70.23932,11.03943],[-70.25193,11.04404],[-70.25658,11.05361],[-70.22879,11.06387],[-70.22386,11.06281],[-70.21673,11.06798],[-70.20479,11.07204],[-70.20196,11.07533],[-70.18765,11.08246],[-70.18386,11.09234],[-70.16993,11.09421],[-70.16321,11.10162],[-70.1507,11.10394],[-70.14621,11.09853],[-70.13668,11.0969],[-70.13041,11.10521],[-70.1212,11.1069],[-70.134,11.15728],[-70.15476,11.23607],[-70.20132,11.27763],[-70.23165,11.32887],[-70.23862,11.34159],[-70.2472,11.34097],[-70.25767,11.34437],[-70.26902,11.35098],[-70.27535,11.35212],[-70.28435,11.34852],[-70.28748,11.34393],[-70.30621,11.33524],[-70.31226,11.32768],[-70.32275,11.32395],[-70.32084,11.32125],[-70.32065,11.32003]]]},"properties":{"municipio":"Urumaco","estado":"FALCÓN"}},{"type":"Feature","geometry":{"type":"Polygon","coordinates":[[[-70.9761,11.11953],[-70.9761,11.11988],[-71.00496,11.10698],[-71.0088,11.10229],[-71.0214,11.09693],[-71.02681,11.09213],[-71.03982,11.0873],[-71.04814,11.07972],[-71.05984,11.07612],[-71.07219,11.06866],[-71.07401,11.05922],[-71.09971,11.05397],[-71.11429,11.04913],[-71.12395,11.04237],[-71.1301,11.04176],[-71.14991,11.02534],[-71.17256,11.0167],[-71.18558,11.00861],[-71.19701,11.00541],[-71.20634,10.9955],[-71.21535,10.99158],[-71.22833,10.99192],[-71.23904,10.99007],[-71.26047,10.98221],[-71.27246,10.98019],[-71.29441,10.97179],[-71.30721,10.96568],[-71.31448,10.96455],[-71.31741,10.96117],[-71.31499,10.96325],[-71.31359,10.96442],[-71.31354,10.96363],[-71.31371,10.96279],[-71.31301,10.96238],[-71.30301,10.96512],[-71.30298,10.96454],[-71.30399,10.96381],[-71.30365,10.96341],[-71.30354,10.96328],[-71.30265,10.96306],[-71.30202,10.96258],[-71.30099,10.96298],[-71.29658,10.96497],[-71.28891,10.96898],[-71.28767,10.96878],[-71.28667,10.96797],[-71.28574,10.9664],[-71.28355,10.96628],[-71.2811,10.96694],[-71.27968,10.96807],[-71.27834,10.96992],[-71.27779,10.97075],[-71.27708,10.97163],[-71.27336,10.97468],[-71.27281,10.97468],[-71.27256,10.97427],[-71.27255,10.9742],[-71.27128,10.97445],[-71.27103,10.97472],[-71.27046,10.97456],[-71.27027,10.97441],[-71.27009,10.97334],[-71.2701,10.97268],[-71.26997,10.97256],[-71.26997,10.97248],[-71.26991,10.97027],[-71.26953,10.96928],[-71.26951,10.96876],[-71.26927,10.96506],[-71.26898,10.9639],[-71.26946,10.96242],[-71.26991,10.96126],[-71.27027,10.9608],[-71.27072,10.95978],[-71.27124,10.95825],[-71.2717,10.95644],[-71.27172,10.95553],[-71.27022,10.95363],[-71.26934,10.95244],[-71.26848,10.95082],[-71.26769,10.94952],[-71.26758,10.94877],[-71.26777,10.94804],[-71.26696,10.947],[-71.26565,10.94619],[-71.26282,10.94535],[-71.26177,10.94518],[-71.26094,10.945],[-71.26023,10.94512],[-71.2586,10.94513],[-71.2564,10.94508],[-71.25387,10.94248],[-71.24999,10.94089],[-71.24911,10.94132],[-71.24766,10.94158],[-71.24625,10.94152],[-71.24452,10.94101],[-71.24211,10.93973],[-71.24113,10.93931],[-71.23941,10.9386],[-71.23629,10.93732],[-71.23403,10.93665],[-71.23401,10.93665],[-71.23274,10.93637],[-71.22958,10.93625],[-71.22748,10.9357],[-71.22457,10.93404],[-71.22418,10.9338],[-71.22037,10.93113],[-71.22001,10.93047],[-71.21913,10.92892],[-71.21835,10.92585],[-71.2178,10.92328],[-71.21718,10.92092],[-71.21756,10.91954],[-71.2181,10.91916],[-71.2188,10.91736],[-71.21791,10.91632],[-71.2173,10.91569],[-71.21766,10.91467],[-71.21701,10.9031],[-71.2168,10.90094],[-71.21644,10.9005],[-71.21411,10.89887],[-71.21347,10.89777],[-71.21323,10.89628],[-71.2124,10.89569],[-71.21154,10.8949],[-71.21121,10.89417],[-71.21045,10.89307],[-71.20969,10.89248],[-71.20914,10.89224],[-71.20911,10.89213],[-71.209,10.89173],[-71.20902,10.89128],[-71.20884,10.8902],[-71.20869,10.88982],[-71.20966,10.88816],[-71.2093,10.88676],[-71.2088,10.8868],[-71.20816,10.88637],[-71.20815,10.88604],[-71.20676,10.88483],[-71.20645,10.88486],[-71.2054,10.88485],[-71.205,10.88468],[-71.20405,10.88314],[-71.20393,10.88266],[-71.20376,10.88135],[-71.20366,10.88048],[-71.20319,10.87924],[-71.20207,10.87686],[-71.20078,10.87484],[-71.19809,10.86976],[-71.19809,10.86877],[-71.19833,10.86817],[-71.19952,10.86657],[-71.2005,10.86371],[-71.20038,10.86252],[-71.19971,10.86114],[-71.19867,10.85688],[-71.19743,10.85688],[-71.19699,10.85584],[-71.19641,10.85343],[-71.19531,10.85012],[-71.19453,10.84869],[-71.19238,10.84714],[-71.19092,10.84657],[-71.19002,10.84582],[-71.18965,10.84365],[-71.18912,10.84319],[-71.18894,10.84243],[-71.18924,10.84179],[-71.18886,10.84027],[-71.1885,10.84016],[-71.18839,10.83827],[-71.18679,10.8361],[-71.18624,10.8352],[-71.18529,10.83446],[-71.18456,10.83413],[-71.18447,10.83396],[-71.18069,10.82918],[-71.17875,10.82858],[-71.17596,10.82635],[-71.17473,10.82456],[-71.17344,10.82271],[-71.17299,10.82253],[-71.17211,10.82262],[-71.17087,10.82291],[-71.16945,10.82312],[-71.16866,10.82281],[-71.16821,10.8221],[-71.16752,10.82008],[-71.16633,10.8191],[-71.16537,10.81867],[-71.16438,10.81844],[-71.16418,10.81834],[-71.16352,10.81775],[-71.15889,10.8153],[-71.15712,10.81518],[-71.15641,10.81475],[-71.15503,10.81415],[-71.15414,10.81406],[-71.15326,10.8137],[-71.15112,10.81168],[-71.15091,10.81123],[-71.14955,10.80954],[-71.14917,10.80885],[-71.14726,10.80898],[-71.14608,10.80996],[-71.14529,10.8092],[-71.1441,10.8093],[-71.14396,10.81023],[-71.14315,10.81115],[-71.14251,10.8107],[-71.14237,10.81044],[-71.14115,10.81001],[-71.14037,10.80899],[-71.13862,10.80714],[-71.13803,10.80678],[-71.13755,10.80648],[-71.13535,10.80537],[-71.13411,10.80516],[-71.13223,10.80378],[-71.13104,10.80154],[-71.13061,10.79914],[-71.1307,10.79875],[-71.13071,10.79781],[-71.13004,10.79695],[-71.12935,10.79417],[-71.12735,10.79431],[-71.12652,10.7945],[-71.12542,10.79393],[-71.12471,10.79348],[-71.12412,10.79256],[-71.12383,10.79186],[-71.12283,10.7911],[-71.12233,10.78969],[-71.12114,10.78874],[-71.11878,10.78772],[-71.11795,10.78493],[-71.11519,10.78434],[-71.1135,10.78189],[-71.11262,10.78047],[-71.1116,10.78011],[-71.11154,10.78015],[-71.11088,10.78069],[-71.10977,10.78128],[-71.1091,10.78111],[-71.10908,10.77997],[-71.10855,10.77976],[-71.10727,10.77976],[-71.10691,10.77947],[-71.10624,10.77883],[-71.10581,10.77825],[-71.10475,10.77745],[-71.10401,10.77743],[-71.10206,10.77745],[-71.10099,10.77586],[-71.10122,10.77531],[-71.10151,10.77467],[-71.10113,10.77329],[-71.09949,10.77233],[-71.09725,10.77105],[-71.09647,10.76936],[-71.09671,10.7686],[-71.09765,10.76688],[-71.09806,10.76641],[-71.09751,10.76509],[-71.09746,10.76459],[-71.09749,10.76349],[-71.09832,10.76283],[-71.09884,10.7623],[-71.09863,10.76138],[-71.09899,10.76002],[-71.0983,10.75869],[-71.09787,10.75821],[-71.09727,10.75652],[-71.09763,10.75609],[-71.09594,10.75348],[-71.09558,10.75302],[-71.09504,10.7516],[-71.09529,10.75061],[-71.09588,10.75027],[-71.09749,10.74926],[-71.09886,10.74843],[-71.10032,10.7465],[-71.10031,10.7465],[-71.10008,10.74553],[-71.09808,10.74389],[-71.09668,10.74251],[-71.09449,10.74029],[-71.09444,10.73827],[-71.09451,10.73744],[-71.09506,10.73498],[-71.0954,10.73413],[-71.09555,10.73288],[-71.09478,10.73132],[-71.09323,10.7287],[-71.09289,10.72836],[-71.09253,10.72792],[-71.09211,10.72717],[-71.09277,10.72477],[-71.09301,10.72343],[-71.09241,10.72208],[-71.09192,10.72182],[-71.09217,10.72057],[-71.09261,10.71828],[-71.09224,10.71731],[-71.09273,10.71637],[-71.09355,10.71468],[-71.09407,10.71314],[-71.09478,10.71198],[-71.09544,10.71102],[-71.09558,10.70862],[-71.09477,10.70655],[-71.09399,10.70464],[-71.09101,10.70359],[-71.09006,10.70382],[-71.08939,10.7034],[-71.08946,10.70269],[-71.09044,10.70107],[-71.08875,10.69669],[-71.08785,10.69474],[-71.08811,10.69343],[-71.09172,10.69246],[-71.09322,10.69248],[-71.09489,10.69167],[-71.09544,10.69048],[-71.09599,10.68957],[-71.09584,10.68848],[-71.0951,10.68758],[-71.09493,10.68649],[-71.09507,10.68598],[-71.09494,10.68488],[-71.09475,10.67718],[-71.09251,10.6763],[-71.09032,10.67502],[-71.08937,10.67459],[-71.08896,10.67404],[-71.08863,10.67349],[-71.08696,10.67309],[-71.08689,10.67299],[-71.08653,10.67218],[-71.08747,10.67088],[-71.08777,10.67021],[-71.08692,10.66636],[-71.08549,10.66477],[-71.08471,10.66205],[-71.0849,10.65931],[-71.0849,10.65743],[-71.08451,10.65691],[-71.08478,10.65493],[-71.08499,10.6536],[-71.08442,10.65253],[-71.0833,10.65175],[-71.08287,10.6497],[-71.08447,10.6482],[-71.08463,10.64772],[-71.08285,10.64651],[-71.08197,10.64308],[-71.08699,10.63596],[-71.08713,10.63548],[-71.0873,10.63348],[-71.0883,10.63108],[-71.08789,10.62927],[-71.08861,10.6272],[-71.08874,10.62674],[-71.08856,10.62573],[-71.08617,10.62443],[-71.08511,10.62316],[-71.08478,10.62173],[-71.0848,10.62111],[-71.08575,10.62061],[-71.08566,10.61993],[-71.08504,10.61955],[-71.08497,10.61908],[-71.08444,10.61803],[-71.08409,10.61765],[-71.08423,10.61681],[-71.0824,10.61567],[-71.08002,10.6171],[-71.07826,10.61712],[-71.07761,10.61477],[-71.07829,10.61197],[-71.0778,10.61091],[-71.07578,10.6102],[-71.07078,10.61215],[-71.07026,10.61206],[-71.06819,10.60599],[-71.06417,10.60437],[-71.06196,10.60433],[-71.05985,10.60433],[-71.05846,10.60424],[-71.05539,10.60338],[-71.05432,10.60291],[-71.05282,10.60115],[-71.05394,10.59855],[-71.0531,10.5971],[-71.05039,10.59417],[-71.04982,10.59168],[-71.04963,10.58995],[-71.05013,10.5866],[-71.04951,10.58417],[-71.04694,10.58217],[-71.04278,10.5792],[-71.04103,10.57735],[-71.04036,10.5763],[-71.03959,10.57535],[-71.03592,10.57396],[-71.03278,10.5757],[-71.03221,10.57565],[-71.03154,10.57488],[-71.03095,10.57437],[-71.02871,10.5751],[-71.02669,10.57448],[-71.02643,10.5722],[-71.02641,10.5678],[-71.02719,10.56638],[-71.02874,10.56512],[-71.02874,10.55953],[-71.02798,10.55934],[-71.02729,10.55862],[-71.02641,10.5582],[-71.02465,10.55683],[-71.02476,10.55462],[-71.02531,10.55262],[-71.02488,10.55169],[-71.02462,10.55],[-71.02307,10.54887],[-71.02272,10.5486],[-71.02198,10.54417],[-71.02381,10.53822],[-71.02319,10.53606],[-71.02298,10.53579],[-71.02284,10.5341],[-71.02255,10.53363],[-71.02217,10.53042],[-71.02191,10.52951],[-71.02072,10.52844],[-71.02074,10.5278],[-71.01967,10.52447],[-71.01891,10.52328],[-71.01977,10.52178],[-71.02165,10.51835],[-71.02208,10.51583],[-71.02202,10.51506],[-71.02196,10.51486],[-71.02127,10.51355],[-71.02005,10.5122],[-71.01858,10.51167],[-71.01841,10.51093],[-71.01888,10.50922],[-71.01886,10.50876],[-71.01753,10.50805],[-71.01546,10.50695],[-71.01433,10.50645],[-71.01132,10.50624],[-71.01011,10.50657],[-71.00551,10.50641],[-71.00054,10.50146],[-70.99719,10.50301],[-70.99514,10.50596],[-70.99378,10.50538],[-70.9935,10.50507],[-70.99212,10.5051],[-70.98926,10.50255],[-70.98838,10.50203],[-70.98743,10.50065],[-70.98736,10.49751],[-70.984,10.49551],[-70.98336,10.49513],[-70.98181,10.49579],[-70.98127,10.49679],[-70.97983,10.49635],[-70.97923,10.49631],[-70.97567,10.4972],[-70.97406,10.49679],[-70.97315,10.49676],[-70.97249,10.49682],[-70.97201,10.49708],[-70.97061,10.49698],[-70.96976,10.49544],[-70.96925,10.49541],[-70.96882,10.49572],[-70.96777,10.4947],[-70.96763,10.49377],[-70.96823,10.4927],[-70.96744,10.49168],[-70.9672,10.49056],[-70.96825,10.49058],[-70.96837,10.48947],[-70.96801,10.48904],[-70.96785,10.48554],[-70.9682,10.48471],[-70.96768,10.48442],[-70.96691,10.48423],[-70.96601,10.48458],[-70.96444,10.48455],[-70.96244,10.48301],[-70.96033,10.48129],[-70.95842,10.48122],[-70.95752,10.48122],[-70.95566,10.48053],[-70.95488,10.47882],[-70.95566,10.47815],[-70.95528,10.47768],[-70.954,10.47659],[-70.95378,10.47488],[-70.95469,10.47152],[-70.95674,10.47073],[-70.95688,10.46995],[-70.95674,10.46957],[-70.95528,10.46976],[-70.95481,10.46931],[-70.955,10.46838],[-70.95576,10.4671],[-70.9559,10.46589],[-70.95555,10.46541],[-70.95404,10.46553],[-70.95266,10.46429],[-70.95247,10.46408],[-70.95219,10.46379],[-70.95206,10.46378],[-70.95079,10.46226],[-70.95045,10.46224],[-70.94967,10.4634],[-70.94907,10.46308],[-70.94855,10.46265],[-70.94794,10.46361],[-70.94717,10.46317],[-70.94663,10.46262],[-70.94617,10.46355],[-70.94555,10.46405],[-70.94509,10.46338],[-70.9443,10.46396],[-70.94422,10.4641],[-70.94355,10.46389],[-70.94338,10.46365],[-70.9425,10.46341],[-70.94253,10.46381],[-70.94303,10.46481],[-70.94301,10.46484],[-70.94212,10.46522],[-70.94136,10.46386],[-70.94096,10.46393],[-70.94032,10.46465],[-70.93882,10.46462],[-70.93425,10.4642],[-70.93205,10.46422],[-70.92751,10.46391],[-70.92323,10.46472],[-70.91723,10.46536],[-70.91513,10.46585],[-70.91467,10.46591],[-70.90796,10.46407],[-70.90584,10.46407],[-70.90446,10.46432],[-70.90407,10.46439],[-70.90246,10.46562],[-70.90167,10.46567],[-70.89855,10.46393],[-70.89731,10.46379],[-70.89398,10.46313],[-70.8923,10.46244],[-70.89096,10.46165],[-70.88642,10.45791],[-70.88587,10.45744],[-70.88542,10.45665],[-70.88461,10.45298],[-70.88375,10.45135],[-70.88323,10.45082],[-70.88122,10.44968],[-70.88101,10.44958],[-70.88028,10.44953],[-70.8799,10.44932],[-70.8779,10.44882],[-70.87742,10.4489],[-70.8774,10.44892],[-70.87533,10.44982],[-70.87352,10.44966],[-70.87197,10.44978],[-70.86577,10.45477],[-70.86515,10.4561],[-70.86441,10.45838],[-70.86398,10.45895],[-70.8626,10.45986],[-70.86231,10.45999],[-70.85974,10.46017],[-70.85875,10.46002],[-70.8573,10.45924],[-70.85561,10.45845],[-70.85361,10.45786],[-70.85123,10.45584],[-70.84995,10.45496],[-70.84716,10.45341],[-70.84423,10.45279],[-70.84342,10.45235],[-70.84284,10.45236],[-70.84062,10.45436],[-70.83826,10.45776],[-70.83731,10.45857],[-70.83498,10.45993],[-70.8336,10.4606],[-70.82867,10.46295],[-70.82802,10.46322],[-70.82351,10.46323],[-70.82167,10.46291],[-70.82008,10.4616],[-70.81044,10.46524],[-70.80458,10.47126],[-70.7973,10.48352],[-70.80284,10.63901],[-70.81037,10.7542],[-70.81482,10.75946],[-70.83353,10.76313],[-70.83975,10.76009],[-70.8606,10.77836],[-70.86848,10.78843],[-70.87055,10.87189],[-70.87237,10.89218],[-70.88053,10.95614],[-70.90411,11.03778],[-70.90327,11.04044],[-70.91101,11.05284],[-70.91608,11.05588],[-70.92053,11.0669],[-70.92751,11.07002],[-70.93657,11.08348],[-70.93964,11.08402],[-70.94746,11.09451],[-70.96535,11.10736],[-70.97607,11.1195],[-70.9761,11.11953]]]},"properties":{"municipio":"Mauroa","estado":"FALCÓN"}},{"type":"Feature","geometry":{"type":"Polygon","coordinates":[[[-71.49721,10.60988],[-71.47922,10.61361],[-71.46444,10.61668],[-71.457,10.61668],[-71.457,10.61668],[-71.45452,10.61385],[-71.45331,10.61295],[-71.45125,10.61415],[-71.44967,10.61427],[-71.44677,10.61452],[-71.43927,10.61404],[-71.43859,10.61289],[-71.43587,10.61133],[-71.43308,10.61187],[-71.43042,10.61115],[-71.42624,10.61181],[-71.42552,10.61217],[-71.42388,10.61427],[-71.42297,10.61446],[-71.42037,10.61476],[-71.4194,10.61494],[-71.41256,10.61518],[-71.40662,10.61458],[-71.39918,10.61343],[-71.39687,10.61542],[-71.39542,10.61632],[-71.39233,10.61758],[-71.39118,10.61831],[-71.38773,10.6171],[-71.38543,10.6165],[-71.3801,10.61746],[-71.37896,10.61632],[-71.37907,10.61572],[-71.37708,10.6144],[-71.37636,10.61224],[-71.37588,10.60917],[-71.37587,10.60917],[-71.37375,10.60904],[-71.37175,10.61097],[-71.37114,10.61151],[-71.37054,10.61151],[-71.36951,10.60965],[-71.3686,10.60754],[-71.36879,10.60532],[-71.36879,10.60423],[-71.36746,10.60147],[-71.36522,10.60183],[-71.36376,10.60664],[-71.36194,10.61049],[-71.36128,10.61085],[-71.36018,10.61193],[-71.35964,10.61385],[-71.35933,10.61722],[-71.35691,10.61825],[-71.3531,10.61891],[-71.35026,10.61554],[-71.34917,10.61241],[-71.34832,10.61211],[-71.3462,10.61163],[-71.3462,10.61163],[-71.34323,10.60826],[-71.34293,10.60658],[-71.34185,10.6037],[-71.33912,10.60429],[-71.33761,10.60237],[-71.33737,10.60044],[-71.33858,10.59786],[-71.33792,10.59624],[-71.33683,10.59576],[-71.33714,10.59461],[-71.33756,10.59215],[-71.33695,10.59148],[-71.33652,10.58773],[-71.33701,10.58491],[-71.33828,10.58089],[-71.3361,10.57789],[-71.33272,10.57501],[-71.33216,10.57399],[-71.32974,10.57381],[-71.32678,10.57171],[-71.32557,10.57195],[-71.32472,10.57279],[-71.32333,10.57477],[-71.32012,10.57466],[-71.31716,10.57328],[-71.31467,10.5719],[-71.31383,10.57101],[-71.31002,10.56819],[-71.31001,10.56818],[-71.30832,10.56711],[-71.30771,10.56609],[-71.30341,10.56513],[-71.3013,10.56471],[-71.30129,10.56471],[-71.30008,10.56387],[-71.29258,10.56454],[-71.28931,10.56334],[-71.28847,10.56238],[-71.28725,10.56166],[-71.28598,10.56136],[-71.28259,10.55668],[-71.27388,10.54577],[-71.27315,10.54493],[-71.27104,10.54488],[-71.26819,10.54116],[-71.26468,10.53912],[-71.26002,10.53798],[-71.25681,10.53721],[-71.25536,10.53673],[-71.25385,10.53595],[-71.2527,10.53313],[-71.24931,10.52989],[-71.24617,10.52714],[-71.24616,10.52714],[-71.23914,10.52588],[-71.23714,10.52498],[-71.23484,10.52283],[-71.23388,10.52229],[-71.23236,10.52067],[-71.23115,10.51965],[-71.2294,10.52001],[-71.22897,10.52055],[-71.22491,10.52187],[-71.22213,10.52217],[-71.21892,10.52229],[-71.2168,10.5223],[-71.21547,10.52344],[-71.21384,10.52344],[-71.21026,10.52386],[-71.20911,10.52404],[-71.20645,10.52278],[-71.20615,10.52158],[-71.20434,10.51679],[-71.203,10.51661],[-71.20119,10.51685],[-71.19773,10.51859],[-71.19344,10.51757],[-71.19084,10.51607],[-71.18775,10.51458],[-71.18551,10.51362],[-71.17831,10.51152],[-71.16965,10.50823],[-71.16614,10.50793],[-71.16524,10.5062],[-71.1584,10.49606],[-71.14782,10.45852],[-71.14661,10.4581],[-71.12948,10.45595],[-71.08444,10.4519],[-71.05471,10.44928],[-70.91087,10.44961],[-70.88078,10.44933],[-70.88028,10.44953],[-70.88101,10.44958],[-70.88122,10.44968],[-70.88323,10.45082],[-70.88375,10.45135],[-70.88461,10.45298],[-70.88542,10.45665],[-70.88587,10.45744],[-70.88642,10.45791],[-70.89096,10.46165],[-70.8923,10.46244],[-70.89398,10.46313],[-70.89731,10.46379],[-70.89855,10.46393],[-70.90167,10.46567],[-70.90246,10.46562],[-70.90407,10.46439],[-70.90446,10.46432],[-70.90584,10.46407],[-70.90796,10.46407],[-70.91467,10.46591],[-70.91513,10.46585],[-70.91723,10.46536],[-70.92323,10.46472],[-70.92751,10.46391],[-70.93205,10.46422],[-70.93425,10.4642],[-70.93882,10.46462],[-70.94032,10.46465],[-70.94096,10.46393],[-70.94136,10.46386],[-70.94212,10.46522],[-70.94301,10.46484],[-70.94303,10.46481],[-70.94253,10.46381],[-70.9425,10.46341],[-70.94338,10.46365],[-70.94355,10.46389],[-70.94422,10.4641],[-70.9443,10.46396],[-70.94509,10.46338],[-70.94555,10.46405],[-70.94617,10.46355],[-70.94663,10.46262],[-70.94717,10.46317],[-70.94794,10.46361],[-70.94855,10.46265],[-70.94907,10.46308],[-70.94967,10.4634],[-70.95045,10.46224],[-70.95079,10.46226],[-70.95206,10.46378],[-70.95219,10.46379],[-70.95247,10.46408],[-70.95266,10.46429],[-70.95404,10.46553],[-70.95555,10.46541],[-70.9559,10.46589],[-70.95576,10.4671],[-70.955,10.46838],[-70.95481,10.46931],[-70.95528,10.46976],[-70.95674,10.46957],[-70.95688,10.46995],[-70.95674,10.47073],[-70.95469,10.47152],[-70.95378,10.47488],[-70.954,10.47659],[-70.95528,10.47768],[-70.95566,10.47815],[-70.95488,10.47882],[-70.95566,10.48053],[-70.95752,10.48122],[-70.95842,10.48122],[-70.96033,10.48129],[-70.96244,10.48301],[-70.96444,10.48455],[-70.96601,10.48458],[-70.96691,10.48423],[-70.96768,10.48442],[-70.9682,10.48471],[-70.96785,10.48554],[-70.96801,10.48904],[-70.96837,10.48947],[-70.96825,10.49058],[-70.9672,10.49056],[-70.96744,10.49168],[-70.96823,10.4927],[-70.96763,10.49377],[-70.96777,10.4947],[-70.96882,10.49572],[-70.96925,10.49541],[-70.96976,10.49544],[-70.97061,10.49698],[-70.97201,10.49708],[-70.97249,10.49682],[-70.97315,10.49676],[-70.97406,10.49679],[-70.97567,10.4972],[-70.97923,10.49631],[-70.97983,10.49635],[-70.98127,10.49679],[-70.98181,10.49579],[-70.98336,10.49513],[-70.984,10.49551],[-70.98736,10.49751],[-70.98743,10.50065],[-70.98838,10.50203],[-70.98926,10.50255],[-70.99212,10.5051],[-70.9935,10.50507],[-70.99378,10.50538],[-70.99514,10.50596],[-70.99719,10.50301],[-71.00054,10.50146],[-71.00551,10.50641],[-71.01011,10.50657],[-71.01132,10.50624],[-71.01433,10.50645],[-71.01546,10.50695],[-71.01753,10.50805],[-71.01886,10.50876],[-71.01888,10.50922],[-71.01841,10.51093],[-71.01858,10.51167],[-71.02005,10.5122],[-71.02127,10.51355],[-71.02196,10.51486],[-71.02202,10.51506],[-71.02208,10.51583],[-71.02165,10.51835],[-71.01977,10.52178],[-71.01891,10.52328],[-71.01967,10.52447],[-71.02074,10.5278],[-71.02072,10.52844],[-71.02191,10.52951],[-71.02217,10.53042],[-71.02255,10.53363],[-71.02284,10.5341],[-71.02298,10.53579],[-71.02319,10.53606],[-71.02381,10.53822],[-71.02198,10.54417],[-71.02272,10.5486],[-71.02307,10.54887],[-71.02462,10.55],[-71.02488,10.55169],[-71.02531,10.55262],[-71.02476,10.55462],[-71.02465,10.55683],[-71.02641,10.5582],[-71.02729,10.55862],[-71.02798,10.55934],[-71.02874,10.55953],[-71.02874,10.56512],[-71.02719,10.56638],[-71.02641,10.5678],[-71.02643,10.5722],[-71.02669,10.57448],[-71.02871,10.5751],[-71.03095,10.57437],[-71.03154,10.57488],[-71.03221,10.57565],[-71.03278,10.5757],[-71.03592,10.57396],[-71.03959,10.57535],[-71.04036,10.5763],[-71.04103,10.57735],[-71.04278,10.5792],[-71.04694,10.58217],[-71.04951,10.58417],[-71.05013,10.5866],[-71.04963,10.58995],[-71.04982,10.59168],[-71.05039,10.59417],[-71.0531,10.5971],[-71.05394,10.59855],[-71.05282,10.60115],[-71.05432,10.60291],[-71.05539,10.60338],[-71.05846,10.60424],[-71.05985,10.60433],[-71.06196,10.60433],[-71.06417,10.60437],[-71.06819,10.60599],[-71.07026,10.61206],[-71.07078,10.61215],[-71.07578,10.6102],[-71.0778,10.61091],[-71.07829,10.61197],[-71.07761,10.61477],[-71.07826,10.61712],[-71.08002,10.6171],[-71.0824,10.61567],[-71.08423,10.61681],[-71.08409,10.61765],[-71.08444,10.61803],[-71.08497,10.61908],[-71.08504,10.61955],[-71.08566,10.61993],[-71.08575,10.62061],[-71.0848,10.62111],[-71.08478,10.62173],[-71.08511,10.62316],[-71.08617,10.62443],[-71.08856,10.62573],[-71.08874,10.62674],[-71.08861,10.6272],[-71.08789,10.62927],[-71.0883,10.63108],[-71.0873,10.63348],[-71.08713,10.63548],[-71.08699,10.63596],[-71.08197,10.64308],[-71.08285,10.64651],[-71.08463,10.64772],[-71.08447,10.6482],[-71.08287,10.6497],[-71.0833,10.65175],[-71.08442,10.65253],[-71.08499,10.6536],[-71.08478,10.65493],[-71.08451,10.65691],[-71.0849,10.65743],[-71.0849,10.65931],[-71.08471,10.66205],[-71.08549,10.66477],[-71.08692,10.66636],[-71.08777,10.67021],[-71.08747,10.67088],[-71.08653,10.67218],[-71.08689,10.67299],[-71.08696,10.67309],[-71.08863,10.67349],[-71.08896,10.67404],[-71.08937,10.67459],[-71.09032,10.67502],[-71.09251,10.6763],[-71.09475,10.67718],[-71.09494,10.68488],[-71.09507,10.68598],[-71.09493,10.68649],[-71.0951,10.68758],[-71.09584,10.68848],[-71.09599,10.68957],[-71.09544,10.69048],[-71.09489,10.69167],[-71.09322,10.69248],[-71.09172,10.69246],[-71.08811,10.69343],[-71.08785,10.69474],[-71.08875,10.69669],[-71.09044,10.70107],[-71.08946,10.70269],[-71.08939,10.7034],[-71.09006,10.70382],[-71.09101,10.70359],[-71.09399,10.70464],[-71.09477,10.70655],[-71.09558,10.70862],[-71.09544,10.71102],[-71.09478,10.71198],[-71.09407,10.71314],[-71.09355,10.71468],[-71.09273,10.71637],[-71.09224,10.71731],[-71.09261,10.71828],[-71.09217,10.72057],[-71.09192,10.72182],[-71.09241,10.72208],[-71.09301,10.72343],[-71.09277,10.72477],[-71.09211,10.72717],[-71.09253,10.72792],[-71.09289,10.72836],[-71.09323,10.7287],[-71.09478,10.73132],[-71.09555,10.73288],[-71.0954,10.73413],[-71.09506,10.73498],[-71.09451,10.73744],[-71.09444,10.73827],[-71.09449,10.74029],[-71.09668,10.74251],[-71.09808,10.74389],[-71.10008,10.74553],[-71.10031,10.7465],[-71.10032,10.7465],[-71.09886,10.74843],[-71.09749,10.74926],[-71.09588,10.75027],[-71.09529,10.75061],[-71.09504,10.7516],[-71.09558,10.75302],[-71.09594,10.75348],[-71.09763,10.75609],[-71.09727,10.75652],[-71.09787,10.75821],[-71.0983,10.75869],[-71.09899,10.76002],[-71.09863,10.76138],[-71.09884,10.7623],[-71.09832,10.76283],[-71.09749,10.76349],[-71.09746,10.76459],[-71.09751,10.76509],[-71.09806,10.76641],[-71.09765,10.76688],[-71.09671,10.7686],[-71.09647,10.76936],[-71.09725,10.77105],[-71.09949,10.77233],[-71.10113,10.77329],[-71.10151,10.77467],[-71.10122,10.77531],[-71.10099,10.77586],[-71.10206,10.77745],[-71.10401,10.77743],[-71.10475,10.77745],[-71.10581,10.77825],[-71.10624,10.77883],[-71.10691,10.77947],[-71.10727,10.77976],[-71.10855,10.77976],[-71.10908,10.77997],[-71.1091,10.78111],[-71.10977,10.78128],[-71.11088,10.78069],[-71.11154,10.78015],[-71.1116,10.78011],[-71.11262,10.78047],[-71.1135,10.78189],[-71.11519,10.78434],[-71.11795,10.78493],[-71.11878,10.78772],[-71.12114,10.78874],[-71.12233,10.78969],[-71.12283,10.7911],[-71.12383,10.79186],[-71.12412,10.79256],[-71.12471,10.79348],[-71.12542,10.79393],[-71.12652,10.7945],[-71.12735,10.79431],[-71.12935,10.79417],[-71.13004,10.79695],[-71.13071,10.79781],[-71.1307,10.79875],[-71.13061,10.79914],[-71.13104,10.80154],[-71.13223,10.80378],[-71.13411,10.80516],[-71.13535,10.80537],[-71.13755,10.80648],[-71.13803,10.80678],[-71.13862,10.80714],[-71.14037,10.80899],[-71.14115,10.81001],[-71.14237,10.81044],[-71.14251,10.8107],[-71.14315,10.81115],[-71.14396,10.81023],[-71.1441,10.8093],[-71.14529,10.8092],[-71.14608,10.80996],[-71.14726,10.80898],[-71.14917,10.80885],[-71.14955,10.80954],[-71.15091,10.81123],[-71.15112,10.81168],[-71.15326,10.8137],[-71.15414,10.81406],[-71.15503,10.81415],[-71.15641,10.81475],[-71.15712,10.81518],[-71.15889,10.8153],[-71.16352,10.81775],[-71.16418,10.81834],[-71.16438,10.81844],[-71.16537,10.81867],[-71.16633,10.8191],[-71.16752,10.82008],[-71.16821,10.8221],[-71.16866,10.82281],[-71.16945,10.82312],[-71.17087,10.82291],[-71.17211,10.82262],[-71.17299,10.82253],[-71.17344,10.82271],[-71.17473,10.82456],[-71.17596,10.82635],[-71.17875,10.82858],[-71.18069,10.82918],[-71.18447,10.83396],[-71.18456,10.83413],[-71.18529,10.83446],[-71.18624,10.8352],[-71.18679,10.8361],[-71.18839,10.83827],[-71.1885,10.84016],[-71.18886,10.84027],[-71.18924,10.84179],[-71.18894,10.84243],[-71.18912,10.84319],[-71.18965,10.84365],[-71.19002,10.84582],[-71.19092,10.84657],[-71.19238,10.84714],[-71.19453,10.84869],[-71.19531,10.85012],[-71.19641,10.85343],[-71.19699,10.85584],[-71.19743,10.85688],[-71.19867,10.85688],[-71.19971,10.86114],[-71.20038,10.86252],[-71.2005,10.86371],[-71.19952,10.86657],[-71.19833,10.86817],[-71.19809,10.86877],[-71.19809,10.86976],[-71.20078,10.87484],[-71.20207,10.87686],[-71.20319,10.87924],[-71.20366,10.88048],[-71.20376,10.88135],[-71.20393,10.88266],[-71.20405,10.88314],[-71.205,10.88468],[-71.2054,10.88485],[-71.20645,10.88486],[-71.20676,10.88483],[-71.20815,10.88604],[-71.20816,10.88637],[-71.2088,10.8868],[-71.2093,10.88676],[-71.20966,10.88816],[-71.20869,10.88982],[-71.20884,10.8902],[-71.20902,10.89128],[-71.209,10.89173],[-71.20911,10.89213],[-71.20914,10.89224],[-71.20969,10.89248],[-71.21045,10.89307],[-71.21121,10.89417],[-71.21154,10.8949],[-71.2124,10.89569],[-71.21323,10.89628],[-71.21347,10.89777],[-71.21411,10.89887],[-71.21644,10.9005],[-71.2168,10.90094],[-71.21701,10.9031],[-71.21766,10.91467],[-71.2173,10.91569],[-71.21791,10.91632],[-71.2188,10.91736],[-71.2181,10.91916],[-71.21756,10.91954],[-71.21718,10.92092],[-71.2178,10.92328],[-71.21835,10.92585],[-71.21913,10.92892],[-71.22001,10.93047],[-71.22037,10.93113],[-71.22418,10.9338],[-71.22457,10.93404],[-71.22748,10.9357],[-71.22958,10.93625],[-71.23274,10.93637],[-71.23401,10.93665],[-71.23403,10.93665],[-71.23629,10.93732],[-71.23941,10.9386],[-71.24113,10.93931],[-71.24211,10.93973],[-71.24452,10.94101],[-71.24625,10.94152],[-71.24766,10.94158],[-71.24911,10.94132],[-71.24999,10.94089],[-71.25387,10.94248],[-71.2564,10.94508],[-71.2586,10.94513],[-71.26023,10.94512],[-71.26094,10.945],[-71.26177,10.94518],[-71.26282,10.94535],[-71.26565,10.94619],[-71.26696,10.947],[-71.26777,10.94804],[-71.26758,10.94877],[-71.26769,10.94952],[-71.26848,10.95082],[-71.26934,10.95244],[-71.27022,10.95363],[-71.27172,10.95553],[-71.2717,10.95644],[-71.27124,10.95825],[-71.27072,10.95978],[-71.27027,10.9608],[-71.26991,10.96126],[-71.26946,10.96242],[-71.26898,10.9639],[-71.26927,10.96506],[-71.26951,10.96876],[-71.26953,10.96928],[-71.26991,10.97027],[-71.26997,10.97248],[-71.26997,10.97256],[-71.2701,10.97268],[-71.27009,10.97334],[-71.27027,10.97441],[-71.27046,10.97456],[-71.27103,10.97472],[-71.27128,10.97445],[-71.27255,10.9742],[-71.27256,10.97427],[-71.27281,10.97468],[-71.27336,10.97468],[-71.27708,10.97163],[-71.27779,10.97075],[-71.27834,10.96992],[-71.27968,10.96807],[-71.2811,10.96694],[-71.28355,10.96628],[-71.28574,10.9664],[-71.28667,10.96797],[-71.28767,10.96878],[-71.28891,10.96898],[-71.29658,10.96497],[-71.30099,10.96298],[-71.30202,10.96258],[-71.30265,10.96306],[-71.30354,10.96328],[-71.30365,10.96341],[-71.30399,10.96381],[-71.30298,10.96454],[-71.30301,10.96512],[-71.31301,10.96238],[-71.31371,10.96279],[-71.31354,10.96363],[-71.31359,10.96442],[-71.31499,10.96325],[-71.31741,10.96117],[-71.34037,10.96125],[-71.35502,10.96317],[-71.36595,10.96695],[-71.38896,10.96964],[-71.41915,10.96865],[-71.43617,10.96673],[-71.45459,10.95947],[-71.48923,10.95317],[-71.47862,10.94765],[-71.46937,10.93001],[-71.46448,10.92472],[-71.43584,10.90129],[-71.42634,10.90084],[-71.41873,10.90729],[-71.416,10.90356],[-71.41864,10.89185],[-71.42325,10.88525],[-71.43685,10.88333],[-71.44672,10.8791],[-71.44761,10.86892],[-71.4442,10.85319],[-71.43494,10.82989],[-71.43132,10.80642],[-71.43244,10.79548],[-71.44232,10.79173],[-71.4526,10.79091],[-71.48288,10.79764],[-71.51395,10.79921],[-71.53255,10.79647],[-71.55761,10.79612],[-71.56988,10.79278],[-71.57979,10.79401],[-71.58557,10.7975],[-71.59238,10.79215],[-71.59275,10.78677],[-71.57147,10.78007],[-71.56257,10.7734],[-71.56314,10.76249],[-71.54379,10.7613],[-71.53585,10.75332],[-71.5355,10.7395],[-71.524,10.72478],[-71.52539,10.7166],[-71.53086,10.70598],[-71.52244,10.69786],[-71.52377,10.68932],[-71.53082,10.68115],[-71.53311,10.66804],[-71.52162,10.65755],[-71.52225,10.64969],[-71.53171,10.63381],[-71.51721,10.62857],[-71.50544,10.62164],[-71.49733,10.60984],[-71.49721,10.60988]]]},"properties":{"municipio":"Miranda","estado":"ZULIA"}},{"type":"Feature","geometry":{"type":"Polygon","coordinates":[[[-71.45266,10.44981],[-71.44595,10.44137],[-71.43229,10.43796],[-71.42291,10.44151],[-71.41849,10.44032],[-71.40169,10.44998],[-71.38735,10.4467],[-71.38306,10.44766],[-71.38142,10.45588],[-71.37488,10.45289],[-71.35679,10.44859],[-71.34978,10.45117],[-71.34772,10.45825],[-71.33792,10.46408],[-71.32956,10.46145],[-71.32134,10.4626],[-71.30258,10.45314],[-71.29276,10.4535],[-71.28792,10.44973],[-71.26619,10.45579],[-71.24996,10.45209],[-71.23755,10.44188],[-71.22109,10.44344],[-71.19463,10.46684],[-71.18797,10.46834],[-71.17113,10.47785],[-71.16381,10.46447],[-71.14783,10.45852],[-71.14782,10.45852],[-71.1584,10.49606],[-71.16524,10.5062],[-71.16614,10.50793],[-71.16965,10.50823],[-71.17831,10.51152],[-71.18551,10.51362],[-71.18775,10.51458],[-71.19084,10.51607],[-71.19344,10.51757],[-71.19773,10.51859],[-71.20119,10.51685],[-71.203,10.51661],[-71.20434,10.51679],[-71.20615,10.52158],[-71.20645,10.52278],[-71.20911,10.52404],[-71.21026,10.52386],[-71.21384,10.52344],[-71.21547,10.52344],[-71.2168,10.5223],[-71.21892,10.52229],[-71.22213,10.52217],[-71.22491,10.52187],[-71.22897,10.52055],[-71.2294,10.52001],[-71.23115,10.51965],[-71.23236,10.52067],[-71.23388,10.52229],[-71.23484,10.52283],[-71.23714,10.52498],[-71.23914,10.52588],[-71.24616,10.52714],[-71.24617,10.52714],[-71.24931,10.52989],[-71.2527,10.53313],[-71.25385,10.53595],[-71.25536,10.53673],[-71.25681,10.53721],[-71.26002,10.53798],[-71.26468,10.53912],[-71.26819,10.54116],[-71.27104,10.54488],[-71.27315,10.54493],[-71.27388,10.54577],[-71.28259,10.55668],[-71.28598,10.56136],[-71.28725,10.56166],[-71.28847,10.56238],[-71.28931,10.56334],[-71.29258,10.56454],[-71.30008,10.56387],[-71.30129,10.56471],[-71.3013,10.56471],[-71.30341,10.56513],[-71.30771,10.56609],[-71.30832,10.56711],[-71.31001,10.56818],[-71.31002,10.56819],[-71.31383,10.57101],[-71.31467,10.5719],[-71.31716,10.57328],[-71.32012,10.57466],[-71.32333,10.57477],[-71.32472,10.57279],[-71.32557,10.57195],[-71.32678,10.57171],[-71.32974,10.57381],[-71.33216,10.57399],[-71.33272,10.57501],[-71.3361,10.57789],[-71.33828,10.58089],[-71.33701,10.58491],[-71.33652,10.58773],[-71.33695,10.59148],[-71.33756,10.59215],[-71.33714,10.59461],[-71.33683,10.59576],[-71.33792,10.59624],[-71.33858,10.59786],[-71.33737,10.60044],[-71.33761,10.60237],[-71.33912,10.60429],[-71.34185,10.6037],[-71.34293,10.60658],[-71.34323,10.60826],[-71.3462,10.61163],[-71.3462,10.61163],[-71.34832,10.61211],[-71.34917,10.61241],[-71.35026,10.61554],[-71.3531,10.61891],[-71.35691,10.61825],[-71.35933,10.61722],[-71.35964,10.61385],[-71.36018,10.61193],[-71.36128,10.61085],[-71.36194,10.61049],[-71.36376,10.60664],[-71.36522,10.60183],[-71.36746,10.60147],[-71.36879,10.60423],[-71.36879,10.60532],[-71.3686,10.60754],[-71.36951,10.60965],[-71.37054,10.61151],[-71.37114,10.61151],[-71.37175,10.61097],[-71.37375,10.60904],[-71.37587,10.60917],[-71.37588,10.60917],[-71.37636,10.61224],[-71.37708,10.6144],[-71.37907,10.61572],[-71.37896,10.61632],[-71.3801,10.61746],[-71.38543,10.6165],[-71.38773,10.6171],[-71.39118,10.61831],[-71.39233,10.61758],[-71.39542,10.61632],[-71.39687,10.61542],[-71.39918,10.61343],[-71.40662,10.61458],[-71.41256,10.61518],[-71.4194,10.61494],[-71.42037,10.61476],[-71.42297,10.61446],[-71.42388,10.61427],[-71.42552,10.61217],[-71.42624,10.61181],[-71.43042,10.61115],[-71.43308,10.61187],[-71.43587,10.61133],[-71.43859,10.61289],[-71.43927,10.61404],[-71.44677,10.61452],[-71.44967,10.61427],[-71.45125,10.61415],[-71.45331,10.61295],[-71.45452,10.61385],[-71.457,10.61668],[-71.457,10.61668],[-71.46444,10.61668],[-71.47922,10.61361],[-71.49721,10.60988],[-71.49733,10.60984],[-71.49824,10.60219],[-71.50953,10.60095],[-71.52585,10.59326],[-71.5316,10.58743],[-71.53316,10.57736],[-71.53124,10.56388],[-71.53439,10.55579],[-71.5412,10.55062],[-71.52317,10.53963],[-71.51922,10.53202],[-71.50626,10.51631],[-71.47702,10.50278],[-71.46957,10.49847],[-71.4611,10.48934],[-71.45801,10.47395],[-71.45291,10.46325],[-71.45266,10.44981]]]},"properties":{"municipio":"Santa Rita","estado":"ZULIA"}},{"type":"Feature","geometry":{"type":"Polygon","coordinates":[[[-71.41621,10.32119],[-71.37436,10.32109],[-71.29439,10.32189],[-71.30115,10.35264],[-71.14859,10.38495],[-71.14852,10.38497],[-71.00953,10.38608],[-70.98416,10.38622],[-70.90738,10.4329],[-70.88078,10.44933],[-70.91087,10.44961],[-71.05471,10.44928],[-71.08444,10.4519],[-71.12948,10.45595],[-71.14661,10.4581],[-71.14783,10.45852],[-71.16381,10.46447],[-71.17113,10.47785],[-71.18797,10.46834],[-71.19463,10.46684],[-71.22109,10.44344],[-71.23755,10.44188],[-71.24996,10.45209],[-71.26619,10.45579],[-71.28792,10.44973],[-71.29276,10.4535],[-71.30258,10.45314],[-71.32134,10.4626],[-71.32956,10.46145],[-71.33792,10.46408],[-71.34772,10.45825],[-71.34978,10.45117],[-71.35679,10.44859],[-71.37488,10.45289],[-71.38142,10.45588],[-71.38306,10.44766],[-71.38735,10.4467],[-71.40169,10.44998],[-71.41849,10.44032],[-71.42291,10.44151],[-71.43229,10.43796],[-71.44595,10.44137],[-71.45266,10.44981],[-71.45994,10.43639],[-71.46811,10.42617],[-71.46776,10.41629],[-71.47939,10.39185],[-71.46012,10.38295],[-71.45935,10.37782],[-71.45288,10.37498],[-71.43459,10.36078],[-71.42107,10.34047],[-71.41621,10.32119]]]},"properties":{"municipio":"Cabimas","estado":"ZULIA"}},{"type":"Feature","geometry":{"type":"Polygon","coordinates":[[[-71.41621,10.32119],[-71.40942,10.30686],[-71.39435,10.28657],[-71.38508,10.27915],[-71.37752,10.26877],[-71.36941,10.24808],[-71.36598,10.22692],[-71.35828,10.21756],[-71.35735,10.21318],[-71.34969,10.22853],[-71.34509,10.23255],[-71.34025,10.23544],[-71.33783,10.2364],[-71.33505,10.23808],[-71.32997,10.24066],[-71.32664,10.24301],[-71.32404,10.24385],[-71.32107,10.24643],[-71.31847,10.24709],[-71.31508,10.24925],[-71.31121,10.25154],[-71.30952,10.25142],[-71.30359,10.25544],[-71.30038,10.25622],[-71.29821,10.25808],[-71.29585,10.25815],[-71.29482,10.25773],[-71.29058,10.25836],[-71.28695,10.25728],[-71.28272,10.25782],[-71.27813,10.25728],[-71.27402,10.25752],[-71.27178,10.25848],[-71.26858,10.25818],[-71.26223,10.25752],[-71.2574,10.2565],[-71.25589,10.25663],[-71.24929,10.25861],[-71.2482,10.26173],[-71.24675,10.26293],[-71.24324,10.26623],[-71.24088,10.26917],[-71.23852,10.27031],[-71.23725,10.27031],[-71.23658,10.26996],[-71.23658,10.26953],[-71.23647,10.26839],[-71.23344,10.26947],[-71.23126,10.27139],[-71.23029,10.27205],[-71.22782,10.27217],[-71.22612,10.27307],[-71.22521,10.27415],[-71.22346,10.27403],[-71.22134,10.27481],[-71.2211,10.27734],[-71.22098,10.27847],[-71.21831,10.28051],[-71.21099,10.28489],[-71.21002,10.28747],[-71.20585,10.28891],[-71.20494,10.28981],[-71.20445,10.29168],[-71.20457,10.29252],[-71.20517,10.29851],[-71.20335,10.29935],[-71.20094,10.29965],[-71.19876,10.30019],[-71.19748,10.30403],[-71.19597,10.30709],[-71.19475,10.31287],[-71.19493,10.31539],[-71.19463,10.31639],[-71.19408,10.31699],[-71.19305,10.31927],[-71.19313,10.3217],[-71.19177,10.32455],[-71.18723,10.3278],[-71.18572,10.32726],[-71.18469,10.32925],[-71.18469,10.32925],[-71.18342,10.33026],[-71.17985,10.33248],[-71.17773,10.33674],[-71.17573,10.34101],[-71.1753,10.3425],[-71.17367,10.34274],[-71.17198,10.3451],[-71.17167,10.34634],[-71.16992,10.34604],[-71.16677,10.35143],[-71.16689,10.35421],[-71.16688,10.35422],[-71.16482,10.36212],[-71.16476,10.36327],[-71.16596,10.36429],[-71.16566,10.36482],[-71.16361,10.36476],[-71.16233,10.36626],[-71.16227,10.36716],[-71.16143,10.36758],[-71.1604,10.36794],[-71.16015,10.3701],[-71.15894,10.37208],[-71.15671,10.37112],[-71.15592,10.37106],[-71.15441,10.37106],[-71.15344,10.3713],[-71.14988,10.36962],[-71.14734,10.37136],[-71.14685,10.37226],[-71.14667,10.37308],[-71.14727,10.37551],[-71.14888,10.38405],[-71.14859,10.38495],[-71.30115,10.35264],[-71.29439,10.32189],[-71.37436,10.32109],[-71.41621,10.32119]]]},"properties":{"municipio":"Simón Bolívar","estado":"ZULIA"}},{"type":"Feature","geometry":{"type":"Polygon","coordinates":[[[-71.34509,10.23255],[-71.34969,10.22853],[-71.35735,10.21318],[-71.35293,10.2115],[-71.33902,10.199],[-71.32614,10.19265],[-71.30432,10.17513],[-71.29969,10.17439],[-71.29012,10.16687],[-71.27946,10.15333],[-71.26705,10.13439],[-71.25307,10.10719],[-71.23801,10.06856],[-71.23584,10.05268],[-71.23659,10.03704],[-71.22493,10.01814],[-71.22928,10.0144],[-71.21883,10.02025],[-71.1821,10.04282],[-71.15239,10.06292],[-71.13193,10.07931],[-71.12315,10.08651],[-71.1076,10.09695],[-71.10578,10.09821],[-71.1018,10.10081],[-71.10186,10.10171],[-71.10224,10.10203],[-71.10258,10.10231],[-71.10282,10.10435],[-71.10284,10.10437],[-71.10331,10.10471],[-71.10415,10.10615],[-71.103,10.10735],[-71.10197,10.10657],[-71.10167,10.10621],[-71.10125,10.10519],[-71.10125,10.10435],[-71.10034,10.10477],[-71.09998,10.10597],[-71.09782,10.10539],[-71.09725,10.10525],[-71.09695,10.10609],[-71.09671,10.10663],[-71.09634,10.10645],[-71.0955,10.10627],[-71.09465,10.10645],[-71.09395,10.10725],[-71.09592,10.10843],[-71.09622,10.10957],[-71.09501,10.1118],[-71.09313,10.11198],[-71.09101,10.11288],[-71.09273,10.11314],[-71.09344,10.11343],[-71.09331,10.11594],[-71.08974,10.11432],[-71.0878,10.11456],[-71.08726,10.11576],[-71.08157,10.11726],[-71.08012,10.11816],[-71.08005,10.12038],[-71.08055,10.12148],[-71.08074,10.12148],[-71.08241,10.12033],[-71.08217,10.12195],[-71.0815,10.12285],[-71.07992,10.12471],[-71.07795,10.12823],[-71.07849,10.12956],[-71.07851,10.12957],[-71.08017,10.13049],[-71.08046,10.13083],[-71.07984,10.13127],[-71.07925,10.13131],[-71.07882,10.1324],[-71.07743,10.1342],[-71.07443,10.13361],[-71.07467,10.13283],[-71.07588,10.13217],[-71.07685,10.13145],[-71.07673,10.13091],[-71.07534,10.12929],[-71.07266,10.12807],[-71.0706,10.13198],[-71.06908,10.13552],[-71.06714,10.13822],[-71.06763,10.13902],[-71.07242,10.14094],[-71.07355,10.14159],[-71.07318,10.14296],[-71.06877,10.14296],[-71.06757,10.14803],[-71.07154,10.14711],[-71.07156,10.14712],[-71.06991,10.14981],[-71.06948,10.15053],[-71.06966,10.15197],[-71.06942,10.15293],[-71.06815,10.15263],[-71.06875,10.15353],[-71.06215,10.15564],[-71.05925,10.15714],[-71.06003,10.16026],[-71.05852,10.16158],[-71.05604,10.16122],[-71.05138,10.1626],[-71.04853,10.1629],[-71.04496,10.16531],[-71.04501,10.16921],[-71.04277,10.17065],[-71.04023,10.17083],[-71.03914,10.17383],[-71.03901,10.176],[-71.03952,10.1768],[-71.04192,10.1778],[-71.04167,10.17858],[-71.041,10.17978],[-71.04372,10.18134],[-71.04433,10.18416],[-71.04202,10.18572],[-71.04241,10.187],[-71.04256,10.18921],[-71.04298,10.19215],[-71.04656,10.19468],[-71.04782,10.19617],[-71.04769,10.19851],[-71.04642,10.19953],[-71.04575,10.20044],[-71.04315,10.20272],[-71.04218,10.2053],[-71.0425,10.20622],[-71.0448,10.20766],[-71.04477,10.20944],[-71.0451,10.21042],[-71.04582,10.2109],[-71.04574,10.21191],[-71.04477,10.21299],[-71.04392,10.21359],[-71.03938,10.21317],[-71.03823,10.21413],[-71.03817,10.21833],[-71.03816,10.21935],[-71.03459,10.22151],[-71.0315,10.22818],[-71.03198,10.23004],[-71.03337,10.23232],[-71.03339,10.23234],[-71.03526,10.2336],[-71.03713,10.2345],[-71.03796,10.23581],[-71.03729,10.23623],[-71.0359,10.23671],[-71.03517,10.23737],[-71.03494,10.23915],[-71.03759,10.24172],[-71.03753,10.24256],[-71.03681,10.24705],[-71.03687,10.24849],[-71.0359,10.24981],[-71.03548,10.25203],[-71.03372,10.25371],[-71.03324,10.25467],[-71.03227,10.26042],[-71.03227,10.2627],[-71.03058,10.26384],[-71.03004,10.26324],[-71.02883,10.26228],[-71.02792,10.26216],[-71.02165,10.26452],[-71.02151,10.26373],[-71.02072,10.26373],[-71.01879,10.26595],[-71.01782,10.26721],[-71.01661,10.27158],[-71.01401,10.27212],[-71.01407,10.27314],[-71.01401,10.2753],[-71.0104,10.27453],[-71.00829,10.27173],[-71.0073,10.27273],[-71.00761,10.27566],[-71.00712,10.27806],[-71.00738,10.27885],[-71.01292,10.27973],[-71.01153,10.28099],[-71.01298,10.28489],[-71.01301,10.2849],[-71.01516,10.28818],[-71.01479,10.29189],[-71.01316,10.29345],[-71.01002,10.29531],[-71.00929,10.294],[-71.00869,10.29657],[-71.00875,10.30029],[-71.00579,10.30293],[-71.00301,10.30377],[-71.00198,10.30323],[-70.99974,10.30545],[-70.99976,10.30599],[-71.00168,10.30624],[-71.00022,10.30904],[-71.00034,10.31294],[-70.99841,10.31498],[-70.99412,10.3178],[-70.99164,10.3196],[-70.99067,10.32175],[-70.99067,10.32278],[-70.9917,10.32487],[-70.99334,10.32673],[-70.99399,10.32738],[-70.99133,10.32888],[-70.99109,10.32912],[-70.99,10.33188],[-70.98946,10.33194],[-70.98892,10.33176],[-70.98849,10.33022],[-70.98783,10.33003],[-70.98408,10.33614],[-70.98166,10.33794],[-70.98069,10.33956],[-70.97852,10.34094],[-70.97628,10.34214],[-70.97501,10.34544],[-70.97175,10.3467],[-70.97102,10.34928],[-70.97029,10.35161],[-70.96987,10.35239],[-70.96957,10.35683],[-70.96933,10.35803],[-70.9689,10.35934],[-70.96902,10.35988],[-70.96836,10.36138],[-70.96787,10.36318],[-70.96648,10.36348],[-70.96485,10.36564],[-70.9637,10.3666],[-70.96195,10.36624],[-70.9611,10.36486],[-70.96068,10.3635],[-70.95959,10.36337],[-70.95784,10.36702],[-70.9576,10.36804],[-70.95762,10.36806],[-70.95862,10.36828],[-70.95862,10.36954],[-70.9579,10.3702],[-70.95687,10.37254],[-70.95578,10.37398],[-70.95427,10.37542],[-70.95185,10.37847],[-70.95276,10.37943],[-70.95046,10.38393],[-70.94713,10.38842],[-70.94562,10.38513],[-70.9423,10.384],[-70.93952,10.38328],[-70.93584,10.38048],[-70.93513,10.38],[-70.93342,10.37675],[-70.92913,10.3755],[-70.92913,10.3755],[-70.92453,10.37299],[-70.91812,10.37611],[-70.91432,10.37701],[-70.91166,10.37821],[-70.90742,10.37936],[-70.90126,10.38218],[-70.89975,10.38452],[-70.89799,10.3856],[-70.89618,10.38638],[-70.89449,10.38764],[-70.89382,10.38902],[-70.89219,10.39154],[-70.89104,10.3928],[-70.88771,10.39867],[-70.8862,10.39963],[-70.88318,10.40497],[-70.88173,10.40503],[-70.87913,10.40575],[-70.87441,10.40659],[-70.87236,10.40737],[-70.85755,10.42321],[-70.85616,10.42602],[-70.8515,10.428],[-70.84842,10.42789],[-70.84739,10.42885],[-70.8437,10.43089],[-70.84207,10.43209],[-70.84001,10.4364],[-70.83747,10.44216],[-70.83397,10.44402],[-70.83083,10.44636],[-70.82768,10.44894],[-70.82708,10.44978],[-70.82659,10.4526],[-70.82423,10.45439],[-70.822,10.45494],[-70.82056,10.4577],[-70.82048,10.45936],[-70.82008,10.4616],[-70.82167,10.46291],[-70.82351,10.46323],[-70.82802,10.46322],[-70.82867,10.46295],[-70.8336,10.4606],[-70.83498,10.45993],[-70.83731,10.45857],[-70.83826,10.45776],[-70.84062,10.45436],[-70.84284,10.45236],[-70.84342,10.45235],[-70.84423,10.45279],[-70.84716,10.45341],[-70.84995,10.45496],[-70.85123,10.45584],[-70.85361,10.45786],[-70.85561,10.45845],[-70.8573,10.45924],[-70.85875,10.46002],[-70.85974,10.46017],[-70.86231,10.45999],[-70.8626,10.45986],[-70.86398,10.45895],[-70.86441,10.45838],[-70.86515,10.4561],[-70.86577,10.45477],[-70.87197,10.44978],[-70.87352,10.44966],[-70.87533,10.44982],[-70.8774,10.44892],[-70.87742,10.4489],[-70.8779,10.44882],[-70.8799,10.44932],[-70.88028,10.44953],[-70.88078,10.44933],[-70.90738,10.4329],[-70.98416,10.38622],[-71.00953,10.38608],[-71.14852,10.38497],[-71.14859,10.38495],[-71.14888,10.38405],[-71.14727,10.37551],[-71.14667,10.37308],[-71.14685,10.37226],[-71.14734,10.37136],[-71.14988,10.36962],[-71.15344,10.3713],[-71.15441,10.37106],[-71.15592,10.37106],[-71.15671,10.37112],[-71.15894,10.37208],[-71.16015,10.3701],[-71.1604,10.36794],[-71.16143,10.36758],[-71.16227,10.36716],[-71.16233,10.36626],[-71.16361,10.36476],[-71.16566,10.36482],[-71.16596,10.36429],[-71.16476,10.36327],[-71.16482,10.36212],[-71.16688,10.35422],[-71.16689,10.35421],[-71.16677,10.35143],[-71.16992,10.34604],[-71.17167,10.34634],[-71.17198,10.3451],[-71.17367,10.34274],[-71.1753,10.3425],[-71.17573,10.34101],[-71.17773,10.33674],[-71.17985,10.33248],[-71.18342,10.33026],[-71.18469,10.32925],[-71.18469,10.32925],[-71.18572,10.32726],[-71.18723,10.3278],[-71.19177,10.32455],[-71.19313,10.3217],[-71.19305,10.31927],[-71.19408,10.31699],[-71.19463,10.31639],[-71.19493,10.31539],[-71.19475,10.31287],[-71.19597,10.30709],[-71.19748,10.30403],[-71.19876,10.30019],[-71.20094,10.29965],[-71.20335,10.29935],[-71.20517,10.29851],[-71.20457,10.29252],[-71.20445,10.29168],[-71.20494,10.28981],[-71.20585,10.28891],[-71.21002,10.28747],[-71.21099,10.28489],[-71.21831,10.28051],[-71.22098,10.27847],[-71.2211,10.27734],[-71.22134,10.27481],[-71.22346,10.27403],[-71.22521,10.27415],[-71.22612,10.27307],[-71.22782,10.27217],[-71.23029,10.27205],[-71.23126,10.27139],[-71.23344,10.26947],[-71.23647,10.26839],[-71.23658,10.26953],[-71.23658,10.26996],[-71.23725,10.27031],[-71.23852,10.27031],[-71.24088,10.26917],[-71.24324,10.26623],[-71.24675,10.26293],[-71.2482,10.26173],[-71.24929,10.25861],[-71.25589,10.25663],[-71.2574,10.2565],[-71.26223,10.25752],[-71.26858,10.25818],[-71.27178,10.25848],[-71.27402,10.25752],[-71.27813,10.25728],[-71.28272,10.25782],[-71.28695,10.25728],[-71.29058,10.25836],[-71.29482,10.25773],[-71.29585,10.25815],[-71.29821,10.25808],[-71.30038,10.25622],[-71.30359,10.25544],[-71.30952,10.25142],[-71.31121,10.25154],[-71.31508,10.24925],[-71.31847,10.24709],[-71.32107,10.24643],[-71.32404,10.24385],[-71.32664,10.24301],[-71.32997,10.24066],[-71.33505,10.23808],[-71.33783,10.2364],[-71.34025,10.23544],[-71.34509,10.23255]]]},"properties":{"municipio":"Lagunillas","estado":"ZULIA"}},{"type":"Feature","geometry":{"type":"Polygon","coordinates":[[[-71.09304,9.87333],[-71.08897,9.87733],[-71.0733,9.88111],[-71.05892,9.88045],[-71.05081,9.88532],[-71.04749,9.88226],[-71.03913,9.89048],[-71.02199,9.914],[-71.01298,9.91815],[-71.01291,9.92301],[-71.00171,9.93489],[-70.99855,9.94209],[-70.9976,9.97552],[-71.00355,9.99382],[-71.00717,9.99724],[-70.99758,10.00863],[-70.9931,10.01807],[-70.98548,10.02475],[-70.97876,10.05565],[-70.98468,10.05842],[-70.97881,10.06492],[-70.98237,10.07622],[-70.99096,10.08224],[-70.98733,10.08717],[-70.9808,10.08779],[-70.96435,10.09601],[-70.96344,10.10521],[-70.95334,10.10527],[-70.95141,10.11194],[-70.94427,10.11819],[-70.94499,10.1319],[-70.93864,10.13738],[-70.93899,10.15692],[-70.93294,10.16432],[-70.92569,10.1642],[-70.91777,10.17105],[-70.90948,10.17334],[-70.89757,10.18025],[-70.88657,10.17442],[-70.88101,10.18031],[-70.87254,10.18404],[-70.86806,10.1942],[-70.86177,10.19799],[-70.86183,10.21206],[-70.85119,10.2123],[-70.84623,10.21531],[-70.85203,10.22307],[-70.84507,10.23792],[-70.83769,10.24147],[-70.83455,10.23816],[-70.82669,10.24273],[-70.82481,10.25451],[-70.81804,10.25241],[-70.80976,10.25409],[-70.79869,10.26552],[-70.79766,10.27923],[-70.80074,10.28398],[-70.79602,10.29528],[-70.79534,10.3129],[-70.78555,10.32072],[-70.78693,10.33179],[-70.78354,10.33581],[-70.77302,10.33912],[-70.76649,10.34838],[-70.76587,10.35807],[-70.76712,10.36267],[-70.75998,10.37261],[-70.75789,10.39502],[-70.77233,10.41036],[-70.77312,10.42243],[-70.7815,10.42785],[-70.79166,10.44567],[-70.79975,10.46752],[-70.80458,10.47126],[-70.81044,10.46524],[-70.82008,10.4616],[-70.82048,10.45936],[-70.82056,10.4577],[-70.822,10.45494],[-70.82423,10.45439],[-70.82659,10.4526],[-70.82708,10.44978],[-70.82768,10.44894],[-70.83083,10.44636],[-70.83397,10.44402],[-70.83747,10.44216],[-70.84001,10.4364],[-70.84207,10.43209],[-70.8437,10.43089],[-70.84739,10.42885],[-70.84842,10.42789],[-70.8515,10.428],[-70.85616,10.42602],[-70.85755,10.42321],[-70.87236,10.40737],[-70.87441,10.40659],[-70.87913,10.40575],[-70.88173,10.40503],[-70.88318,10.40497],[-70.8862,10.39963],[-70.88771,10.39867],[-70.89104,10.3928],[-70.89219,10.39154],[-70.89382,10.38902],[-70.89449,10.38764],[-70.89618,10.38638],[-70.89799,10.3856],[-70.89975,10.38452],[-70.90126,10.38218],[-70.90742,10.37936],[-70.91166,10.37821],[-70.91432,10.37701],[-70.91812,10.37611],[-70.92453,10.37299],[-70.92913,10.3755],[-70.92913,10.3755],[-70.93342,10.37675],[-70.93513,10.38],[-70.93584,10.38048],[-70.93952,10.38328],[-70.9423,10.384],[-70.94562,10.38513],[-70.94713,10.38842],[-70.95046,10.38393],[-70.95276,10.37943],[-70.95185,10.37847],[-70.95427,10.37542],[-70.95578,10.37398],[-70.95687,10.37254],[-70.9579,10.3702],[-70.95862,10.36954],[-70.95862,10.36828],[-70.95762,10.36806],[-70.9576,10.36804],[-70.95784,10.36702],[-70.95959,10.36337],[-70.96068,10.3635],[-70.9611,10.36486],[-70.96195,10.36624],[-70.9637,10.3666],[-70.96485,10.36564],[-70.96648,10.36348],[-70.96787,10.36318],[-70.96836,10.36138],[-70.96902,10.35988],[-70.9689,10.35934],[-70.96933,10.35803],[-70.96957,10.35683],[-70.96987,10.35239],[-70.97029,10.35161],[-70.97102,10.34928],[-70.97175,10.3467],[-70.97501,10.34544],[-70.97628,10.34214],[-70.97852,10.34094],[-70.98069,10.33956],[-70.98166,10.33794],[-70.98408,10.33614],[-70.98783,10.33003],[-70.98849,10.33022],[-70.98892,10.33176],[-70.98946,10.33194],[-70.99,10.33188],[-70.99109,10.32912],[-70.99133,10.32888],[-70.99399,10.32738],[-70.99334,10.32673],[-70.9917,10.32487],[-70.99067,10.32278],[-70.99067,10.32175],[-70.99164,10.3196],[-70.99412,10.3178],[-70.99841,10.31498],[-71.00034,10.31294],[-71.00022,10.30904],[-71.00168,10.30624],[-70.99976,10.30599],[-70.99974,10.30545],[-71.00198,10.30323],[-71.00301,10.30377],[-71.00579,10.30293],[-71.00875,10.30029],[-71.00869,10.29657],[-71.00929,10.294],[-71.01002,10.29531],[-71.01316,10.29345],[-71.01479,10.29189],[-71.01516,10.28818],[-71.01301,10.2849],[-71.01298,10.28489],[-71.01153,10.28099],[-71.01292,10.27973],[-71.00738,10.27885],[-71.00712,10.27806],[-71.00761,10.27566],[-71.0073,10.27273],[-71.00829,10.27173],[-71.0104,10.27453],[-71.01401,10.2753],[-71.01407,10.27314],[-71.01401,10.27212],[-71.01661,10.27158],[-71.01782,10.26721],[-71.01879,10.26595],[-71.02072,10.26373],[-71.02151,10.26373],[-71.02165,10.26452],[-71.02792,10.26216],[-71.02883,10.26228],[-71.03004,10.26324],[-71.03058,10.26384],[-71.03227,10.2627],[-71.03227,10.26042],[-71.03324,10.25467],[-71.03372,10.25371],[-71.03548,10.25203],[-71.0359,10.24981],[-71.03687,10.24849],[-71.03681,10.24705],[-71.03753,10.24256],[-71.03759,10.24172],[-71.03494,10.23915],[-71.03517,10.23737],[-71.0359,10.23671],[-71.03729,10.23623],[-71.03796,10.23581],[-71.03713,10.2345],[-71.03526,10.2336],[-71.03339,10.23234],[-71.03337,10.23232],[-71.03198,10.23004],[-71.0315,10.22818],[-71.03459,10.22151],[-71.03816,10.21935],[-71.03817,10.21833],[-71.03823,10.21413],[-71.03938,10.21317],[-71.04392,10.21359],[-71.04477,10.21299],[-71.04574,10.21191],[-71.04582,10.2109],[-71.0451,10.21042],[-71.04477,10.20944],[-71.0448,10.20766],[-71.0425,10.20622],[-71.04218,10.2053],[-71.04315,10.20272],[-71.04575,10.20044],[-71.04642,10.19953],[-71.04769,10.19851],[-71.04782,10.19617],[-71.04656,10.19468],[-71.04298,10.19215],[-71.04256,10.18921],[-71.04241,10.187],[-71.04202,10.18572],[-71.04433,10.18416],[-71.04372,10.18134],[-71.041,10.17978],[-71.04167,10.17858],[-71.04192,10.1778],[-71.03952,10.1768],[-71.03901,10.176],[-71.03914,10.17383],[-71.04023,10.17083],[-71.04277,10.17065],[-71.04501,10.16921],[-71.04496,10.16531],[-71.04853,10.1629],[-71.05138,10.1626],[-71.05604,10.16122],[-71.05852,10.16158],[-71.06003,10.16026],[-71.05925,10.15714],[-71.06215,10.15564],[-71.06875,10.15353],[-71.06815,10.15263],[-71.06942,10.15293],[-71.06966,10.15197],[-71.06948,10.15053],[-71.06991,10.14981],[-71.07156,10.14712],[-71.07154,10.14711],[-71.06757,10.14803],[-71.06877,10.14296],[-71.07318,10.14296],[-71.07355,10.14159],[-71.07242,10.14094],[-71.06763,10.13902],[-71.06714,10.13822],[-71.06908,10.13552],[-71.0706,10.13198],[-71.07266,10.12807],[-71.07534,10.12929],[-71.07673,10.13091],[-71.07685,10.13145],[-71.07588,10.13217],[-71.07467,10.13283],[-71.07443,10.13361],[-71.07743,10.1342],[-71.07882,10.1324],[-71.07925,10.13131],[-71.07984,10.13127],[-71.08046,10.13083],[-71.08017,10.13049],[-71.07851,10.12957],[-71.07849,10.12956],[-71.07795,10.12823],[-71.07992,10.12471],[-71.0815,10.12285],[-71.08217,10.12195],[-71.08241,10.12033],[-71.08074,10.12148],[-71.08055,10.12148],[-71.08005,10.12038],[-71.08012,10.11816],[-71.08157,10.11726],[-71.08726,10.11576],[-71.0878,10.11456],[-71.08974,10.11432],[-71.09331,10.11594],[-71.09344,10.11343],[-71.09273,10.11314],[-71.09101,10.11288],[-71.09313,10.11198],[-71.09501,10.1118],[-71.09622,10.10957],[-71.09592,10.10843],[-71.09395,10.10725],[-71.09465,10.10645],[-71.0955,10.10627],[-71.09634,10.10645],[-71.09671,10.10663],[-71.09695,10.10609],[-71.09725,10.10525],[-71.09782,10.10539],[-71.09998,10.10597],[-71.10034,10.10477],[-71.10125,10.10435],[-71.10125,10.10519],[-71.10167,10.10621],[-71.10197,10.10657],[-71.103,10.10735],[-71.10415,10.10615],[-71.10331,10.10471],[-71.10284,10.10437],[-71.10282,10.10435],[-71.10258,10.10231],[-71.10224,10.10203],[-71.10186,10.10171],[-71.1018,10.10081],[-71.10578,10.09821],[-71.1076,10.09695],[-71.12315,10.08651],[-71.13193,10.07931],[-71.15239,10.06292],[-71.1821,10.04282],[-71.21883,10.02025],[-71.22928,10.0144],[-71.22203,10.01356],[-71.21695,10.00194],[-71.2115,9.9729],[-71.20285,9.96864],[-71.18976,9.97133],[-71.17938,9.96906],[-71.16546,9.96276],[-71.15006,9.9506],[-71.12808,9.92373],[-71.10082,9.8873],[-71.09304,9.87333]]]},"properties":{"municipio":"Valmore Rodríguez","estado":"ZULIA"}},{"type":"Feature","geometry":{"type":"Polygon","coordinates":[[[-71.09304,9.87333],[-71.08769,9.8645],[-71.07858,9.84417],[-71.07641,9.83446],[-71.0775,9.82439],[-71.08918,9.8207],[-71.08941,9.81223],[-71.08442,9.80218],[-71.06447,9.77485],[-71.05652,9.76563],[-71.04859,9.75252],[-71.03697,9.75707],[-71.02671,9.76763],[-71.01401,9.7652],[-71.00247,9.76837],[-70.99691,9.7658],[-70.98894,9.76881],[-70.97672,9.76539],[-70.97379,9.75363],[-70.96179,9.75968],[-70.95207,9.75716],[-70.9509,9.74588],[-70.93949,9.74797],[-70.93095,9.74091],[-70.92522,9.73323],[-70.91781,9.72986],[-70.90389,9.71248],[-70.89633,9.71555],[-70.88288,9.72694],[-70.86537,9.7285],[-70.84724,9.71704],[-70.84022,9.70799],[-70.82811,9.71025],[-70.8232,9.70678],[-70.79136,9.69479],[-70.7894,9.68951],[-70.7779,9.6848],[-70.76526,9.68752],[-70.76022,9.6927],[-70.76386,9.70061],[-70.75467,9.71948],[-70.74685,9.73078],[-70.74551,9.75429],[-70.7383,9.76043],[-70.71927,9.75125],[-70.69349,9.76162],[-70.6896,9.77257],[-70.68722,9.78356],[-70.68793,9.79297],[-70.68317,9.80395],[-70.67089,9.81065],[-70.66709,9.82002],[-70.67168,9.8326],[-70.67275,9.84455],[-70.6809,9.85506],[-70.68258,9.8632],[-70.69424,9.87622],[-70.69961,9.88449],[-70.70559,9.88288],[-70.71597,9.88566],[-70.73876,9.89416],[-70.74466,9.89879],[-70.74519,9.91041],[-70.75478,9.91836],[-70.7682,9.92138],[-70.79101,9.91921],[-70.84024,9.9909],[-70.85421,10.00908],[-70.88017,10.04579],[-70.88176,10.05233],[-70.87674,10.05854],[-70.87005,10.05968],[-70.86151,10.07003],[-70.85092,10.07084],[-70.84328,10.07581],[-70.84078,10.08547],[-70.84239,10.09287],[-70.8389,10.09856],[-70.7875,10.12197],[-70.77451,10.13349],[-70.76073,10.13357],[-70.74333,10.14568],[-70.73465,10.15527],[-70.73391,10.17064],[-70.72751,10.17536],[-70.72917,10.18446],[-70.72084,10.19476],[-70.70719,10.19982],[-70.70279,10.20643],[-70.70838,10.21973],[-70.70728,10.22728],[-70.69697,10.25158],[-70.69484,10.27725],[-70.68989,10.29337],[-70.69036,10.30058],[-70.69957,10.30409],[-70.72672,10.3044],[-70.73045,10.30637],[-70.73943,10.31795],[-70.75197,10.32544],[-70.75982,10.32556],[-70.76436,10.3322],[-70.76059,10.33694],[-70.76039,10.35094],[-70.76587,10.35807],[-70.76649,10.34838],[-70.77302,10.33912],[-70.78354,10.33581],[-70.78693,10.33179],[-70.78555,10.32072],[-70.79534,10.3129],[-70.79602,10.29528],[-70.80074,10.28398],[-70.79766,10.27923],[-70.79869,10.26552],[-70.80976,10.25409],[-70.81804,10.25241],[-70.82481,10.25451],[-70.82669,10.24273],[-70.83455,10.23816],[-70.83769,10.24147],[-70.84507,10.23792],[-70.85203,10.22307],[-70.84623,10.21531],[-70.85119,10.2123],[-70.86183,10.21206],[-70.86177,10.19799],[-70.86806,10.1942],[-70.87254,10.18404],[-70.88101,10.18031],[-70.88657,10.17442],[-70.89757,10.18025],[-70.90948,10.17334],[-70.91777,10.17105],[-70.92569,10.1642],[-70.93294,10.16432],[-70.93899,10.15692],[-70.93864,10.13738],[-70.94499,10.1319],[-70.94427,10.11819],[-70.95141,10.11194],[-70.95334,10.10527],[-70.96344,10.10521],[-70.96435,10.09601],[-70.9808,10.08779],[-70.98733,10.08717],[-70.99096,10.08224],[-70.98237,10.07622],[-70.97881,10.06492],[-70.98468,10.05842],[-70.97876,10.05565],[-70.98548,10.02475],[-70.9931,10.01807],[-70.99758,10.00863],[-71.00717,9.99724],[-71.00355,9.99382],[-70.9976,9.97552],[-70.99855,9.94209],[-71.00171,9.93489],[-71.01291,9.92301],[-71.01298,9.91815],[-71.02199,9.914],[-71.03913,9.89048],[-71.04749,9.88226],[-71.05081,9.88532],[-71.05892,9.88045],[-71.0733,9.88111],[-71.08897,9.87733],[-71.09304,9.87333]]]},"properties":{"municipio":"Baralt","estado":"ZULIA"}},{"type":"Feature","geometry":{"type":"Polygon","coordinates":[[[-71.05657,9.36204],[-71.04879,9.36791],[-71.04319,9.3754],[-71.02316,9.37357],[-71.01466,9.36827],[-71.00779,9.36939],[-70.99358,9.36127],[-70.9835,9.34765],[-70.96693,9.34515],[-70.9544,9.3402],[-70.94003,9.34615],[-70.91318,9.335],[-70.90418,9.3294],[-70.90643,9.39964],[-70.90416,9.42885],[-70.90598,9.57921],[-70.90865,9.58016],[-70.90802,9.58999],[-70.91525,9.59827],[-70.92096,9.58907],[-70.92591,9.58847],[-70.93022,9.59453],[-70.95456,9.59126],[-70.98813,9.59659],[-70.99761,9.59634],[-71.00228,9.59983],[-71.01363,9.60021],[-71.02797,9.60411],[-71.038,9.60306],[-71.05301,9.60938],[-71.0606,9.61641],[-71.05866,9.60505],[-71.06222,9.58781],[-71.07055,9.56982],[-71.08132,9.55657],[-71.08701,9.53685],[-71.08602,9.52681],[-71.07542,9.50278],[-71.08994,9.48547],[-71.08414,9.48606],[-71.07682,9.49235],[-71.06957,9.48924],[-71.06785,9.46455],[-71.07024,9.435],[-71.07173,9.42705],[-71.07152,9.38748],[-71.06639,9.37106],[-71.05944,9.36783],[-71.05657,9.36204]]]},"properties":{"municipio":"La Ceiba","estado":"TRUJILLO"}},{"type":"Feature","geometry":{"type":"Polygon","coordinates":[[[-71.05289,9.35475],[-71.04691,9.35929],[-71.04251,9.35232],[-71.02947,9.34784],[-71.01995,9.34196],[-71.00234,9.33365],[-70.99589,9.33698],[-70.98728,9.33429],[-70.97997,9.32561],[-70.96222,9.31314],[-70.94992,9.30043],[-70.94809,9.29083],[-70.93693,9.2817],[-70.92758,9.28124],[-70.91337,9.27525],[-70.90666,9.26559],[-70.90276,9.26483],[-70.89952,9.25155],[-70.89957,9.24386],[-70.89512,9.23225],[-70.89736,9.22437],[-70.90809,9.21555],[-70.89955,9.20233],[-70.89865,9.19337],[-70.89822,9.1888],[-70.89407,9.17643],[-70.88297,9.17051],[-70.87571,9.16266],[-70.86077,9.1643],[-70.84374,9.1637],[-70.82652,9.1384],[-70.83511,9.11758],[-70.82785,9.1068],[-70.82707,9.09812],[-70.80685,9.08588],[-70.80091,9.08042],[-70.79707,9.08505],[-70.79105,9.08642],[-70.78525,9.09277],[-70.77437,9.0945],[-70.77069,9.09947],[-70.76421,9.11828],[-70.75604,9.13337],[-70.75723,9.14511],[-70.75264,9.1514],[-70.74725,9.16505],[-70.74079,9.16912],[-70.7281,9.18757],[-70.71736,9.19439],[-70.72791,9.19385],[-70.73489,9.19871],[-70.75689,9.20219],[-70.7757,9.20171],[-70.77997,9.20339],[-70.79318,9.19686],[-70.7961,9.21825],[-70.80312,9.2331],[-70.80807,9.23478],[-70.81534,9.24694],[-70.81381,9.25844],[-70.81984,9.25816],[-70.82399,9.26564],[-70.8229,9.27541],[-70.82604,9.27913],[-70.83674,9.28213],[-70.84184,9.2913],[-70.848,9.31576],[-70.84547,9.32606],[-70.85375,9.33122],[-70.86117,9.32799],[-70.86972,9.32082],[-70.88364,9.32825],[-70.90418,9.3294],[-70.91318,9.335],[-70.94003,9.34615],[-70.9544,9.3402],[-70.96693,9.34515],[-70.9835,9.34765],[-70.99358,9.36127],[-71.00779,9.36939],[-71.01466,9.36827],[-71.02316,9.37357],[-71.04319,9.3754],[-71.04879,9.36791],[-71.05657,9.36204],[-71.05289,9.35475]]]},"properties":{"municipio":"Monte Carmelo","estado":"TRUJILLO"}},{"type":"Feature","geometry":{"type":"Polygon","coordinates":[[[-71.06586,9.30991],[-71.06619,9.30173],[-71.06283,9.29202],[-71.05194,9.2805],[-71.0501,9.2704],[-71.04538,9.26171],[-71.03514,9.25373],[-71.02978,9.24662],[-71.01549,9.23339],[-71.00165,9.22441],[-70.99676,9.21231],[-70.98425,9.20861],[-70.98038,9.20536],[-70.97657,9.19546],[-70.97144,9.19176],[-70.97115,9.18255],[-70.96331,9.1634],[-70.95871,9.16141],[-70.94926,9.15174],[-70.89865,9.19337],[-70.89955,9.20233],[-70.90809,9.21555],[-70.89736,9.22437],[-70.89512,9.23225],[-70.90514,9.24024],[-70.91199,9.25146],[-70.92485,9.2641],[-70.9389,9.26582],[-70.95525,9.27978],[-70.96198,9.28285],[-70.9698,9.29225],[-70.97786,9.29736],[-70.98575,9.29794],[-70.98746,9.30568],[-70.99387,9.30649],[-71.00472,9.3131],[-71.006,9.31957],[-71.01944,9.32626],[-71.0258,9.33633],[-71.02947,9.34784],[-71.04251,9.35232],[-71.04691,9.35929],[-71.05289,9.35475],[-71.05276,9.33282],[-71.05722,9.32054],[-71.06586,9.30991]]]},"properties":{"municipio":"Sucre","estado":"ZULIA"}},{"type":"Feature","geometry":{"type":"Polygon","coordinates":[[[-71.0406,8.73538],[-71.04874,8.73075],[-71.05482,8.72006],[-71.06259,8.7116],[-71.06423,8.70416],[-71.08061,8.67676],[-71.08538,8.66435],[-71.09008,8.66009],[-71.09835,8.64539],[-71.1104,8.63792],[-71.11355,8.62754],[-71.10952,8.6175],[-71.10073,8.60384],[-71.09692,8.59247],[-71.08606,8.5858],[-71.0709,8.58154],[-71.02649,8.57333],[-71.00138,8.56801],[-70.99263,8.56096],[-70.99388,8.57406],[-71.00001,8.58724],[-70.99549,8.59236],[-70.9812,8.59679],[-70.97668,8.60105],[-70.96646,8.60229],[-70.9591,8.61053],[-70.95884,8.61798],[-70.95102,8.62122],[-70.94168,8.63242],[-70.94999,8.64081],[-70.9511,8.64505],[-70.96639,8.64373],[-70.98595,8.64792],[-70.99638,8.65669],[-71.00473,8.64956],[-71.02007,8.65079],[-71.02732,8.66157],[-71.03125,8.6838],[-71.03519,8.69687],[-71.03741,8.71101],[-71.03672,8.72879],[-71.0406,8.73538]]]},"properties":{"municipio":"Santos Marquina","estado":"MÉRIDA"}},{"type":"Feature","geometry":{"type":"Polygon","coordinates":[[[-71.51282,8.70904],[-71.5196,8.71219],[-71.53595,8.73124],[-71.53753,8.73739],[-71.54329,8.74354],[-71.55137,8.74655],[-71.5591,8.74531],[-71.56956,8.75059],[-71.57696,8.75034],[-71.58679,8.74442],[-71.59249,8.7472],[-71.59743,8.76963],[-71.63201,8.74367],[-71.65158,8.72738],[-71.67141,8.70737],[-71.70161,8.67732],[-71.75031,8.67633],[-71.84472,8.67638],[-71.86504,8.67612],[-71.86965,8.66878],[-71.88509,8.65688],[-71.88759,8.65219],[-71.9111,8.63915],[-71.91442,8.63258],[-71.90983,8.63353],[-71.89693,8.62515],[-71.88943,8.6168],[-71.87211,8.60916],[-71.85932,8.60578],[-71.84831,8.5989],[-71.8412,8.59919],[-71.83822,8.59418],[-71.82276,8.58724],[-71.81726,8.57331],[-71.8085,8.56469],[-71.80694,8.55636],[-71.80226,8.54824],[-71.80063,8.53848],[-71.78758,8.52645],[-71.78352,8.513],[-71.77628,8.51268],[-71.77136,8.52114],[-71.77704,8.53804],[-71.77734,8.54695],[-71.77018,8.54377],[-71.76909,8.53304],[-71.76545,8.52446],[-71.75552,8.51399],[-71.74727,8.49245],[-71.74167,8.48564],[-71.72409,8.50404],[-71.72025,8.50684],[-71.67164,8.53317],[-71.63505,8.5543],[-71.63253,8.54],[-71.63365,8.52834],[-71.62791,8.51485],[-71.61955,8.51292],[-71.6045,8.50637],[-71.59625,8.50663],[-71.58367,8.51449],[-71.58406,8.52358],[-71.57947,8.52847],[-71.58169,8.54339],[-71.59307,8.56564],[-71.58313,8.56482],[-71.57383,8.55955],[-71.55773,8.55712],[-71.55433,8.56111],[-71.57226,8.61481],[-71.56405,8.63698],[-71.55651,8.63157],[-71.55472,8.63477],[-71.54045,8.63645],[-71.53626,8.64288],[-71.51819,8.65756],[-71.51282,8.70904]]]},"properties":{"municipio":"Alberto Adriani","estado":"MÉRIDA"}},{"type":"Feature","geometry":{"type":"Polygon","coordinates":[[[-71.06586,9.30991],[-71.08746,9.30012],[-71.10232,9.28739],[-71.12449,9.27972],[-71.1392,9.26923],[-71.16244,9.25036],[-71.17611,9.24304],[-71.19053,9.22986],[-71.21084,9.20246],[-71.21934,9.19819],[-71.20705,9.18947],[-71.20243,9.19063],[-71.19037,9.18307],[-71.1789,9.17923],[-71.17179,9.17183],[-71.16845,9.16153],[-71.16105,9.1616],[-71.15801,9.15582],[-71.14818,9.15178],[-71.13323,9.15124],[-71.12603,9.15487],[-71.09462,9.15201],[-71.08263,9.14183],[-71.07953,9.1264],[-71.07608,9.11915],[-71.06485,9.10925],[-71.04745,9.10356],[-71.02422,9.12522],[-71.01615,9.13418],[-71.00878,9.14954],[-71.00137,9.1556],[-71.00377,9.13188],[-71.00753,9.12817],[-71.00511,9.11374],[-71.00069,9.11031],[-70.94926,9.15174],[-70.95871,9.16141],[-70.96331,9.1634],[-70.97115,9.18255],[-70.97144,9.19176],[-70.97657,9.19546],[-70.98038,9.20536],[-70.98425,9.20861],[-70.99676,9.21231],[-71.00165,9.22441],[-71.01549,9.23339],[-71.02978,9.24662],[-71.03514,9.25373],[-71.04538,9.26171],[-71.0501,9.2704],[-71.05194,9.2805],[-71.06283,9.29202],[-71.06619,9.30173],[-71.06586,9.30991]]]},"properties":{"municipio":"Sucre","estado":"ZULIA"}},{"type":"Feature","geometry":{"type":"MultiPolygon","coordinates":[[[[-71.21934,9.19819],[-71.22259,9.17679],[-71.21932,9.17176],[-71.22403,9.16388],[-71.21004,9.15187],[-71.20345,9.14172],[-71.20321,9.13535],[-71.19636,9.12544],[-71.18734,9.11717],[-71.1689,9.11832],[-71.16124,9.11622],[-71.14448,9.10206],[-71.13222,9.09805],[-71.12269,9.09177],[-71.11755,9.08523],[-71.11096,9.0818],[-71.10858,9.07459],[-71.09813,9.05878],[-71.09774,9.05192],[-71.08659,9.05155],[-71.07772,9.05906],[-71.05139,9.05414],[-71.04067,9.04452],[-71.03906,9.05581],[-71.04537,9.06792],[-71.0557,9.06949],[-71.0576,9.07499],[-71.05816,9.09193],[-71.04745,9.10356],[-71.06485,9.10925],[-71.07608,9.11915],[-71.07953,9.1264],[-71.08263,9.14183],[-71.09462,9.15201],[-71.12603,9.15487],[-71.13323,9.15124],[-71.14818,9.15178],[-71.15801,9.15582],[-71.16105,9.1616],[-71.16845,9.16153],[-71.17179,9.17183],[-71.1789,9.17923],[-71.19037,9.18307],[-71.20243,9.19063],[-71.20705,9.18947],[-71.21934,9.19819]]],[[[-70.92019,9.12855],[-70.93126,9.14188],[-70.93865,9.14381],[-70.94926,9.15174],[-71.00069,9.11031],[-70.99602,9.10065],[-70.99426,9.08962],[-70.98634,9.07735],[-70.9764,9.07832],[-70.9707,9.07345],[-70.96839,9.06676],[-70.96057,9.06271],[-70.94453,9.06526],[-70.94219,9.06923],[-70.9475,9.07798],[-70.94281,9.08579],[-70.9406,9.09673],[-70.93061,9.10905],[-70.93604,9.11484],[-70.9324,9.1274],[-70.92019,9.12855]]],[[[-71.03616,8.89461],[-71.03209,8.90829],[-71.03257,8.91483],[-71.03862,8.92997],[-71.0372,8.93961],[-71.02955,8.95318],[-71.02671,8.96337],[-71.01541,8.97977],[-71.0245,8.98726],[-71.02687,8.99676],[-71.02471,9.00082],[-71.03062,9.01155],[-71.03889,9.01664],[-71.05463,9.02241],[-71.06472,9.02294],[-71.06913,9.03223],[-71.08341,9.03678],[-71.08842,9.04453],[-71.09775,9.05184],[-71.09967,9.04361],[-71.13955,9.01671],[-71.13891,8.99218],[-71.1424,8.98585],[-71.15276,8.97549],[-71.14811,8.96572],[-71.15212,8.95973],[-71.14882,8.95322],[-71.15023,8.94292],[-71.15392,8.93943],[-71.16176,8.92259],[-71.15737,8.91644],[-71.15669,8.90877],[-71.15045,8.90291],[-71.14669,8.88624],[-71.1344,8.88796],[-71.11784,8.87774],[-71.11156,8.87918],[-71.08409,8.90174],[-71.0766,8.89878],[-71.06643,8.90062],[-71.06013,8.89373],[-71.04686,8.89317],[-71.03616,8.89461]]]]},"properties":{"municipio":"Tulio Febres Cordero","estado":"MÉRIDA"}},{"type":"Feature","geometry":{"type":"Polygon","coordinates":[[[-71.45536,9.05605],[-71.50056,9.04359],[-71.52348,9.04007],[-71.5248,9.03843],[-71.52702,9.02665],[-71.53186,9.0222],[-71.53278,9.01443],[-71.55259,9.00206],[-71.55179,8.9956],[-71.55643,8.9895],[-71.55738,8.97127],[-71.56997,8.94598],[-71.56997,8.94209],[-71.58127,8.92434],[-71.59079,8.91155],[-71.5983,8.89691],[-71.60778,8.86242],[-71.60406,8.85217],[-71.60869,8.84115],[-71.60806,8.83053],[-71.60229,8.81936],[-71.59749,8.80289],[-71.59831,8.78876],[-71.59743,8.76963],[-71.54249,8.8115],[-71.50359,8.84222],[-71.46385,8.87165],[-71.37822,8.93786],[-71.38147,8.94433],[-71.38824,8.9486],[-71.39286,8.95646],[-71.41021,8.96083],[-71.41913,8.97293],[-71.42666,8.97566],[-71.43565,8.9859],[-71.43662,8.99071],[-71.45203,9.00491],[-71.45896,9.00934],[-71.46355,9.01974],[-71.4553,9.02823],[-71.45152,9.03878],[-71.45536,9.05605]]]},"properties":{"municipio":"Francisco Javier Pulgar","estado":"ZULIA"}},{"type":"Feature","geometry":{"type":"Polygon","coordinates":[[[-67.57059,10.51717],[-67.57763,10.51008],[-67.59535,10.50711],[-67.6037,10.51296],[-67.61748,10.50317],[-67.64456,10.50271],[-67.65024,10.49687],[-67.65127,10.49443],[-67.65322,10.48413],[-67.66323,10.46778],[-67.65702,10.45735],[-67.65383,10.44419],[-67.6437,10.42655],[-67.63518,10.41701],[-67.63388,10.40141],[-67.63038,10.39236],[-67.63578,10.38278],[-67.63322,10.36612],[-67.62668,10.36091],[-67.60937,10.35087],[-67.60279,10.3423],[-67.5962,10.33776],[-67.60473,10.33328],[-67.61144,10.31489],[-67.61544,10.29831],[-67.6171,10.27921],[-67.61465,10.26505],[-67.61695,10.26206],[-67.62976,10.26506],[-67.6352,10.2598],[-67.64547,10.26494],[-67.6533,10.28048],[-67.66163,10.27856],[-67.66577,10.2648],[-67.67481,10.25542],[-67.67382,10.24421],[-67.67382,10.24421],[-67.66807,10.20189],[-67.60724,10.20157],[-67.59384,10.20252],[-67.57385,10.21119],[-67.56298,10.22036],[-67.55496,10.22891],[-67.55458,10.23917],[-67.54937,10.24586],[-67.54237,10.24574],[-67.53861,10.2538],[-67.5425,10.26473],[-67.54031,10.27112],[-67.5267,10.29007],[-67.53103,10.2997],[-67.53164,10.33704],[-67.53332,10.34923],[-67.54202,10.35567],[-67.5599,10.36594],[-67.56707,10.37876],[-67.56871,10.39295],[-67.573,10.39695],[-67.57216,10.40501],[-67.57339,10.42966],[-67.57179,10.44615],[-67.5676,10.45704],[-67.57061,10.46937],[-67.56944,10.47705],[-67.56962,10.48152],[-67.56906,10.492],[-67.57244,10.49623],[-67.56872,10.51575],[-67.57059,10.51717]]]},"properties":{"municipio":"Girardot","estado":"ARAGUA"}},{"type":"Feature","geometry":{"type":"Polygon","coordinates":[[[-70.32275,11.32395],[-70.33439,11.31775],[-70.35098,11.31473],[-70.36077,11.3087],[-70.37746,11.30786],[-70.39056,11.30373],[-70.40189,11.29217],[-70.40673,11.29057],[-70.41842,11.28135],[-70.43389,11.27829],[-70.44619,11.27966],[-70.46257,11.28499],[-70.47093,11.28349],[-70.47487,11.28711],[-70.48799,11.28386],[-70.49965,11.27014],[-70.49128,11.26698],[-70.49968,11.25272],[-70.50666,11.24445],[-70.51776,11.23594],[-70.53021,11.23131],[-70.55418,11.22913],[-70.56993,11.23182],[-70.58392,11.23253],[-70.60051,11.22641],[-70.62132,11.22399],[-70.6487,11.22719],[-70.66301,11.23102],[-70.67313,11.22678],[-70.68908,11.22782],[-70.69988,11.22466],[-70.71292,11.22669],[-70.722,11.2217],[-70.74116,11.21584],[-70.75881,11.21352],[-70.77173,11.20532],[-70.78559,11.20215],[-70.80261,11.20185],[-70.81929,11.19726],[-70.84389,11.19524],[-70.87967,11.17665],[-70.88491,11.17214],[-70.90698,11.16102],[-70.92417,11.14958],[-70.93232,11.1458],[-70.94533,11.13282],[-70.9761,11.11988],[-70.9761,11.11953],[-70.97607,11.1195],[-70.96535,11.10736],[-70.94746,11.09451],[-70.93964,11.08402],[-70.93657,11.08348],[-70.92751,11.07002],[-70.92053,11.0669],[-70.91608,11.05588],[-70.91101,11.05284],[-70.90327,11.04044],[-70.90411,11.03778],[-70.88053,10.95614],[-70.87237,10.89218],[-70.87055,10.87189],[-70.86848,10.78843],[-70.8606,10.77836],[-70.83975,10.76009],[-70.83353,10.76313],[-70.81482,10.75946],[-70.81037,10.7542],[-70.80284,10.63901],[-70.7973,10.48352],[-70.73424,10.48565],[-70.67657,10.48692],[-70.68026,10.64262],[-70.68121,10.66208],[-70.68311,10.66448],[-70.68358,10.70947],[-70.68544,10.76136],[-70.69759,10.80668],[-70.70356,10.83153],[-70.73267,10.94303],[-70.73832,10.97637],[-70.74558,11.0517],[-70.75759,11.08415],[-70.72346,11.10304],[-70.67013,11.10443],[-70.66944,11.09844],[-70.65482,11.0993],[-70.65222,11.09172],[-70.64729,11.08791],[-70.65044,11.07964],[-70.64371,11.07214],[-70.6372,11.05906],[-70.63722,11.05048],[-70.64058,11.04031],[-70.63728,11.03053],[-70.6212,11.01582],[-70.61695,11.0199],[-70.60602,11.00232],[-70.60596,10.98885],[-70.59313,10.96727],[-70.5961,10.95271],[-70.58917,10.94501],[-70.58358,10.92833],[-70.57251,10.92551],[-70.58213,10.91077],[-70.57762,10.90168],[-70.58097,10.8943],[-70.56458,10.88538],[-70.55361,10.88186],[-70.55192,10.87527],[-70.53933,10.87334],[-70.53825,10.86466],[-70.53059,10.86703],[-70.52942,10.85496],[-70.52563,10.84497],[-70.52667,10.83569],[-70.51409,10.83077],[-70.54803,10.77349],[-70.5457,10.75014],[-70.55602,10.7354],[-70.57046,10.72396],[-70.55862,10.71176],[-70.55784,10.70288],[-70.54981,10.69587],[-70.54752,10.68968],[-70.54926,10.6807],[-70.54318,10.66343],[-70.53536,10.65453],[-70.51967,10.65119],[-70.50753,10.63858],[-70.50865,10.6337],[-70.51813,10.62973],[-70.52352,10.61408],[-70.52003,10.60489],[-70.52358,10.59852],[-70.52442,10.58725],[-70.5341,10.58328],[-70.55005,10.56996],[-70.5519,10.55958],[-70.55726,10.55142],[-70.56184,10.53836],[-70.55713,10.53146],[-70.55996,10.52728],[-70.55547,10.51759],[-70.56137,10.5143],[-70.48968,10.52539],[-70.37234,10.54307],[-70.37187,10.54351],[-70.38557,10.55175],[-70.39488,10.56993],[-70.39823,10.58106],[-70.41461,10.59147],[-70.42007,10.59802],[-70.42959,10.60413],[-70.44174,10.60669],[-70.445,10.61353],[-70.44463,10.62102],[-70.44963,10.63215],[-70.46262,10.63584],[-70.46822,10.65307],[-70.47324,10.65857],[-70.47476,10.67494],[-70.47147,10.68302],[-70.47023,10.69504],[-70.47516,10.70009],[-70.48067,10.71117],[-70.49358,10.72147],[-70.44405,10.88523],[-70.4182,10.96531],[-70.40926,10.99524],[-70.40265,11.02128],[-70.38204,11.09755],[-70.39196,11.10296],[-70.38501,11.12166],[-70.37276,11.15847],[-70.36451,11.16963],[-70.33206,11.21824],[-70.32725,11.22696],[-70.3209,11.24397],[-70.32712,11.25676],[-70.32286,11.26698],[-70.313,11.2757],[-70.31095,11.28523],[-70.31275,11.30918],[-70.31102,11.31517],[-70.32065,11.32003],[-70.32084,11.32125],[-70.32275,11.32395]]]},"properties":{"municipio":"Buchivacoa","estado":"FALCÓN"}},{"type":"Feature","geometry":{"type":"Polygon","coordinates":[[[-69.73641,11.5141],[-69.7294,11.50737],[-69.7289,11.50103],[-69.72377,11.49455],[-69.72702,11.48727],[-69.7395,11.48155],[-69.73638,11.47521],[-69.74419,11.46699],[-69.75972,11.45967],[-69.76873,11.45278],[-69.78081,11.44749],[-69.78831,11.44082],[-69.78543,11.43223],[-69.79177,11.42564],[-69.80348,11.42613],[-69.81093,11.42013],[-69.81741,11.41954],[-69.82603,11.42325],[-69.83786,11.42137],[-69.84623,11.42257],[-69.8566,11.42883],[-69.87201,11.43163],[-69.88779,11.44316],[-69.89643,11.45433],[-69.89403,11.46803],[-69.8937,11.4808],[-69.88764,11.48881],[-69.88689,11.49753],[-69.89248,11.50749],[-69.91002,11.49408],[-69.91779,11.49552],[-69.91667,11.50212],[-69.9202,11.50668],[-69.93364,11.49893],[-69.93619,11.49208],[-69.95208,11.48643],[-69.96525,11.48417],[-69.97176,11.49359],[-69.98058,11.49065],[-69.98513,11.49692],[-69.99276,11.51415],[-69.9978,11.51212],[-70.00508,11.51825],[-70.01734,11.51624],[-70.02851,11.51149],[-70.0467,11.51102],[-70.0628,11.52103],[-70.07691,11.53237],[-70.09888,11.5408],[-70.11189,11.55013],[-70.12326,11.56061],[-70.13026,11.5558],[-70.11883,11.54903],[-70.11159,11.54071],[-70.10397,11.54083],[-70.08675,11.52841],[-70.11773,11.53035],[-70.119,11.51982],[-70.11121,11.51753],[-70.10018,11.51989],[-70.08824,11.51869],[-70.0764,11.50629],[-70.07165,11.5126],[-70.05452,11.5135],[-70.04495,11.50847],[-70.04718,11.48905],[-70.04013,11.4926],[-70.02966,11.49294],[-70.0278,11.48874],[-70.01996,11.48882],[-70.01855,11.46698],[-70.03673,11.47801],[-70.04256,11.47414],[-70.05133,11.47698],[-70.05488,11.46637],[-70.05066,11.46488],[-70.04437,11.47059],[-70.03573,11.46859],[-70.03408,11.46089],[-70.0371,11.4511],[-70.04333,11.44581],[-70.04727,11.4357],[-70.05296,11.43884],[-70.06303,11.45313],[-70.08918,11.44844],[-70.08287,11.44134],[-70.0924,11.42752],[-70.09731,11.4243],[-70.10339,11.42748],[-70.11978,11.44548],[-70.13696,11.46659],[-70.142,11.46619],[-70.13799,11.45242],[-70.14541,11.44507],[-70.14895,11.42704],[-70.14565,11.41957],[-70.14833,11.4125],[-70.1551,11.40649],[-70.16066,11.40898],[-70.17148,11.37904],[-70.1777,11.37638],[-70.18203,11.36316],[-70.19432,11.35686],[-70.20674,11.35532],[-70.2103,11.35175],[-70.23862,11.34159],[-70.23165,11.32887],[-70.20132,11.27763],[-70.15476,11.23607],[-70.134,11.15728],[-70.1212,11.1069],[-70.0841,11.13603],[-70.02336,11.18108],[-69.97957,11.19584],[-69.97166,11.20265],[-69.94,11.21251],[-69.93199,11.21645],[-69.91729,11.21556],[-69.90658,11.19887],[-69.90248,11.19538],[-69.90182,11.17943],[-69.89098,11.16562],[-69.88385,11.16128],[-69.87736,11.1524],[-69.86653,11.15385],[-69.86316,11.15803],[-69.84449,11.16026],[-69.83129,11.16847],[-69.82118,11.17],[-69.81458,11.17431],[-69.79885,11.17292],[-69.79295,11.17543],[-69.79253,11.18308],[-69.77369,11.21882],[-69.76639,11.2102],[-69.75586,11.207],[-69.75433,11.19838],[-69.74703,11.1924],[-69.72878,11.19225],[-69.71684,11.19796],[-69.70434,11.19573],[-69.69437,11.1992],[-69.67502,11.20784],[-69.66509,11.20988],[-69.6571,11.20556],[-69.65007,11.20579],[-69.63552,11.21767],[-69.62424,11.22451],[-69.60619,11.2257],[-69.59915,11.22929],[-69.56602,11.25072],[-69.55132,11.26954],[-69.53099,11.28931],[-69.50289,11.29974],[-69.49187,11.31031],[-69.48014,11.31715],[-69.47016,11.32622],[-69.47823,11.33543],[-69.47891,11.34443],[-69.47353,11.3531],[-69.49263,11.3879],[-69.50264,11.39675],[-69.50981,11.39235],[-69.53647,11.38226],[-69.55696,11.38133],[-69.56839,11.38623],[-69.58901,11.38218],[-69.60472,11.36701],[-69.62904,11.41483],[-69.6285,11.42658],[-69.62058,11.43506],[-69.61092,11.44126],[-69.61004,11.44677],[-69.60094,11.44931],[-69.59854,11.4556],[-69.62825,11.47043],[-69.64923,11.48996],[-69.67035,11.51613],[-69.6857,11.53887],[-69.69381,11.53488],[-69.73641,11.5141]]]},"properties":{"municipio":"Miranda","estado":"FALCÓN"}},{"type":"Feature","geometry":{"type":"Polygon","coordinates":[[[-68.73389,11.35499],[-68.74364,11.36522],[-68.75269,11.36621],[-68.76733,11.37445],[-68.77535,11.383],[-68.79471,11.39835],[-68.82273,11.43299],[-68.83029,11.44345],[-68.8372,11.43877],[-68.84707,11.44064],[-68.85934,11.45036],[-68.86871,11.44967],[-68.87582,11.44568],[-68.88395,11.44558],[-68.88845,11.44162],[-68.89774,11.4427],[-68.90812,11.44751],[-68.92159,11.44452],[-68.93646,11.44534],[-68.94803,11.44994],[-68.96828,11.44144],[-68.97852,11.43915],[-68.98757,11.43393],[-69.00819,11.4428],[-69.02702,11.43567],[-69.04189,11.44311],[-69.05253,11.43988],[-69.06981,11.45193],[-69.08757,11.47268],[-69.09662,11.485],[-69.10677,11.49346],[-69.1123,11.4921],[-69.11414,11.4852],[-69.12792,11.48759],[-69.13411,11.4918],[-69.14197,11.49067],[-69.16215,11.49578],[-69.17918,11.4674],[-69.17884,11.431],[-69.21623,11.42478],[-69.23808,11.40488],[-69.23488,11.36375],[-69.23933,11.33076],[-69.2406,11.32902],[-69.24775,11.2801],[-69.24717,11.25693],[-69.24583,11.25352],[-69.23371,11.24426],[-69.22571,11.24553],[-69.22177,11.24068],[-69.21086,11.23842],[-69.20116,11.22993],[-69.19704,11.22251],[-69.19939,11.2185],[-69.19173,11.20727],[-69.18579,11.2111],[-69.14956,11.22463],[-69.14363,11.22212],[-69.04309,11.2001],[-69.00216,11.19028],[-68.99137,11.19339],[-68.98326,11.19267],[-68.97647,11.19626],[-68.97005,11.19374],[-68.95528,11.19314],[-68.94825,11.19553],[-68.94485,11.20175],[-68.94617,11.21072],[-68.95246,11.21886],[-68.9441,11.22137],[-68.92726,11.21956],[-68.91042,11.22326],[-68.89249,11.22541],[-68.86848,11.2358],[-68.8234,11.25654],[-68.77153,11.281],[-68.73389,11.35499]]]},"properties":{"municipio":"Píritu","estado":"FALCÓN"}},{"type":"Feature","geometry":{"type":"Polygon","coordinates":[[[-61.82946,9.80052],[-61.8323,9.79903],[-61.84507,9.80446],[-61.86994,9.81193],[-61.87286,9.81828],[-61.88207,9.82514],[-61.88372,9.82974],[-61.90277,9.85314],[-61.91195,9.8667],[-61.92121,9.8761],[-61.93898,9.88778],[-61.95555,9.90264],[-61.96908,9.91047],[-61.98817,9.92652],[-62.01539,9.94793],[-62.02793,9.95896],[-62.04807,9.97141],[-62.0704,9.98251],[-62.10306,9.99505],[-62.11656,9.99641],[-62.14577,10.00758],[-62.18975,10.01942],[-62.22566,10.02607],[-62.23254,10.03811],[-62.23984,10.04525],[-62.23772,10.05394],[-62.24258,10.05798],[-62.25409,10.05915],[-62.25992,10.05603],[-62.27918,10.05602],[-62.28544,10.04185],[-62.29008,10.03567],[-62.29552,10.02025],[-62.30204,9.98925],[-62.31286,9.98974],[-62.3203,9.98557],[-62.33183,9.99234],[-62.3377,9.99013],[-62.3421,9.97442],[-62.34165,9.96896],[-62.33107,9.97111],[-62.32571,9.94457],[-62.33851,9.94403],[-62.34497,9.92896],[-62.34957,9.92509],[-62.35128,9.90223],[-62.35661,9.89432],[-62.35533,9.8823],[-62.3571,9.86829],[-62.36264,9.86912],[-62.36219,9.85194],[-62.35918,9.84208],[-62.34277,9.8095],[-62.31947,9.80146],[-62.30855,9.79059],[-62.30482,9.78373],[-62.30398,9.77373],[-62.31755,9.74225],[-62.33858,9.72904],[-62.34941,9.71846],[-62.35403,9.71149],[-62.36291,9.70656],[-62.3712,9.6861],[-62.37126,9.67297],[-62.37832,9.66082],[-62.4041,9.63268],[-62.42319,9.61404],[-62.43523,9.59888],[-62.4406,9.58408],[-62.44656,9.57481],[-62.43881,9.56733],[-62.43663,9.56118],[-62.44685,9.54506],[-62.44771,9.53916],[-62.44337,9.52012],[-62.44083,9.5153],[-62.44669,9.49567],[-62.44222,9.4847],[-62.4381,9.48205],[-62.41722,9.48575],[-62.40922,9.48296],[-62.40365,9.47416],[-62.40342,9.46729],[-62.38886,9.46703],[-62.37577,9.46062],[-62.36631,9.45855],[-62.3599,9.44903],[-62.34729,9.44298],[-62.32544,9.45294],[-62.32359,9.4663],[-62.31183,9.46496],[-62.30342,9.48],[-62.28235,9.46128],[-62.29074,9.45094],[-62.28869,9.44744],[-62.27122,9.44681],[-62.26324,9.43523],[-62.25536,9.43123],[-62.24966,9.43315],[-62.24448,9.42883],[-62.23337,9.42575],[-62.22068,9.43203],[-62.21805,9.42175],[-62.20755,9.40602],[-62.21285,9.38993],[-62.20894,9.37706],[-62.20213,9.37092],[-62.19785,9.37145],[-62.19191,9.38627],[-62.1644,9.40377],[-62.15311,9.40415],[-62.13205,9.39869],[-62.13318,9.38154],[-62.12571,9.37788],[-62.10828,9.38472],[-62.09952,9.38661],[-62.09313,9.38497],[-62.0732,9.39553],[-62.06147,9.3955],[-62.05754,9.39965],[-62.04598,9.4035],[-62.03725,9.40384],[-62.02978,9.40843],[-62.02529,9.41691],[-62.02598,9.43064],[-62.01598,9.43052],[-62.009,9.42156],[-61.99943,9.42785],[-61.99087,9.42991],[-61.97675,9.43657],[-61.96554,9.43357],[-61.96085,9.43708],[-61.94478,9.43425],[-61.93544,9.43107],[-61.93004,9.42437],[-61.91114,9.4176],[-61.90148,9.42285],[-61.89175,9.42221],[-61.88509,9.4181],[-61.8699,9.42547],[-61.86515,9.43073],[-61.86575,9.43727],[-61.85564,9.44567],[-61.84625,9.45082],[-61.82953,9.46656],[-61.82595,9.48071],[-61.81767,9.48811],[-61.81254,9.50188],[-61.80061,9.50026],[-61.79688,9.50924],[-61.80062,9.51753],[-61.7866,9.53094],[-61.77267,9.55489],[-61.76856,9.5691],[-61.75807,9.57633],[-61.75031,9.59187],[-61.74481,9.59443],[-61.73787,9.62124],[-61.73815,9.64555],[-61.74255,9.66951],[-61.74268,9.68659],[-61.73962,9.7044],[-61.7452,9.71203],[-61.7564,9.71894],[-61.76329,9.72806],[-61.76283,9.75256],[-61.78111,9.76766],[-61.78915,9.76955],[-61.81915,9.76313],[-61.82858,9.76699],[-61.83414,9.78264],[-61.82946,9.80052]]]},"properties":{"municipio":"Pedernales","estado":"DELTA AMACURO"}},{"type":"Feature","geometry":{"type":"Polygon","coordinates":[[[-71.29298,8.76849],[-71.29383,8.76468],[-71.31258,8.76353],[-71.32253,8.77139],[-71.33163,8.77402],[-71.34559,8.77024],[-71.36182,8.77493],[-71.39697,8.77723],[-71.41028,8.77344],[-71.41755,8.78078],[-71.4251,8.7813],[-71.43814,8.78611],[-71.44745,8.794],[-71.45165,8.80058],[-71.45667,8.79009],[-71.45222,8.77933],[-71.4607,8.76871],[-71.47185,8.7629],[-71.47645,8.7629],[-71.48869,8.75222],[-71.49838,8.74944],[-71.49966,8.73654],[-71.50677,8.72416],[-71.51282,8.70904],[-71.51819,8.65756],[-71.53626,8.64288],[-71.54045,8.63645],[-71.55472,8.63477],[-71.55651,8.63157],[-71.54916,8.62908],[-71.53923,8.62139],[-71.52672,8.61915],[-71.51938,8.61998],[-71.51092,8.6246],[-71.49224,8.62312],[-71.48173,8.6302],[-71.46666,8.62222],[-71.456,8.62382],[-71.44586,8.63216],[-71.4387,8.63367],[-71.43321,8.62759],[-71.41453,8.62973],[-71.4125,8.6205],[-71.40246,8.61093],[-71.39862,8.60992],[-71.39271,8.62079],[-71.39666,8.62611],[-71.39764,8.63876],[-71.39034,8.64744],[-71.38827,8.6554],[-71.38043,8.6664],[-71.37251,8.66311],[-71.35728,8.66323],[-71.3427,8.6617],[-71.33847,8.66385],[-71.3234,8.66351],[-71.31402,8.67717],[-71.30659,8.68058],[-71.29828,8.67779],[-71.28012,8.68125],[-71.26313,8.67226],[-71.25053,8.68391],[-71.25306,8.69404],[-71.25061,8.69859],[-71.24229,8.7025],[-71.23179,8.70338],[-71.2191,8.7116],[-71.21774,8.71893],[-71.23795,8.72806],[-71.25224,8.74097],[-71.25555,8.74717],[-71.26309,8.75059],[-71.2718,8.74908],[-71.29298,8.76849]]]},"properties":{"municipio":"Andrés Bello","estado":"MÉRIDA"}},{"type":"Feature","geometry":{"type":"Polygon","coordinates":[[[-70.97514,8.80828],[-70.98098,8.81564],[-70.98681,8.81866],[-71.01561,8.80637],[-71.02327,8.80946],[-71.03079,8.80808],[-71.03394,8.8149],[-71.04355,8.81108],[-71.05137,8.81198],[-71.05806,8.80632],[-71.05914,8.80097],[-71.06877,8.79715],[-71.07314,8.79849],[-71.08328,8.79041],[-71.08323,8.78328],[-71.09169,8.77342],[-71.10169,8.77407],[-71.11128,8.76065],[-71.11952,8.75262],[-71.13348,8.74563],[-71.14281,8.7343],[-71.15239,8.73149],[-71.16439,8.73615],[-71.17599,8.7249],[-71.17673,8.72015],[-71.18889,8.7134],[-71.19213,8.70598],[-71.20218,8.70395],[-71.20515,8.6954],[-71.21005,8.69094],[-71.20918,8.68132],[-71.21434,8.678],[-71.22144,8.6613],[-71.22698,8.65352],[-71.22852,8.64247],[-71.21931,8.62684],[-71.21906,8.62033],[-71.2233,8.60917],[-71.21908,8.59538],[-71.21637,8.58021],[-71.2196,8.56414],[-71.21806,8.55866],[-71.22585,8.55578],[-71.22787,8.54682],[-71.21638,8.54772],[-71.20596,8.53396],[-71.20605,8.51474],[-71.20354,8.50969],[-71.19225,8.50428],[-71.18661,8.49902],[-71.18804,8.48909],[-71.19256,8.48691],[-71.20643,8.49003],[-71.2205,8.48618],[-71.2311,8.47533],[-71.2357,8.46048],[-71.2282,8.45132],[-71.21168,8.44408],[-71.20828,8.43485],[-71.2016,8.43298],[-71.19718,8.42212],[-71.18672,8.4089],[-71.18458,8.40316],[-71.17562,8.3953],[-71.17399,8.38856],[-71.15305,8.37384],[-71.147,8.3666],[-71.13959,8.37009],[-71.1358,8.37994],[-71.11926,8.3858],[-71.10754,8.37245],[-71.08989,8.36696],[-71.08311,8.37357],[-71.07988,8.3781],[-71.06843,8.38382],[-71.06845,8.3912],[-71.05436,8.39629],[-71.03987,8.40384],[-71.0452,8.41604],[-71.04142,8.42429],[-71.04076,8.43603],[-71.02484,8.44219],[-71.01319,8.44156],[-71.00237,8.44571],[-71.00447,8.4603],[-70.99783,8.47732],[-70.98863,8.48652],[-70.9888,8.4918],[-70.9806,8.50475],[-70.97955,8.51229],[-70.98392,8.52683],[-70.98539,8.54054],[-70.99672,8.55097],[-70.99263,8.56096],[-71.00138,8.56801],[-71.02649,8.57333],[-71.0709,8.58154],[-71.08606,8.5858],[-71.09692,8.59247],[-71.10073,8.60384],[-71.10952,8.6175],[-71.11355,8.62754],[-71.1104,8.63792],[-71.09835,8.64539],[-71.09008,8.66009],[-71.08538,8.66435],[-71.08061,8.67676],[-71.06423,8.70416],[-71.06259,8.7116],[-71.05482,8.72006],[-71.04874,8.73075],[-71.0406,8.73538],[-71.02767,8.75554],[-71.01448,8.76957],[-71.00598,8.77304],[-70.99358,8.78301],[-70.99106,8.78986],[-70.98244,8.79377],[-70.97604,8.79984],[-70.97514,8.80828]]]},"properties":{"municipio":"Libertador","estado":"MÉRIDA"}},{"type":"Feature","geometry":{"type":"Polygon","coordinates":[[[-70.80849,8.84994],[-70.81879,8.84787],[-70.82757,8.85852],[-70.84569,8.86819],[-70.8482,8.87494],[-70.86102,8.88167],[-70.86564,8.88196],[-70.87239,8.89193],[-70.8771,8.89317],[-70.88676,8.88675],[-70.89917,8.88749],[-70.90126,8.87744],[-70.91677,8.86475],[-70.91322,8.84936],[-70.9187,8.84262],[-70.92603,8.84606],[-70.9324,8.84515],[-70.93741,8.83826],[-70.94723,8.8315],[-70.96254,8.81744],[-70.96484,8.81186],[-70.97514,8.80828],[-70.97604,8.79984],[-70.98244,8.79377],[-70.99106,8.78986],[-70.99358,8.78301],[-71.00598,8.77304],[-71.01448,8.76957],[-71.02767,8.75554],[-71.0406,8.73538],[-71.03672,8.72879],[-71.03741,8.71101],[-71.03519,8.69687],[-71.03125,8.6838],[-71.02732,8.66157],[-71.02007,8.65079],[-71.00473,8.64956],[-70.99638,8.65669],[-70.98595,8.64792],[-70.96639,8.64373],[-70.9511,8.64505],[-70.94999,8.64081],[-70.94168,8.63242],[-70.93348,8.62702],[-70.9235,8.62582],[-70.91629,8.63023],[-70.9152,8.6352],[-70.89584,8.65301],[-70.89605,8.66334],[-70.87848,8.6737],[-70.86926,8.67251],[-70.86306,8.68214],[-70.85232,8.68873],[-70.85317,8.69576],[-70.81847,8.70572],[-70.8138,8.71412],[-70.80201,8.71441],[-70.79871,8.70349],[-70.79077,8.70156],[-70.78425,8.70955],[-70.77598,8.71535],[-70.76345,8.71389],[-70.75745,8.72103],[-70.74093,8.74273],[-70.73315,8.74973],[-70.74714,8.75607],[-70.74885,8.76239],[-70.74532,8.76785],[-70.74947,8.7764],[-70.74887,8.78334],[-70.75546,8.78321],[-70.76425,8.77886],[-70.77279,8.77984],[-70.77877,8.77549],[-70.78365,8.76669],[-70.79048,8.76097],[-70.80232,8.75563],[-70.80148,8.77336],[-70.80979,8.78773],[-70.80663,8.80658],[-70.79429,8.81488],[-70.80577,8.82293],[-70.81249,8.82986],[-70.81286,8.83494],[-70.80849,8.84994]]]},"properties":{"municipio":"Rangel","estado":"MÉRIDA"}},{"type":"Feature","geometry":{"type":"Polygon","coordinates":[[[-71.35118,8.91522],[-71.36237,8.92482],[-71.37184,8.93719],[-71.37822,8.93786],[-71.46385,8.87165],[-71.50359,8.84222],[-71.54249,8.8115],[-71.59743,8.76963],[-71.59249,8.7472],[-71.58679,8.74442],[-71.57696,8.75034],[-71.56956,8.75059],[-71.5591,8.74531],[-71.55137,8.74655],[-71.54329,8.74354],[-71.53753,8.73739],[-71.53595,8.73124],[-71.5196,8.71219],[-71.51282,8.70904],[-71.50677,8.72416],[-71.49966,8.73654],[-71.49838,8.74944],[-71.48869,8.75222],[-71.47645,8.7629],[-71.47185,8.7629],[-71.4607,8.76871],[-71.45222,8.77933],[-71.45667,8.79009],[-71.45165,8.80058],[-71.44745,8.794],[-71.43814,8.78611],[-71.4251,8.7813],[-71.41755,8.78078],[-71.41028,8.77344],[-71.39697,8.77723],[-71.36182,8.77493],[-71.34559,8.77024],[-71.33163,8.77402],[-71.32253,8.77139],[-71.31258,8.76353],[-71.29383,8.76468],[-71.29298,8.76849],[-71.306,8.78088],[-71.30993,8.78123],[-71.32964,8.7982],[-71.3318,8.80722],[-71.33862,8.81661],[-71.33559,8.82853],[-71.33181,8.83517],[-71.33423,8.84089],[-71.34196,8.84269],[-71.34605,8.84713],[-71.35243,8.84435],[-71.35822,8.87335],[-71.35496,8.88054],[-71.35854,8.89412],[-71.35522,8.91017],[-71.35118,8.91522]]]},"properties":{"municipio":"Obispo Ramos de Lora","estado":"MÉRIDA"}},{"type":"Feature","geometry":{"type":"Polygon","coordinates":[[[-70.58196,9.02648],[-70.58781,9.0273],[-70.60088,9.01709],[-70.61865,9.01315],[-70.62044,9.00761],[-70.62862,9.00459],[-70.63239,8.99807],[-70.65251,8.98521],[-70.66322,8.9816],[-70.67126,8.97554],[-70.68163,8.9642],[-70.68922,8.95571],[-70.69674,8.95353],[-70.70103,8.94633],[-70.71078,8.94683],[-70.71546,8.93847],[-70.72241,8.93589],[-70.7264,8.92842],[-70.72791,8.91698],[-70.73772,8.90447],[-70.72393,8.91143],[-70.70127,8.91367],[-70.69773,8.90683],[-70.68195,8.89724],[-70.67515,8.90036],[-70.66256,8.8934],[-70.64759,8.89653],[-70.64664,8.90192],[-70.63695,8.91595],[-70.63778,8.92721],[-70.6405,8.93322],[-70.63323,8.94125],[-70.63133,8.94864],[-70.6246,8.95439],[-70.6127,8.96028],[-70.61241,8.97227],[-70.60576,8.98762],[-70.58521,9.00759],[-70.57803,9.01186],[-70.58196,9.02648]]]},"properties":{"municipio":"Pueblo Llano","estado":"MÉRIDA"}},{"type":"Feature","geometry":{"type":"Polygon","coordinates":[[[-70.80091,9.08042],[-70.80201,9.06981],[-70.81123,9.06568],[-70.8189,9.05359],[-70.8315,9.05836],[-70.84295,9.05398],[-70.8515,9.05847],[-70.85296,9.07184],[-70.86068,9.07834],[-70.86807,9.09748],[-70.87847,9.09098],[-70.88519,9.09063],[-70.90736,9.08115],[-70.93135,9.07503],[-70.93114,9.06007],[-70.91632,9.05629],[-70.90933,9.04908],[-70.90654,9.03346],[-70.90424,9.00992],[-70.89724,8.99797],[-70.89776,8.99118],[-70.89149,8.97968],[-70.87605,8.96245],[-70.87364,8.95475],[-70.87447,8.94166],[-70.86981,8.93614],[-70.86775,8.9158],[-70.87546,8.90885],[-70.87218,8.90337],[-70.8771,8.89317],[-70.87239,8.89193],[-70.86564,8.88196],[-70.86102,8.88167],[-70.8482,8.87494],[-70.84569,8.86819],[-70.82757,8.85852],[-70.81879,8.84787],[-70.80849,8.84994],[-70.80008,8.85037],[-70.79449,8.85477],[-70.78293,8.85763],[-70.77879,8.86282],[-70.77128,8.86439],[-70.76551,8.87076],[-70.7631,8.8783],[-70.76446,8.88828],[-70.74879,8.89007],[-70.73907,8.89967],[-70.73772,8.90447],[-70.72791,8.91698],[-70.7264,8.92842],[-70.72241,8.93589],[-70.71546,8.93847],[-70.71078,8.94683],[-70.70103,8.94633],[-70.69674,8.95353],[-70.68922,8.95571],[-70.68163,8.9642],[-70.68365,8.96921],[-70.69075,8.97087],[-70.70375,8.98189],[-70.70458,8.99579],[-70.71176,9.00351],[-70.71056,9.00721],[-70.7064,9.01521],[-70.71945,9.02622],[-70.72449,9.03797],[-70.73679,9.04877],[-70.73044,9.05561],[-70.73889,9.05358],[-70.74521,9.05647],[-70.75988,9.04852],[-70.77341,9.05239],[-70.77928,9.05793],[-70.78355,9.06914],[-70.78332,9.07834],[-70.79224,9.08269],[-70.79707,9.08505],[-70.80091,9.08042]]]},"properties":{"municipio":"Miranda","estado":"MÉRIDA"}},{"type":"Feature","geometry":{"type":"Polygon","coordinates":[[[-70.89822,9.1888],[-70.89865,9.19337],[-70.94926,9.15174],[-70.93865,9.14381],[-70.93126,9.14188],[-70.92019,9.12855],[-70.91449,9.13732],[-70.89587,9.12354],[-70.88656,9.11433],[-70.88137,9.10538],[-70.86807,9.09748],[-70.86068,9.07834],[-70.85296,9.07184],[-70.8515,9.05847],[-70.84295,9.05398],[-70.8315,9.05836],[-70.8189,9.05359],[-70.81123,9.06568],[-70.80201,9.06981],[-70.80091,9.08042],[-70.80934,9.07344],[-70.83042,9.08675],[-70.84455,9.0882],[-70.85,9.09709],[-70.86454,9.13453],[-70.86727,9.13788],[-70.86828,9.15097],[-70.87964,9.14926],[-70.89028,9.15341],[-70.8934,9.16097],[-70.89061,9.16428],[-70.89745,9.17574],[-70.89822,9.1888]]]},"properties":{"municipio":"Julio César Salas","estado":"MÉRIDA"}},{"type":"Feature","geometry":{"type":"Polygon","coordinates":[[[-70.86807,9.09748],[-70.88137,9.10538],[-70.88656,9.11433],[-70.89587,9.12354],[-70.91449,9.13732],[-70.92019,9.12855],[-70.9324,9.1274],[-70.93604,9.11484],[-70.93061,9.10905],[-70.9406,9.09673],[-70.94281,9.08579],[-70.9475,9.07798],[-70.94219,9.06923],[-70.94453,9.06526],[-70.96057,9.06271],[-70.96839,9.06676],[-70.9707,9.07345],[-70.9764,9.07832],[-70.98634,9.07735],[-70.99426,9.08962],[-70.99602,9.10065],[-71.00069,9.11031],[-71.03034,9.08558],[-71.03834,9.09812],[-71.04745,9.10356],[-71.05816,9.09193],[-71.0576,9.07499],[-71.0557,9.06949],[-71.04537,9.06792],[-71.03906,9.05581],[-71.04067,9.04452],[-71.05139,9.05414],[-71.07772,9.05906],[-71.08659,9.05155],[-71.09774,9.05192],[-71.09775,9.05184],[-71.08842,9.04453],[-71.08341,9.03678],[-71.06913,9.03223],[-71.06472,9.02294],[-71.05463,9.02241],[-71.03889,9.01664],[-71.03062,9.01155],[-71.02471,9.00082],[-71.02687,8.99676],[-71.0245,8.98726],[-71.01541,8.97977],[-71.02671,8.96337],[-71.02955,8.95318],[-71.0372,8.93961],[-71.03862,8.92997],[-71.03257,8.91483],[-71.03209,8.90829],[-71.03616,8.89461],[-71.03101,8.89104],[-71.02775,8.87796],[-71.03269,8.87211],[-71.02611,8.86778],[-71.02817,8.84097],[-71.03164,8.81954],[-71.03394,8.8149],[-71.03079,8.80808],[-71.02327,8.80946],[-71.01561,8.80637],[-70.98681,8.81866],[-70.98098,8.81564],[-70.97514,8.80828],[-70.96484,8.81186],[-70.96254,8.81744],[-70.94723,8.8315],[-70.93741,8.83826],[-70.9324,8.84515],[-70.92603,8.84606],[-70.9187,8.84262],[-70.91322,8.84936],[-70.91677,8.86475],[-70.90126,8.87744],[-70.89917,8.88749],[-70.88676,8.88675],[-70.8771,8.89317],[-70.87218,8.90337],[-70.87546,8.90885],[-70.86775,8.9158],[-70.86981,8.93614],[-70.87447,8.94166],[-70.87364,8.95475],[-70.87605,8.96245],[-70.89149,8.97968],[-70.89776,8.99118],[-70.89724,8.99797],[-70.90424,9.00992],[-70.90654,9.03346],[-70.90933,9.04908],[-70.91632,9.05629],[-70.93114,9.06007],[-70.93135,9.07503],[-70.90736,9.08115],[-70.88519,9.09063],[-70.87847,9.09098],[-70.86807,9.09748]]]},"properties":{"municipio":"Justo Briceño","estado":"MÉRIDA"}},{"type":"Feature","geometry":{"type":"Polygon","coordinates":[[[-68.73081,8.75966],[-68.73211,8.76656],[-68.73836,8.77499],[-68.75252,8.77154],[-68.76116,8.77661],[-68.77024,8.76101],[-68.7712,8.75259],[-68.78042,8.73863],[-68.79258,8.74133],[-68.79927,8.73898],[-68.80415,8.7421],[-68.80951,8.73723],[-68.80842,8.73128],[-68.8118,8.72388],[-68.82734,8.72501],[-68.83655,8.72855],[-68.84956,8.73022],[-68.85709,8.73822],[-68.87955,8.74283],[-68.87756,8.75101],[-68.88786,8.75599],[-68.89419,8.77631],[-68.90551,8.7733],[-68.90539,8.77799],[-68.91514,8.78309],[-68.9255,8.77677],[-68.92942,8.78044],[-68.93791,8.78031],[-68.94405,8.77225],[-68.9514,8.77447],[-68.96309,8.78198],[-68.97423,8.78281],[-69.00217,8.78947],[-69.01205,8.78164],[-69.02367,8.78723],[-69.03656,8.78463],[-69.04572,8.79064],[-69.05252,8.78769],[-69.06867,8.79074],[-69.07939,8.79729],[-69.05448,8.70871],[-69.05931,8.7021],[-69.05992,8.69447],[-69.06619,8.68966],[-69.07498,8.68804],[-69.07727,8.6842],[-69.09059,8.67716],[-69.09708,8.68041],[-69.10299,8.67494],[-69.11268,8.67488],[-69.12755,8.6717],[-69.13212,8.67374],[-69.14547,8.67035],[-69.14999,8.68071],[-69.16595,8.69076],[-69.16655,8.69576],[-69.18528,8.69792],[-69.18787,8.70406],[-69.19576,8.70394],[-69.19733,8.71002],[-69.20818,8.70629],[-69.21836,8.70538],[-69.22209,8.70887],[-69.21859,8.71586],[-69.23107,8.71923],[-69.23311,8.72399],[-69.25028,8.72651],[-69.25534,8.73036],[-69.26758,8.72169],[-69.2827,8.72933],[-69.30694,8.7206],[-69.31423,8.72913],[-69.31669,8.72318],[-69.32873,8.72684],[-69.33674,8.73134],[-69.3451,8.73067],[-69.35281,8.72604],[-69.35949,8.71738],[-69.37188,8.72242],[-69.37905,8.70974],[-69.3711,8.70458],[-69.37478,8.69454],[-69.38079,8.69195],[-69.39717,8.69002],[-69.40054,8.68725],[-69.41287,8.69049],[-69.41968,8.68141],[-69.42533,8.68777],[-69.43237,8.68843],[-69.43743,8.6826],[-69.44507,8.68692],[-69.44766,8.69455],[-69.45723,8.69298],[-69.46187,8.68853],[-69.46909,8.6976],[-69.47625,8.69315],[-69.48516,8.69464],[-69.48714,8.68713],[-69.50821,8.67912],[-69.5234,8.68942],[-69.52506,8.68474],[-69.51424,8.6781],[-69.50681,8.67127],[-69.4952,8.66744],[-69.45111,8.66965],[-69.43909,8.66825],[-69.41622,8.6597],[-69.40823,8.64828],[-69.39034,8.63755],[-69.37685,8.62593],[-69.35855,8.63902],[-69.3323,8.63728],[-69.31566,8.63353],[-69.30747,8.63779],[-69.30319,8.63083],[-69.29663,8.63099],[-69.28489,8.62479],[-69.28389,8.61602],[-69.28884,8.61027],[-69.28509,8.60577],[-69.2736,8.60372],[-69.26708,8.59068],[-69.25861,8.58504],[-69.25201,8.58957],[-69.23702,8.5593],[-69.23253,8.55594],[-69.21718,8.55585],[-69.21192,8.54866],[-69.21297,8.5401],[-69.21037,8.53546],[-69.1975,8.53398],[-69.18993,8.51759],[-69.19279,8.51085],[-69.18948,8.50307],[-69.19013,8.49447],[-69.19007,8.48082],[-69.17715,8.47208],[-69.17715,8.46321],[-69.16616,8.44351],[-69.14693,8.44246],[-69.14091,8.44781],[-69.12975,8.44272],[-69.13177,8.43675],[-69.11562,8.43489],[-69.11352,8.42466],[-69.11578,8.41212],[-69.12102,8.41367],[-69.13584,8.40582],[-69.13427,8.39485],[-69.13806,8.379],[-69.14341,8.36908],[-69.14036,8.35618],[-69.13258,8.34842],[-69.12735,8.34707],[-69.12309,8.34026],[-69.11431,8.33536],[-69.1076,8.33491],[-69.10253,8.32729],[-69.10146,8.31866],[-69.09684,8.31501],[-69.09232,8.29941],[-69.09653,8.29867],[-69.09898,8.29046],[-69.08978,8.29262],[-69.08625,8.29764],[-69.07143,8.29703],[-69.07124,8.29032],[-69.06317,8.28608],[-69.05753,8.28858],[-69.04887,8.28313],[-69.03443,8.27723],[-69.03329,8.27107],[-69.01813,8.26331],[-69.01415,8.25805],[-69.00701,8.25586],[-69.00721,8.24913],[-68.99797,8.24956],[-68.98008,8.23502],[-68.96628,8.2294],[-68.96199,8.21536],[-68.95914,8.19871],[-68.95961,8.19266],[-68.95367,8.18417],[-68.94698,8.18476],[-68.94488,8.17758],[-68.93189,8.17479],[-68.92656,8.17089],[-68.92421,8.16316],[-68.91861,8.16161],[-68.9199,8.15433],[-68.90301,8.15335],[-68.8931,8.15064],[-68.89158,8.13677],[-68.88582,8.13612],[-68.88534,8.1223],[-68.87663,8.11307],[-68.869,8.11378],[-68.86797,8.10593],[-68.85622,8.09279],[-68.84903,8.09208],[-68.84568,8.09708],[-68.83804,8.0921],[-68.82776,8.09244],[-68.81791,8.09981],[-68.82175,8.1045],[-68.8315,8.10553],[-68.84698,8.16226],[-68.82608,8.21968],[-68.79479,8.26536],[-68.78793,8.31639],[-68.74284,8.33005],[-68.51993,8.55466],[-68.51012,8.56622],[-68.53247,8.59834],[-68.54321,8.60262],[-68.54842,8.61347],[-68.56205,8.61902],[-68.56838,8.61442],[-68.57469,8.61609],[-68.58154,8.62332],[-68.58416,8.63765],[-68.59484,8.63639],[-68.5952,8.62801],[-68.60902,8.62813],[-68.62194,8.63484],[-68.63648,8.63774],[-68.64146,8.63422],[-68.64655,8.64274],[-68.63522,8.64959],[-68.63425,8.6618],[-68.64743,8.66727],[-68.64529,8.67458],[-68.64662,8.69142],[-68.65205,8.69561],[-68.64926,8.70118],[-68.65835,8.71129],[-68.67694,8.70601],[-68.68127,8.69935],[-68.69823,8.69868],[-68.70378,8.70468],[-68.71508,8.7066],[-68.72222,8.71867],[-68.72481,8.72954],[-68.73121,8.73178],[-68.73502,8.73899],[-68.74727,8.74667],[-68.76381,8.73449],[-68.76998,8.7367],[-68.73081,8.75966]]]},"properties":{"municipio":"Guanarito","estado":"PORTUGUESA"}},{"type":"Feature","geometry":{"type":"Polygon","coordinates":[[[-69.43984,9.03569],[-69.44308,9.04102],[-69.45175,9.0373],[-69.45819,9.0391],[-69.45628,9.02876],[-69.46922,9.02738],[-69.47239,9.03934],[-69.48013,9.05394],[-69.48561,9.05599],[-69.49586,9.04593],[-69.49677,9.03787],[-69.49253,9.02795],[-69.50376,9.01568],[-69.52363,9.00677],[-69.52562,9.00166],[-69.53622,8.99834],[-69.53803,8.99413],[-69.52905,8.99077],[-69.52279,8.98127],[-69.54152,8.96412],[-69.55243,8.96051],[-69.55014,8.94596],[-69.57369,8.95262],[-69.57953,8.95015],[-69.58772,8.94178],[-69.59965,8.9431],[-69.61458,8.93696],[-69.61687,8.93389],[-69.63025,8.92958],[-69.64303,8.91974],[-69.65116,8.91667],[-69.66297,8.91529],[-69.66694,8.91842],[-69.69171,8.90088],[-69.68864,8.89128],[-69.69073,8.87718],[-69.69356,8.87075],[-69.689,8.8606],[-69.68201,8.85748],[-69.66901,8.85994],[-69.67239,8.8489],[-69.67122,8.84295],[-69.6562,8.83683],[-69.65079,8.83004],[-69.64502,8.81257],[-69.639,8.80807],[-69.64099,8.8032],[-69.65437,8.79228],[-69.65576,8.78579],[-69.64553,8.78057],[-69.64182,8.76906],[-69.63175,8.76454],[-69.63439,8.758],[-69.63163,8.75247],[-69.62323,8.7485],[-69.6224,8.74141],[-69.61542,8.74297],[-69.60497,8.73851],[-69.5998,8.74019],[-69.5932,8.7343],[-69.58189,8.73489],[-69.57599,8.74161],[-69.56919,8.73355],[-69.56829,8.72629],[-69.57347,8.72009],[-69.57346,8.72008],[-69.56019,8.71364],[-69.56376,8.69558],[-69.5571,8.6976],[-69.54956,8.6914],[-69.5234,8.68942],[-69.50821,8.67912],[-69.48714,8.68713],[-69.48516,8.69464],[-69.47625,8.69315],[-69.46909,8.6976],[-69.46187,8.68853],[-69.45723,8.69298],[-69.44766,8.69455],[-69.44507,8.68692],[-69.43743,8.6826],[-69.43237,8.68843],[-69.42533,8.68777],[-69.41968,8.68141],[-69.41287,8.69049],[-69.40054,8.68725],[-69.39717,8.69002],[-69.38079,8.69195],[-69.37478,8.69454],[-69.3711,8.70458],[-69.37905,8.70974],[-69.37188,8.72242],[-69.35949,8.71738],[-69.35281,8.72604],[-69.3451,8.73067],[-69.33674,8.73134],[-69.32873,8.72684],[-69.31669,8.72318],[-69.31423,8.72913],[-69.30694,8.7206],[-69.2827,8.72933],[-69.26758,8.72169],[-69.25534,8.73036],[-69.25028,8.72651],[-69.23311,8.72399],[-69.23107,8.71923],[-69.21859,8.71586],[-69.22209,8.70887],[-69.21836,8.70538],[-69.20818,8.70629],[-69.19733,8.71002],[-69.19576,8.70394],[-69.18787,8.70406],[-69.18528,8.69792],[-69.16655,8.69576],[-69.16595,8.69076],[-69.14999,8.68071],[-69.14547,8.67035],[-69.13212,8.67374],[-69.12755,8.6717],[-69.11268,8.67488],[-69.10299,8.67494],[-69.09708,8.68041],[-69.09059,8.67716],[-69.07727,8.6842],[-69.07498,8.68804],[-69.06619,8.68966],[-69.05992,8.69447],[-69.05931,8.7021],[-69.05448,8.70871],[-69.07939,8.79729],[-69.06867,8.79074],[-69.05252,8.78769],[-69.04572,8.79064],[-69.03656,8.78463],[-69.02367,8.78723],[-69.01205,8.78164],[-69.00217,8.78947],[-68.97423,8.78281],[-68.96309,8.78198],[-68.9514,8.77447],[-68.94405,8.77225],[-68.93791,8.78031],[-68.92942,8.78044],[-68.9255,8.77677],[-68.91514,8.78309],[-68.90539,8.77799],[-68.90551,8.7733],[-68.89419,8.77631],[-68.88786,8.75599],[-68.87756,8.75101],[-68.87955,8.74283],[-68.85709,8.73822],[-68.84956,8.73022],[-68.83655,8.72855],[-68.82734,8.72501],[-68.8118,8.72388],[-68.80842,8.73128],[-68.80951,8.73723],[-68.80415,8.7421],[-68.79927,8.73898],[-68.79258,8.74133],[-68.78042,8.73863],[-68.7712,8.75259],[-68.77024,8.76101],[-68.76116,8.77661],[-68.75252,8.77154],[-68.73836,8.77499],[-68.73211,8.76656],[-68.73081,8.75966],[-68.72642,8.76187],[-68.71879,8.77524],[-68.72112,8.78637],[-68.71113,8.78035],[-68.70333,8.77319],[-68.68838,8.77378],[-68.68536,8.7794],[-68.67763,8.78387],[-68.66813,8.78597],[-68.66825,8.79496],[-68.66059,8.79047],[-68.65169,8.80091],[-68.63848,8.79922],[-68.63606,8.79507],[-68.62649,8.80222],[-68.61714,8.81259],[-68.61557,8.82092],[-68.60581,8.82506],[-68.59883,8.81959],[-68.58976,8.82879],[-68.60398,8.83287],[-68.6065,8.83737],[-68.6168,8.83353],[-68.62213,8.84729],[-68.62127,8.85786],[-68.64089,8.86502],[-68.64168,8.8575],[-68.64764,8.85414],[-68.6536,8.85564],[-68.65016,8.86291],[-68.64948,8.87355],[-68.66218,8.87367],[-68.67234,8.8807],[-68.67651,8.87277],[-68.67467,8.85774],[-68.68093,8.85221],[-68.68953,8.86213],[-68.69531,8.86027],[-68.70951,8.86321],[-68.71475,8.86111],[-68.71718,8.84813],[-68.7262,8.84981],[-68.72824,8.85732],[-68.73438,8.85504],[-68.73734,8.84687],[-68.7581,8.85486],[-68.75835,8.845],[-68.76641,8.84939],[-68.77117,8.84416],[-68.7767,8.84927],[-68.79139,8.85137],[-68.797,8.84452],[-68.80518,8.84272],[-68.81182,8.83623],[-68.81735,8.83653],[-68.81821,8.82848],[-68.82628,8.82619],[-68.83215,8.84001],[-68.83788,8.83521],[-68.84926,8.83419],[-68.84491,8.84332],[-68.85651,8.85384],[-68.86265,8.85143],[-68.87372,8.85402],[-68.87293,8.85936],[-68.86691,8.86435],[-68.8805,8.86838],[-68.88741,8.87637],[-68.90724,8.86117],[-68.908,8.87457],[-68.91897,8.86676],[-68.924,8.87956],[-68.93766,8.88412],[-68.94769,8.89794],[-68.94443,8.9051],[-68.95874,8.91477],[-68.95818,8.92715],[-68.96769,8.9242],[-68.97581,8.92631],[-68.97507,8.94079],[-68.98205,8.94193],[-68.98537,8.93238],[-69.00228,8.93694],[-69.01385,8.93202],[-69.02257,8.93238],[-69.01967,8.94404],[-69.03055,8.93712],[-69.03723,8.93881],[-69.04305,8.9471],[-69.0639,8.93514],[-69.06985,8.93881],[-69.08725,8.9343],[-69.09013,8.93911],[-69.09832,8.94089],[-69.097,8.93376],[-69.10815,8.93063],[-69.1103,8.93712],[-69.11596,8.93893],[-69.1218,8.934],[-69.12901,8.94518],[-69.13499,8.93232],[-69.13998,8.93706],[-69.14474,8.93304],[-69.16057,8.93033],[-69.16471,8.93833],[-69.17325,8.94217],[-69.18207,8.92655],[-69.18784,8.92703],[-69.19758,8.93538],[-69.19742,8.92414],[-69.21186,8.92528],[-69.20709,8.93863],[-69.21226,8.93899],[-69.22167,8.92901],[-69.2284,8.93496],[-69.2211,8.94728],[-69.23583,8.95918],[-69.24683,8.96441],[-69.25448,8.96483],[-69.26652,8.96212],[-69.27229,8.96639],[-69.27198,8.97438],[-69.26721,8.97877],[-69.28304,8.98442],[-69.28947,8.98508],[-69.29532,8.98129],[-69.31168,8.98898],[-69.31245,8.99601],[-69.31961,8.99559],[-69.32366,8.98982],[-69.331,8.98748],[-69.33913,8.98844],[-69.3493,8.98646],[-69.35958,8.99427],[-69.35729,9.00058],[-69.36721,9.00419],[-69.37376,9.00929],[-69.37618,9.00286],[-69.3843,9.00701],[-69.38925,8.99938],[-69.40574,9.00311],[-69.4148,9.01663],[-69.43622,9.02438],[-69.43247,9.03243],[-69.43984,9.03569]]]},"properties":{"municipio":"Papelón","estado":"PORTUGUESA"}},{"type":"Feature","geometry":{"type":"Polygon","coordinates":[[[-69.99446,9.17616],[-70.01356,9.16702],[-70.01886,9.17632],[-70.02386,9.17967],[-70.03277,9.17786],[-70.03826,9.17095],[-70.0541,9.17754],[-70.06204,9.17451],[-70.04417,9.15723],[-70.04319,9.14836],[-70.05335,9.12958],[-70.06275,9.12173],[-70.07051,9.11071],[-70.07663,9.10527],[-70.09883,9.0907],[-70.10806,9.08701],[-70.13723,9.08437],[-70.15682,9.07969],[-70.161,9.0696],[-70.17749,9.06151],[-70.20062,9.05463],[-70.19651,9.04735],[-70.18727,9.04302],[-70.18573,9.03488],[-70.18746,9.01722],[-70.18042,9.00525],[-70.17833,8.99557],[-70.16902,8.98396],[-70.15377,8.97537],[-70.14247,8.97311],[-70.13852,8.97554],[-70.12645,8.96866],[-70.12517,8.96164],[-70.11101,8.95008],[-70.09895,8.94222],[-70.09233,8.94196],[-70.07881,8.93616],[-70.07332,8.93749],[-70.0648,8.92906],[-70.05666,8.92828],[-70.04586,8.92185],[-70.04255,8.91438],[-70.04203,8.89266],[-70.03372,8.88797],[-70.03182,8.87869],[-70.02368,8.87136],[-70.0224,8.86313],[-70.01378,8.85756],[-70.01036,8.84678],[-70.00296,8.84159],[-69.99777,8.83005],[-69.98604,8.82839],[-69.97909,8.83215],[-69.97186,8.8237],[-69.96529,8.83124],[-69.95134,8.8203],[-69.95225,8.81073],[-69.93662,8.79986],[-69.92805,8.80526],[-69.92346,8.8024],[-69.93117,8.79091],[-69.91982,8.78891],[-69.91113,8.78503],[-69.89978,8.77199],[-69.89174,8.77464],[-69.89007,8.78789],[-69.88522,8.78718],[-69.88315,8.77844],[-69.88841,8.76873],[-69.8835,8.7665],[-69.87839,8.77183],[-69.87046,8.77011],[-69.87206,8.76076],[-69.85923,8.76141],[-69.85543,8.75669],[-69.84707,8.75855],[-69.84603,8.75198],[-69.83834,8.75265],[-69.82989,8.74599],[-69.81961,8.74408],[-69.80853,8.75025],[-69.7961,8.74168],[-69.7833,8.74182],[-69.77145,8.73985],[-69.76312,8.7462],[-69.75765,8.74282],[-69.76298,8.73314],[-69.75245,8.73486],[-69.74592,8.73564],[-69.73312,8.7205],[-69.72438,8.72398],[-69.71972,8.72146],[-69.71722,8.71227],[-69.70818,8.71558],[-69.68838,8.70865],[-69.67777,8.71777],[-69.67082,8.71589],[-69.6633,8.70649],[-69.65904,8.71244],[-69.66468,8.71874],[-69.65024,8.72381],[-69.64448,8.72909],[-69.63413,8.72917],[-69.61921,8.73316],[-69.61045,8.72976],[-69.60396,8.73128],[-69.57759,8.72731],[-69.57347,8.72009],[-69.56829,8.72629],[-69.56919,8.73355],[-69.57599,8.74161],[-69.58189,8.73489],[-69.5932,8.7343],[-69.5998,8.74019],[-69.60497,8.73851],[-69.61542,8.74297],[-69.6224,8.74141],[-69.62323,8.7485],[-69.63163,8.75247],[-69.63439,8.758],[-69.63175,8.76454],[-69.64182,8.76906],[-69.64553,8.78057],[-69.65576,8.78579],[-69.65437,8.79228],[-69.64099,8.8032],[-69.639,8.80807],[-69.64502,8.81257],[-69.65079,8.83004],[-69.6562,8.83683],[-69.67122,8.84295],[-69.67239,8.8489],[-69.66901,8.85994],[-69.68201,8.85748],[-69.689,8.8606],[-69.69356,8.87075],[-69.69073,8.87718],[-69.69856,8.87682],[-69.70843,8.88132],[-69.70928,8.87424],[-69.7162,8.87664],[-69.70776,8.88534],[-69.71023,8.88955],[-69.72594,8.89519],[-69.7263,8.89915],[-69.71804,8.90768],[-69.72761,8.90822],[-69.82074,8.86122],[-69.83128,8.865],[-69.83699,8.87833],[-69.84354,8.88595],[-69.8666,8.90369],[-69.87142,8.91503],[-69.9085,8.99529],[-69.91542,9.00855],[-69.99446,9.17616]]]},"properties":{"municipio":"San Genaro de Boconoíto","estado":"PORTUGUESA"}},{"type":"Feature","geometry":{"type":"Polygon","coordinates":[[[-68.68931,9.00547],[-68.69414,9.00451],[-68.70437,9.01208],[-68.71249,9.01557],[-68.72026,9.01449],[-68.72753,9.02284],[-68.72709,9.03523],[-68.74032,9.04539],[-68.73874,9.05801],[-68.74599,9.07527],[-68.75393,9.08308],[-68.76296,9.08825],[-68.86308,9.0232],[-68.88243,9.00938],[-68.8849,9.05664],[-68.88981,9.16075],[-68.89458,9.16033],[-68.99565,9.15731],[-69.02884,9.17118],[-69.03691,9.18289],[-69.05106,9.19705],[-69.11184,9.23049],[-69.10675,9.22453],[-69.10682,9.21211],[-69.10429,9.21013],[-69.10107,9.19257],[-69.10216,9.18251],[-69.10056,9.15291],[-69.09598,9.14417],[-69.09189,9.12878],[-69.09896,9.11044],[-69.09348,9.10032],[-69.07733,9.0935],[-69.06848,9.07918],[-69.07264,9.07517],[-69.08205,9.0766],[-69.08869,9.06881],[-69.09159,9.05533],[-69.09341,9.03611],[-69.09125,9.02473],[-69.08162,9.01143],[-69.07614,8.99687],[-69.07711,8.98687],[-69.06923,8.97633],[-69.05235,8.97381],[-69.04566,8.97016],[-69.0389,8.97148],[-69.01967,8.94404],[-69.02257,8.93238],[-69.01385,8.93202],[-69.00228,8.93694],[-68.98537,8.93238],[-68.98205,8.94193],[-68.97507,8.94079],[-68.97581,8.92631],[-68.96769,8.9242],[-68.95818,8.92715],[-68.95874,8.91477],[-68.94443,8.9051],[-68.94769,8.89794],[-68.93766,8.88412],[-68.924,8.87956],[-68.91897,8.86676],[-68.908,8.87457],[-68.90724,8.86117],[-68.88741,8.87637],[-68.8805,8.86838],[-68.86691,8.86435],[-68.87293,8.85936],[-68.87372,8.85402],[-68.86265,8.85143],[-68.85651,8.85384],[-68.84491,8.84332],[-68.84926,8.83419],[-68.83788,8.83521],[-68.83215,8.84001],[-68.82628,8.82619],[-68.81821,8.82848],[-68.81735,8.83653],[-68.81182,8.83623],[-68.80518,8.84272],[-68.797,8.84452],[-68.79139,8.85137],[-68.7767,8.84927],[-68.77117,8.84416],[-68.76641,8.84939],[-68.75835,8.845],[-68.7581,8.85486],[-68.73734,8.84687],[-68.73438,8.85504],[-68.72824,8.85732],[-68.7262,8.84981],[-68.71718,8.84813],[-68.71475,8.86111],[-68.70951,8.86321],[-68.69531,8.86027],[-68.68953,8.86213],[-68.68093,8.85221],[-68.67467,8.85774],[-68.67651,8.87277],[-68.67234,8.8807],[-68.66218,8.87367],[-68.64948,8.87355],[-68.65016,8.86291],[-68.6536,8.85564],[-68.64764,8.85414],[-68.64168,8.8575],[-68.64089,8.86502],[-68.62127,8.85786],[-68.62213,8.84729],[-68.6168,8.83353],[-68.6065,8.83737],[-68.60398,8.83287],[-68.58976,8.82879],[-68.57604,8.83798],[-68.56146,8.83334],[-68.55565,8.83651],[-68.55904,8.8445],[-68.56446,8.84503],[-68.56742,8.84976],[-68.56964,8.85116],[-68.57833,8.85324],[-68.57832,8.85662],[-68.66855,8.91333],[-68.68931,9.00547]]]},"properties":{"municipio":"Santa Rosalía","estado":"PORTUGUESA"}},{"type":"Feature","geometry":{"type":"Polygon","coordinates":[[[-69.93464,9.35698],[-69.94151,9.36382],[-69.94603,9.37203],[-69.9523,9.37658],[-69.96176,9.38779],[-69.96909,9.38746],[-69.97161,9.39736],[-69.98498,9.41247],[-70.00586,9.42667],[-70.02145,9.42827],[-70.03527,9.4136],[-70.02721,9.39069],[-70.03296,9.38136],[-70.03886,9.37682],[-70.05157,9.36161],[-70.05932,9.35909],[-70.07066,9.35198],[-70.07476,9.34378],[-70.08434,9.33569],[-70.09097,9.33592],[-70.10321,9.31664],[-70.10333,9.31222],[-70.11109,9.30445],[-70.1142,9.29656],[-70.11113,9.29294],[-70.09076,9.28087],[-70.07027,9.28211],[-70.06497,9.27857],[-70.06242,9.26408],[-70.07125,9.24435],[-70.08124,9.23757],[-70.08319,9.23155],[-70.09238,9.22596],[-70.09749,9.22003],[-70.09483,9.21104],[-70.08729,9.20644],[-70.07941,9.20659],[-70.06934,9.19581],[-70.06884,9.18175],[-70.06204,9.17451],[-70.0541,9.17754],[-70.03826,9.17095],[-70.03277,9.17786],[-70.02386,9.17967],[-70.01886,9.17632],[-70.01356,9.16702],[-69.99446,9.17616],[-70.0012,9.18306],[-69.99305,9.19505],[-69.99335,9.20601],[-69.98725,9.20913],[-69.97894,9.20787],[-69.96809,9.20002],[-69.95717,9.20679],[-69.95127,9.19877],[-69.94905,9.18559],[-69.93675,9.18391],[-69.90974,9.18584],[-69.89419,9.17547],[-69.89454,9.1832],[-69.88435,9.18644],[-69.88501,9.19261],[-69.87336,9.20345],[-69.87323,9.21645],[-69.86811,9.21945],[-69.8678,9.22897],[-69.87014,9.24125],[-69.86894,9.24925],[-69.87635,9.24937],[-69.88388,9.25973],[-69.89033,9.2626],[-69.89351,9.2741],[-69.89857,9.28069],[-69.90735,9.31382],[-69.90806,9.32514],[-69.91969,9.33011],[-69.93036,9.33999],[-69.93427,9.34843],[-69.93464,9.35698]]]},"properties":{"municipio":"Sucre","estado":"PORTUGUESA"}},{"type":"Feature","geometry":{"type":"Polygon","coordinates":[[[-69.73452,9.41781],[-69.72886,9.43219],[-69.73134,9.43616],[-69.74419,9.4389],[-69.7513,9.43814],[-69.75437,9.4255],[-69.76617,9.42398],[-69.78464,9.42445],[-69.79278,9.42036],[-69.79929,9.41275],[-69.81203,9.40704],[-69.82909,9.40516],[-69.83732,9.40173],[-69.84615,9.40625],[-69.85736,9.40601],[-69.86483,9.41536],[-69.88151,9.4093],[-69.89631,9.40837],[-69.9011,9.41553],[-69.9188,9.4075],[-69.91953,9.39767],[-69.92328,9.38515],[-69.93258,9.37286],[-69.93464,9.35698],[-69.93427,9.34843],[-69.93036,9.33999],[-69.91969,9.33011],[-69.90806,9.32514],[-69.90735,9.31382],[-69.89857,9.28069],[-69.89351,9.2741],[-69.89033,9.2626],[-69.88388,9.25973],[-69.87635,9.24937],[-69.86894,9.24925],[-69.87014,9.24125],[-69.8678,9.22897],[-69.86811,9.21945],[-69.87323,9.21645],[-69.87336,9.20345],[-69.88501,9.19261],[-69.88435,9.18644],[-69.89454,9.1832],[-69.89419,9.17547],[-69.90974,9.18584],[-69.93675,9.18391],[-69.94905,9.18559],[-69.95127,9.19877],[-69.95717,9.20679],[-69.96809,9.20002],[-69.97894,9.20787],[-69.98725,9.20913],[-69.99335,9.20601],[-69.99305,9.19505],[-70.0012,9.18306],[-69.99446,9.17616],[-69.91542,9.00855],[-69.9085,8.99529],[-69.87142,8.91503],[-69.8666,8.90369],[-69.84354,8.88595],[-69.83699,8.87833],[-69.83128,8.865],[-69.82074,8.86122],[-69.72761,8.90822],[-69.71804,8.90768],[-69.7263,8.89915],[-69.72594,8.89519],[-69.71023,8.88955],[-69.70776,8.88534],[-69.7162,8.87664],[-69.70928,8.87424],[-69.70843,8.88132],[-69.69856,8.87682],[-69.69073,8.87718],[-69.68864,8.89128],[-69.69171,8.90088],[-69.66694,8.91842],[-69.66297,8.91529],[-69.65116,8.91667],[-69.64303,8.91974],[-69.63025,8.92958],[-69.61687,8.93389],[-69.61458,8.93696],[-69.59965,8.9431],[-69.58772,8.94178],[-69.57953,8.95015],[-69.57369,8.95262],[-69.55014,8.94596],[-69.55243,8.96051],[-69.54152,8.96412],[-69.52279,8.98127],[-69.52905,8.99077],[-69.53803,8.99413],[-69.53622,8.99834],[-69.52562,9.00166],[-69.52363,9.00677],[-69.50376,9.01568],[-69.49253,9.02795],[-69.49677,9.03787],[-69.49586,9.04593],[-69.48561,9.05599],[-69.48013,9.05394],[-69.47239,9.03934],[-69.46922,9.02738],[-69.45628,9.02876],[-69.45819,9.0391],[-69.45175,9.0373],[-69.44308,9.04102],[-69.43984,9.03569],[-69.43732,9.04055],[-69.44447,9.05316],[-69.4514,9.05791],[-69.44567,9.06589],[-69.44825,9.07448],[-69.44728,9.08325],[-69.4395,9.09111],[-69.44498,9.09388],[-69.44787,9.10307],[-69.45473,9.10199],[-69.46068,9.1218],[-69.45869,9.13069],[-69.46374,9.1415],[-69.47042,9.14727],[-69.47432,9.15663],[-69.48227,9.15664],[-69.48588,9.163],[-69.48888,9.18324],[-69.48574,9.18564],[-69.49049,9.20234],[-69.48886,9.2102],[-69.48307,9.21765],[-69.49029,9.22408],[-69.49606,9.23387],[-69.50468,9.23363],[-69.50509,9.23933],[-69.51063,9.24828],[-69.52279,9.24768],[-69.52224,9.25807],[-69.52772,9.26461],[-69.55296,9.2639],[-69.55379,9.27146],[-69.56602,9.27248],[-69.57083,9.27813],[-69.57891,9.27206],[-69.5839,9.27897],[-69.59107,9.27471],[-69.5971,9.26756],[-69.59361,9.26072],[-69.60229,9.25675],[-69.61132,9.26318],[-69.61638,9.26132],[-69.61813,9.25321],[-69.63077,9.25952],[-69.64258,9.2609],[-69.65035,9.25934],[-69.65721,9.2657],[-69.65606,9.27561],[-69.66816,9.27874],[-69.67778,9.29471],[-69.69054,9.30702],[-69.69294,9.31387],[-69.6801,9.33507],[-69.68316,9.34384],[-69.6743,9.35392],[-69.65581,9.35344],[-69.64778,9.37944],[-69.65322,9.38862],[-69.65332,9.38887],[-69.66027,9.38502],[-69.67206,9.39105],[-69.67855,9.39178],[-69.69079,9.38803],[-69.70239,9.38136],[-69.71171,9.38328],[-69.72067,9.39123],[-69.73401,9.41024],[-69.73452,9.41781]]]},"properties":{"municipio":"Guanare","estado":"PORTUGUESA"}},{"type":"Feature","geometry":{"type":"Polygon","coordinates":[[[-68.82749,9.35692],[-68.84319,9.35382],[-68.85272,9.35418],[-68.85809,9.34661],[-68.86787,9.35171],[-68.8888,9.35351],[-68.91222,9.36306],[-68.92434,9.36101],[-68.93834,9.37766],[-68.96278,9.39784],[-69.00291,9.39982],[-69.01081,9.41598],[-69.01836,9.42644],[-69.03175,9.42607],[-69.02753,9.43689],[-69.03459,9.43996],[-69.03369,9.44603],[-69.039,9.44903],[-69.03972,9.45739],[-69.05167,9.4581],[-69.0615,9.46117],[-69.07635,9.46254],[-69.10549,9.45556],[-69.19365,9.43092],[-69.18897,9.41986],[-69.17874,9.4073],[-69.17235,9.40333],[-69.17618,9.38927],[-69.16917,9.36342],[-69.1605,9.35777],[-69.16341,9.34768],[-69.15979,9.33249],[-69.15063,9.32925],[-69.1513,9.32144],[-69.14613,9.31532],[-69.14765,9.29815],[-69.1441,9.2916],[-69.1344,9.28956],[-69.12808,9.27083],[-69.13304,9.25504],[-69.12491,9.24742],[-69.11184,9.23049],[-69.05106,9.19705],[-69.03691,9.18289],[-69.02884,9.17118],[-68.99565,9.15731],[-68.89458,9.16033],[-68.88981,9.16075],[-68.8849,9.05664],[-68.88243,9.00938],[-68.86308,9.0232],[-68.76296,9.08825],[-68.75393,9.08308],[-68.74599,9.07527],[-68.73874,9.05801],[-68.74032,9.04539],[-68.72709,9.03523],[-68.72753,9.02284],[-68.72026,9.01449],[-68.71249,9.01557],[-68.70437,9.01208],[-68.69414,9.00451],[-68.68931,9.00547],[-68.74765,9.2642],[-68.74798,9.26471],[-68.74787,9.26518],[-68.74859,9.26837],[-68.74956,9.26933],[-68.75838,9.26972],[-68.76138,9.27346],[-68.76935,9.27143],[-68.77809,9.28493],[-68.76635,9.29292],[-68.76143,9.30111],[-68.76398,9.31074],[-68.77345,9.31671],[-68.78258,9.3175],[-68.78913,9.32599],[-68.78591,9.3308],[-68.78837,9.33661],[-68.79688,9.33654],[-68.8044,9.34712],[-68.81197,9.34698],[-68.82749,9.35692]]]},"properties":{"municipio":"Turén","estado":"PORTUGUESA"}},{"type":"Feature","geometry":{"type":"Polygon","coordinates":[[[-69.19365,9.43092],[-69.20551,9.44084],[-69.20965,9.45376],[-69.21698,9.4641],[-69.22626,9.46939],[-69.23584,9.47817],[-69.31684,9.40002],[-69.3139,9.3874],[-69.30553,9.38271],[-69.30337,9.37796],[-69.30388,9.36016],[-69.3066,9.35692],[-69.30452,9.34195],[-69.31288,9.31814],[-69.29638,9.30588],[-69.29515,9.28472],[-69.29878,9.27822],[-69.29767,9.25496],[-69.29172,9.24173],[-69.28696,9.24011],[-69.28089,9.23091],[-69.27646,9.20933],[-69.27405,9.20794],[-69.27018,9.18197],[-69.26572,9.17855],[-69.26656,9.14554],[-69.26055,9.13731],[-69.25648,9.11921],[-69.24998,9.10112],[-69.24492,9.09281],[-69.24739,9.08173],[-69.23733,9.07524],[-69.2322,9.06428],[-69.23702,9.05789],[-69.2357,9.05205],[-69.22431,9.03484],[-69.22443,9.02767],[-69.22063,9.02039],[-69.20985,9.01577],[-69.20033,9.0141],[-69.19804,9.00699],[-69.18617,9.00376],[-69.18255,8.99503],[-69.17616,8.991],[-69.16972,8.9945],[-69.15953,8.99048],[-69.15152,8.98411],[-69.14586,8.9858],[-69.14062,8.98147],[-69.13345,8.98233],[-69.13079,8.97041],[-69.12152,8.96668],[-69.1238,8.95301],[-69.11513,8.95374],[-69.10826,8.94261],[-69.09832,8.94089],[-69.09013,8.93911],[-69.08725,8.9343],[-69.06985,8.93881],[-69.0639,8.93514],[-69.04305,8.9471],[-69.03723,8.93881],[-69.03055,8.93712],[-69.01967,8.94404],[-69.0389,8.97148],[-69.04566,8.97016],[-69.05235,8.97381],[-69.06923,8.97633],[-69.07711,8.98687],[-69.07614,8.99687],[-69.08162,9.01143],[-69.09125,9.02473],[-69.09341,9.03611],[-69.09159,9.05533],[-69.08869,9.06881],[-69.08205,9.0766],[-69.07264,9.07517],[-69.06848,9.07918],[-69.07733,9.0935],[-69.09348,9.10032],[-69.09896,9.11044],[-69.09189,9.12878],[-69.09598,9.14417],[-69.10056,9.15291],[-69.10216,9.18251],[-69.10107,9.19257],[-69.10429,9.21013],[-69.10682,9.21211],[-69.10675,9.22453],[-69.11184,9.23049],[-69.12491,9.24742],[-69.13304,9.25504],[-69.12808,9.27083],[-69.1344,9.28956],[-69.1441,9.2916],[-69.14765,9.29815],[-69.14613,9.31532],[-69.1513,9.32144],[-69.15063,9.32925],[-69.15979,9.33249],[-69.16341,9.34768],[-69.1605,9.35777],[-69.16917,9.36342],[-69.17618,9.38927],[-69.17235,9.40333],[-69.17874,9.4073],[-69.18897,9.41986],[-69.19365,9.43092]]]},"properties":{"municipio":"Esteller","estado":"PORTUGUESA"}},{"type":"Feature","geometry":{"type":"Polygon","coordinates":[[[-69.44386,9.5495],[-69.46046,9.54638],[-69.46841,9.54724],[-69.49208,9.54458],[-69.49979,9.55278],[-69.51835,9.53829],[-69.52549,9.5392],[-69.52913,9.53511],[-69.53867,9.53354],[-69.55283,9.53644],[-69.56073,9.53403],[-69.56275,9.5268],[-69.57099,9.52212],[-69.57506,9.52599],[-69.59926,9.53287],[-69.60278,9.54277],[-69.6108,9.55309],[-69.62279,9.55612],[-69.61964,9.53417],[-69.62492,9.51725],[-69.62576,9.50916],[-69.61862,9.49339],[-69.6224,9.46814],[-69.63197,9.45191],[-69.63235,9.44782],[-69.62748,9.43013],[-69.62833,9.41305],[-69.63274,9.39595],[-69.63762,9.39139],[-69.65322,9.38862],[-69.64778,9.37944],[-69.65581,9.35344],[-69.6743,9.35392],[-69.68316,9.34384],[-69.6801,9.33507],[-69.69294,9.31387],[-69.69054,9.30702],[-69.67778,9.29471],[-69.66816,9.27874],[-69.65606,9.27561],[-69.65721,9.2657],[-69.65035,9.25934],[-69.64258,9.2609],[-69.63077,9.25952],[-69.61813,9.25321],[-69.61638,9.26132],[-69.61132,9.26318],[-69.60229,9.25675],[-69.59361,9.26072],[-69.5971,9.26756],[-69.59107,9.27471],[-69.5839,9.27897],[-69.57891,9.27206],[-69.57083,9.27813],[-69.56602,9.27248],[-69.55379,9.27146],[-69.55296,9.2639],[-69.52772,9.26461],[-69.52224,9.25807],[-69.52279,9.24768],[-69.51063,9.24828],[-69.50509,9.23933],[-69.50468,9.23363],[-69.49606,9.23387],[-69.49029,9.22408],[-69.48307,9.21765],[-69.48886,9.2102],[-69.49049,9.20234],[-69.48574,9.18564],[-69.48888,9.18324],[-69.48588,9.163],[-69.48227,9.15664],[-69.47432,9.15663],[-69.47042,9.14727],[-69.46374,9.1415],[-69.45869,9.13069],[-69.46068,9.1218],[-69.45473,9.10199],[-69.44787,9.10307],[-69.44498,9.09388],[-69.4395,9.09111],[-69.44728,9.08325],[-69.44825,9.07448],[-69.44567,9.06589],[-69.4514,9.05791],[-69.44447,9.05316],[-69.43732,9.04055],[-69.43984,9.03569],[-69.43247,9.03243],[-69.43622,9.02438],[-69.4148,9.01663],[-69.40574,9.00311],[-69.38925,8.99938],[-69.3843,9.00701],[-69.37618,9.00286],[-69.37376,9.00929],[-69.36721,9.00419],[-69.35729,9.00058],[-69.35958,8.99427],[-69.3493,8.98646],[-69.33913,8.98844],[-69.331,8.98748],[-69.32366,8.98982],[-69.31961,8.99559],[-69.31245,8.99601],[-69.31168,8.98898],[-69.29532,8.98129],[-69.28947,8.98508],[-69.28304,8.98442],[-69.26721,8.97877],[-69.27198,8.97438],[-69.27229,8.96639],[-69.26652,8.96212],[-69.25448,8.96483],[-69.24683,8.96441],[-69.23583,8.95918],[-69.2211,8.94728],[-69.2284,8.93496],[-69.22167,8.92901],[-69.21226,8.93899],[-69.20709,8.93863],[-69.21186,8.92528],[-69.19742,8.92414],[-69.19758,8.93538],[-69.18784,8.92703],[-69.18207,8.92655],[-69.17325,8.94217],[-69.16471,8.93833],[-69.16057,8.93033],[-69.14474,8.93304],[-69.13998,8.93706],[-69.13499,8.93232],[-69.12901,8.94518],[-69.1218,8.934],[-69.11596,8.93893],[-69.1103,8.93712],[-69.10815,8.93063],[-69.097,8.93376],[-69.09832,8.94089],[-69.10826,8.94261],[-69.11513,8.95374],[-69.1238,8.95301],[-69.12152,8.96668],[-69.13079,8.97041],[-69.13345,8.98233],[-69.14062,8.98147],[-69.14586,8.9858],[-69.15152,8.98411],[-69.15953,8.99048],[-69.16972,8.9945],[-69.17616,8.991],[-69.18255,8.99503],[-69.18617,9.00376],[-69.19804,9.00699],[-69.20033,9.0141],[-69.20985,9.01577],[-69.22063,9.02039],[-69.22443,9.02767],[-69.22431,9.03484],[-69.2357,9.05205],[-69.23702,9.05789],[-69.2322,9.06428],[-69.23733,9.07524],[-69.24739,9.08173],[-69.24492,9.09281],[-69.24998,9.10112],[-69.25648,9.11921],[-69.26055,9.13731],[-69.26656,9.14554],[-69.26572,9.17855],[-69.27018,9.18197],[-69.27405,9.20794],[-69.27646,9.20933],[-69.28089,9.23091],[-69.28696,9.24011],[-69.29172,9.24173],[-69.29767,9.25496],[-69.29878,9.27822],[-69.29515,9.28472],[-69.29638,9.30588],[-69.31288,9.31814],[-69.30452,9.34195],[-69.3066,9.35692],[-69.30388,9.36016],[-69.30337,9.37796],[-69.30553,9.38271],[-69.3139,9.3874],[-69.31684,9.40002],[-69.32514,9.41271],[-69.32565,9.42858],[-69.33412,9.45082],[-69.3475,9.45347],[-69.36781,9.46116],[-69.37653,9.4727],[-69.38098,9.48238],[-69.38073,9.48773],[-69.38675,9.49074],[-69.38975,9.4997],[-69.40343,9.50144],[-69.40631,9.51479],[-69.41788,9.53674],[-69.43707,9.5398],[-69.4437,9.54375],[-69.44386,9.5495]]]},"properties":{"municipio":"Ospino","estado":"PORTUGUESA"}},{"type":"Feature","geometry":{"type":"Polygon","coordinates":[[[-69.9011,9.41553],[-69.8944,9.42486],[-69.89443,9.44116],[-69.88144,9.46183],[-69.86649,9.47223],[-69.863,9.47797],[-69.85469,9.47804],[-69.85164,9.48561],[-69.83891,9.50745],[-69.83418,9.51252],[-69.8314,9.52115],[-69.83387,9.53129],[-69.83358,9.54435],[-69.82668,9.55026],[-69.8358,9.56751],[-69.84922,9.56629],[-69.86485,9.55359],[-69.87054,9.54683],[-69.89752,9.54711],[-69.92175,9.54485],[-69.95092,9.55466],[-69.96175,9.54633],[-69.97652,9.53762],[-69.99525,9.50811],[-69.99963,9.50731],[-70.00627,9.49969],[-70.01317,9.4981],[-70.01526,9.48215],[-70.02085,9.47754],[-70.02147,9.46909],[-70.01816,9.4639],[-70.0057,9.4644],[-70.00106,9.45588],[-69.99532,9.45379],[-70.02145,9.42827],[-70.00586,9.42667],[-69.98498,9.41247],[-69.97161,9.39736],[-69.96909,9.38746],[-69.96176,9.38779],[-69.9523,9.37658],[-69.94603,9.37203],[-69.94151,9.36382],[-69.93464,9.35698],[-69.93258,9.37286],[-69.92328,9.38515],[-69.91953,9.39767],[-69.9188,9.4075],[-69.9011,9.41553]]]},"properties":{"municipio":"Monseñor José Vicente de Unda","estado":"PORTUGUESA"}},{"type":"Feature","geometry":{"type":"Polygon","coordinates":[[[-69.05054,9.50437],[-69.05077,9.49266],[-69.05982,9.49597],[-69.06706,9.50204],[-69.0775,9.51477],[-69.07871,9.52926],[-69.09023,9.53713],[-69.09886,9.55252],[-69.11123,9.55762],[-69.12481,9.54559],[-69.13422,9.54313],[-69.14309,9.54956],[-69.14615,9.5561],[-69.15831,9.55394],[-69.16499,9.55508],[-69.17381,9.57158],[-69.19884,9.57675],[-69.2147,9.55898],[-69.21443,9.54326],[-69.23584,9.47817],[-69.22626,9.46939],[-69.21698,9.4641],[-69.20965,9.45376],[-69.20551,9.44084],[-69.19365,9.43092],[-69.10549,9.45556],[-69.07635,9.46254],[-69.0615,9.46117],[-69.05167,9.4581],[-69.03972,9.45739],[-69.039,9.44903],[-69.03369,9.44603],[-69.03459,9.43996],[-69.02753,9.43689],[-69.03175,9.42607],[-69.01836,9.42644],[-69.01081,9.41598],[-69.00291,9.39982],[-68.96278,9.39784],[-68.93834,9.37766],[-68.92434,9.36101],[-68.91222,9.36306],[-68.8888,9.35351],[-68.86787,9.35171],[-68.85809,9.34661],[-68.85272,9.35418],[-68.84319,9.35382],[-68.82749,9.35692],[-68.84107,9.36271],[-68.85592,9.37694],[-68.85868,9.38413],[-68.86827,9.39286],[-68.86522,9.39947],[-68.86758,9.41006],[-68.87876,9.40466],[-68.88616,9.40411],[-68.88543,9.41304],[-68.88833,9.42473],[-68.89288,9.42934],[-68.89614,9.43895],[-68.8949,9.45456],[-68.89235,9.46481],[-68.89597,9.46845],[-68.90263,9.48328],[-68.89526,9.50422],[-68.89859,9.51012],[-68.89395,9.51719],[-68.89871,9.52147],[-68.90239,9.53103],[-68.90875,9.53598],[-68.90513,9.56199],[-68.91052,9.57076],[-68.95886,9.55111],[-68.95355,9.53854],[-69.00474,9.52591],[-69.0493,9.50576],[-69.05054,9.50437]]]},"properties":{"municipio":"Paéz","estado":"PORTUGUESA"}},{"type":"Feature","geometry":{"type":"Polygon","coordinates":[[[-68.95886,9.55111],[-68.96581,9.54865],[-68.99016,9.56561],[-68.99871,9.57512],[-68.98662,9.58625],[-68.9998,9.60562],[-69.02133,9.61067],[-69.0326,9.61831],[-69.02588,9.63124],[-69.07756,9.68364],[-69.09665,9.70174],[-69.14476,9.68657],[-69.15466,9.68186],[-69.16437,9.6825],[-69.17765,9.67884],[-69.17797,9.64539],[-69.16932,9.64491],[-69.16113,9.63643],[-69.15359,9.6327],[-69.1436,9.6182],[-69.12974,9.60954],[-69.11351,9.60953],[-69.10567,9.60442],[-69.10267,9.59756],[-69.10618,9.59167],[-69.0937,9.58457],[-69.08828,9.57831],[-69.0836,9.56345],[-69.07722,9.55425],[-69.07496,9.53584],[-69.06199,9.5332],[-69.05796,9.52778],[-69.05955,9.51298],[-69.05054,9.50437],[-69.0493,9.50576],[-69.00474,9.52591],[-68.95355,9.53854],[-68.95886,9.55111]]]},"properties":{"municipio":"Agua Blanca","estado":"PORTUGUESA"}},{"type":"Feature","geometry":{"type":"Polygon","coordinates":[[[-68.91052,9.57076],[-68.92345,9.59937],[-68.92507,9.62041],[-68.93159,9.62217],[-68.93706,9.63799],[-68.94949,9.65279],[-68.94832,9.65627],[-68.96698,9.67473],[-68.96286,9.68549],[-68.96571,9.69015],[-68.96524,9.70909],[-68.97,9.71364],[-68.9719,9.72139],[-68.98411,9.72175],[-68.98777,9.7321],[-68.98263,9.73748],[-68.98063,9.75018],[-68.98458,9.76211],[-68.97678,9.76849],[-68.97861,9.77587],[-68.98333,9.77807],[-68.99327,9.76719],[-68.99564,9.75839],[-69.00239,9.75079],[-69.01314,9.75357],[-69.02661,9.75227],[-69.0353,9.75005],[-69.03913,9.74529],[-69.052,9.74229],[-69.05507,9.73527],[-69.05547,9.71978],[-69.06747,9.71086],[-69.08843,9.71043],[-69.09665,9.70174],[-69.07756,9.68364],[-69.02588,9.63124],[-69.0326,9.61831],[-69.02133,9.61067],[-68.9998,9.60562],[-68.98662,9.58625],[-68.99871,9.57512],[-68.99016,9.56561],[-68.96581,9.54865],[-68.95886,9.55111],[-68.91052,9.57076]]]},"properties":{"municipio":"San Rafael de Onoto","estado":"PORTUGUESA"}},{"type":"Feature","geometry":{"type":"Polygon","coordinates":[[[-69.27919,9.84272],[-69.28406,9.83528],[-69.29114,9.83027],[-69.29395,9.81369],[-69.30264,9.8072],[-69.30867,9.79025],[-69.31699,9.77847],[-69.32855,9.77442],[-69.33353,9.77631],[-69.33502,9.76406],[-69.34538,9.75587],[-69.34927,9.74727],[-69.34285,9.7278],[-69.35026,9.71425],[-69.35363,9.69801],[-69.36322,9.69325],[-69.37214,9.69156],[-69.37232,9.68167],[-69.36501,9.67158],[-69.37032,9.6559],[-69.36989,9.65154],[-69.37567,9.64343],[-69.37641,9.63624],[-69.39611,9.62318],[-69.39609,9.61009],[-69.3856,9.60474],[-69.38655,9.5931],[-69.42039,9.59848],[-69.42205,9.60108],[-69.44117,9.5893],[-69.44009,9.57996],[-69.44094,9.55879],[-69.44386,9.5495],[-69.4437,9.54375],[-69.43707,9.5398],[-69.41788,9.53674],[-69.40631,9.51479],[-69.40343,9.50144],[-69.38975,9.4997],[-69.38675,9.49074],[-69.38073,9.48773],[-69.38098,9.48238],[-69.37653,9.4727],[-69.36781,9.46116],[-69.3475,9.45347],[-69.33412,9.45082],[-69.32565,9.42858],[-69.32514,9.41271],[-69.31684,9.40002],[-69.23584,9.47817],[-69.21443,9.54326],[-69.2147,9.55898],[-69.19884,9.57675],[-69.17381,9.57158],[-69.16499,9.55508],[-69.15831,9.55394],[-69.14615,9.5561],[-69.14309,9.54956],[-69.13422,9.54313],[-69.12481,9.54559],[-69.11123,9.55762],[-69.09886,9.55252],[-69.09023,9.53713],[-69.07871,9.52926],[-69.0775,9.51477],[-69.06706,9.50204],[-69.05982,9.49597],[-69.05077,9.49266],[-69.05054,9.50437],[-69.05955,9.51298],[-69.05796,9.52778],[-69.06199,9.5332],[-69.07496,9.53584],[-69.07722,9.55425],[-69.0836,9.56345],[-69.08828,9.57831],[-69.0937,9.58457],[-69.10618,9.59167],[-69.10267,9.59756],[-69.10567,9.60442],[-69.11351,9.60953],[-69.12974,9.60954],[-69.1436,9.6182],[-69.15359,9.6327],[-69.16113,9.63643],[-69.16932,9.64491],[-69.17797,9.64539],[-69.17765,9.67884],[-69.1911,9.67479],[-69.2228,9.67977],[-69.23455,9.68413],[-69.24797,9.69211],[-69.24648,9.69483],[-69.25307,9.71063],[-69.26928,9.71295],[-69.27524,9.71913],[-69.27073,9.726],[-69.27144,9.73812],[-69.28028,9.74675],[-69.27379,9.7572],[-69.26315,9.75973],[-69.26056,9.76366],[-69.26325,9.77968],[-69.27159,9.78617],[-69.27487,9.79285],[-69.27608,9.80872],[-69.27246,9.8183],[-69.26563,9.82402],[-69.26878,9.83311],[-69.27401,9.83407],[-69.27919,9.84272]]]},"properties":{"municipio":"Araure","estado":"PORTUGUESA"}},{"type":"Feature","geometry":{"type":"Polygon","coordinates":[[[-72.27661,7.69073],[-72.2848,7.6911],[-72.29476,7.67762],[-72.30597,7.68006],[-72.31042,7.67288],[-72.31972,7.66884],[-72.32621,7.65893],[-72.32594,7.65316],[-72.2901,7.64682],[-72.29797,7.64195],[-72.30943,7.63946],[-72.31933,7.64065],[-72.33225,7.62694],[-72.33172,7.61666],[-72.33552,7.60051],[-72.33475,7.5948],[-72.3389,7.58352],[-72.33999,7.572],[-72.33347,7.56197],[-72.32959,7.54664],[-72.33248,7.54502],[-72.33094,7.52869],[-72.33538,7.52026],[-72.33479,7.51468],[-72.34173,7.49853],[-72.34995,7.49011],[-72.34888,7.48399],[-72.35261,7.47527],[-72.36264,7.46381],[-72.37357,7.45746],[-72.37923,7.44676],[-72.3784,7.43204],[-72.38333,7.42693],[-72.3892,7.41214],[-72.36594,7.42146],[-72.35007,7.41803],[-72.34346,7.41875],[-72.34046,7.42893],[-72.32702,7.42604],[-72.32177,7.43403],[-72.30426,7.43271],[-72.29664,7.42675],[-72.28699,7.42688],[-72.28123,7.42997],[-72.27433,7.42569],[-72.26232,7.42347],[-72.2561,7.42811],[-72.24404,7.42531],[-72.2358,7.42936],[-72.22879,7.42886],[-72.22186,7.43412],[-72.2117,7.42755],[-72.21015,7.42328],[-72.19996,7.42019],[-72.19291,7.42931],[-72.19139,7.43978],[-72.18004,7.44649],[-72.16828,7.44815],[-72.15494,7.4672],[-72.14147,7.47234],[-72.13402,7.4797],[-72.13065,7.48682],[-72.12344,7.49412],[-72.11471,7.4905],[-72.11123,7.49614],[-72.11278,7.50178],[-72.0968,7.51626],[-72.08964,7.52048],[-72.07785,7.52089],[-72.07473,7.52594],[-72.0606,7.53181],[-72.06194,7.53622],[-72.07351,7.54329],[-72.08004,7.55042],[-72.08434,7.56515],[-72.07882,7.57025],[-72.09098,7.57952],[-72.10756,7.58113],[-72.12508,7.58464],[-72.13257,7.59183],[-72.14234,7.59712],[-72.15488,7.59884],[-72.16633,7.6154],[-72.16942,7.61893],[-72.19191,7.62701],[-72.19647,7.62589],[-72.20367,7.63171],[-72.20679,7.62856],[-72.22976,7.63178],[-72.23443,7.64098],[-72.22614,7.65333],[-72.22727,7.65921],[-72.23475,7.67418],[-72.2395,7.6771],[-72.25714,7.67052],[-72.26566,7.66957],[-72.27052,7.67515],[-72.26877,7.68317],[-72.27661,7.69073]]]},"properties":{"municipio":"Córdoba","estado":"TÁCHIRA"}},{"type":"Feature","geometry":{"type":"Polygon","coordinates":[[[-72.07407,7.69361],[-72.0969,7.69537],[-72.10219,7.68551],[-72.12309,7.67607],[-72.1258,7.66568],[-72.13516,7.67079],[-72.13875,7.67792],[-72.13874,7.68942],[-72.15574,7.68069],[-72.1762,7.68254],[-72.20057,7.68689],[-72.23158,7.7049],[-72.24706,7.70532],[-72.24792,7.70064],[-72.24378,7.68197],[-72.2395,7.6771],[-72.23475,7.67418],[-72.22727,7.65921],[-72.22614,7.65333],[-72.23443,7.64098],[-72.22976,7.63178],[-72.20679,7.62856],[-72.20367,7.63171],[-72.19647,7.62589],[-72.19191,7.62701],[-72.16942,7.61893],[-72.16633,7.6154],[-72.16166,7.62365],[-72.13704,7.63588],[-72.13161,7.63386],[-72.12411,7.63617],[-72.10622,7.63403],[-72.09296,7.63396],[-72.08752,7.63177],[-72.06997,7.64938],[-72.06768,7.65793],[-72.07697,7.66732],[-72.08206,7.68128],[-72.07407,7.69361]]]},"properties":{"municipio":"Torbes","estado":"TÁCHIRA"}},{"type":"Feature","geometry":{"type":"Polygon","coordinates":[[[-72.45147,7.63739],[-72.44389,7.64538],[-72.44479,7.65141],[-72.452,7.66128],[-72.4517,7.67092],[-72.44822,7.6758],[-72.45344,7.68945],[-72.46509,7.69505],[-72.47085,7.70361],[-72.47515,7.69287],[-72.47568,7.68114],[-72.47231,7.67116],[-72.47594,7.65708],[-72.47358,7.64173],[-72.47633,7.63239],[-72.47295,7.62674],[-72.46574,7.60295],[-72.46515,7.5931],[-72.46064,7.59019],[-72.45339,7.5716],[-72.45278,7.55696],[-72.45938,7.54129],[-72.46427,7.53767],[-72.47069,7.52712],[-72.47448,7.50311],[-72.4732,7.49666],[-72.47634,7.48947],[-72.47001,7.48359],[-72.46223,7.48282],[-72.44848,7.46454],[-72.44574,7.45186],[-72.44212,7.44516],[-72.44086,7.43254],[-72.44197,7.422],[-72.43696,7.41021],[-72.43825,7.40257],[-72.41538,7.399],[-72.41384,7.40551],[-72.40747,7.41134],[-72.39039,7.41135],[-72.39429,7.43328],[-72.39213,7.44018],[-72.3952,7.45926],[-72.39112,7.46609],[-72.39483,7.48048],[-72.39207,7.48707],[-72.39249,7.5],[-72.38793,7.5158],[-72.38278,7.52022],[-72.38607,7.5373],[-72.38686,7.54937],[-72.3961,7.55528],[-72.39634,7.56186],[-72.39243,7.56873],[-72.40564,7.57561],[-72.41417,7.58224],[-72.41676,7.59427],[-72.42835,7.60087],[-72.43543,7.60086],[-72.43447,7.62153],[-72.45147,7.63739]]]},"properties":{"municipio":"Rafael Urdaneta","estado":"TÁCHIRA"}},{"type":"Feature","geometry":{"type":"Polygon","coordinates":[[[-72.01333,7.73581],[-72.03005,7.72607],[-72.03179,7.71729],[-72.03999,7.71819],[-72.04782,7.7036],[-72.05821,7.69639],[-72.07407,7.69361],[-72.08206,7.68128],[-72.07697,7.66732],[-72.06768,7.65793],[-72.06997,7.64938],[-72.08752,7.63177],[-72.09296,7.63396],[-72.10622,7.63403],[-72.12411,7.63617],[-72.13161,7.63386],[-72.13704,7.63588],[-72.16166,7.62365],[-72.16633,7.6154],[-72.15488,7.59884],[-72.14234,7.59712],[-72.13257,7.59183],[-72.12508,7.58464],[-72.10756,7.58113],[-72.09098,7.57952],[-72.07882,7.57025],[-72.08434,7.56515],[-72.08004,7.55042],[-72.07351,7.54329],[-72.06194,7.53622],[-72.0606,7.53181],[-72.07473,7.52594],[-72.07785,7.52089],[-72.08964,7.52048],[-72.0968,7.51626],[-72.11278,7.50178],[-72.11123,7.49614],[-72.11471,7.4905],[-72.12344,7.49412],[-72.13065,7.48682],[-72.13402,7.4797],[-72.14147,7.47234],[-72.15494,7.4672],[-72.16828,7.44815],[-72.18004,7.44649],[-72.19139,7.43978],[-72.19291,7.42931],[-72.19996,7.42019],[-72.19366,7.41794],[-72.18848,7.41043],[-72.18002,7.40334],[-72.17007,7.4005],[-72.17083,7.3955],[-72.16475,7.38269],[-72.14538,7.39155],[-72.12756,7.39368],[-72.12432,7.39635],[-72.09725,7.40299],[-72.07687,7.39461],[-72.07131,7.38322],[-72.05856,7.36934],[-72.05069,7.36867],[-72.03623,7.36289],[-72.02889,7.3651],[-72.01779,7.36153],[-72.00391,7.36435],[-71.99458,7.36282],[-71.9787,7.36883],[-71.96946,7.37864],[-71.95419,7.38591],[-71.94672,7.38645],[-71.92557,7.39749],[-71.91743,7.39955],[-71.90734,7.40798],[-71.88768,7.41091],[-71.87458,7.42169],[-71.86683,7.43011],[-71.86258,7.4288],[-71.85817,7.44488],[-71.85367,7.44733],[-71.85449,7.46436],[-71.84843,7.4687],[-71.85154,7.48372],[-71.83989,7.4893],[-71.84173,7.49558],[-71.85008,7.5011],[-71.85784,7.49365],[-71.86759,7.50196],[-71.87872,7.50559],[-71.86852,7.51175],[-71.86328,7.51001],[-71.85422,7.51442],[-71.85369,7.52114],[-71.84536,7.51844],[-71.83851,7.52315],[-71.83834,7.53267],[-71.83114,7.53436],[-71.8275,7.54822],[-71.83765,7.56528],[-71.83607,7.57706],[-71.83877,7.58245],[-71.83287,7.59688],[-71.82285,7.60443],[-71.80477,7.62315],[-71.81354,7.6322],[-71.81096,7.63838],[-71.80202,7.64213],[-71.80274,7.65684],[-71.79819,7.66782],[-71.80107,7.67333],[-71.79789,7.68638],[-71.79112,7.69072],[-71.79078,7.70154],[-71.80565,7.69533],[-71.81303,7.69413],[-71.81333,7.68327],[-71.82179,7.68071],[-71.83046,7.67029],[-71.84287,7.66339],[-71.84317,7.64909],[-71.85082,7.64967],[-71.85697,7.64628],[-71.8593,7.63898],[-71.87123,7.63766],[-71.88022,7.63912],[-71.89204,7.6308],[-71.90445,7.63041],[-71.92292,7.6504],[-71.93877,7.66971],[-71.94962,7.68052],[-71.96384,7.67528],[-71.96984,7.68368],[-71.9738,7.70022],[-71.98287,7.71016],[-71.97807,7.72067],[-71.98245,7.72902],[-71.99615,7.72367],[-72.00039,7.72478],[-72.01333,7.73581]]]},"properties":{"municipio":"Fernández Feo","estado":"TÁCHIRA"}},{"type":"Feature","geometry":{"type":"Polygon","coordinates":[[[-72.2848,7.6911],[-72.28486,7.69759],[-72.29237,7.70746],[-72.29825,7.70757],[-72.30942,7.71244],[-72.31344,7.72426],[-72.31819,7.72956],[-72.31909,7.74401],[-72.33788,7.74927],[-72.33766,7.76533],[-72.34821,7.75427],[-72.3553,7.75686],[-72.3529,7.76272],[-72.35068,7.78181],[-72.35207,7.79052],[-72.36137,7.78014],[-72.36347,7.77257],[-72.37068,7.76341],[-72.38527,7.75784],[-72.39827,7.74775],[-72.41069,7.73328],[-72.40907,7.72224],[-72.40877,7.69395],[-72.39615,7.68216],[-72.40107,7.66928],[-72.41452,7.66329],[-72.4205,7.65766],[-72.42038,7.64796],[-72.42314,7.63991],[-72.43023,7.63886],[-72.43947,7.63312],[-72.45147,7.63739],[-72.43447,7.62153],[-72.43543,7.60086],[-72.42835,7.60087],[-72.41676,7.59427],[-72.41417,7.58224],[-72.40564,7.57561],[-72.39243,7.56873],[-72.39634,7.56186],[-72.3961,7.55528],[-72.38686,7.54937],[-72.38607,7.5373],[-72.38278,7.52022],[-72.38793,7.5158],[-72.39249,7.5],[-72.39207,7.48707],[-72.39483,7.48048],[-72.39112,7.46609],[-72.3952,7.45926],[-72.39213,7.44018],[-72.39429,7.43328],[-72.39039,7.41135],[-72.3892,7.41214],[-72.38333,7.42693],[-72.3784,7.43204],[-72.37923,7.44676],[-72.37357,7.45746],[-72.36264,7.46381],[-72.35261,7.47527],[-72.34888,7.48399],[-72.34995,7.49011],[-72.34173,7.49853],[-72.33479,7.51468],[-72.33538,7.52026],[-72.33094,7.52869],[-72.33248,7.54502],[-72.32959,7.54664],[-72.33347,7.56197],[-72.33999,7.572],[-72.3389,7.58352],[-72.33475,7.5948],[-72.33552,7.60051],[-72.33172,7.61666],[-72.33225,7.62694],[-72.31933,7.64065],[-72.30943,7.63946],[-72.29797,7.64195],[-72.2901,7.64682],[-72.32594,7.65316],[-72.32621,7.65893],[-72.31972,7.66884],[-72.31042,7.67288],[-72.30597,7.68006],[-72.29476,7.67762],[-72.2848,7.6911]]]},"properties":{"municipio":"Junín","estado":"TÁCHIRA"}},{"type":"Feature","geometry":{"type":"Polygon","coordinates":[[[-72.07407,7.69361],[-72.07527,7.70703],[-72.08242,7.72159],[-72.0835,7.72781],[-72.07888,7.73496],[-72.08531,7.74007],[-72.09593,7.74463],[-72.11034,7.74791],[-72.11407,7.75388],[-72.12398,7.75764],[-72.12662,7.76447],[-72.1406,7.7833],[-72.14695,7.79501],[-72.16162,7.79567],[-72.17549,7.80718],[-72.1872,7.80643],[-72.2102,7.80823],[-72.22052,7.8073],[-72.22787,7.81318],[-72.23273,7.80994],[-72.23717,7.79451],[-72.23615,7.78951],[-72.23927,7.77956],[-72.24366,7.77785],[-72.25062,7.78357],[-72.25218,7.7932],[-72.26223,7.8034],[-72.2645,7.7952],[-72.26113,7.78355],[-72.27162,7.76254],[-72.26611,7.75427],[-72.27374,7.74645],[-72.27566,7.73444],[-72.26372,7.72545],[-72.27661,7.69073],[-72.26877,7.68317],[-72.27052,7.67515],[-72.26566,7.66957],[-72.25714,7.67052],[-72.2395,7.6771],[-72.24378,7.68197],[-72.24792,7.70064],[-72.24706,7.70532],[-72.23158,7.7049],[-72.20057,7.68689],[-72.1762,7.68254],[-72.15574,7.68069],[-72.13874,7.68942],[-72.13875,7.67792],[-72.13516,7.67079],[-72.1258,7.66568],[-72.12309,7.67607],[-72.10219,7.68551],[-72.0969,7.69537],[-72.07407,7.69361]]]},"properties":{"municipio":"San Cristobál","estado":"TÁCHIRA"}},{"type":"Feature","geometry":{"type":"Polygon","coordinates":[[[-71.57654,7.77719],[-71.58091,7.77468],[-71.58389,7.79007],[-71.58782,7.78861],[-71.59547,7.79319],[-71.59907,7.7905],[-71.60693,7.79864],[-71.61394,7.80201],[-71.62043,7.79913],[-71.63635,7.80116],[-71.64181,7.81085],[-71.6474,7.816],[-71.65396,7.81729],[-71.65631,7.82482],[-71.66559,7.83001],[-71.67189,7.84196],[-71.67528,7.82641],[-71.68821,7.81064],[-71.68551,7.80434],[-71.69022,7.79166],[-71.70012,7.79143],[-71.71383,7.78621],[-71.71785,7.779],[-71.72379,7.77949],[-71.73766,7.77143],[-71.74433,7.77278],[-71.75456,7.76788],[-71.76405,7.75841],[-71.78119,7.7491],[-71.78005,7.74464],[-71.7863,7.73113],[-71.783,7.7241],[-71.78893,7.71607],[-71.78593,7.71057],[-71.79078,7.70154],[-71.79112,7.69072],[-71.79789,7.68638],[-71.80107,7.67333],[-71.79819,7.66782],[-71.80274,7.65684],[-71.80202,7.64213],[-71.81096,7.63838],[-71.81354,7.6322],[-71.80477,7.62315],[-71.82285,7.60443],[-71.83287,7.59688],[-71.83877,7.58245],[-71.83607,7.57706],[-71.83765,7.56528],[-71.8275,7.54822],[-71.83114,7.53436],[-71.81844,7.53497],[-71.80513,7.53211],[-71.80773,7.53975],[-71.79475,7.53656],[-71.78797,7.54064],[-71.78464,7.53607],[-71.78952,7.52885],[-71.78169,7.52492],[-71.7767,7.52832],[-71.76501,7.53047],[-71.77068,7.54064],[-71.76363,7.54644],[-71.75998,7.5408],[-71.75088,7.53372],[-71.74544,7.5387],[-71.73261,7.53654],[-71.72519,7.53008],[-71.72114,7.53272],[-71.72233,7.54361],[-71.71899,7.54607],[-71.71025,7.53979],[-71.70235,7.54119],[-71.6973,7.53733],[-71.69027,7.54585],[-71.67938,7.54322],[-71.6716,7.53676],[-71.6615,7.53566],[-71.65781,7.52982],[-71.65061,7.53092],[-71.64727,7.52029],[-71.63941,7.5296],[-71.63142,7.52279],[-71.62338,7.51924],[-71.61279,7.52257],[-71.6037,7.51541],[-71.59887,7.52653],[-71.59351,7.52205],[-71.593,7.51526],[-71.58433,7.51076],[-71.57989,7.5116],[-71.57379,7.5271],[-71.56154,7.5213],[-71.55697,7.51458],[-71.54942,7.51871],[-71.54072,7.51634],[-71.53159,7.52284],[-71.52144,7.51379],[-71.51301,7.51344],[-71.504,7.509],[-71.48775,7.49775],[-71.48343,7.49959],[-71.46693,7.49701],[-71.44473,7.50868],[-71.43867,7.50466],[-71.43219,7.50526],[-71.41653,7.49426],[-71.4149,7.483],[-71.39846,7.48232],[-71.39222,7.47723],[-71.3798,7.48164],[-71.36732,7.47609],[-71.34788,7.47933],[-71.33498,7.47568],[-71.3204,7.48697],[-71.31714,7.48695],[-71.3177,7.49635],[-71.32874,7.49734],[-71.3333,7.50148],[-71.33157,7.51269],[-71.33937,7.50858],[-71.35149,7.50708],[-71.35617,7.50286],[-71.37411,7.50324],[-71.36763,7.51067],[-71.37321,7.51831],[-71.37454,7.52506],[-71.38546,7.52154],[-71.39163,7.52726],[-71.40591,7.53218],[-71.40371,7.53862],[-71.39681,7.53491],[-71.39422,7.54408],[-71.40185,7.54726],[-71.40215,7.55392],[-71.41289,7.55576],[-71.41703,7.55024],[-71.43078,7.55347],[-71.43,7.5597],[-71.42004,7.55725],[-71.41926,7.5729],[-71.42844,7.57793],[-71.44236,7.58008],[-71.44192,7.58692],[-71.45448,7.59511],[-71.46018,7.59247],[-71.47261,7.5982],[-71.47909,7.60534],[-71.47561,7.61224],[-71.49085,7.61127],[-71.49613,7.59789],[-71.50267,7.60454],[-71.50297,7.6091],[-71.49739,7.6163],[-71.50051,7.62265],[-71.49393,7.62469],[-71.49967,7.63446],[-71.48893,7.64562],[-71.49133,7.6509],[-71.5016,7.65227],[-71.49253,7.66334],[-71.49263,7.67488],[-71.49641,7.68626],[-71.49962,7.70716],[-71.50575,7.7104],[-71.50912,7.71802],[-71.51523,7.72198],[-71.51301,7.73184],[-71.52227,7.74484],[-71.534,7.75366],[-71.52452,7.76994],[-71.52293,7.78392],[-71.51443,7.7972],[-71.52293,7.80975],[-71.52234,7.82038],[-71.51438,7.82953],[-71.51327,7.84129],[-71.53107,7.82336],[-71.53983,7.8092],[-71.54625,7.80386],[-71.54703,7.79595],[-71.55632,7.78387],[-71.55753,7.77535],[-71.57654,7.77719]]]},"properties":{"municipio":"Libertador","estado":"TÁCHIRA"}},{"type":"Feature","geometry":{"type":"Polygon","coordinates":[[[-72.11977,7.8464],[-72.12188,7.83191],[-72.12921,7.82418],[-72.14243,7.83581],[-72.16093,7.84439],[-72.17084,7.85176],[-72.17864,7.84851],[-72.1906,7.84984],[-72.20354,7.87403],[-72.208,7.86292],[-72.20673,7.85341],[-72.21556,7.84461],[-72.21496,7.83443],[-72.22144,7.83326],[-72.22396,7.82435],[-72.23639,7.82317],[-72.24564,7.81871],[-72.25951,7.82101],[-72.25735,7.829],[-72.26144,7.83253],[-72.27464,7.82885],[-72.27748,7.81921],[-72.27016,7.81714],[-72.26223,7.8034],[-72.25218,7.7932],[-72.25062,7.78357],[-72.24366,7.77785],[-72.23927,7.77956],[-72.23615,7.78951],[-72.23717,7.79451],[-72.23273,7.80994],[-72.22787,7.81318],[-72.22052,7.8073],[-72.2102,7.80823],[-72.1872,7.80643],[-72.17549,7.80718],[-72.16162,7.79567],[-72.14695,7.79501],[-72.1406,7.7833],[-72.12662,7.76447],[-72.12398,7.75764],[-72.11407,7.75388],[-72.11034,7.74791],[-72.09593,7.74463],[-72.08531,7.74007],[-72.07888,7.73496],[-72.0835,7.72781],[-72.08242,7.72159],[-72.07527,7.70703],[-72.07407,7.69361],[-72.05821,7.69639],[-72.04782,7.7036],[-72.03999,7.71819],[-72.03179,7.71729],[-72.03005,7.72607],[-72.01333,7.73581],[-72.00264,7.7389],[-71.9911,7.73934],[-71.9836,7.74698],[-71.98342,7.75326],[-71.97843,7.7576],[-71.97633,7.76718],[-71.96876,7.7732],[-71.97784,7.78568],[-71.98684,7.79168],[-72.00131,7.79365],[-72.0144,7.80081],[-72.01406,7.8115],[-72.02614,7.81356],[-72.03707,7.83514],[-72.04284,7.83895],[-72.04896,7.83814],[-72.07209,7.83067],[-72.0811,7.83163],[-72.08849,7.83809],[-72.09329,7.84839],[-72.10188,7.85351],[-72.11257,7.85441],[-72.11977,7.8464]]]},"properties":{"municipio":"Cárdenas","estado":"TÁCHIRA"}},{"type":"Feature","geometry":{"type":"Polygon","coordinates":[[[-72.40198,7.85795],[-72.41676,7.86492],[-72.43082,7.86829],[-72.45135,7.87523],[-72.44461,7.85967],[-72.45053,7.85084],[-72.44807,7.8443],[-72.4514,7.83926],[-72.44717,7.82785],[-72.45831,7.80292],[-72.46639,7.79862],[-72.46879,7.79372],[-72.46846,7.77484],[-72.47045,7.76294],[-72.47366,7.75864],[-72.47374,7.74862],[-72.47067,7.73581],[-72.47175,7.71039],[-72.47085,7.70361],[-72.46509,7.69505],[-72.45344,7.68945],[-72.44822,7.6758],[-72.4517,7.67092],[-72.452,7.66128],[-72.44479,7.65141],[-72.44389,7.64538],[-72.45147,7.63739],[-72.43947,7.63312],[-72.43023,7.63886],[-72.42314,7.63991],[-72.42038,7.64796],[-72.4205,7.65766],[-72.41452,7.66329],[-72.40107,7.66928],[-72.39615,7.68216],[-72.40877,7.69395],[-72.40907,7.72224],[-72.41069,7.73328],[-72.39827,7.74775],[-72.38527,7.75784],[-72.37068,7.76341],[-72.36347,7.77257],[-72.36137,7.78014],[-72.35207,7.79052],[-72.35437,7.79479],[-72.35137,7.80437],[-72.36074,7.81064],[-72.37566,7.80825],[-72.40417,7.84053],[-72.40627,7.84577],[-72.40198,7.85795]]]},"properties":{"municipio":"Bolívar","estado":"TÁCHIRA"}},{"type":"Feature","geometry":{"type":"Polygon","coordinates":[[[-72.30898,7.88021],[-72.31979,7.8866],[-72.33755,7.9033],[-72.34476,7.90537],[-72.3637,7.90248],[-72.37634,7.89609],[-72.38354,7.90011],[-72.38805,7.89522],[-72.39549,7.87154],[-72.40198,7.85795],[-72.40627,7.84577],[-72.40417,7.84053],[-72.37566,7.80825],[-72.36074,7.81064],[-72.35137,7.80437],[-72.35437,7.79479],[-72.35207,7.79052],[-72.35068,7.78181],[-72.3529,7.76272],[-72.3553,7.75686],[-72.34821,7.75427],[-72.33766,7.76533],[-72.33788,7.74927],[-72.31909,7.74401],[-72.31819,7.72956],[-72.31344,7.72426],[-72.30942,7.71244],[-72.29825,7.70757],[-72.29237,7.70746],[-72.28486,7.69759],[-72.2848,7.6911],[-72.27661,7.69073],[-72.26372,7.72545],[-72.27566,7.73444],[-72.27374,7.74645],[-72.26611,7.75427],[-72.27162,7.76254],[-72.27725,7.77238],[-72.29004,7.77675],[-72.29634,7.78193],[-72.30559,7.78527],[-72.3099,7.78963],[-72.30814,7.79931],[-72.31688,7.82047],[-72.31857,7.83828],[-72.31578,7.86276],[-72.30948,7.87045],[-72.30898,7.88021]]]},"properties":{"municipio":"Libertad","estado":"TÁCHIRA"}},{"type":"Feature","geometry":{"type":"Polygon","coordinates":[[[-72.07895,7.92656],[-72.09224,7.92794],[-72.10539,7.92731],[-72.12557,7.93039],[-72.14201,7.93744],[-72.14689,7.9314],[-72.15926,7.92418],[-72.17253,7.91239],[-72.18454,7.9106],[-72.19247,7.89324],[-72.19559,7.8797],[-72.20132,7.87819],[-72.20354,7.87403],[-72.1906,7.84984],[-72.17864,7.84851],[-72.17084,7.85176],[-72.16093,7.84439],[-72.14243,7.83581],[-72.12921,7.82418],[-72.12188,7.83191],[-72.11977,7.8464],[-72.12412,7.85234],[-72.12436,7.85893],[-72.11956,7.8665],[-72.10971,7.87585],[-72.10154,7.88019],[-72.09986,7.89996],[-72.07818,7.92238],[-72.07895,7.92656]]]},"properties":{"municipio":"Andrés Bello","estado":"TÁCHIRA"}},{"type":"Feature","geometry":{"type":"Polygon","coordinates":[[[-71.98887,8.00481],[-71.99644,8.01469],[-72.00312,8.01917],[-72.0243,8.01196],[-72.0286,8.0141],[-72.03437,8.00046],[-72.04842,7.98543],[-72.04986,7.96816],[-72.06319,7.95387],[-72.0701,7.94977],[-72.07959,7.9511],[-72.07895,7.92656],[-72.07818,7.92238],[-72.09986,7.89996],[-72.10154,7.88019],[-72.10971,7.87585],[-72.11956,7.8665],[-72.12436,7.85893],[-72.12412,7.85234],[-72.11977,7.8464],[-72.11257,7.85441],[-72.10188,7.85351],[-72.09329,7.84839],[-72.08849,7.83809],[-72.0811,7.83163],[-72.07209,7.83067],[-72.04896,7.83814],[-72.04284,7.83895],[-72.03707,7.83514],[-72.02614,7.81356],[-72.01406,7.8115],[-72.0144,7.80081],[-72.00131,7.79365],[-71.98684,7.79168],[-71.97784,7.78568],[-71.96876,7.7732],[-71.96523,7.76026],[-71.95587,7.75108],[-71.94184,7.74734],[-71.93701,7.74887],[-71.93046,7.75834],[-71.92478,7.75608],[-71.90973,7.77032],[-71.90271,7.77306],[-71.90012,7.77795],[-71.88239,7.7799],[-71.86437,7.79341],[-71.85422,7.79591],[-71.84184,7.8063],[-71.84382,7.81089],[-71.83705,7.81961],[-71.84629,7.826],[-71.85446,7.82665],[-71.87583,7.84059],[-71.89211,7.84422],[-71.90268,7.84954],[-71.90682,7.85604],[-71.91679,7.86255],[-71.93284,7.8671],[-71.94155,7.86542],[-71.95873,7.8706],[-71.96341,7.86608],[-71.9714,7.86781],[-71.98684,7.86653],[-71.99375,7.86939],[-71.9844,7.88262],[-71.98698,7.88591],[-71.97659,7.89862],[-71.979,7.90496],[-71.97768,7.91352],[-71.97058,7.91936],[-71.97016,7.93014],[-71.96596,7.93421],[-71.96269,7.94976],[-71.96401,7.95706],[-71.95849,7.96808],[-71.963,7.96958],[-71.96722,7.97804],[-71.97761,7.97468],[-71.97959,7.98132],[-71.9871,7.98965],[-71.98373,7.99546],[-71.98887,8.00481]]]},"properties":{"municipio":"Sucre","estado":"TÁCHIRA"}},{"type":"Feature","geometry":{"type":"Polygon","coordinates":[[[-72.26907,7.99135],[-72.27832,7.98863],[-72.29959,7.97872],[-72.30548,7.97996],[-72.29605,8.00157],[-72.30032,8.00423],[-72.30807,8.00222],[-72.33974,8.00967],[-72.3476,8.01897],[-72.35041,8.00355],[-72.35352,7.99187],[-72.35382,7.97517],[-72.36709,7.96696],[-72.37309,7.96106],[-72.37345,7.94884],[-72.3637,7.90248],[-72.34476,7.90537],[-72.33755,7.9033],[-72.31979,7.8866],[-72.30898,7.88021],[-72.29326,7.87194],[-72.28335,7.87189],[-72.27098,7.86929],[-72.26588,7.87552],[-72.25928,7.87516],[-72.24324,7.86856],[-72.23267,7.87113],[-72.21646,7.88244],[-72.20132,7.87819],[-72.19559,7.8797],[-72.19247,7.89324],[-72.18454,7.9106],[-72.17253,7.91239],[-72.15926,7.92418],[-72.14689,7.9314],[-72.14201,7.93744],[-72.16817,7.94382],[-72.17645,7.93844],[-72.20204,7.93035],[-72.21448,7.93643],[-72.22073,7.93643],[-72.23118,7.92793],[-72.2444,7.93792],[-72.25154,7.93559],[-72.26296,7.9559],[-72.26687,7.97298],[-72.27288,7.97755],[-72.26907,7.99135]]]},"properties":{"municipio":"Lobatera","estado":"TÁCHIRA"}},{"type":"Feature","geometry":{"type":"Polygon","coordinates":[[[-71.83705,7.81961],[-71.83272,7.82276],[-71.821,7.82373],[-71.82242,7.83112],[-71.81413,7.83933],[-71.81034,7.85621],[-71.80218,7.86161],[-71.79339,7.86314],[-71.79707,7.87258],[-71.78229,7.88676],[-71.77905,7.89349],[-71.79177,7.90683],[-71.80088,7.91125],[-71.81127,7.91218],[-71.81493,7.92227],[-71.82129,7.92943],[-71.83895,7.93446],[-71.85078,7.93408],[-71.85794,7.92974],[-71.86274,7.93457],[-71.87195,7.93509],[-71.87977,7.94364],[-71.89245,7.94638],[-71.90189,7.94535],[-71.90502,7.95111],[-71.90517,7.96277],[-71.915,7.97146],[-71.9162,7.98182],[-71.92191,7.99169],[-71.91711,7.99691],[-71.91843,8.00361],[-71.92564,8.01372],[-71.92318,8.0272],[-71.92931,8.03364],[-71.93517,8.03058],[-71.94656,8.03206],[-71.95948,8.03156],[-71.96975,8.01897],[-71.97775,8.01507],[-71.98887,8.00481],[-71.98373,7.99546],[-71.9871,7.98965],[-71.97959,7.98132],[-71.97761,7.97468],[-71.96722,7.97804],[-71.963,7.96958],[-71.95849,7.96808],[-71.96401,7.95706],[-71.96269,7.94976],[-71.96596,7.93421],[-71.97016,7.93014],[-71.97058,7.91936],[-71.97768,7.91352],[-71.979,7.90496],[-71.97659,7.89862],[-71.98698,7.88591],[-71.9844,7.88262],[-71.99375,7.86939],[-71.98684,7.86653],[-71.9714,7.86781],[-71.96341,7.86608],[-71.95873,7.8706],[-71.94155,7.86542],[-71.93284,7.8671],[-71.91679,7.86255],[-71.90682,7.85604],[-71.90268,7.84954],[-71.89211,7.84422],[-71.87583,7.84059],[-71.85446,7.82665],[-71.84629,7.826],[-71.83705,7.81961]]]},"properties":{"municipio":"Francisco de Miranda","estado":"TÁCHIRA"}},{"type":"Feature","geometry":{"type":"Polygon","coordinates":[[[-72.35041,8.00355],[-72.36289,8.01028],[-72.36517,8.0178],[-72.37495,8.02015],[-72.37707,8.02906],[-72.3836,8.03351],[-72.3931,8.0347],[-72.39561,8.02977],[-72.40271,8.03446],[-72.416,8.03335],[-72.4116,8.0216],[-72.42116,8.00895],[-72.41838,7.99665],[-72.4246,7.98992],[-72.43683,7.9913],[-72.44898,7.96886],[-72.46358,7.9636],[-72.46921,7.96424],[-72.4839,7.94931],[-72.48329,7.94216],[-72.48869,7.93896],[-72.48881,7.93215],[-72.47597,7.92899],[-72.47403,7.9243],[-72.46659,7.92333],[-72.45897,7.91101],[-72.46108,7.90439],[-72.45834,7.89586],[-72.45696,7.88112],[-72.45135,7.87523],[-72.43082,7.86829],[-72.41676,7.86492],[-72.40198,7.85795],[-72.39549,7.87154],[-72.38805,7.89522],[-72.38354,7.90011],[-72.37634,7.89609],[-72.3637,7.90248],[-72.37345,7.94884],[-72.37309,7.96106],[-72.36709,7.96696],[-72.35382,7.97517],[-72.35352,7.99187],[-72.35041,8.00355]]]},"properties":{"municipio":"Pedro María Ureña","estado":"TÁCHIRA"}},{"type":"Feature","geometry":{"type":"Polygon","coordinates":[[[-72.13703,8.07295],[-72.1486,8.0736],[-72.1551,8.08311],[-72.16712,8.08719],[-72.1638,8.0771],[-72.16463,8.06287],[-72.17022,8.051],[-72.16907,8.0376],[-72.17681,8.01847],[-72.19057,8.01062],[-72.20522,8.00035],[-72.22469,7.99481],[-72.24313,7.98761],[-72.26655,8.00038],[-72.26907,7.99135],[-72.27288,7.97755],[-72.26687,7.97298],[-72.26296,7.9559],[-72.25154,7.93559],[-72.2444,7.93792],[-72.23118,7.92793],[-72.22073,7.93643],[-72.21448,7.93643],[-72.20204,7.93035],[-72.17645,7.93844],[-72.16817,7.94382],[-72.14201,7.93744],[-72.13982,7.95558],[-72.13417,7.96889],[-72.12036,7.97294],[-72.12558,7.97684],[-72.14108,7.98365],[-72.14817,7.98431],[-72.1513,7.99651],[-72.13922,8.00263],[-72.13135,8.01216],[-72.12967,8.02211],[-72.1319,8.03144],[-72.12613,8.04298],[-72.12745,8.05207],[-72.13514,8.05676],[-72.13703,8.07295]]]},"properties":{"municipio":"Michelena","estado":"TÁCHIRA"}},{"type":"Feature","geometry":{"type":"Polygon","coordinates":[[[-72.0286,8.0141],[-72.02638,8.0271],[-72.02404,8.05393],[-72.02133,8.06915],[-72.02254,8.08017],[-72.02007,8.08688],[-72.02302,8.09544],[-72.02927,8.10094],[-72.04678,8.10914],[-72.05033,8.10386],[-72.05958,8.0979],[-72.06468,8.08514],[-72.07021,8.07717],[-72.08012,8.07393],[-72.08571,8.07617],[-72.09124,8.0832],[-72.10476,8.09118],[-72.11155,8.091],[-72.1237,8.08476],[-72.13703,8.07295],[-72.13514,8.05676],[-72.12745,8.05207],[-72.12613,8.04298],[-72.1319,8.03144],[-72.12967,8.02211],[-72.13135,8.01216],[-72.13922,8.00263],[-72.1513,7.99651],[-72.14817,7.98431],[-72.14108,7.98365],[-72.12558,7.97684],[-72.12036,7.97294],[-72.13417,7.96889],[-72.13982,7.95558],[-72.14201,7.93744],[-72.12557,7.93039],[-72.10539,7.92731],[-72.09224,7.92794],[-72.07895,7.92656],[-72.07959,7.9511],[-72.0701,7.94977],[-72.06319,7.95387],[-72.04986,7.96816],[-72.04842,7.98543],[-72.03437,8.00046],[-72.0286,8.0141]]]},"properties":{"municipio":"José María Vargas","estado":"TÁCHIRA"}},{"type":"Feature","geometry":{"type":"Polygon","coordinates":[[[-71.82461,8.15549],[-71.83096,8.15957],[-71.84254,8.16234],[-71.85774,8.17962],[-71.86321,8.17746],[-71.87673,8.17792],[-71.87644,8.16475],[-71.8908,8.16293],[-71.8985,8.15615],[-71.90433,8.14625],[-71.90276,8.13751],[-71.90595,8.12374],[-71.90997,8.12092],[-71.91706,8.10647],[-71.91424,8.09971],[-71.91718,8.09031],[-71.91351,8.08252],[-71.92319,8.06976],[-71.92198,8.0606],[-71.92727,8.05891],[-71.92998,8.04669],[-71.92619,8.04466],[-71.92931,8.03364],[-71.92318,8.0272],[-71.92564,8.01372],[-71.91843,8.00361],[-71.91711,7.99691],[-71.92191,7.99169],[-71.9162,7.98182],[-71.915,7.97146],[-71.90517,7.96277],[-71.90502,7.95111],[-71.90189,7.94535],[-71.89245,7.94638],[-71.87977,7.94364],[-71.87195,7.93509],[-71.86274,7.93457],[-71.85794,7.92974],[-71.85078,7.93408],[-71.83895,7.93446],[-71.82129,7.92943],[-71.81493,7.92227],[-71.81127,7.91218],[-71.80088,7.91125],[-71.79177,7.90683],[-71.77905,7.89349],[-71.78229,7.88676],[-71.79707,7.87258],[-71.79339,7.86314],[-71.80218,7.86161],[-71.81034,7.85621],[-71.81413,7.83933],[-71.82242,7.83112],[-71.821,7.82373],[-71.83272,7.82276],[-71.83705,7.81961],[-71.84382,7.81089],[-71.84184,7.8063],[-71.85422,7.79591],[-71.86437,7.79341],[-71.88239,7.7799],[-71.90012,7.77795],[-71.90271,7.77306],[-71.90973,7.77032],[-71.92478,7.75608],[-71.93046,7.75834],[-71.93701,7.74887],[-71.94184,7.74734],[-71.95587,7.75108],[-71.96523,7.76026],[-71.96876,7.7732],[-71.97633,7.76718],[-71.97843,7.7576],[-71.98342,7.75326],[-71.9836,7.74698],[-71.9911,7.73934],[-72.00264,7.7389],[-72.01333,7.73581],[-72.00039,7.72478],[-71.99615,7.72367],[-71.98245,7.72902],[-71.97807,7.72067],[-71.98287,7.71016],[-71.9738,7.70022],[-71.96984,7.68368],[-71.96384,7.67528],[-71.94962,7.68052],[-71.93877,7.66971],[-71.92292,7.6504],[-71.90445,7.63041],[-71.89204,7.6308],[-71.88022,7.63912],[-71.87123,7.63766],[-71.8593,7.63898],[-71.85697,7.64628],[-71.85082,7.64967],[-71.84317,7.64909],[-71.84287,7.66339],[-71.83046,7.67029],[-71.82179,7.68071],[-71.81333,7.68327],[-71.81303,7.69413],[-71.80565,7.69533],[-71.79078,7.70154],[-71.78593,7.71057],[-71.78893,7.71607],[-71.783,7.7241],[-71.7863,7.73113],[-71.78005,7.74464],[-71.78119,7.7491],[-71.76405,7.75841],[-71.75456,7.76788],[-71.74433,7.77278],[-71.73766,7.77143],[-71.72379,7.77949],[-71.71785,7.779],[-71.71383,7.78621],[-71.70012,7.79143],[-71.69022,7.79166],[-71.68551,7.80434],[-71.68821,7.81064],[-71.67528,7.82641],[-71.67189,7.84196],[-71.66559,7.83001],[-71.65631,7.82482],[-71.65396,7.81729],[-71.6474,7.816],[-71.64181,7.81085],[-71.63635,7.80116],[-71.62043,7.79913],[-71.61394,7.80201],[-71.60693,7.79864],[-71.59907,7.7905],[-71.59547,7.79319],[-71.58782,7.78861],[-71.58389,7.79007],[-71.58091,7.77468],[-71.57654,7.77719],[-71.56678,7.79694],[-71.56851,7.81834],[-71.57412,7.82285],[-71.56821,7.83147],[-71.57151,7.84954],[-71.5711,7.86152],[-71.58862,7.86842],[-71.59151,7.87343],[-71.59074,7.896],[-71.58696,7.90625],[-71.57175,7.9179],[-71.56119,7.92121],[-71.55824,7.92941],[-71.55951,7.93497],[-71.55155,7.94764],[-71.55306,7.96279],[-71.54667,7.96782],[-71.53275,7.96867],[-71.53329,7.97673],[-71.53696,7.97885],[-71.54906,7.97618],[-71.55639,7.98457],[-71.55913,7.99347],[-71.5714,7.99779],[-71.57216,8.00379],[-71.56718,8.02332],[-71.57148,8.03906],[-71.58446,8.04499],[-71.60206,8.05703],[-71.61035,8.05089],[-71.61678,8.04997],[-71.62234,8.04309],[-71.62984,8.03875],[-71.63839,8.03902],[-71.64757,8.02867],[-71.6681,8.00893],[-71.67519,8.00565],[-71.68841,8.01469],[-71.69628,8.02685],[-71.70342,8.02595],[-71.70709,8.03176],[-71.70258,8.03989],[-71.70933,8.0432],[-71.72202,8.0386],[-71.73494,8.04479],[-71.75502,8.05776],[-71.75963,8.06717],[-71.75853,8.07373],[-71.76582,8.07836],[-71.76631,8.09129],[-71.77058,8.09733],[-71.77776,8.09917],[-71.78329,8.11102],[-71.79189,8.11854],[-71.80537,8.11947],[-71.81396,8.12831],[-71.8163,8.14593],[-71.82461,8.15549]]]},"properties":{"municipio":"Uribante","estado":"TÁCHIRA"}},{"type":"Feature","geometry":{"type":"Polygon","coordinates":[[[-72.03737,8.18662],[-72.04805,8.18117],[-72.07312,8.19157],[-72.07842,8.20014],[-72.09394,8.2113],[-72.09377,8.21043],[-72.13456,8.14737],[-72.18585,8.0925],[-72.16712,8.08719],[-72.1551,8.08311],[-72.1486,8.0736],[-72.13703,8.07295],[-72.1237,8.08476],[-72.11155,8.091],[-72.10476,8.09118],[-72.09124,8.0832],[-72.08571,8.07617],[-72.08012,8.07393],[-72.07021,8.07717],[-72.06468,8.08514],[-72.05958,8.0979],[-72.05033,8.10386],[-72.04678,8.10914],[-72.03756,8.1304],[-72.02224,8.14486],[-72.02092,8.1553],[-72.0366,8.1518],[-72.03059,8.16295],[-72.03155,8.17451],[-72.03737,8.18662]]]},"properties":{"municipio":"Seboruco","estado":"TÁCHIRA"}},{"type":"Feature","geometry":{"type":"Polygon","coordinates":[[[-72.03737,8.18662],[-72.02583,8.19253],[-72.01616,8.19418],[-72.01129,8.19051],[-72.00129,8.19069],[-71.98633,8.20604],[-71.97828,8.21165],[-71.96325,8.21898],[-71.96127,8.22494],[-71.95251,8.23479],[-71.95336,8.25102],[-71.95582,8.26198],[-71.95252,8.26959],[-71.9551,8.28498],[-71.96744,8.28712],[-71.97759,8.29639],[-71.98336,8.3207],[-71.99442,8.33267],[-71.99737,8.33991],[-72.01726,8.34521],[-72.02663,8.3134],[-72.05616,8.32861],[-72.06691,8.33147],[-72.08172,8.31849],[-72.10679,8.29173],[-72.11072,8.29272],[-72.11976,8.3027],[-72.12902,8.2965],[-72.15672,8.27636],[-72.16033,8.27116],[-72.15876,8.26401],[-72.15076,8.25845],[-72.14487,8.24528],[-72.13813,8.24108],[-72.13544,8.24056],[-72.1224,8.24829],[-72.10827,8.24457],[-72.10315,8.23907],[-72.10363,8.22407],[-72.09394,8.2113],[-72.07842,8.20014],[-72.07312,8.19157],[-72.04805,8.18117],[-72.03737,8.18662]]]},"properties":{"municipio":"San Judas Tadeo","estado":"TÁCHIRA"}},{"type":"Feature","geometry":{"type":"Polygon","coordinates":[[[-71.81691,8.37113],[-71.83825,8.37508],[-71.84505,8.37066],[-71.85553,8.36804],[-71.87318,8.35516],[-71.8808,8.34718],[-71.88676,8.34719],[-71.88785,8.33568],[-71.89211,8.32593],[-71.89944,8.31999],[-71.88254,8.31877],[-71.88787,8.30345],[-71.8866,8.29747],[-71.86703,8.27169],[-71.86468,8.26343],[-71.85923,8.27649],[-71.85031,8.28196],[-71.84493,8.29602],[-71.83886,8.29849],[-71.83303,8.30855],[-71.82612,8.31413],[-71.81098,8.32218],[-71.80683,8.32694],[-71.80731,8.33388],[-71.81638,8.34086],[-71.82102,8.34947],[-71.81691,8.37113]]]},"properties":{"municipio":"Simón Rodríguez","estado":"TÁCHIRA"}},{"type":"Feature","geometry":{"type":"Polygon","coordinates":[[[-71.93052,8.37722],[-71.97327,8.38417],[-71.99875,8.3631],[-72.01726,8.34521],[-71.99737,8.33991],[-71.99442,8.33267],[-71.98336,8.3207],[-71.97759,8.29639],[-71.96744,8.28712],[-71.9551,8.28498],[-71.95252,8.26959],[-71.95582,8.26198],[-71.95336,8.25102],[-71.95251,8.23479],[-71.96127,8.22494],[-71.96325,8.21898],[-71.97828,8.21165],[-71.98633,8.20604],[-72.00129,8.19069],[-72.01129,8.19051],[-72.01616,8.19418],[-72.02583,8.19253],[-72.03737,8.18662],[-72.03155,8.17451],[-72.03059,8.16295],[-72.0366,8.1518],[-72.02092,8.1553],[-72.02224,8.14486],[-72.03756,8.1304],[-72.04678,8.10914],[-72.02927,8.10094],[-72.02302,8.09544],[-72.02007,8.08688],[-72.02254,8.08017],[-72.02133,8.06915],[-72.02404,8.05393],[-72.02638,8.0271],[-72.0286,8.0141],[-72.0243,8.01196],[-72.00312,8.01917],[-71.99644,8.01469],[-71.98887,8.00481],[-71.97775,8.01507],[-71.96975,8.01897],[-71.95948,8.03156],[-71.94656,8.03206],[-71.93517,8.03058],[-71.92931,8.03364],[-71.92619,8.04466],[-71.92998,8.04669],[-71.92727,8.05891],[-71.92198,8.0606],[-71.92319,8.06976],[-71.91351,8.08252],[-71.91718,8.09031],[-71.91424,8.09971],[-71.91706,8.10647],[-71.90997,8.12092],[-71.90595,8.12374],[-71.90276,8.13751],[-71.90433,8.14625],[-71.8985,8.15615],[-71.90426,8.16512],[-71.90282,8.1765],[-71.91276,8.18978],[-71.91216,8.20062],[-71.90864,8.21112],[-71.90198,8.21369],[-71.89345,8.22779],[-71.89153,8.23605],[-71.87731,8.25148],[-71.86468,8.26343],[-71.86703,8.27169],[-71.8866,8.29747],[-71.88787,8.30345],[-71.88254,8.31877],[-71.89944,8.31999],[-71.89211,8.32593],[-71.88785,8.33568],[-71.88676,8.34719],[-71.89846,8.35883],[-71.91928,8.3659],[-71.93052,8.37722]]]},"properties":{"municipio":"Jáuregui","estado":"TÁCHIRA"}},{"type":"Feature","geometry":{"type":"Polygon","coordinates":[[[-72.34727,8.50054],[-72.35231,8.49518],[-72.34838,8.48693],[-72.3507,8.48122],[-72.36149,8.47526],[-72.35881,8.46911],[-72.34931,8.46456],[-72.35256,8.45542],[-72.35255,8.43955],[-72.35614,8.43342],[-72.38093,8.42987],[-72.38398,8.41891],[-72.39294,8.41591],[-72.39218,8.40956],[-72.39734,8.40563],[-72.39375,8.39755],[-72.40438,8.39459],[-72.40663,8.38917],[-72.40265,8.38126],[-72.4029,8.37128],[-72.40725,8.36714],[-72.39394,8.35909],[-72.38942,8.34398],[-72.39494,8.33448],[-72.39311,8.32161],[-72.3817,8.31373],[-72.3638,8.30018],[-72.35857,8.29904],[-72.34619,8.28641],[-72.34036,8.28758],[-72.33128,8.28108],[-72.32027,8.26713],[-72.31864,8.2565],[-72.32195,8.25473],[-72.32188,8.23825],[-72.31683,8.23216],[-72.31231,8.21656],[-72.30185,8.20616],[-72.29457,8.18761],[-72.28676,8.17395],[-72.27978,8.17182],[-72.2615,8.15836],[-72.21746,8.16542],[-72.21032,8.17067],[-72.18607,8.19366],[-72.13813,8.24108],[-72.14487,8.24528],[-72.15076,8.25845],[-72.15876,8.26401],[-72.16033,8.27116],[-72.15672,8.27636],[-72.12902,8.2965],[-72.13443,8.30171],[-72.12756,8.32621],[-72.13134,8.33259],[-72.13163,8.3399],[-72.13969,8.34517],[-72.14979,8.34828],[-72.14882,8.35924],[-72.15395,8.37008],[-72.14896,8.3726],[-72.1519,8.3802],[-72.14796,8.38673],[-72.15562,8.3956],[-72.16016,8.41393],[-72.17185,8.41698],[-72.1748,8.42752],[-72.21633,8.42202],[-72.30879,8.37557],[-72.30923,8.39114],[-72.31895,8.40519],[-72.32251,8.42953],[-72.32243,8.44495],[-72.32517,8.45976],[-72.3346,8.47396],[-72.344,8.50053],[-72.34727,8.50054]]]},"properties":{"municipio":"García de Hevia","estado":"TÁCHIRA"}},{"type":"Feature","geometry":{"type":"Polygon","coordinates":[[[-63.87131,10.3482],[-63.89778,10.34089],[-63.91515,10.34717],[-63.99282,10.3587],[-64.0093,10.37221],[-64.02938,10.36672],[-64.0375,10.33866],[-64.06663,10.30872],[-64.08751,10.22778],[-64.11283,10.20277],[-64.10014,10.09062],[-64.08573,10.09739],[-64.06646,10.09541],[-64.05294,10.09937],[-64.04696,10.11576],[-64.03216,10.12008],[-64.02178,10.11984],[-64.01501,10.1172],[-64.01157,10.11126],[-64.00088,10.10928],[-63.98548,10.11324],[-63.97951,10.10904],[-63.96181,10.10466],[-63.95916,10.09613],[-63.9622,10.0861],[-63.95904,10.08267],[-63.94199,10.08853],[-63.93018,10.08421],[-63.91462,10.09246],[-63.89933,10.0931],[-63.86882,10.10597],[-63.85735,10.10513],[-63.85231,10.10773],[-63.83179,10.10642],[-63.82498,10.11059],[-63.81995,10.10502],[-63.81202,10.10455],[-63.80576,10.12346],[-63.79288,10.13829],[-63.79064,10.14934],[-63.78268,10.15691],[-63.77393,10.15717],[-63.76833,10.17919],[-63.76764,10.19223],[-63.75695,10.19242],[-63.75017,10.19863],[-63.73321,10.1987],[-63.7286,10.20453],[-63.70966,10.20448],[-63.70353,10.21398],[-63.7017,10.21741],[-63.70849,10.23917],[-63.7204,10.25632],[-63.74825,10.30632],[-63.80085,10.29593],[-63.82376,10.32662],[-63.84846,10.34193],[-63.8489,10.34929],[-63.86526,10.34463],[-63.87131,10.3482]]]},"properties":{"municipio":"Montes","estado":"SUCRE"}},{"type":"Feature","geometry":{"type":"Polygon","coordinates":[[[-61.71361,8.61891],[-61.72114,8.61253],[-61.74228,8.60419],[-61.77025,8.60638],[-61.7866,8.61169],[-61.80242,8.61489],[-61.81774,8.61231],[-61.82778,8.60814],[-61.84521,8.60609],[-61.86789,8.60931],[-61.89899,8.62568],[-61.91481,8.63256],[-61.93856,8.63578],[-61.9586,8.64109],[-61.97442,8.64954],[-61.99286,8.66377],[-62.03614,8.66651],[-62.07306,8.68236],[-62.11418,8.71346],[-62.1238,8.72307],[-62.16342,8.6947],[-62.18309,8.6787],[-62.18958,8.67185],[-62.19012,8.66298],[-62.19915,8.6469],[-62.2372,8.60464],[-62.25228,8.59855],[-62.26084,8.5917],[-62.27667,8.59656],[-62.28329,8.61263],[-62.29405,8.61501],[-62.30429,8.6115],[-62.31337,8.60421],[-62.32179,8.59226],[-62.33013,8.5846],[-62.34847,8.57575],[-62.35874,8.56483],[-62.36398,8.55471],[-62.37099,8.55302],[-62.39758,8.5322],[-62.40515,8.52852],[-62.41305,8.52806],[-62.43022,8.53492],[-62.43964,8.54683],[-62.45721,8.54882],[-62.47315,8.54346],[-62.48378,8.536],[-62.49332,8.52654],[-62.51059,8.51778],[-62.5191,8.51785],[-62.52787,8.5235],[-62.53943,8.51992],[-62.55251,8.51286],[-62.56242,8.49946],[-62.56491,8.49055],[-62.57192,8.48887],[-62.58241,8.48114],[-62.58764,8.47849],[-62.60004,8.46909],[-62.61122,8.46516],[-62.61781,8.45987],[-62.59863,8.44429],[-62.5593,8.42106],[-62.50389,8.38632],[-62.47081,8.36878],[-62.32127,8.28036],[-62.09435,8.34077],[-62.00359,8.36469],[-61.85773,8.40263],[-61.69777,8.44436],[-61.69532,8.59376],[-61.71361,8.61891]]]},"properties":{"municipio":"Casacoima","estado":"DELTA AMACURO"}},{"type":"Feature","geometry":{"type":"Polygon","coordinates":[[[-60.96631,9.49173],[-60.96528,9.50412],[-60.98593,9.52365],[-61.00325,9.53444],[-61.00706,9.53827],[-61.01845,9.54104],[-61.04583,9.55065],[-61.05522,9.55511],[-61.07411,9.56116],[-61.08868,9.56358],[-61.09642,9.56065],[-61.12615,9.57001],[-61.13001,9.57347],[-61.15747,9.58418],[-61.16371,9.58843],[-61.18311,9.59519],[-61.19087,9.59925],[-61.20449,9.60162],[-61.21062,9.59568],[-61.21518,9.59725],[-61.21786,9.60509],[-61.22868,9.61982],[-61.24471,9.63861],[-61.28032,9.66359],[-61.30942,9.68615],[-61.31966,9.69565],[-61.33737,9.7145],[-61.35033,9.7257],[-61.37509,9.75293],[-61.38236,9.75762],[-61.41595,9.79199],[-61.4241,9.80301],[-61.43089,9.80589],[-61.43171,9.81316],[-61.44257,9.82269],[-61.45763,9.82596],[-61.47285,9.82641],[-61.48071,9.82836],[-61.49135,9.83788],[-61.5006,9.84209],[-61.50478,9.84728],[-61.51271,9.84996],[-61.52745,9.85863],[-61.48988,9.82496],[-61.48554,9.81958],[-61.47284,9.81866],[-61.46027,9.81224],[-61.44998,9.78902],[-61.45887,9.78458],[-61.46349,9.78993],[-61.47821,9.79959],[-61.49466,9.81434],[-61.50202,9.81676],[-61.51958,9.82919],[-61.54434,9.85015],[-61.56289,9.86056],[-61.57248,9.86756],[-61.61138,9.88362],[-61.63887,9.8983],[-61.65301,9.90008],[-61.67235,9.89805],[-61.6648,9.88748],[-61.66633,9.88433],[-61.65588,9.87368],[-61.63314,9.86914],[-61.62703,9.86352],[-61.63783,9.85777],[-61.6292,9.84975],[-61.60096,9.82934],[-61.59167,9.81543],[-61.59828,9.81108],[-61.61179,9.82121],[-61.62967,9.82775],[-61.64124,9.8275],[-61.63921,9.82104],[-61.62678,9.80775],[-61.6208,9.7969],[-61.63027,9.79766],[-61.66302,9.79346],[-61.68137,9.79834],[-61.6897,9.80193],[-61.71974,9.811],[-61.73508,9.8183],[-61.74461,9.81919],[-61.77474,9.82907],[-61.7861,9.83087],[-61.80613,9.83146],[-61.82322,9.82935],[-61.8285,9.82708],[-61.82379,9.81732],[-61.82261,9.80413],[-61.82946,9.80052],[-61.83414,9.78264],[-61.82858,9.76699],[-61.81915,9.76313],[-61.78915,9.76955],[-61.78111,9.76766],[-61.76283,9.75256],[-61.76329,9.72806],[-61.7564,9.71894],[-61.7452,9.71203],[-61.73962,9.7044],[-61.74268,9.68659],[-61.74255,9.66951],[-61.73815,9.64555],[-61.73787,9.62124],[-61.74481,9.59443],[-61.75031,9.59187],[-61.75807,9.57633],[-61.76856,9.5691],[-61.77267,9.55489],[-61.7866,9.53094],[-61.80062,9.51753],[-61.79688,9.50924],[-61.80061,9.50026],[-61.81254,9.50188],[-61.81767,9.48811],[-61.82595,9.48071],[-61.82953,9.46656],[-61.84625,9.45082],[-61.85564,9.44567],[-61.86575,9.43727],[-61.86515,9.43073],[-61.8699,9.42547],[-61.88509,9.4181],[-61.89175,9.42221],[-61.90148,9.42285],[-61.91114,9.4176],[-61.93004,9.42437],[-61.93544,9.43107],[-61.94478,9.43425],[-61.96085,9.43708],[-61.96554,9.43357],[-61.97675,9.43657],[-61.99087,9.42991],[-61.99943,9.42785],[-62.009,9.42156],[-62.01598,9.43052],[-62.02598,9.43064],[-62.02529,9.41691],[-62.02978,9.40843],[-62.03725,9.40384],[-62.04598,9.4035],[-62.05754,9.39965],[-62.06147,9.3955],[-62.0732,9.39553],[-62.09313,9.38497],[-62.09952,9.38661],[-62.10828,9.38472],[-62.12571,9.37788],[-62.13318,9.38154],[-62.13205,9.39869],[-62.15311,9.40415],[-62.1644,9.40377],[-62.19191,9.38627],[-62.19785,9.37145],[-62.20213,9.37092],[-62.20894,9.37706],[-62.21285,9.38993],[-62.20755,9.40602],[-62.21805,9.42175],[-62.22068,9.43203],[-62.23337,9.42575],[-62.24448,9.42883],[-62.24966,9.43315],[-62.25536,9.43123],[-62.26324,9.43523],[-62.27122,9.44681],[-62.28869,9.44744],[-62.29074,9.45094],[-62.28235,9.46128],[-62.30342,9.48],[-62.31183,9.46496],[-62.32359,9.4663],[-62.32544,9.45294],[-62.34729,9.44298],[-62.3599,9.44903],[-62.36631,9.45855],[-62.37577,9.46062],[-62.38886,9.46703],[-62.40342,9.46729],[-62.40732,9.45339],[-62.40894,9.43529],[-62.41461,9.41865],[-62.41012,9.40613],[-62.4031,9.40079],[-62.38707,9.3972],[-62.37541,9.39152],[-62.36128,9.39406],[-62.34925,9.37916],[-62.33038,9.36833],[-62.32562,9.36227],[-62.32563,9.35562],[-62.33725,9.34537],[-62.34475,9.33643],[-62.34736,9.32248],[-62.33938,9.30529],[-62.32575,9.29348],[-62.33107,9.28486],[-62.32879,9.26201],[-62.32112,9.25469],[-62.31835,9.24554],[-62.30856,9.2394],[-62.30262,9.22464],[-62.31371,9.21551],[-62.30776,9.20589],[-62.30475,9.1887],[-62.30973,9.18272],[-62.32093,9.17958],[-62.32817,9.16847],[-62.33056,9.12904],[-62.32719,9.12574],[-62.32275,9.12639],[-62.31195,9.12966],[-62.30054,9.13682],[-62.28062,9.12934],[-62.26491,9.1324],[-62.26227,9.12845],[-62.26673,9.11944],[-62.26701,9.11193],[-62.24069,9.09312],[-62.22864,9.09079],[-62.22395,9.08525],[-62.22815,9.07321],[-62.22804,9.06005],[-62.21891,9.05785],[-62.20618,9.06454],[-62.1928,9.06306],[-62.18796,9.06582],[-62.18536,9.07476],[-62.18653,9.08583],[-62.16613,9.08532],[-62.15956,9.08939],[-62.16443,9.10283],[-62.15304,9.10273],[-62.14457,9.0985],[-62.14354,9.08823],[-62.148,9.07876],[-62.14888,9.06889],[-62.14578,9.0625],[-62.13005,9.05259],[-62.11324,9.04557],[-62.10913,9.04812],[-62.11274,9.06057],[-62.11186,9.06841],[-62.09948,9.07716],[-62.08843,9.07166],[-62.06705,9.05561],[-62.05746,9.0529],[-62.05647,9.03509],[-62.05881,9.03104],[-62.06856,9.02722],[-62.07271,9.02016],[-62.07348,9.01021],[-62.07878,8.99726],[-62.08666,8.98768],[-62.08998,8.9773],[-62.08788,8.95923],[-62.08179,8.9514],[-62.07181,8.92435],[-62.06718,8.91673],[-62.05534,8.88002],[-62.05523,8.87333],[-62.03573,8.87484],[-62.02215,8.88951],[-62.00969,8.89716],[-62.00218,8.89726],[-61.99691,8.88989],[-62.00824,8.88011],[-62.00892,8.86938],[-62.0155,8.85501],[-62.02088,8.84816],[-62.02147,8.84451],[-62.03408,8.83833],[-62.05003,8.8285],[-62.05499,8.82722],[-62.06298,8.81737],[-62.06132,8.8014],[-62.05757,8.78672],[-62.05759,8.77802],[-62.06219,8.76544],[-62.06757,8.75701],[-62.07842,8.74821],[-62.09592,8.74228],[-62.11251,8.73336],[-62.1238,8.72307],[-62.11418,8.71346],[-62.07306,8.68236],[-62.03614,8.66651],[-61.99286,8.66377],[-61.97442,8.64954],[-61.9586,8.64109],[-61.93856,8.63578],[-61.91481,8.63256],[-61.89899,8.62568],[-61.86789,8.60931],[-61.84521,8.60609],[-61.82778,8.60814],[-61.81774,8.61231],[-61.80242,8.61489],[-61.7866,8.61169],[-61.77025,8.60638],[-61.74228,8.60419],[-61.72114,8.61253],[-61.71361,8.61891],[-61.7157,8.62419],[-61.7256,8.63093],[-61.73087,8.63901],[-61.71943,8.64169],[-61.70634,8.63743],[-61.68655,8.66099],[-61.58677,8.77105],[-61.52611,8.83895],[-61.4403,8.93261],[-61.41721,8.95366],[-61.36122,9.01967],[-61.31633,9.07081],[-61.25567,9.13811],[-61.14783,9.25835],[-61.09583,9.31572],[-61.06093,9.35527],[-61.01423,9.40665],[-61.01122,9.41168],[-60.99846,9.42341],[-60.98871,9.43575],[-60.98366,9.4464],[-60.98041,9.47094],[-60.9774,9.48111],[-60.96631,9.49173]]]},"properties":{"municipio":"Tucupita","estado":"DELTA AMACURO"}},{"type":"Feature","geometry":{"type":"Polygon","coordinates":[[[-62.93594,10.6008],[-62.94579,10.60399],[-62.95504,10.60207],[-62.96897,10.60865],[-62.9787,10.59794],[-62.98816,10.59862],[-62.99131,10.59317],[-63.00155,10.60457],[-63.04066,10.60127],[-63.0486,10.60377],[-63.0564,10.60131],[-63.06372,10.60837],[-63.07022,10.6089],[-63.07774,10.61386],[-63.09723,10.61538],[-63.12333,10.57998],[-63.11876,10.56913],[-62.96082,10.4734],[-62.95338,10.47447],[-62.94453,10.47955],[-62.93921,10.48578],[-62.91726,10.51732],[-62.9075,10.52358],[-62.88783,10.52979],[-62.87555,10.53163],[-62.87503,10.53938],[-62.89002,10.54158],[-62.89921,10.53941],[-62.90882,10.54066],[-62.92858,10.53698],[-62.93783,10.54283],[-62.9394,10.55222],[-62.93503,10.55649],[-62.94142,10.58995],[-62.93594,10.6008]]]},"properties":{"municipio":"Libertador","estado":"SUCRE"}},{"type":"Feature","geometry":{"type":"Polygon","coordinates":[[[-63.17089,10.62789],[-63.1846,10.61523],[-63.21437,10.61631],[-63.21956,10.60882],[-63.22723,10.60516],[-63.23121,10.59711],[-63.23627,10.5959],[-63.23669,10.58534],[-63.20833,10.56366],[-63.20649,10.54195],[-63.25858,10.53197],[-63.28684,10.45597],[-63.30509,10.4243],[-63.22833,10.40447],[-63.2,10.39363],[-63.20247,10.38497],[-63.20168,10.3769],[-63.20844,10.37258],[-63.21121,10.36546],[-63.21733,10.36106],[-63.22065,10.35468],[-63.22735,10.35269],[-63.22364,10.33547],[-63.21728,10.32138],[-63.21208,10.31445],[-63.20899,10.30501],[-63.19756,10.29661],[-63.19219,10.29704],[-63.18266,10.30441],[-63.17347,10.29744],[-63.17769,10.28589],[-63.17121,10.27579],[-63.1598,10.2754],[-63.152,10.26304],[-63.13816,10.25368],[-63.13122,10.26009],[-63.12108,10.26304],[-63.11383,10.25929],[-63.11141,10.24835],[-63.09818,10.24305],[-63.09443,10.23756],[-63.09974,10.22732],[-63.11139,10.22915],[-63.11865,10.22177],[-63.11942,10.21008],[-63.11126,10.19484],[-63.09972,10.185],[-63.09241,10.18399],[-63.08685,10.18784],[-63.08093,10.19992],[-63.06745,10.20072],[-63.06256,10.19448],[-63.06479,10.17892],[-63.05434,10.17419],[-63.05234,10.17059],[-63.05669,10.15917],[-63.05361,10.15178],[-63.04539,10.14297],[-63.04328,10.13714],[-63.0443,10.12104],[-63.0324,10.11385],[-63.02178,10.10195],[-63.01012,10.09458],[-63.00143,10.09121],[-62.98749,10.07263],[-62.97668,10.06938],[-62.97251,10.07382],[-62.97244,10.08867],[-62.96005,10.09624],[-62.94773,10.09521],[-62.94086,10.08847],[-62.93676,10.07699],[-62.93141,10.07932],[-62.91238,10.09439],[-62.90547,10.09713],[-62.89475,10.08857],[-62.89532,10.07901],[-62.90172,10.06087],[-62.90038,10.05763],[-62.88698,10.05336],[-62.86896,10.05144],[-62.85957,10.05779],[-62.85659,10.07386],[-62.8487,10.07769],[-62.83961,10.07386],[-62.83664,10.06885],[-62.83426,10.0485],[-62.82398,10.03597],[-62.81445,10.03376],[-62.79181,10.03332],[-62.78749,10.03465],[-62.79136,10.04733],[-62.79017,10.05647],[-62.77959,10.07593],[-62.77348,10.08168],[-62.76291,10.08552],[-62.75263,10.08522],[-62.74414,10.0783],[-62.7361,10.064],[-62.7291,10.05928],[-62.70468,10.05899],[-62.67265,10.06592],[-62.66357,10.06917],[-62.64718,10.08097],[-62.64047,10.08907],[-62.6232,10.09999],[-62.61411,10.10869],[-62.61113,10.11517],[-62.6141,10.13729],[-62.62005,10.15999],[-62.63077,10.18637],[-62.63762,10.21099],[-62.64059,10.22559],[-62.63967,10.24281],[-62.65076,10.25438],[-62.6685,10.27644],[-62.66694,10.28686],[-62.65746,10.30718],[-62.65359,10.31226],[-62.64671,10.32808],[-62.6481,10.34415],[-62.65294,10.35449],[-62.67403,10.37622],[-62.68483,10.38942],[-62.69949,10.40348],[-62.73299,10.44149],[-62.75333,10.46948],[-62.76031,10.48414],[-62.76089,10.49411],[-62.76758,10.50093],[-62.78036,10.49738],[-62.78553,10.4907],[-62.79658,10.49211],[-62.79925,10.49536],[-62.80994,10.49817],[-62.83323,10.50955],[-62.83702,10.52379],[-62.84612,10.53449],[-62.87099,10.53018],[-62.87346,10.53098],[-62.87555,10.53163],[-62.88783,10.52979],[-62.9075,10.52358],[-62.91726,10.51732],[-62.93921,10.48578],[-62.94453,10.47955],[-62.95338,10.47447],[-62.96082,10.4734],[-63.11876,10.56913],[-63.12333,10.57998],[-63.09723,10.61538],[-63.11129,10.62821],[-63.12176,10.62245],[-63.12951,10.62377],[-63.1369,10.62161],[-63.15155,10.62747],[-63.15979,10.62615],[-63.17089,10.62789]]]},"properties":{"municipio":"Benítez","estado":"SUCRE"}},{"type":"Feature","geometry":{"type":"Polygon","coordinates":[[[-60.96631,9.49173],[-60.9774,9.48111],[-60.98041,9.47094],[-60.98366,9.4464],[-60.98871,9.43575],[-60.99846,9.42341],[-61.01122,9.41168],[-61.01423,9.40665],[-61.06093,9.35527],[-61.09583,9.31572],[-61.14783,9.25835],[-61.25567,9.13811],[-61.31633,9.07081],[-61.36122,9.01967],[-61.41721,8.95366],[-61.4403,8.93261],[-61.52611,8.83895],[-61.58677,8.77105],[-61.68655,8.66099],[-61.70634,8.63743],[-61.71943,8.64169],[-61.73087,8.63901],[-61.7256,8.63093],[-61.7157,8.62419],[-61.71361,8.61891],[-61.69532,8.59376],[-61.69777,8.44436],[-61.69598,8.44001],[-61.70599,8.43231],[-61.70582,8.42387],[-61.69575,8.41614],[-61.69893,8.40068],[-61.68637,8.38878],[-61.68179,8.37905],[-61.68523,8.3676],[-61.69268,8.35666],[-61.69778,8.35324],[-61.69942,8.34076],[-61.70942,8.33117],[-61.72095,8.32939],[-61.73824,8.32421],[-61.7611,8.31501],[-61.76691,8.3079],[-61.76645,8.29667],[-61.76231,8.28452],[-61.76596,8.28004],[-61.75762,8.27172],[-61.755,8.26055],[-61.74923,8.25884],[-61.74269,8.25149],[-61.73741,8.24043],[-61.7397,8.23198],[-61.74514,8.22805],[-61.74505,8.22152],[-61.72538,8.21734],[-61.72823,8.21059],[-61.73599,8.20933],[-61.73792,8.20246],[-61.73441,8.19734],[-61.74049,8.19007],[-61.73472,8.18254],[-61.72532,8.18332],[-61.73179,8.17148],[-61.72894,8.16246],[-61.72303,8.15327],[-61.71879,8.14036],[-61.71375,8.13835],[-61.71249,8.12841],[-61.70369,8.12558],[-61.69791,8.11379],[-61.68239,8.10214],[-61.67754,8.09241],[-61.66351,8.07966],[-61.65897,8.06996],[-61.65702,8.0559],[-61.65126,8.03962],[-61.64924,8.0284],[-61.65031,7.98784],[-61.64871,7.98374],[-61.65178,7.96572],[-61.64296,7.95649],[-61.62865,7.95419],[-61.62115,7.94628],[-61.62216,7.92507],[-61.61544,7.90646],[-61.61458,7.8828],[-61.60672,7.86907],[-61.58132,7.86354],[-61.4941,7.81978],[-61.46502,7.80519],[-61.45758,7.81164],[-61.45994,7.82343],[-61.46785,7.83716],[-61.46783,7.84389],[-61.47716,7.86196],[-61.46865,7.88285],[-61.45652,7.90179],[-61.44462,7.92459],[-61.43881,7.93154],[-61.38929,7.95251],[-61.37866,7.95776],[-61.35934,7.96489],[-61.34944,7.96702],[-61.33687,7.97346],[-61.31347,7.97721],[-61.29681,7.98099],[-61.28183,7.98838],[-61.24145,7.98949],[-61.23319,7.9844],[-61.22382,7.97312],[-61.07852,7.80939],[-61.0652,7.80032],[-61.0547,7.80074],[-61.04281,7.79725],[-61.02554,7.78738],[-61.01141,7.78105],[-60.99932,7.77754],[-60.99095,7.7717],[-60.97223,7.76818],[-60.95995,7.76919],[-60.9451,7.76783],[-60.93426,7.77155],[-60.93834,7.78434],[-60.93219,7.79072],[-60.9312,7.80529],[-60.92256,7.81189],[-60.90527,7.81076],[-60.90519,7.81385],[-60.89245,7.82495],[-60.88762,7.82678],[-60.88268,7.83712],[-60.8883,7.8377],[-60.8865,7.85024],[-60.87548,7.85579],[-60.86615,7.86659],[-60.87083,7.86983],[-60.85652,7.88307],[-60.84965,7.88084],[-60.8408,7.88884],[-60.81335,7.89269],[-60.78863,7.90263],[-60.78418,7.90031],[-60.77437,7.90515],[-60.75652,7.90198],[-60.75112,7.9073],[-60.74342,7.90299],[-60.7455,7.89759],[-60.72632,7.88774],[-60.7163,7.88482],[-60.70762,7.88951],[-60.69589,7.88831],[-60.68829,7.89553],[-60.68021,7.89543],[-60.67419,7.90352],[-60.26457,7.90374],[-60.24728,7.91757],[-60.24262,7.93085],[-60.23881,7.93746],[-60.23544,7.94618],[-60.21909,7.95998],[-60.2124,7.96011],[-60.20495,7.95926],[-60.20062,7.96109],[-60.19871,7.9652],[-60.19567,7.96792],[-60.1915,7.96808],[-60.18293,7.96843],[-60.17429,7.97352],[-60.16181,7.9814],[-60.15176,7.98505],[-60.12868,8.0018],[-60.1175,8.01729],[-60.10691,8.02614],[-60.10262,8.02656],[-60.09783,8.02838],[-60.08968,8.03253],[-60.08014,8.03382],[-60.07114,8.03131],[-60.06784,8.02889],[-60.06313,8.02598],[-60.05502,8.02681],[-60.04882,8.02814],[-60.04442,8.03567],[-60.03866,8.03938],[-60.02719,8.04253],[-60.02458,8.04755],[-60.02087,8.04982],[-60.0137,8.05633],[-60.00944,8.07228],[-59.99824,8.07933],[-59.99889,8.096],[-59.99338,8.11739],[-59.99093,8.12221],[-59.98745,8.12469],[-59.98494,8.12613],[-59.98222,8.12804],[-59.97974,8.13095],[-59.97955,8.13306],[-59.98055,8.13709],[-59.99138,8.14864],[-59.9928,8.15631],[-59.99071,8.15802],[-59.98755,8.16061],[-59.98476,8.1632],[-59.98179,8.16696],[-59.98139,8.16948],[-59.98038,8.17306],[-59.97957,8.17737],[-59.97861,8.18131],[-59.97601,8.1857],[-59.95196,8.19279],[-59.94759,8.1948],[-59.94588,8.19649],[-59.94506,8.20175],[-59.94542,8.20977],[-59.94588,8.21199],[-59.94646,8.21475],[-59.82285,8.23255],[-59.79656,8.27088],[-59.79583,8.27773],[-59.80843,8.31477],[-59.84618,8.36276],[-59.85638,8.37108],[-59.86259,8.38059],[-59.86879,8.38458],[-59.87723,8.39564],[-59.89058,8.42144],[-59.90058,8.43865],[-59.90139,8.4426],[-59.92026,8.4694],[-59.93866,8.49084],[-59.95441,8.50267],[-59.97088,8.51775],[-59.97913,8.522],[-59.99141,8.53249],[-59.99952,8.53672],[-60.00106,8.55078],[-60.01162,8.55507],[-60.02376,8.56448],[-60.02547,8.56959],[-60.0421,8.57843],[-60.06513,8.58761],[-60.07412,8.58938],[-60.08048,8.58773],[-60.09532,8.59128],[-60.11204,8.59955],[-60.13607,8.608],[-60.15189,8.61591],[-60.18577,8.62947],[-60.19883,8.63104],[-60.22326,8.63015],[-60.22407,8.62798],[-60.25587,8.62973],[-60.26078,8.62767],[-60.28036,8.62824],[-60.32911,8.62669],[-60.34589,8.62977],[-60.36528,8.63124],[-60.37275,8.62797],[-60.39811,8.62961],[-60.4112,8.62576],[-60.4106,8.61184],[-60.41547,8.60758],[-60.42148,8.59163],[-60.40873,8.5838],[-60.40848,8.57651],[-60.4229,8.57121],[-60.43146,8.56132],[-60.43887,8.55853],[-60.44009,8.54787],[-60.44972,8.54382],[-60.45376,8.53331],[-60.46004,8.52445],[-60.46796,8.52243],[-60.48512,8.53074],[-60.49806,8.52563],[-60.50775,8.53169],[-60.52663,8.53473],[-60.54037,8.53843],[-60.55194,8.53781],[-60.58002,8.54064],[-60.58831,8.5383],[-60.60132,8.54049],[-60.62053,8.54671],[-60.63316,8.55286],[-60.6408,8.56009],[-60.65231,8.5675],[-60.67201,8.58425],[-60.67533,8.58391],[-60.68552,8.5918],[-60.72257,8.60836],[-60.73804,8.60032],[-60.75475,8.59438],[-60.77038,8.59148],[-60.77419,8.58892],[-60.78812,8.58687],[-60.79245,8.58886],[-60.81124,8.58923],[-60.81344,8.59089],[-60.83126,8.58848],[-60.84181,8.58883],[-60.86455,8.5864],[-60.87029,8.59222],[-60.87625,8.59218],[-60.88935,8.59687],[-60.8985,8.59411],[-60.90632,8.59562],[-60.92473,8.59495],[-60.93592,8.59613],[-60.93416,8.60396],[-60.9538,8.6032],[-60.95832,8.60954],[-60.96256,8.60129],[-60.97542,8.58772],[-60.96495,8.58647],[-60.95759,8.57967],[-60.9576,8.5735],[-60.98284,8.57296],[-60.98713,8.5693],[-60.98897,8.54445],[-61.00498,8.54133],[-61.00945,8.54972],[-60.99707,8.5572],[-61.00333,8.56798],[-60.98745,8.60041],[-60.9754,8.61682],[-60.96541,8.62601],[-60.95015,8.63041],[-60.93448,8.63129],[-60.92291,8.6278],[-60.91283,8.62765],[-60.90165,8.62429],[-60.88365,8.61632],[-60.86985,8.61604],[-60.86488,8.61224],[-60.8531,8.61053],[-60.84502,8.61192],[-60.84083,8.60865],[-60.83349,8.61186],[-60.83552,8.61742],[-60.8468,8.61961],[-60.83831,8.62602],[-60.82695,8.62608],[-60.81581,8.61877],[-60.79145,8.62468],[-60.7805,8.62301],[-60.75621,8.62376],[-60.74806,8.62536],[-60.73782,8.6215],[-60.73491,8.63011],[-60.74207,8.63078],[-60.74673,8.62712],[-60.76642,8.62896],[-60.7757,8.63458],[-60.76407,8.63968],[-60.74731,8.63826],[-60.74098,8.63968],[-60.72076,8.63803],[-60.69497,8.6418],[-60.68217,8.64074],[-60.67206,8.64475],[-60.65737,8.63911],[-60.64731,8.63723],[-60.63756,8.63813],[-60.62455,8.63355],[-60.60632,8.64099],[-60.59283,8.64001],[-60.57912,8.65291],[-60.57417,8.66454],[-60.59247,8.67462],[-60.60079,8.67388],[-60.60555,8.67742],[-60.61633,8.67487],[-60.63372,8.68403],[-60.65225,8.6819],[-60.66143,8.67841],[-60.66846,8.67991],[-60.68152,8.69442],[-60.68897,8.69793],[-60.69506,8.69482],[-60.70916,8.693],[-60.70726,8.69882],[-60.71111,8.70565],[-60.69564,8.70844],[-60.69462,8.72018],[-60.68964,8.72277],[-60.68658,8.73321],[-60.6763,8.75391],[-60.6615,8.77314],[-60.64997,8.77276],[-60.64698,8.76712],[-60.63761,8.77258],[-60.63039,8.79214],[-60.63063,8.79962],[-60.63579,8.80849],[-60.64262,8.79443],[-60.6555,8.78374],[-60.66329,8.78359],[-60.67193,8.77873],[-60.68347,8.76743],[-60.68734,8.75784],[-60.6948,8.75012],[-60.72122,8.73878],[-60.73423,8.73611],[-60.75163,8.72865],[-60.76498,8.73543],[-60.77307,8.73625],[-60.77356,8.74236],[-60.73948,8.74429],[-60.71412,8.7661],[-60.71685,8.7813],[-60.69633,8.78157],[-60.68374,8.78522],[-60.68745,8.79459],[-60.69606,8.79695],[-60.69337,8.80347],[-60.70533,8.81895],[-60.71442,8.82838],[-60.71543,8.83673],[-60.72081,8.84504],[-60.71227,8.84547],[-60.70841,8.8521],[-60.71369,8.85845],[-60.72229,8.86018],[-60.72362,8.85519],[-60.73107,8.85175],[-60.7376,8.85453],[-60.75702,8.8449],[-60.76624,8.83673],[-60.78417,8.81748],[-60.78772,8.80927],[-60.79485,8.80989],[-60.79453,8.81716],[-60.78639,8.82732],[-60.7877,8.8349],[-60.78418,8.84456],[-60.78438,8.85133],[-60.77331,8.85792],[-60.7659,8.85797],[-60.76238,8.86295],[-60.75087,8.87141],[-60.7318,8.88106],[-60.73334,8.8896],[-60.7433,8.89047],[-60.75642,8.88121],[-60.76441,8.88245],[-60.77453,8.87556],[-60.7782,8.86973],[-60.80267,8.86982],[-60.81353,8.87117],[-60.8302,8.86943],[-60.83235,8.87392],[-60.81371,8.88981],[-60.81604,8.8933],[-60.83051,8.88681],[-60.83591,8.88801],[-60.84466,8.89606],[-60.84778,8.91315],[-60.83491,8.91784],[-60.82929,8.92262],[-60.82486,8.9372],[-60.81352,8.93399],[-60.80695,8.94068],[-60.79461,8.94611],[-60.79206,8.95928],[-60.7866,8.97556],[-60.77985,8.98146],[-60.79968,9.00456],[-60.77628,9.03041],[-60.77637,9.03856],[-60.77148,9.04382],[-60.76302,9.04716],[-60.75688,9.05737],[-60.76039,9.06206],[-60.77212,9.06473],[-60.78958,9.06135],[-60.78513,9.06995],[-60.79489,9.07536],[-60.80524,9.07033],[-60.81967,9.07176],[-60.81344,9.07722],[-60.8164,9.08324],[-60.8138,9.09424],[-60.81234,9.11198],[-60.80653,9.11693],[-60.79971,9.11106],[-60.79131,9.10876],[-60.78383,9.11471],[-60.775,9.11377],[-60.75834,9.12919],[-60.75268,9.13971],[-60.75779,9.14584],[-60.7693,9.17131],[-60.76986,9.17969],[-60.74971,9.17936],[-60.73637,9.17557],[-60.73115,9.17872],[-60.73403,9.19081],[-60.74467,9.20961],[-60.7665,9.2321],[-60.77102,9.23406],[-60.77317,9.2427],[-60.77155,9.25122],[-60.76349,9.25332],[-60.75864,9.25929],[-60.76567,9.27183],[-60.79132,9.29186],[-60.79931,9.29945],[-60.78652,9.31421],[-60.78312,9.32361],[-60.78231,9.33351],[-60.78428,9.34198],[-60.79586,9.37104],[-60.81966,9.40773],[-60.85535,9.44772],[-60.88004,9.47198],[-60.89427,9.48227],[-60.89906,9.48157],[-60.91228,9.48712],[-60.92312,9.48902],[-60.93723,9.49455],[-60.94805,9.49583],[-60.96631,9.49173]]]},"properties":{"municipio":"Antonio Diaz","estado":"DELTA AMACURO"}},{"type":"Feature","geometry":{"type":"Polygon","coordinates":[[[-63.89873,11.01949],[-63.90027,11.01568],[-63.90588,11.00591],[-63.90941,11.00132],[-63.91121,10.99876],[-63.89802,11.0024],[-63.88497,11.00686],[-63.88442,11.00621],[-63.88124,11.00254],[-63.87947,11.00219],[-63.87311,11.0021],[-63.86605,10.9981],[-63.85855,10.9973],[-63.85453,11.00089],[-63.84964,11.01012],[-63.84869,11.01191],[-63.84792,11.01453],[-63.84438,11.01817],[-63.83572,11.01869],[-63.83101,11.02079],[-63.82488,11.02641],[-63.8197,11.0297],[-63.81717,11.03126],[-63.81013,11.03741],[-63.8077,11.04222],[-63.82189,11.06587],[-63.826,11.06627],[-63.82908,11.06512],[-63.84228,11.06339],[-63.85226,11.0618],[-63.8598,11.06414],[-63.8658,11.06434],[-63.8705,11.06212],[-63.87529,11.0618],[-63.8782,11.06238],[-63.88269,11.06272],[-63.88492,11.06175],[-63.88633,11.04969],[-63.88525,11.03799],[-63.89433,11.0298],[-63.89451,11.02255],[-63.89873,11.01949]]]},"properties":{"municipio":"Arismendi","estado":"NUEVA ESPARTA"}},{"type":"Feature","geometry":{"type":"Polygon","coordinates":[[[-62.93594,10.6008],[-62.94142,10.58995],[-62.93503,10.55649],[-62.9394,10.55222],[-62.93783,10.54283],[-62.92858,10.53698],[-62.90882,10.54066],[-62.89921,10.53941],[-62.89002,10.54158],[-62.87503,10.53938],[-62.87555,10.53163],[-62.87346,10.53098],[-62.87099,10.53018],[-62.84612,10.53449],[-62.84505,10.53948],[-62.82763,10.53918],[-62.8145,10.54193],[-62.80216,10.54752],[-62.78683,10.55677],[-62.76593,10.56011],[-62.75327,10.55876],[-62.75606,10.56419],[-62.75303,10.56941],[-62.7437,10.5752],[-62.71521,10.58437],[-62.71022,10.59286],[-62.70019,10.59285],[-62.69826,10.59705],[-62.69548,10.6287],[-62.69986,10.65661],[-62.70709,10.6561],[-62.70576,10.6635],[-62.72521,10.6727],[-62.73939,10.67282],[-62.75248,10.66877],[-62.76623,10.67276],[-62.78496,10.65951],[-62.79001,10.65369],[-62.81054,10.6512],[-62.80968,10.66522],[-62.82602,10.68823],[-62.83364,10.69023],[-62.8418,10.68594],[-62.85701,10.68528],[-62.873,10.68003],[-62.88558,10.68277],[-62.90268,10.67996],[-62.90787,10.65985],[-62.9246,10.61932],[-62.93594,10.6008]]]},"properties":{"municipio":"Cajigal","estado":"SUCRE"}},{"type":"Feature","geometry":{"type":"Polygon","coordinates":[[[-62.69986,10.65661],[-62.69548,10.6287],[-62.69826,10.59705],[-62.70019,10.59285],[-62.71022,10.59286],[-62.71521,10.58437],[-62.7437,10.5752],[-62.75303,10.56941],[-62.75606,10.56419],[-62.75327,10.55876],[-62.74844,10.55584],[-62.73567,10.55892],[-62.72052,10.55804],[-62.70225,10.5621],[-62.67757,10.57625],[-62.65945,10.57767],[-62.63991,10.57424],[-62.63258,10.57025],[-62.62788,10.57238],[-62.61578,10.57093],[-62.60885,10.56783],[-62.58698,10.56528],[-62.57759,10.56555],[-62.5683,10.56283],[-62.55721,10.55425],[-62.54797,10.55131],[-62.53785,10.55191],[-62.52793,10.54446],[-62.52212,10.54414],[-62.5145,10.54829],[-62.50737,10.54683],[-62.50123,10.5527],[-62.48567,10.55329],[-62.47593,10.55032],[-62.46743,10.55249],[-62.45727,10.54744],[-62.45281,10.54014],[-62.44309,10.53455],[-62.43318,10.53397],[-62.4323,10.56684],[-62.4496,10.60304],[-62.45801,10.63146],[-62.46846,10.64086],[-62.47534,10.65883],[-62.47534,10.66919],[-62.47086,10.67535],[-62.47651,10.69614],[-62.49022,10.70155],[-62.50199,10.69916],[-62.51283,10.70495],[-62.53042,10.70681],[-62.53608,10.70445],[-62.55309,10.71105],[-62.56706,10.70782],[-62.57244,10.71043],[-62.5837,10.7018],[-62.58607,10.692],[-62.59584,10.68826],[-62.60291,10.69333],[-62.61023,10.69135],[-62.62017,10.69453],[-62.63131,10.70089],[-62.63948,10.69552],[-62.64348,10.68977],[-62.648,10.67584],[-62.6549,10.67075],[-62.66415,10.67288],[-62.67725,10.66779],[-62.69485,10.65793],[-62.69986,10.65661]]]},"properties":{"municipio":"Mariño","estado":"SUCRE"}},{"type":"Feature","geometry":{"type":"Polygon","coordinates":[[[-62.47651,10.69614],[-62.47086,10.67535],[-62.47534,10.66919],[-62.47534,10.65883],[-62.46846,10.64086],[-62.45801,10.63146],[-62.4496,10.60304],[-62.4323,10.56684],[-62.43318,10.53397],[-62.42319,10.54054],[-62.4141,10.54945],[-62.40708,10.55127],[-62.40415,10.54692],[-62.39172,10.5546],[-62.3671,10.54272],[-62.35791,10.53272],[-62.34554,10.53295],[-62.33326,10.54002],[-62.32141,10.53963],[-62.31489,10.54714],[-62.30582,10.56281],[-62.30067,10.56357],[-62.2901,10.5798],[-62.28678,10.59025],[-62.28198,10.59706],[-62.27397,10.60053],[-62.27026,10.60902],[-62.25566,10.62984],[-62.25,10.63516],[-62.23814,10.63365],[-62.22733,10.63492],[-62.22162,10.63205],[-62.2095,10.63643],[-62.19873,10.63437],[-62.18164,10.63445],[-62.17864,10.63705],[-62.15196,10.63698],[-62.14379,10.63382],[-62.1282,10.63547],[-62.11355,10.63023],[-62.08928,10.63391],[-62.08642,10.63035],[-62.07743,10.63085],[-62.07868,10.63803],[-62.07403,10.64208],[-62.06622,10.64074],[-62.06245,10.63219],[-62.05592,10.63993],[-62.04837,10.64093],[-62.04491,10.63284],[-62.03542,10.6316],[-62.02878,10.63351],[-62.02364,10.64434],[-62.0149,10.64453],[-62.00776,10.64145],[-61.99756,10.64144],[-61.99243,10.65063],[-61.98309,10.65091],[-61.97847,10.64262],[-61.96729,10.64536],[-61.96109,10.64255],[-61.94541,10.64997],[-61.94065,10.66081],[-61.93129,10.66048],[-61.92695,10.65674],[-61.91438,10.66038],[-61.90515,10.66689],[-61.90938,10.67072],[-61.90677,10.68475],[-61.89475,10.67385],[-61.88301,10.68815],[-61.88462,10.6922],[-61.87779,10.70297],[-61.87708,10.7106],[-61.87988,10.71936],[-61.8768,10.72666],[-61.86849,10.72542],[-61.86394,10.73114],[-61.85716,10.72903],[-61.86203,10.73672],[-61.88015,10.72694],[-61.90148,10.72375],[-61.91293,10.71875],[-61.91732,10.70791],[-61.93028,10.70016],[-61.94794,10.6996],[-61.95431,10.7015],[-61.97062,10.69699],[-61.97475,10.69963],[-61.98545,10.699],[-61.99618,10.70082],[-62.0062,10.69434],[-62.02054,10.6909],[-62.03417,10.69162],[-62.0508,10.68054],[-62.06276,10.68428],[-62.08385,10.68711],[-62.10157,10.68432],[-62.10872,10.68886],[-62.12359,10.68973],[-62.13422,10.69352],[-62.14104,10.69153],[-62.16054,10.67841],[-62.16894,10.67717],[-62.18193,10.67935],[-62.19303,10.67894],[-62.20187,10.68564],[-62.21723,10.68234],[-62.23587,10.6856],[-62.24108,10.68246],[-62.24712,10.68628],[-62.25292,10.68536],[-62.26327,10.69214],[-62.26838,10.69161],[-62.27402,10.68566],[-62.28143,10.68342],[-62.28862,10.68627],[-62.30703,10.68453],[-62.32974,10.69765],[-62.33493,10.69879],[-62.34774,10.69147],[-62.35644,10.69073],[-62.3675,10.69587],[-62.3738,10.69024],[-62.38326,10.68944],[-62.39232,10.69475],[-62.40719,10.69372],[-62.41562,10.69828],[-62.4256,10.69478],[-62.43467,10.6956],[-62.44237,10.69932],[-62.47134,10.69758],[-62.47651,10.69614]]]},"properties":{"municipio":"Valdéz","estado":"SUCRE"}},{"type":"Feature","geometry":{"type":"Polygon","coordinates":[[[-61.85716,10.72903],[-61.84732,10.73477],[-61.86475,10.74355],[-61.87246,10.73851],[-61.87681,10.73013],[-61.88503,10.73202],[-61.90794,10.73036],[-61.91771,10.73375],[-61.91995,10.72223],[-61.92522,10.71491],[-61.93142,10.71382],[-61.95874,10.72592],[-61.96086,10.71646],[-61.97436,10.71456],[-61.97984,10.71116],[-61.98278,10.72005],[-61.99207,10.72071],[-61.99832,10.72541],[-62.00229,10.72008],[-62.00015,10.71497],[-62.00635,10.70867],[-62.01253,10.71159],[-62.02797,10.70783],[-62.03233,10.71261],[-62.04845,10.71813],[-62.05341,10.71247],[-62.05026,10.70745],[-62.05322,10.70191],[-62.06131,10.70337],[-62.07552,10.70166],[-62.08719,10.70527],[-62.09656,10.69911],[-62.10145,10.70915],[-62.10713,10.70781],[-62.11122,10.70112],[-62.13559,10.7023],[-62.1489,10.69366],[-62.15506,10.68522],[-62.16299,10.68292],[-62.17911,10.68413],[-62.18738,10.68728],[-62.1928,10.6975],[-62.20083,10.69979],[-62.20864,10.69552],[-62.21884,10.69607],[-62.22976,10.69909],[-62.24187,10.70012],[-62.25281,10.69384],[-62.25772,10.70087],[-62.26692,10.70031],[-62.27839,10.69142],[-62.28645,10.69091],[-62.29509,10.70351],[-62.29999,10.69641],[-62.3071,10.69892],[-62.3098,10.70687],[-62.32101,10.70471],[-62.32492,10.70838],[-62.34652,10.7132],[-62.35253,10.70995],[-62.36409,10.71474],[-62.37385,10.7114],[-62.38547,10.71779],[-62.40355,10.71577],[-62.42468,10.71948],[-62.42876,10.71778],[-62.44128,10.72347],[-62.45881,10.72144],[-62.46756,10.72712],[-62.47844,10.72359],[-62.48952,10.72848],[-62.49298,10.72629],[-62.51157,10.72958],[-62.51854,10.72756],[-62.52464,10.7328],[-62.53434,10.73117],[-62.53962,10.73416],[-62.55082,10.73202],[-62.55963,10.73627],[-62.57966,10.73697],[-62.58556,10.73447],[-62.59621,10.74055],[-62.60339,10.73884],[-62.6109,10.74173],[-62.61913,10.74088],[-62.63593,10.74386],[-62.64074,10.74161],[-62.6742,10.74196],[-62.67795,10.74537],[-62.69158,10.74503],[-62.6981,10.74952],[-62.70915,10.76121],[-62.71628,10.76419],[-62.7312,10.75714],[-62.73784,10.75154],[-62.74951,10.74696],[-62.75407,10.73904],[-62.7716,10.73307],[-62.77978,10.73409],[-62.79629,10.72817],[-62.80367,10.72748],[-62.80823,10.72088],[-62.82332,10.71971],[-62.83214,10.71296],[-62.84555,10.71294],[-62.85137,10.70846],[-62.85864,10.70965],[-62.87296,10.69882],[-62.8831,10.69935],[-62.88957,10.70224],[-62.8966,10.69936],[-62.90253,10.69164],[-62.93086,10.69888],[-62.94304,10.69662],[-62.9579,10.70098],[-62.96694,10.70013],[-62.98179,10.71004],[-62.98743,10.70934],[-62.99524,10.71516],[-63.00134,10.7232],[-63.01049,10.72036],[-63.01474,10.71111],[-63.03304,10.70811],[-63.04104,10.71045],[-63.05162,10.71835],[-63.06081,10.71383],[-63.06561,10.7148],[-63.07752,10.70879],[-63.08705,10.71152],[-63.11283,10.70658],[-63.11865,10.70074],[-63.13334,10.70304],[-63.14687,10.70806],[-63.15615,10.71626],[-63.16046,10.71632],[-63.16949,10.71008],[-63.17678,10.7095],[-63.21617,10.69326],[-63.19026,10.68239],[-63.19075,10.67586],[-63.19652,10.66767],[-63.17089,10.62789],[-63.15979,10.62615],[-63.15155,10.62747],[-63.1369,10.62161],[-63.12951,10.62377],[-63.12176,10.62245],[-63.11129,10.62821],[-63.09723,10.61538],[-63.07774,10.61386],[-63.07022,10.6089],[-63.06372,10.60837],[-63.0564,10.60131],[-63.0486,10.60377],[-63.04066,10.60127],[-63.00155,10.60457],[-62.99131,10.59317],[-62.98816,10.59862],[-62.9787,10.59794],[-62.96897,10.60865],[-62.95504,10.60207],[-62.94579,10.60399],[-62.93594,10.6008],[-62.9246,10.61932],[-62.90787,10.65985],[-62.90268,10.67996],[-62.88558,10.68277],[-62.873,10.68003],[-62.85701,10.68528],[-62.8418,10.68594],[-62.83364,10.69023],[-62.82602,10.68823],[-62.80968,10.66522],[-62.81054,10.6512],[-62.79001,10.65369],[-62.78496,10.65951],[-62.76623,10.67276],[-62.75248,10.66877],[-62.73939,10.67282],[-62.72521,10.6727],[-62.70576,10.6635],[-62.70709,10.6561],[-62.69986,10.65661],[-62.69485,10.65793],[-62.67725,10.66779],[-62.66415,10.67288],[-62.6549,10.67075],[-62.648,10.67584],[-62.64348,10.68977],[-62.63948,10.69552],[-62.63131,10.70089],[-62.62017,10.69453],[-62.61023,10.69135],[-62.60291,10.69333],[-62.59584,10.68826],[-62.58607,10.692],[-62.5837,10.7018],[-62.57244,10.71043],[-62.56706,10.70782],[-62.55309,10.71105],[-62.53608,10.70445],[-62.53042,10.70681],[-62.51283,10.70495],[-62.50199,10.69916],[-62.49022,10.70155],[-62.47651,10.69614],[-62.47134,10.69758],[-62.44237,10.69932],[-62.43467,10.6956],[-62.4256,10.69478],[-62.41562,10.69828],[-62.40719,10.69372],[-62.39232,10.69475],[-62.38326,10.68944],[-62.3738,10.69024],[-62.3675,10.69587],[-62.35644,10.69073],[-62.34774,10.69147],[-62.33493,10.69879],[-62.32974,10.69765],[-62.30703,10.68453],[-62.28862,10.68627],[-62.28143,10.68342],[-62.27402,10.68566],[-62.26838,10.69161],[-62.26327,10.69214],[-62.25292,10.68536],[-62.24712,10.68628],[-62.24108,10.68246],[-62.23587,10.6856],[-62.21723,10.68234],[-62.20187,10.68564],[-62.19303,10.67894],[-62.18193,10.67935],[-62.16894,10.67717],[-62.16054,10.67841],[-62.14104,10.69153],[-62.13422,10.69352],[-62.12359,10.68973],[-62.10872,10.68886],[-62.10157,10.68432],[-62.08385,10.68711],[-62.06276,10.68428],[-62.0508,10.68054],[-62.03417,10.69162],[-62.02054,10.6909],[-62.0062,10.69434],[-61.99618,10.70082],[-61.98545,10.699],[-61.97475,10.69963],[-61.97062,10.69699],[-61.95431,10.7015],[-61.94794,10.6996],[-61.93028,10.70016],[-61.91732,10.70791],[-61.91293,10.71875],[-61.90148,10.72375],[-61.88015,10.72694],[-61.86203,10.73672],[-61.85716,10.72903]]]},"properties":{"municipio":"Arismendi","estado":"SUCRE"}},{"type":"Feature","geometry":{"type":"Polygon","coordinates":[[[-71.80567,8.3257],[-71.80144,8.33094],[-71.79165,8.33554],[-71.78076,8.34658],[-71.77162,8.35267],[-71.74976,8.37137],[-71.75287,8.37782],[-71.74874,8.38527],[-71.74339,8.3868],[-71.7386,8.40222],[-71.74016,8.41151],[-71.73014,8.42541],[-71.712,8.43143],[-71.70992,8.43508],[-71.71082,8.44014],[-71.70631,8.44924],[-71.70682,8.45695],[-71.71187,8.46388],[-71.70943,8.47273],[-71.70955,8.48941],[-71.72394,8.50001],[-71.72409,8.50404],[-71.74167,8.48564],[-71.74727,8.49245],[-71.75552,8.51399],[-71.76545,8.52446],[-71.76909,8.53304],[-71.77018,8.54377],[-71.77734,8.54695],[-71.77704,8.53804],[-71.77136,8.52114],[-71.77628,8.51268],[-71.78352,8.513],[-71.77918,8.49914],[-71.77423,8.48924],[-71.77491,8.46257],[-71.77863,8.45427],[-71.78777,8.4423],[-71.79911,8.43135],[-71.79775,8.42585],[-71.81289,8.41106],[-71.81127,8.40185],[-71.8027,8.39187],[-71.80549,8.38281],[-71.81691,8.37113],[-71.82102,8.34947],[-71.81638,8.34086],[-71.80731,8.33388],[-71.80683,8.32694],[-71.80567,8.3257]]]},"properties":{"municipio":"Zea","estado":"MÉRIDA"}},{"type":"Feature","geometry":{"type":"Polygon","coordinates":[[[-71.80567,8.3257],[-71.80683,8.32694],[-71.81098,8.32218],[-71.82612,8.31413],[-71.83303,8.30855],[-71.83886,8.29849],[-71.84493,8.29602],[-71.85031,8.28196],[-71.85923,8.27649],[-71.86468,8.26343],[-71.87731,8.25148],[-71.89153,8.23605],[-71.89345,8.22779],[-71.90198,8.21369],[-71.90864,8.21112],[-71.91216,8.20062],[-71.91276,8.18978],[-71.90282,8.1765],[-71.90426,8.16512],[-71.8985,8.15615],[-71.8908,8.16293],[-71.87644,8.16475],[-71.87673,8.17792],[-71.86321,8.17746],[-71.85774,8.17962],[-71.84254,8.16234],[-71.83096,8.15957],[-71.82461,8.15549],[-71.80297,8.19088],[-71.7987,8.19601],[-71.79853,8.20732],[-71.78922,8.22017],[-71.78715,8.23091],[-71.77249,8.22662],[-71.75804,8.23185],[-71.75038,8.24071],[-71.75133,8.24547],[-71.75892,8.25365],[-71.76208,8.27449],[-71.77275,8.28703],[-71.77338,8.29099],[-71.769,8.30392],[-71.77182,8.31095],[-71.77884,8.31823],[-71.79559,8.32513],[-71.80567,8.3257]]]},"properties":{"municipio":"Rivas Dávila","estado":"MÉRIDA"}},{"type":"Feature","geometry":{"type":"MultiPolygon","coordinates":[[[[-68.53443,10.59894],[-68.55961,10.60318],[-68.54808,10.59632],[-68.53443,10.59894]]],[[[-68.61776,10.77415],[-68.62588,10.77041],[-68.64025,10.75711],[-68.6477,10.74385],[-68.65785,10.73153],[-68.66859,10.72337],[-68.67346,10.72408],[-68.67866,10.73149],[-68.68987,10.72991],[-68.69303,10.72424],[-68.69991,10.72864],[-68.71433,10.72892],[-68.73245,10.72562],[-68.73917,10.72125],[-68.75702,10.72313],[-68.76477,10.72637],[-68.77613,10.72777],[-68.7786,10.72216],[-68.77342,10.71864],[-68.78255,10.70979],[-68.78416,10.70543],[-68.79281,10.70332],[-68.79222,10.69647],[-68.79581,10.6916],[-68.80454,10.69397],[-68.81939,10.68193],[-68.82781,10.66931],[-68.84438,10.6508],[-68.87485,10.64955],[-68.87665,10.64478],[-68.83366,10.55167],[-68.82882,10.56011],[-68.82069,10.56337],[-68.81394,10.56155],[-68.78799,10.57506],[-68.7594,10.5695],[-68.75335,10.57379],[-68.74422,10.57225],[-68.73521,10.57826],[-68.7288,10.57446],[-68.73213,10.56893],[-68.73329,10.55105],[-68.72882,10.54404],[-68.72731,10.5318],[-68.72054,10.52776],[-68.71481,10.51475],[-68.71415,10.50447],[-68.71633,10.49603],[-68.7236,10.48568],[-68.72391,10.47611],[-68.71763,10.4628],[-68.7163,10.4524],[-68.70169,10.45793],[-68.70597,10.48323],[-68.6952,10.50926],[-68.69538,10.5273],[-68.68793,10.53011],[-68.68194,10.53595],[-68.68339,10.54047],[-68.67395,10.54573],[-68.67183,10.55085],[-68.67994,10.55393],[-68.68163,10.55816],[-68.67636,10.56841],[-68.68156,10.57245],[-68.68616,10.5837],[-68.68071,10.59073],[-68.67079,10.59408],[-68.65929,10.59296],[-68.64901,10.59815],[-68.63013,10.59717],[-68.60726,10.60595],[-68.60031,10.60027],[-68.59424,10.60465],[-68.58836,10.60383],[-68.58352,10.59681],[-68.57741,10.60009],[-68.56634,10.59963],[-68.56495,10.60407],[-68.65179,10.61865],[-68.61776,10.77415]]]]},"properties":{"municipio":"Manuel Monge","estado":"YARACUY"}},{"type":"Feature","geometry":{"type":"Polygon","coordinates":[[[-71.76409,11.01366],[-71.75789,11.01266],[-71.74062,11.01953],[-71.73278,11.01755],[-71.71499,11.00769],[-71.70425,11.0042],[-71.6963,10.99768],[-71.67855,10.99825],[-71.67159,10.99554],[-71.66544,10.99704],[-71.67059,10.98342],[-71.6615,10.976],[-71.6521,10.98145],[-71.6437,10.98252],[-71.63436,10.98068],[-71.62044,10.99512],[-71.63256,11.00891],[-71.66921,11.03472],[-71.69811,11.0442],[-71.72592,11.05796],[-71.75299,11.07637],[-71.76346,11.08536],[-71.79345,11.11365],[-71.8054,11.12677],[-71.81003,11.12963],[-71.81382,11.13313],[-71.82063,11.12973],[-71.81201,11.1239],[-71.79516,11.10197],[-71.78781,11.09673],[-71.77821,11.08403],[-71.77024,11.07916],[-71.77152,11.06886],[-71.78105,11.06973],[-71.78957,11.05769],[-71.79492,11.05956],[-71.80166,11.05083],[-71.79279,11.04836],[-71.79425,11.03361],[-71.78119,11.03205],[-71.77182,11.03861],[-71.76417,11.02501],[-71.76409,11.01366]]]},"properties":{"municipio":"Almirante Padilla","estado":"ZULIA"}},{"type":"Feature","geometry":{"type":"Polygon","coordinates":[[[-63.44141,10.65248],[-63.44725,10.66161],[-63.4555,10.65945],[-63.465,10.66288],[-63.47155,10.64837],[-63.48688,10.65019],[-63.49511,10.65605],[-63.4984,10.65389],[-63.48909,10.65017],[-63.48907,10.64293],[-63.48266,10.6339],[-63.48872,10.62118],[-63.48903,10.61218],[-63.43949,10.49288],[-63.40744,10.44227],[-63.40742,10.42871],[-63.39696,10.42778],[-63.39194,10.42462],[-63.38821,10.40974],[-63.32333,10.36753],[-63.36463,10.35246],[-63.37367,10.35465],[-63.38128,10.35182],[-63.39084,10.35347],[-63.40609,10.3472],[-63.4109,10.33619],[-63.42709,10.32033],[-63.42946,10.30677],[-63.4323,10.30389],[-63.42677,10.29344],[-63.42747,10.28752],[-63.41063,10.28727],[-63.42593,10.25973],[-63.42716,10.25585],[-63.40116,10.25925],[-63.39536,10.24682],[-63.38883,10.23926],[-63.37595,10.23771],[-63.36392,10.24302],[-63.35504,10.24429],[-63.35219,10.23534],[-63.3459,10.2324],[-63.33478,10.21337],[-63.31809,10.21219],[-63.31374,10.20919],[-63.28889,10.2121],[-63.27154,10.20383],[-63.25431,10.20013],[-63.25092,10.19037],[-63.23986,10.19198],[-63.22294,10.19092],[-63.21955,10.18353],[-63.22227,10.17662],[-63.22039,10.16929],[-63.20823,10.16252],[-63.19579,10.16025],[-63.18812,10.14422],[-63.17718,10.15066],[-63.17488,10.15463],[-63.15615,10.16276],[-63.14655,10.18206],[-63.14806,10.1904],[-63.13912,10.20129],[-63.1384,10.20964],[-63.13054,10.22268],[-63.11865,10.22177],[-63.11139,10.22915],[-63.09974,10.22732],[-63.09443,10.23756],[-63.09818,10.24305],[-63.11141,10.24835],[-63.11383,10.25929],[-63.12108,10.26304],[-63.13122,10.26009],[-63.13816,10.25368],[-63.152,10.26304],[-63.1598,10.2754],[-63.17121,10.27579],[-63.17769,10.28589],[-63.17347,10.29744],[-63.18266,10.30441],[-63.19219,10.29704],[-63.19756,10.29661],[-63.20899,10.30501],[-63.21208,10.31445],[-63.21728,10.32138],[-63.22364,10.33547],[-63.22735,10.35269],[-63.22065,10.35468],[-63.21733,10.36106],[-63.22338,10.36555],[-63.23498,10.3675],[-63.24393,10.37495],[-63.25903,10.37402],[-63.27033,10.37911],[-63.37269,10.41428],[-63.3773,10.45135],[-63.40476,10.48931],[-63.38195,10.51556],[-63.40025,10.53272],[-63.43687,10.58242],[-63.44141,10.65248]]]},"properties":{"municipio":"Andrés Eloy Blanco","estado":"SUCRE"}},{"type":"Feature","geometry":{"type":"Polygon","coordinates":[[[-63.21617,10.69326],[-63.23001,10.68704],[-63.22853,10.68253],[-63.23365,10.67544],[-63.24495,10.67138],[-63.2553,10.66998],[-63.27166,10.67702],[-63.27745,10.66371],[-63.29195,10.66503],[-63.3146,10.67476],[-63.32392,10.68107],[-63.32884,10.66899],[-63.34013,10.66915],[-63.35401,10.67528],[-63.36117,10.68387],[-63.37097,10.67895],[-63.38446,10.6855],[-63.39032,10.68611],[-63.39561,10.67753],[-63.40192,10.67898],[-63.40425,10.66844],[-63.42004,10.66098],[-63.43718,10.66169],[-63.43359,10.65627],[-63.44141,10.65248],[-63.43687,10.58242],[-63.40025,10.53272],[-63.38195,10.51556],[-63.40476,10.48931],[-63.3773,10.45135],[-63.37269,10.41428],[-63.27033,10.37911],[-63.25903,10.37402],[-63.24393,10.37495],[-63.23498,10.3675],[-63.22338,10.36555],[-63.21733,10.36106],[-63.21121,10.36546],[-63.20844,10.37258],[-63.20168,10.3769],[-63.20247,10.38497],[-63.2,10.39363],[-63.22833,10.40447],[-63.30509,10.4243],[-63.28684,10.45597],[-63.25858,10.53197],[-63.20649,10.54195],[-63.20833,10.56366],[-63.23669,10.58534],[-63.23627,10.5959],[-63.23121,10.59711],[-63.22723,10.60516],[-63.21956,10.60882],[-63.21437,10.61631],[-63.1846,10.61523],[-63.17089,10.62789],[-63.19652,10.66767],[-63.19075,10.67586],[-63.19026,10.68239],[-63.21617,10.69326]]]},"properties":{"municipio":"Bermúdez","estado":"SUCRE"}},{"type":"Feature","geometry":{"type":"Polygon","coordinates":[[[-63.7658,10.52481],[-63.72475,10.60145],[-63.71393,10.65681],[-63.72983,10.65275],[-63.74479,10.65473],[-63.75503,10.65947],[-63.7641,10.65923],[-63.78025,10.675],[-63.80922,10.70604],[-63.81513,10.69925],[-63.81509,10.68662],[-63.82365,10.67544],[-63.8218,10.6698],[-63.82513,10.65898],[-63.84028,10.64248],[-63.8594,10.63891],[-63.87064,10.63478],[-63.87722,10.63534],[-63.88419,10.63118],[-63.91069,10.6278],[-63.91617,10.62446],[-63.92703,10.62496],[-63.93733,10.63143],[-63.95405,10.6338],[-63.96514,10.628],[-63.98358,10.63041],[-64.00076,10.63401],[-64.01512,10.62957],[-64.02309,10.63394],[-64.02904,10.63234],[-64.03681,10.63648],[-64.04601,10.65057],[-64.0684,10.64783],[-64.07195,10.63961],[-64.08551,10.63477],[-64.10496,10.63413],[-64.11171,10.6296],[-64.1167,10.62188],[-64.13769,10.61519],[-64.14556,10.621],[-64.15406,10.61879],[-64.16353,10.62753],[-64.16876,10.62923],[-64.17998,10.62625],[-64.19159,10.64025],[-64.20765,10.64175],[-64.21632,10.63891],[-64.23295,10.64043],[-64.23863,10.63775],[-64.24613,10.64335],[-64.26011,10.66455],[-64.26731,10.66114],[-64.26881,10.65078],[-64.28297,10.64371],[-64.2874,10.63814],[-64.29303,10.63881],[-64.29631,10.63071],[-64.28987,10.62231],[-64.28444,10.60778],[-64.28266,10.59801],[-64.27526,10.58974],[-64.27247,10.58147],[-64.25848,10.57205],[-64.26279,10.5441],[-64.25738,10.53394],[-64.25005,10.5264],[-64.24415,10.51446],[-64.23624,10.51053],[-64.23043,10.50312],[-64.21573,10.51713],[-64.21314,10.52519],[-64.21242,10.54042],[-64.20693,10.54388],[-64.20396,10.5528],[-64.19607,10.55632],[-64.18136,10.5575],[-64.16784,10.56713],[-64.16534,10.57116],[-64.15099,10.57232],[-64.14372,10.57565],[-64.12385,10.57898],[-64.12523,10.57152],[-64.11194,10.56642],[-64.08576,10.57045],[-64.07908,10.5766],[-64.07048,10.57261],[-64.05251,10.5776],[-64.04026,10.57497],[-64.01029,10.57901],[-64.00579,10.57762],[-63.97718,10.57821],[-63.9585,10.58066],[-63.9494,10.57906],[-63.91262,10.55407],[-63.88168,10.55033],[-63.87898,10.55242],[-63.8616,10.5545],[-63.84466,10.55189],[-63.83823,10.55269],[-63.81827,10.54949],[-63.78992,10.52693],[-63.76617,10.52445],[-63.7658,10.52481]]]},"properties":{"municipio":"Cruz Salmerón Acosta","estado":"SUCRE"}},{"type":"Feature","geometry":{"type":"Polygon","coordinates":[[[-63.67386,10.47286],[-63.67411,10.46185],[-63.66648,10.44656],[-63.66864,10.43627],[-63.67769,10.4244],[-63.70065,10.36218],[-63.71046,10.33776],[-63.73346,10.33226],[-63.74825,10.30632],[-63.7204,10.25632],[-63.70849,10.23917],[-63.7017,10.21741],[-63.70353,10.21398],[-63.68426,10.22494],[-63.6732,10.23293],[-63.663,10.23462],[-63.65813,10.22938],[-63.65498,10.21962],[-63.64663,10.21952],[-63.63979,10.22288],[-63.62473,10.21496],[-63.60391,10.21746],[-63.59923,10.22246],[-63.58155,10.23018],[-63.57184,10.22597],[-63.5682,10.23074],[-63.55629,10.2368],[-63.55575,10.24206],[-63.54323,10.24929],[-63.54347,10.25494],[-63.55034,10.26738],[-63.53697,10.27722],[-63.52955,10.28581],[-63.51007,10.29555],[-63.49826,10.29482],[-63.49078,10.29744],[-63.48719,10.30382],[-63.47046,10.3164],[-63.45927,10.32008],[-63.45591,10.30423],[-63.44733,10.29894],[-63.44697,10.28921],[-63.42747,10.28752],[-63.42677,10.29344],[-63.4323,10.30389],[-63.42946,10.30677],[-63.42709,10.32033],[-63.4109,10.33619],[-63.40609,10.3472],[-63.39084,10.35347],[-63.38128,10.35182],[-63.37367,10.35465],[-63.36463,10.35246],[-63.32333,10.36753],[-63.38821,10.40974],[-63.39194,10.42462],[-63.39696,10.42778],[-63.40742,10.42871],[-63.40744,10.44227],[-63.43949,10.49288],[-63.48903,10.61218],[-63.48872,10.62118],[-63.48266,10.6339],[-63.48907,10.64293],[-63.48909,10.65017],[-63.4984,10.65389],[-63.49284,10.64576],[-63.49992,10.63378],[-63.51874,10.63075],[-63.53153,10.62733],[-63.55419,10.62978],[-63.56095,10.63183],[-63.57091,10.62889],[-63.58267,10.63464],[-63.59098,10.62941],[-63.61168,10.63475],[-63.63274,10.63397],[-63.64262,10.63821],[-63.64668,10.637],[-63.66469,10.64093],[-63.6777,10.64052],[-63.69026,10.64267],[-63.71056,10.65634],[-63.71393,10.65681],[-63.72475,10.60145],[-63.7658,10.52481],[-63.76617,10.52445],[-63.74878,10.51085],[-63.73407,10.49689],[-63.70763,10.49099],[-63.70434,10.47928],[-63.69011,10.48158],[-63.66866,10.49227],[-63.65208,10.49597],[-63.6456,10.49277],[-63.66045,10.4854],[-63.6598,10.47578],[-63.67386,10.47286]]]},"properties":{"municipio":"Ribero","estado":"SUCRE"}},{"type":"Feature","geometry":{"type":"Polygon","coordinates":[[[-63.83804,10.44736],[-63.84507,10.4363],[-63.8445,10.4207],[-63.85891,10.40893],[-63.86143,10.3984],[-63.8614,10.38285],[-63.87248,10.36333],[-63.86883,10.3524],[-63.87131,10.3482],[-63.86526,10.34463],[-63.8489,10.34929],[-63.84846,10.34193],[-63.82376,10.32662],[-63.80085,10.29593],[-63.74825,10.30632],[-63.73346,10.33226],[-63.71046,10.33776],[-63.70065,10.36218],[-63.67769,10.4244],[-63.66864,10.43627],[-63.66648,10.44656],[-63.67411,10.46185],[-63.67386,10.47286],[-63.69046,10.46643],[-63.69928,10.46524],[-63.70485,10.46824],[-63.71042,10.46419],[-63.72229,10.46153],[-63.73443,10.46595],[-63.75134,10.45854],[-63.75664,10.45389],[-63.77738,10.44967],[-63.78524,10.44389],[-63.79676,10.4407],[-63.80914,10.44136],[-63.81674,10.44453],[-63.81926,10.43916],[-63.83387,10.4401],[-63.83804,10.44736]]]},"properties":{"municipio":"Mejía","estado":"SUCRE"}},{"type":"Feature","geometry":{"type":"Polygon","coordinates":[[[-63.83804,10.44736],[-63.84993,10.44576],[-63.8558,10.44139],[-63.87158,10.44161],[-63.89074,10.4455],[-63.90524,10.45477],[-63.91376,10.44864],[-63.92614,10.45047],[-63.95024,10.45114],[-63.95878,10.45313],[-63.97114,10.44646],[-63.97929,10.44778],[-63.9939,10.44355],[-63.99775,10.44483],[-64.02004,10.44099],[-64.03461,10.44506],[-64.04122,10.44063],[-64.05535,10.44087],[-64.0093,10.37221],[-63.99282,10.3587],[-63.91515,10.34717],[-63.89778,10.34089],[-63.87131,10.3482],[-63.86883,10.3524],[-63.87248,10.36333],[-63.8614,10.38285],[-63.86143,10.3984],[-63.85891,10.40893],[-63.8445,10.4207],[-63.84507,10.4363],[-63.83804,10.44736]]]},"properties":{"municipio":"Bolívar","estado":"SUCRE"}},{"type":"Feature","geometry":{"type":"Polygon","coordinates":[[[-64.52879,10.25238],[-64.51132,10.23568],[-64.50927,10.21693],[-64.49682,10.21415],[-64.48957,10.20588],[-64.48571,10.19514],[-64.47676,10.1964],[-64.47054,10.19256],[-64.45797,10.19394],[-64.44311,10.18854],[-64.44422,10.12697],[-64.42857,10.13255],[-64.42175,10.13777],[-64.40078,10.13441],[-64.40042,10.12097],[-64.393,10.10801],[-64.38394,10.09762],[-64.3701,10.09768],[-64.36745,10.08456],[-64.35253,10.08552],[-64.35126,10.0806],[-64.33199,10.08204],[-64.32032,10.09351],[-64.30335,10.09609],[-64.28963,10.09603],[-64.27284,10.07766],[-64.27224,10.0629],[-64.26143,10.06086],[-64.24481,10.06326],[-64.22693,10.06326],[-64.21944,10.06626],[-64.20729,10.06146],[-64.19539,10.06242],[-64.18332,10.0655],[-64.16015,10.07653],[-64.15375,10.07647],[-64.13026,10.08394],[-64.11233,10.08618],[-64.10777,10.09013],[-64.10014,10.09062],[-64.11283,10.20277],[-64.08751,10.22778],[-64.06663,10.30872],[-64.0375,10.33866],[-64.02938,10.36672],[-64.0093,10.37221],[-64.05535,10.44087],[-64.08947,10.45023],[-64.09474,10.45818],[-64.10386,10.46516],[-64.11193,10.47889],[-64.11715,10.47234],[-64.12979,10.47634],[-64.13775,10.47284],[-64.1496,10.47335],[-64.16185,10.4784],[-64.17467,10.48039],[-64.18604,10.4763],[-64.19163,10.47183],[-64.19055,10.45521],[-64.19931,10.43886],[-64.21532,10.42169],[-64.23249,10.41368],[-64.24632,10.41456],[-64.25564,10.41206],[-64.26701,10.41465],[-64.27853,10.41374],[-64.29386,10.40389],[-64.29821,10.41017],[-64.3102,10.41012],[-64.32187,10.39888],[-64.32921,10.40217],[-64.33528,10.39253],[-64.34104,10.38904],[-64.3454,10.38019],[-64.33718,10.37271],[-64.34231,10.36905],[-64.33829,10.35007],[-64.35457,10.34171],[-64.3643,10.33453],[-64.36964,10.34071],[-64.37047,10.34812],[-64.36414,10.3486],[-64.36053,10.35733],[-64.34992,10.3633],[-64.34629,10.37265],[-64.34913,10.37613],[-64.34887,10.38819],[-64.35341,10.38743],[-64.35856,10.3942],[-64.37532,10.3869],[-64.39237,10.38257],[-64.39294,10.37642],[-64.37738,10.36522],[-64.39015,10.36189],[-64.38193,10.34996],[-64.3749,10.3449],[-64.37921,10.33708],[-64.38974,10.33617],[-64.39896,10.33187],[-64.40358,10.33523],[-64.42059,10.32963],[-64.42081,10.32443],[-64.42646,10.31931],[-64.43881,10.31857],[-64.45322,10.32769],[-64.45685,10.33413],[-64.46208,10.33119],[-64.45562,10.32461],[-64.4566,10.31607],[-64.44625,10.31853],[-64.44451,10.31404],[-64.42192,10.3184],[-64.4165,10.31204],[-64.41103,10.31536],[-64.39774,10.31836],[-64.39306,10.31432],[-64.38802,10.31829],[-64.37772,10.3212],[-64.3661,10.3162],[-64.3638,10.30229],[-64.37346,10.30158],[-64.39416,10.29068],[-64.40548,10.28309],[-64.41477,10.28654],[-64.42173,10.28611],[-64.42837,10.28103],[-64.43661,10.28207],[-64.44417,10.27663],[-64.44409,10.27012],[-64.45754,10.26226],[-64.45537,10.25809],[-64.4669,10.25052],[-64.47359,10.24932],[-64.48216,10.24287],[-64.49377,10.24196],[-64.51351,10.2505],[-64.52879,10.25238]]]},"properties":{"municipio":"Sucre","estado":"SUCRE"}},{"type":"Feature","geometry":{"type":"Polygon","coordinates":[[[-64.52879,10.25238],[-64.5278,10.24383],[-64.53644,10.24261],[-64.53991,10.23674],[-64.55078,10.25063],[-64.56166,10.23991],[-64.56937,10.24102],[-64.58108,10.23893],[-64.57988,10.2565],[-64.59111,10.25443],[-64.58921,10.24722],[-64.59769,10.24768],[-64.5987,10.25691],[-64.60491,10.2568],[-64.61136,10.25194],[-64.61866,10.24159],[-64.58763,10.21261],[-64.59065,10.2048],[-64.58679,10.19574],[-64.56407,10.18152],[-64.55441,10.1823],[-64.5364,10.1904],[-64.51278,10.18758],[-64.50214,10.18452],[-64.48565,10.18716],[-64.48571,10.19514],[-64.48957,10.20588],[-64.49682,10.21415],[-64.50927,10.21693],[-64.51132,10.23568],[-64.52879,10.25238]]]},"properties":{"municipio":"Guanta","estado":"ANZOÁTEGUI"}},{"type":"Feature","geometry":{"type":"Polygon","coordinates":[[[-64.61866,10.24159],[-64.63513,10.23938],[-64.63291,10.23423],[-64.63518,10.22505],[-64.64565,10.21431],[-64.66803,10.20479],[-64.67787,10.20275],[-64.65844,10.18806],[-64.63563,10.1703],[-64.61587,10.16705],[-64.60917,10.16075],[-64.61201,10.14953],[-64.60978,10.13909],[-64.61467,10.13195],[-64.59414,10.11244],[-64.59197,10.0999],[-64.58792,10.09498],[-64.57211,10.09288],[-64.56025,10.09408],[-64.54684,10.08982],[-64.53434,10.07962],[-64.51601,10.08016],[-64.50689,10.08604],[-64.48067,10.09582],[-64.45777,10.10555],[-64.45637,10.11113],[-64.45873,10.12049],[-64.44422,10.12697],[-64.44311,10.18854],[-64.45797,10.19394],[-64.47054,10.19256],[-64.47676,10.1964],[-64.48571,10.19514],[-64.48565,10.18716],[-64.50214,10.18452],[-64.51278,10.18758],[-64.5364,10.1904],[-64.55441,10.1823],[-64.56407,10.18152],[-64.58679,10.19574],[-64.59065,10.2048],[-64.58763,10.21261],[-64.61866,10.24159]]]},"properties":{"municipio":"Juan Antonio Sotillo","estado":"ANZOÁTEGUI"}},{"type":"Feature","geometry":{"type":"Polygon","coordinates":[[[-64.7107,10.17148],[-64.71053,10.17137],[-64.6822,10.17328],[-64.67833,10.17749],[-64.67011,10.17634],[-64.65844,10.18806],[-64.67787,10.20275],[-64.69529,10.20264],[-64.69873,10.1872],[-64.70259,10.17823],[-64.71103,10.17158],[-64.7107,10.17148]]]},"properties":{"municipio":"Turístico Diego Bautista Urbaneja","estado":"ANZOÁTEGUI"}},{"type":"Feature","geometry":{"type":"Polygon","coordinates":[[[-64.71103,10.17158],[-64.71041,10.15061],[-64.72084,10.12757],[-64.73288,10.11679],[-64.75514,10.10349],[-64.76768,10.09828],[-64.81661,10.08584],[-64.84924,10.08425],[-64.88321,10.0867],[-64.88371,10.08589],[-64.88685,10.08247],[-64.88909,10.06944],[-64.88396,10.06542],[-64.88475,10.05203],[-64.88313,10.03492],[-64.87921,10.0291],[-64.87332,10.00995],[-64.86614,10.0084],[-64.86734,9.99848],[-64.85992,9.98516],[-64.94717,9.96473],[-64.9057,9.90362],[-64.9025,9.87784],[-64.9459,9.80388],[-64.98609,9.73599],[-64.98586,9.73495],[-64.97923,9.73834],[-64.97067,9.73375],[-64.95959,9.73168],[-64.94916,9.71997],[-64.93297,9.71899],[-64.91592,9.71371],[-64.91054,9.71901],[-64.90284,9.71961],[-64.8989,9.73181],[-64.88978,9.73573],[-64.88762,9.74153],[-64.87711,9.73713],[-64.85191,9.77069],[-64.82077,9.8922],[-64.7602,9.84282],[-64.73949,9.8508],[-64.64343,9.88598],[-64.55676,9.91738],[-64.54772,9.9202],[-64.50543,9.92929],[-64.45762,9.94173],[-64.39203,9.97675],[-64.31998,9.99237],[-64.27698,10.01479],[-64.18332,10.0655],[-64.19539,10.06242],[-64.20729,10.06146],[-64.21944,10.06626],[-64.22693,10.06326],[-64.24481,10.06326],[-64.26143,10.06086],[-64.27224,10.0629],[-64.27284,10.07766],[-64.28963,10.09603],[-64.30335,10.09609],[-64.32032,10.09351],[-64.33199,10.08204],[-64.35126,10.0806],[-64.35253,10.08552],[-64.36745,10.08456],[-64.3701,10.09768],[-64.38394,10.09762],[-64.393,10.10801],[-64.40042,10.12097],[-64.40078,10.13441],[-64.42175,10.13777],[-64.42857,10.13255],[-64.44422,10.12697],[-64.45873,10.12049],[-64.45637,10.11113],[-64.45777,10.10555],[-64.48067,10.09582],[-64.50689,10.08604],[-64.51601,10.08016],[-64.53434,10.07962],[-64.54684,10.08982],[-64.56025,10.09408],[-64.57211,10.09288],[-64.58792,10.09498],[-64.59197,10.0999],[-64.59414,10.11244],[-64.61467,10.13195],[-64.60978,10.13909],[-64.61201,10.14953],[-64.60917,10.16075],[-64.61587,10.16705],[-64.63563,10.1703],[-64.65844,10.18806],[-64.67011,10.17634],[-64.67833,10.17749],[-64.6822,10.17328],[-64.71053,10.17137],[-64.7107,10.17148],[-64.71103,10.17158]]]},"properties":{"municipio":"Simón Bolívar","estado":"ANZOÁTEGUI"}},{"type":"Feature","geometry":{"type":"MultiPolygon","coordinates":[[[[-64.88685,10.08247],[-64.88371,10.08589],[-64.88321,10.0867],[-64.89625,10.08793],[-64.91648,10.09236],[-64.92408,10.09212],[-64.94285,10.0982],[-64.95549,10.09703],[-64.96729,10.0899],[-64.99762,10.07673],[-65.02882,10.07046],[-65.04503,10.06622],[-65.04873,10.06205],[-65.06635,10.06134],[-65.08819,10.06401],[-65.12272,10.07195],[-65.15103,10.08084],[-65.19049,10.09685],[-65.20325,10.10011],[-65.2417,10.10735],[-65.32649,10.11784],[-65.35058,10.12239],[-65.35141,10.07479],[-65.35003,10.07068],[-65.3549,10.06281],[-65.37122,10.05509],[-65.38171,10.05497],[-65.3854,10.04598],[-65.39188,10.04228],[-65.39721,10.03427],[-65.4047,10.0299],[-65.40511,10.02568],[-65.37028,10.01118],[-65.36036,10.02079],[-65.34791,10.02195],[-65.33008,10.01707],[-65.31888,10.02468],[-65.29889,10.0346],[-65.28112,10.0327],[-65.2696,10.03763],[-65.26512,10.03642],[-65.2458,10.03853],[-65.22708,10.01304],[-65.22346,10.00667],[-65.20721,10.00448],[-65.18489,10.00575],[-65.10463,10.0165],[-65.12241,9.98094],[-65.13009,9.96401],[-65.10492,9.9231],[-65.11042,9.83997],[-65.10396,9.85591],[-65.09803,9.87902],[-65.08933,9.89812],[-65.08841,9.91781],[-65.09178,9.92627],[-65.08695,9.94176],[-65.08785,9.95005],[-65.08047,9.96938],[-65.06144,9.99147],[-65.05727,9.9943],[-65.05334,10.00678],[-65.05829,10.01501],[-65.05581,10.02269],[-65.0558,10.03308],[-65.05308,10.04533],[-65.0544,10.05019],[-65.00694,10.05674],[-64.99849,10.04492],[-64.9772,10.01887],[-64.97032,10.00152],[-64.96912,9.99414],[-64.97191,9.97697],[-64.94717,9.96473],[-64.85992,9.98516],[-64.86734,9.99848],[-64.86614,10.0084],[-64.87332,10.00995],[-64.87921,10.0291],[-64.88313,10.03492],[-64.88475,10.05203],[-64.88396,10.06542],[-64.88909,10.06944],[-64.88685,10.08247]]],[[[-64.94717,9.96473],[-65.00888,9.97819],[-65.01233,9.97333],[-65.05891,9.91574],[-65.05531,9.87698],[-65.00807,9.83456],[-65.00777,9.80314],[-64.9459,9.80388],[-64.9025,9.87784],[-64.9057,9.90362],[-64.94717,9.96473]]]]},"properties":{"municipio":"Fernando de Peñalver","estado":"ANZOÁTEGUI"}},{"type":"Feature","geometry":{"type":"Polygon","coordinates":[[[-65.43038,10.14012],[-65.42911,10.13225],[-65.44066,10.11646],[-65.45275,10.1119],[-65.45571,10.10373],[-65.45378,10.09448],[-65.46267,10.0919],[-65.47597,10.08428],[-65.49144,10.08074],[-65.48897,10.0677],[-65.43833,10.04154],[-65.40511,10.02568],[-65.4047,10.0299],[-65.39721,10.03427],[-65.39188,10.04228],[-65.3854,10.04598],[-65.38171,10.05497],[-65.37122,10.05509],[-65.3549,10.06281],[-65.35003,10.07068],[-65.35141,10.07479],[-65.35058,10.12239],[-65.38668,10.12941],[-65.43038,10.14012]]]},"properties":{"municipio":"San Juan de Capistrano","estado":"ANZOÁTEGUI"}},{"type":"Feature","geometry":{"type":"Polygon","coordinates":[[[-65.68557,10.21964],[-65.72953,10.23666],[-65.78185,10.25843],[-65.83058,10.28113],[-65.86392,10.29885],[-65.89243,10.31652],[-65.92223,10.33672],[-65.93014,10.34422],[-65.95255,10.36136],[-65.96568,10.37012],[-65.98565,10.38861],[-65.98983,10.39123],[-66.00259,10.37998],[-65.99398,10.34211],[-65.98367,10.30309],[-65.98598,10.29583],[-65.99167,10.29505],[-65.99494,10.28472],[-65.99296,10.27332],[-65.99715,10.25099],[-66.00423,10.24655],[-66.00647,10.23773],[-66.01119,10.23352],[-66.03151,10.22782],[-66.03726,10.22158],[-66.04204,10.22314],[-66.04894,10.21666],[-66.062,10.21288],[-66.06954,10.20394],[-66.06669,10.20089],[-66.07466,10.19041],[-66.07186,10.17048],[-66.07843,10.16],[-66.06924,10.15391],[-66.06983,10.14332],[-66.07267,10.13841],[-66.06994,10.13015],[-66.07705,10.11794],[-66.0837,10.11901],[-66.09409,10.11331],[-66.10551,10.10295],[-66.11729,10.09856],[-66.12096,10.0897],[-66.14319,10.07777],[-66.15333,10.06289],[-66.1402,10.0559],[-66.12931,10.0464],[-66.12828,10.04041],[-66.13672,10.02502],[-66.1291,10.01725],[-66.12836,10.00917],[-66.12448,10.00164],[-66.1165,9.99824],[-66.09867,9.99831],[-66.08572,9.97007],[-66.07348,9.96827],[-66.06323,9.96905],[-66.06088,9.95656],[-66.04467,9.95542],[-66.01658,9.94714],[-66.00212,9.93855],[-65.99471,9.94257],[-65.98608,9.93718],[-65.97378,9.94151],[-65.96702,9.94133],[-65.95042,9.93484],[-65.94225,9.94446],[-65.92027,9.94445],[-65.90649,9.95077],[-65.89608,9.96466],[-65.88818,9.96753],[-65.8931,9.97537],[-65.88439,9.98767],[-65.8857,10.00057],[-65.89338,10.00597],[-65.88551,10.01311],[-65.88351,10.01911],[-65.8875,10.02361],[-65.88048,10.03141],[-65.88102,10.03831],[-65.87351,10.05043],[-65.87937,10.06219],[-65.88692,10.06261],[-65.88214,10.07485],[-65.87125,10.08198],[-65.86043,10.08492],[-65.85534,10.09302],[-65.84627,10.09878],[-65.85521,10.10754],[-65.86517,10.12206],[-65.86429,10.15704],[-65.86553,10.2015],[-65.84143,10.19971],[-65.73791,10.20451],[-65.69139,10.2071],[-65.68557,10.21964]]]},"properties":{"municipio":"Páez","estado":"BOLIVARIANO MIRANDA"}},{"type":"Feature","geometry":{"type":"Polygon","coordinates":[[[-66.31366,10.61794],[-66.30947,10.61114],[-66.31211,10.59222],[-66.30801,10.58423],[-66.31232,10.5801],[-66.31205,10.57367],[-66.31768,10.56592],[-66.3218,10.55086],[-66.31285,10.53416],[-66.32157,10.51953],[-66.32895,10.52166],[-66.20527,10.43641],[-66.20521,10.43139],[-66.21935,10.40912],[-66.22226,10.40217],[-66.23172,10.37047],[-66.13354,10.38654],[-66.1261,10.38523],[-66.11611,10.3908],[-66.11525,10.40061],[-66.10273,10.40037],[-66.09506,10.39313],[-66.08357,10.3917],[-66.07933,10.39577],[-66.07592,10.40642],[-66.06462,10.40176],[-66.05502,10.39548],[-66.04299,10.39195],[-66.02106,10.38143],[-66.01765,10.38138],[-66.00919,10.38396],[-66.00259,10.37998],[-65.98983,10.39123],[-66.00539,10.40187],[-66.03014,10.41635],[-66.05752,10.43625],[-66.07526,10.45356],[-66.09042,10.46981],[-66.09706,10.47884],[-66.0983,10.48693],[-66.10399,10.49036],[-66.11291,10.50474],[-66.11641,10.52214],[-66.11124,10.53268],[-66.11544,10.54101],[-66.10767,10.54442],[-66.10352,10.53445],[-66.08821,10.53564],[-66.08016,10.54524],[-66.06445,10.54782],[-66.06083,10.55078],[-66.054,10.56552],[-66.04665,10.57025],[-66.04802,10.57706],[-66.05547,10.58413],[-66.06827,10.57539],[-66.07579,10.57607],[-66.10752,10.59128],[-66.11655,10.5923],[-66.12948,10.60091],[-66.13629,10.59889],[-66.17003,10.61031],[-66.17404,10.60876],[-66.19694,10.62256],[-66.21836,10.6395],[-66.23644,10.64917],[-66.25918,10.64963],[-66.26563,10.64714],[-66.28503,10.64533],[-66.30201,10.63904],[-66.30514,10.63161],[-66.3139,10.62242],[-66.31389,10.61871],[-66.31378,10.61807],[-66.31366,10.61794]]]},"properties":{"municipio":"Brión","estado":"BOLIVARIANO MIRANDA"}},{"type":"Feature","geometry":{"type":"Polygon","coordinates":[[[-66.31389,10.61871],[-66.35009,10.60718],[-66.36903,10.61223],[-66.38393,10.62179],[-66.38929,10.62168],[-66.41636,10.63151],[-66.42245,10.62771],[-66.43117,10.62892],[-66.43921,10.62611],[-66.45508,10.63064],[-66.45786,10.62879],[-66.46906,10.63189],[-66.4751,10.62945],[-66.49382,10.63183],[-66.50869,10.6305],[-66.51985,10.63128],[-66.52738,10.62904],[-66.53794,10.62987],[-66.56286,10.62659],[-66.59065,10.62859],[-66.60755,10.62502],[-66.62568,10.62645],[-66.65197,10.62452],[-66.66688,10.62179],[-66.68181,10.62407],[-66.71022,10.62232],[-66.71621,10.62465],[-66.72069,10.62043],[-66.72975,10.62056],[-66.74034,10.62567],[-66.74712,10.61714],[-66.75795,10.61547],[-66.78273,10.61447],[-66.79618,10.61148],[-66.81734,10.61193],[-66.83402,10.61464],[-66.83966,10.61793],[-66.85183,10.62016],[-66.86428,10.61324],[-66.87931,10.60987],[-66.88671,10.61295],[-66.89521,10.60745],[-66.90748,10.60286],[-66.9166,10.60649],[-66.93781,10.59947],[-66.94919,10.60197],[-66.96358,10.60162],[-66.97377,10.60804],[-66.97917,10.60692],[-66.98986,10.61304],[-67.00337,10.60902],[-67.02179,10.61259],[-67.03789,10.60619],[-67.04124,10.59896],[-67.05559,10.59142],[-67.0717,10.58787],[-67.09667,10.578],[-67.10115,10.58009],[-67.11103,10.57507],[-67.11774,10.57421],[-67.13392,10.56842],[-67.14184,10.56828],[-67.16072,10.5592],[-67.17076,10.56004],[-67.19319,10.55451],[-67.20798,10.55657],[-67.21274,10.55111],[-67.22951,10.55284],[-67.25781,10.54657],[-67.2734,10.54595],[-67.27765,10.54794],[-67.31127,10.54038],[-67.32022,10.54038],[-67.33555,10.54462],[-67.34641,10.54362],[-67.37741,10.53445],[-67.39618,10.53298],[-67.39966,10.5303],[-67.40059,10.52855],[-67.4008,10.52847],[-67.40667,10.52399],[-67.40545,10.51899],[-67.4119,10.51216],[-67.3979,10.49654],[-67.38989,10.49451],[-67.3911,10.48449],[-67.38329,10.48282],[-67.3838,10.4761],[-67.37638,10.45246],[-67.36175,10.43807],[-67.36336,10.42605],[-67.35898,10.4095],[-67.35288,10.40682],[-67.34677,10.39969],[-67.3474,10.38876],[-67.33553,10.39865],[-67.33194,10.40611],[-67.31286,10.41093],[-67.2924,10.4242],[-67.27852,10.42281],[-67.26201,10.4235],[-67.24885,10.42743],[-67.2417,10.42191],[-67.23081,10.41711],[-67.22873,10.41169],[-67.21995,10.40963],[-67.21617,10.41734],[-67.21063,10.41796],[-67.19857,10.42471],[-67.16044,10.43699],[-67.15177,10.44062],[-67.14318,10.44929],[-67.13033,10.45243],[-67.12167,10.45833],[-67.10121,10.46124],[-67.09856,10.4596],[-67.08207,10.46287],[-67.06567,10.46307],[-67.05854,10.46739],[-67.05999,10.48413],[-67.05451,10.50324],[-67.06214,10.51462],[-67.05419,10.51963],[-67.03941,10.53283],[-67.0274,10.53495],[-67.0185,10.54108],[-67.02437,10.54923],[-67.02273,10.56139],[-67.0189,10.56726],[-67.00851,10.5593],[-66.99855,10.56405],[-66.98384,10.55682],[-66.97116,10.55268],[-66.96854,10.54958],[-66.95486,10.5478],[-66.95236,10.54367],[-66.94013,10.54372],[-66.93465,10.54938],[-66.91637,10.55318],[-66.90608,10.5519],[-66.89208,10.54774],[-66.88603,10.54236],[-66.87506,10.54226],[-66.87143,10.54555],[-66.86797,10.54919],[-66.86055,10.54821],[-66.85521,10.54223],[-66.84541,10.53799],[-66.82292,10.54858],[-66.81517,10.54842],[-66.80581,10.54263],[-66.79057,10.54053],[-66.78084,10.5432],[-66.77818,10.54725],[-66.75785,10.5457],[-66.75005,10.54031],[-66.74196,10.54581],[-66.72931,10.54713],[-66.71824,10.54514],[-66.71195,10.53961],[-66.67485,10.54623],[-66.66915,10.54268],[-66.65593,10.54312],[-66.64307,10.53814],[-66.63765,10.54128],[-66.62507,10.53982],[-66.61514,10.54114],[-66.60464,10.53851],[-66.59112,10.55365],[-66.58214,10.55603],[-66.56739,10.54905],[-66.55131,10.54657],[-66.53945,10.547],[-66.53507,10.55298],[-66.50638,10.54843],[-66.49614,10.53967],[-66.48084,10.53673],[-66.47077,10.53209],[-66.46008,10.5362],[-66.45562,10.54094],[-66.44468,10.53238],[-66.42995,10.5344],[-66.42151,10.54255],[-66.41582,10.54273],[-66.39426,10.53459],[-66.37833,10.53812],[-66.35862,10.53954],[-66.35014,10.53588],[-66.34765,10.52524],[-66.33693,10.52662],[-66.32895,10.52166],[-66.32157,10.51953],[-66.31285,10.53416],[-66.3218,10.55086],[-66.31768,10.56592],[-66.31205,10.57367],[-66.31232,10.5801],[-66.30801,10.58423],[-66.31211,10.59222],[-66.30947,10.61114],[-66.31366,10.61794],[-66.31378,10.61807],[-66.31389,10.61871]]]},"properties":{"municipio":"Vargas","estado":"VARGAS"}},{"type":"Feature","geometry":{"type":"Polygon","coordinates":[[[-67.57059,10.51717],[-67.56872,10.51575],[-67.57244,10.49623],[-67.56906,10.492],[-67.56962,10.48152],[-67.56944,10.47705],[-67.57061,10.46937],[-67.5676,10.45704],[-67.57179,10.44615],[-67.57339,10.42966],[-67.57216,10.40501],[-67.573,10.39695],[-67.56871,10.39295],[-67.56707,10.37876],[-67.5599,10.36594],[-67.54202,10.35567],[-67.53332,10.34923],[-67.53164,10.33704],[-67.53103,10.2997],[-67.5267,10.29007],[-67.54031,10.27112],[-67.5425,10.26473],[-67.53861,10.2538],[-67.54237,10.24574],[-67.54937,10.24586],[-67.55458,10.23917],[-67.55496,10.22891],[-67.56298,10.22036],[-67.54763,10.21641],[-67.5336,10.21699],[-67.50052,10.21185],[-67.4899,10.18557],[-67.48129,10.18909],[-67.47192,10.18873],[-67.46243,10.19509],[-67.4602,10.20128],[-67.45298,10.20915],[-67.45546,10.23102],[-67.44308,10.23499],[-67.43206,10.24994],[-67.42785,10.27317],[-67.41709,10.27613],[-67.41074,10.28265],[-67.39842,10.31387],[-67.40415,10.33225],[-67.40206,10.34891],[-67.40438,10.36011],[-67.41952,10.37412],[-67.42602,10.37652],[-67.40813,10.38909],[-67.39843,10.39428],[-67.41797,10.41743],[-67.42174,10.43366],[-67.42003,10.43914],[-67.42177,10.44944],[-67.42685,10.45457],[-67.4374,10.46023],[-67.4482,10.47644],[-67.45162,10.49475],[-67.4559,10.50411],[-67.46364,10.50918],[-67.46306,10.52811],[-67.47134,10.5371],[-67.48773,10.53086],[-67.4992,10.53096],[-67.50873,10.52728],[-67.51286,10.52241],[-67.52567,10.5232],[-67.53817,10.52666],[-67.5464,10.52011],[-67.55666,10.52193],[-67.55999,10.51629],[-67.57059,10.51717]]]},"properties":{"municipio":"Santiago Mariño","estado":"ARAGUA"}},{"type":"Feature","geometry":{"type":"Polygon","coordinates":[[[-67.39966,10.5303],[-67.40072,10.53475],[-67.42153,10.5358],[-67.44465,10.53167],[-67.45964,10.5321],[-67.47134,10.5371],[-67.46306,10.52811],[-67.46364,10.50918],[-67.4559,10.50411],[-67.45162,10.49475],[-67.4482,10.47644],[-67.4374,10.46023],[-67.42685,10.45457],[-67.42177,10.44944],[-67.42003,10.43914],[-67.42174,10.43366],[-67.41797,10.41743],[-67.39843,10.39428],[-67.40813,10.38909],[-67.42602,10.37652],[-67.41952,10.37412],[-67.40438,10.36011],[-67.40206,10.34891],[-67.40415,10.33225],[-67.39842,10.31387],[-67.29833,10.35139],[-67.27453,10.34399],[-67.27644,10.35025],[-67.26184,10.34724],[-67.25192,10.34715],[-67.23886,10.35323],[-67.22644,10.34633],[-67.2105,10.32241],[-67.19822,10.32583],[-67.18843,10.32515],[-67.17274,10.32633],[-67.16322,10.33245],[-67.1637,10.34202],[-67.1696,10.34855],[-67.18773,10.35356],[-67.19878,10.36923],[-67.206,10.39034],[-67.21849,10.39999],[-67.21995,10.40963],[-67.22873,10.41169],[-67.23081,10.41711],[-67.2417,10.42191],[-67.24885,10.42743],[-67.26201,10.4235],[-67.27852,10.42281],[-67.2924,10.4242],[-67.31286,10.41093],[-67.33194,10.40611],[-67.33553,10.39865],[-67.3474,10.38876],[-67.34677,10.39969],[-67.35288,10.40682],[-67.35898,10.4095],[-67.36336,10.42605],[-67.36175,10.43807],[-67.37638,10.45246],[-67.3838,10.4761],[-67.38329,10.48282],[-67.3911,10.48449],[-67.38989,10.49451],[-67.3979,10.49654],[-67.4119,10.51216],[-67.40545,10.51899],[-67.40667,10.52399],[-67.4008,10.52847],[-67.40059,10.52855],[-67.39966,10.5303]]]},"properties":{"municipio":"Tovar","estado":"ARAGUA"}},{"type":"Feature","geometry":{"type":"Polygon","coordinates":[[[-67.85697,10.47874],[-67.85782,10.47816],[-67.86308,10.4674],[-67.87231,10.46007],[-67.87512,10.4501],[-67.87867,10.4472],[-67.8766,10.43533],[-67.87902,10.41853],[-67.87717,10.40658],[-67.87726,10.39385],[-67.8815,10.37204],[-67.86915,10.36906],[-67.85345,10.35674],[-67.83851,10.34758],[-67.83717,10.34469],[-67.83484,10.33894],[-67.80795,10.32902],[-67.79786,10.32842],[-67.78956,10.33751],[-67.76876,10.34996],[-67.75651,10.3462],[-67.75051,10.34813],[-67.73888,10.34315],[-67.72599,10.33942],[-67.71424,10.33222],[-67.70934,10.33255],[-67.69304,10.34192],[-67.68704,10.35475],[-67.6679,10.36505],[-67.65593,10.36236],[-67.65205,10.36509],[-67.63923,10.36371],[-67.63322,10.36612],[-67.63578,10.38278],[-67.63038,10.39236],[-67.63388,10.40141],[-67.63518,10.41701],[-67.6437,10.42655],[-67.65383,10.44419],[-67.65702,10.45735],[-67.66323,10.46778],[-67.65322,10.48413],[-67.65127,10.49443],[-67.65024,10.49687],[-67.64456,10.50271],[-67.65875,10.49979],[-67.68464,10.49937],[-67.6886,10.49758],[-67.69565,10.50204],[-67.70863,10.50331],[-67.71467,10.49912],[-67.73248,10.49857],[-67.73706,10.4929],[-67.74339,10.4994],[-67.75427,10.4991],[-67.76964,10.48809],[-67.78115,10.4903],[-67.7909,10.48738],[-67.80145,10.48895],[-67.8073,10.47751],[-67.82353,10.48614],[-67.8256,10.48058],[-67.83412,10.48301],[-67.8374,10.47744],[-67.84424,10.4531],[-67.84377,10.44395],[-67.85707,10.4459],[-67.85577,10.4571],[-67.85281,10.46284],[-67.85697,10.47874]]]},"properties":{"municipio":"Ocumare de La Costa de Oro","estado":"ARAGUA"}},{"type":"Feature","geometry":{"type":"Polygon","coordinates":[[[-68.13944,10.48832],[-68.14373,10.4831],[-68.14404,10.47206],[-68.14792,10.45882],[-68.15663,10.45479],[-68.15452,10.44838],[-68.15299,10.42661],[-68.16256,10.41023],[-68.1565,10.39983],[-68.15899,10.39122],[-68.15942,10.37306],[-68.1573,10.36487],[-68.16446,10.3508],[-68.17911,10.33281],[-68.17671,10.32435],[-68.15973,10.32058],[-68.14712,10.32465],[-68.13418,10.32589],[-68.12232,10.32406],[-68.11054,10.33319],[-68.10271,10.34362],[-68.08067,10.33593],[-68.08021,10.33062],[-68.07176,10.32317],[-68.05452,10.32561],[-68.04895,10.33444],[-68.03724,10.32822],[-68.01371,10.33337],[-68.00747,10.34114],[-67.99775,10.33103],[-67.97493,10.33756],[-67.967,10.33511],[-67.95924,10.33742],[-67.95258,10.33451],[-67.94557,10.33748],[-67.94441,10.34792],[-67.93793,10.35991],[-67.92913,10.3611],[-67.90718,10.36413],[-67.90125,10.36715],[-67.8815,10.37204],[-67.87726,10.39385],[-67.87717,10.40658],[-67.87902,10.41853],[-67.8766,10.43533],[-67.87867,10.4472],[-67.87512,10.4501],[-67.87231,10.46007],[-67.86308,10.4674],[-67.85782,10.47816],[-67.85697,10.47874],[-67.86378,10.47835],[-67.89352,10.46734],[-67.9021,10.47426],[-67.90842,10.46932],[-67.91989,10.45452],[-67.92728,10.45602],[-67.93221,10.46992],[-67.94738,10.46142],[-67.95163,10.4635],[-67.95892,10.47309],[-67.97973,10.48955],[-67.98518,10.48559],[-67.99411,10.49158],[-68.0103,10.49076],[-68.01178,10.47615],[-68.02435,10.47564],[-68.03396,10.47986],[-68.04522,10.48934],[-68.06262,10.49837],[-68.07282,10.49873],[-68.08084,10.49282],[-68.09012,10.49464],[-68.1036,10.48157],[-68.10924,10.48053],[-68.12312,10.48883],[-68.12738,10.48434],[-68.13944,10.48832]]]},"properties":{"municipio":"Puerto Cabello","estado":"CARABOBO"}},{"type":"Feature","geometry":{"type":"Polygon","coordinates":[[[-68.23605,10.57793],[-68.24907,10.57883],[-68.25749,10.57758],[-68.25971,10.56867],[-68.26471,10.5632],[-68.28548,10.54876],[-68.29057,10.54997],[-68.30094,10.54458],[-68.30404,10.53821],[-68.31469,10.53774],[-68.32227,10.5436],[-68.33594,10.55031],[-68.34713,10.54977],[-68.3544,10.55169],[-68.3733,10.53929],[-68.38351,10.52885],[-68.38292,10.51894],[-68.38674,10.51696],[-68.38817,10.50202],[-68.40093,10.48812],[-68.38986,10.48333],[-68.4019,10.47477],[-68.40442,10.46894],[-68.4024,10.46197],[-68.39671,10.45576],[-68.39893,10.4442],[-68.40216,10.43991],[-68.39974,10.43349],[-68.40128,10.41719],[-68.39667,10.40105],[-68.40083,10.38687],[-68.39939,10.36796],[-68.37579,10.37771],[-68.3718,10.37766],[-68.35588,10.40382],[-68.33834,10.42251],[-68.3312,10.41332],[-68.31695,10.41221],[-68.3106,10.40907],[-68.3074,10.39827],[-68.29712,10.39285],[-68.28814,10.3719],[-68.27079,10.36371],[-68.26806,10.35765],[-68.25978,10.357],[-68.24617,10.34288],[-68.23879,10.33342],[-68.23273,10.31915],[-68.22487,10.31696],[-68.21646,10.30959],[-68.21567,10.30549],[-68.20564,10.29665],[-68.19428,10.30572],[-68.18458,10.31815],[-68.17671,10.32435],[-68.17911,10.33281],[-68.16446,10.3508],[-68.1573,10.36487],[-68.15942,10.37306],[-68.15899,10.39122],[-68.1565,10.39983],[-68.16256,10.41023],[-68.15299,10.42661],[-68.15452,10.44838],[-68.15663,10.45479],[-68.14792,10.45882],[-68.14404,10.47206],[-68.14373,10.4831],[-68.13944,10.48832],[-68.15635,10.50138],[-68.16047,10.49778],[-68.16802,10.50242],[-68.19214,10.52564],[-68.21512,10.55147],[-68.23605,10.57793],[-68.23605,10.57793]]]},"properties":{"municipio":"Juan José Mora","estado":"CARABOBO"}},{"type":"Feature","geometry":{"type":"Polygon","coordinates":[[[-68.23605,10.57793],[-68.23605,10.57793],[-68.25101,10.59843],[-68.26824,10.62419],[-68.28804,10.66123],[-68.30064,10.69445],[-68.32055,10.75048],[-68.3238,10.76501],[-68.32367,10.78171],[-68.31653,10.79498],[-68.32445,10.81074],[-68.32404,10.82067],[-68.31453,10.8223],[-68.32007,10.83435],[-68.31628,10.83735],[-68.31025,10.83074],[-68.29816,10.82305],[-68.29271,10.8268],[-68.30294,10.8424],[-68.3089,10.83966],[-68.31516,10.85168],[-68.30467,10.84776],[-68.3029,10.85754],[-68.29864,10.85906],[-68.28179,10.85862],[-68.27563,10.85425],[-68.2748,10.84688],[-68.26617,10.85322],[-68.26118,10.85223],[-68.25076,10.8561],[-68.23981,10.85101],[-68.22804,10.85334],[-68.22081,10.85916],[-68.22484,10.876],[-68.22668,10.87581],[-68.22804,10.87576],[-68.39612,10.87555],[-68.4134,10.87131],[-68.42371,10.86175],[-68.45287,10.8625],[-68.47708,10.87312],[-68.49999,10.87587],[-68.50937,10.87353],[-68.52094,10.8642],[-68.53062,10.86413],[-68.53849,10.87052],[-68.55729,10.86603],[-68.56086,10.85897],[-68.57914,10.84352],[-68.58308,10.85196],[-68.58966,10.85124],[-68.59027,10.84398],[-68.59735,10.83942],[-68.60388,10.83943],[-68.62184,10.82567],[-68.62177,10.80812],[-68.61947,10.80274],[-68.60991,10.79773],[-68.6003,10.79819],[-68.59377,10.79431],[-68.59369,10.7846],[-68.59851,10.77771],[-68.58375,10.75614],[-68.58268,10.74842],[-68.57228,10.74755],[-68.56724,10.75002],[-68.55583,10.74745],[-68.54353,10.75032],[-68.52787,10.74257],[-68.51844,10.74224],[-68.5179,10.73779],[-68.50138,10.72954],[-68.49271,10.72723],[-68.48499,10.72089],[-68.45781,10.71131],[-68.47626,10.67829],[-68.48981,10.65057],[-68.50119,10.63075],[-68.49725,10.62591],[-68.24693,10.58002],[-68.23605,10.57793],[-68.23605,10.57793]]]},"properties":{"municipio":"Silva","estado":"FALCÓN"}},{"type":"Feature","geometry":{"type":"Polygon","coordinates":[[[-68.34139,11.05952],[-68.35111,11.05401],[-68.35584,11.0482],[-68.36534,11.04961],[-68.37136,11.04221],[-68.39646,11.04611],[-68.40433,11.04072],[-68.40597,11.02899],[-68.39798,11.02055],[-68.39943,10.99883],[-68.40815,11.00091],[-68.41983,10.99078],[-68.42582,10.98808],[-68.43145,10.99173],[-68.43763,10.98863],[-68.43975,10.97917],[-68.44453,10.97108],[-68.45252,10.96744],[-68.45393,10.96185],[-68.46901,10.95754],[-68.47416,10.95349],[-68.47538,10.94594],[-68.4935,10.92989],[-68.49266,10.92714],[-68.5023,10.91746],[-68.52698,10.91976],[-68.53465,10.92957],[-68.54911,10.92972],[-68.56322,10.92265],[-68.57091,10.92232],[-68.57521,10.91631],[-68.58562,10.91932],[-68.59668,10.92533],[-68.60963,10.9251],[-68.61503,10.9161],[-68.61975,10.91794],[-68.62603,10.91786],[-68.63489,10.90643],[-68.64058,10.90933],[-68.65492,10.91019],[-68.66722,10.90108],[-68.68301,10.9029],[-68.68966,10.90605],[-68.70237,10.9062],[-68.70905,10.89187],[-68.71354,10.88718],[-68.72951,10.88661],[-68.74,10.87773],[-68.74291,10.86906],[-68.74842,10.87134],[-68.75738,10.86883],[-68.7664,10.86296],[-68.77465,10.85093],[-68.77937,10.85166],[-68.78906,10.84119],[-68.79638,10.84094],[-68.79778,10.8347],[-68.80736,10.82327],[-68.80749,10.817],[-68.82304,10.81038],[-68.82517,10.80124],[-68.83062,10.79848],[-68.83408,10.79172],[-68.83976,10.7933],[-68.85097,10.7843],[-68.85601,10.78838],[-68.86071,10.77789],[-68.86604,10.77598],[-68.88254,10.77479],[-68.88897,10.76175],[-68.88474,10.75685],[-68.89358,10.75338],[-68.89624,10.74728],[-68.91362,10.7351],[-68.91839,10.7388],[-68.92396,10.73486],[-68.92954,10.72002],[-68.93595,10.72026],[-68.94213,10.71153],[-68.94337,10.70386],[-68.93924,10.69479],[-68.93032,10.69199],[-68.92161,10.69522],[-68.90381,10.6933],[-68.8916,10.67542],[-68.88985,10.66115],[-68.89218,10.6532],[-68.87485,10.64955],[-68.84438,10.6508],[-68.82781,10.66931],[-68.81939,10.68193],[-68.80454,10.69397],[-68.79581,10.6916],[-68.79222,10.69647],[-68.79281,10.70332],[-68.78416,10.70543],[-68.78255,10.70979],[-68.77342,10.71864],[-68.7786,10.72216],[-68.77613,10.72777],[-68.76477,10.72637],[-68.75702,10.72313],[-68.73917,10.72125],[-68.73245,10.72562],[-68.71433,10.72892],[-68.69991,10.72864],[-68.69303,10.72424],[-68.68987,10.72991],[-68.67866,10.73149],[-68.67346,10.72408],[-68.66859,10.72337],[-68.65785,10.73153],[-68.6477,10.74385],[-68.64025,10.75711],[-68.62588,10.77041],[-68.61776,10.77415],[-68.60074,10.77404],[-68.59851,10.77771],[-68.59369,10.7846],[-68.59377,10.79431],[-68.6003,10.79819],[-68.60991,10.79773],[-68.61947,10.80274],[-68.62177,10.80812],[-68.62184,10.82567],[-68.60388,10.83943],[-68.59735,10.83942],[-68.59027,10.84398],[-68.58966,10.85124],[-68.58308,10.85196],[-68.57914,10.84352],[-68.56086,10.85897],[-68.55729,10.86603],[-68.53849,10.87052],[-68.53062,10.86413],[-68.52094,10.8642],[-68.50937,10.87353],[-68.49999,10.87587],[-68.47708,10.87312],[-68.45287,10.8625],[-68.42371,10.86175],[-68.4134,10.87131],[-68.39612,10.87555],[-68.22804,10.87576],[-68.22645,10.8877],[-68.23848,10.88929],[-68.25004,10.90374],[-68.25158,10.9093],[-68.24737,10.91426],[-68.26751,10.9273],[-68.27074,10.93483],[-68.28173,10.94493],[-68.29046,10.95849],[-68.30622,10.97996],[-68.31953,11.0055],[-68.33297,11.04037],[-68.34139,11.05952]]]},"properties":{"municipio":"Monseñor Iturriza","estado":"FALCÓN"}},{"type":"Feature","geometry":{"type":"Polygon","coordinates":[[[-68.34139,11.05952],[-68.34578,11.06954],[-68.35649,11.08309],[-68.3737,11.10849],[-68.3855,11.1317],[-68.3913,11.14073],[-68.39382,11.15119],[-68.38627,11.16757],[-68.3941,11.17878],[-68.407,11.19034],[-68.41071,11.17601],[-68.41532,11.17274],[-68.42421,11.17216],[-68.44786,11.17589],[-68.45686,11.18282],[-68.47115,11.19768],[-68.48018,11.20395],[-68.49562,11.21969],[-68.51151,11.23944],[-68.51716,11.25126],[-68.52423,11.25601],[-68.5296,11.26351],[-68.53926,11.26795],[-68.54913,11.26687],[-68.5586,11.27418],[-68.5737,11.27229],[-68.58471,11.27472],[-68.59262,11.2821],[-68.59936,11.28046],[-68.61338,11.29263],[-68.62861,11.31014],[-68.63547,11.31995],[-68.65315,11.34031],[-68.66412,11.34839],[-68.67205,11.34722],[-68.68526,11.35391],[-68.69118,11.35423],[-68.69138,11.34363],[-68.69716,11.34093],[-68.71345,11.34322],[-68.73389,11.35499],[-68.77153,11.281],[-68.71773,11.19093],[-68.70533,11.19512],[-68.62293,11.18735],[-68.63875,11.17056],[-68.62809,11.13914],[-68.63879,11.13931],[-68.63387,11.13208],[-68.63473,11.1262],[-68.64289,11.11982],[-68.64086,11.11176],[-68.65004,11.10991],[-68.64054,11.09428],[-68.6431,11.09143],[-68.6183,11.08872],[-68.57623,11.05191],[-68.53855,11.06877],[-68.45252,10.96744],[-68.44453,10.97108],[-68.43975,10.97917],[-68.43763,10.98863],[-68.43145,10.99173],[-68.42582,10.98808],[-68.41983,10.99078],[-68.40815,11.00091],[-68.39943,10.99883],[-68.39798,11.02055],[-68.40597,11.02899],[-68.40433,11.04072],[-68.39646,11.04611],[-68.37136,11.04221],[-68.36534,11.04961],[-68.35584,11.0482],[-68.35111,11.05401],[-68.34139,11.05952]]]},"properties":{"municipio":"Acosta","estado":"FALCÓN"}},{"type":"Feature","geometry":{"type":"Polygon","coordinates":[[[-63.99595,10.8173],[-63.99016,10.80979],[-63.98804,10.80222],[-63.99033,10.79127],[-64.00104,10.78044],[-63.99152,10.77516],[-63.97681,10.77021],[-63.97043,10.77133],[-63.95154,10.76708],[-63.94485,10.76314],[-63.9414,10.75677],[-63.94486,10.74935],[-63.93068,10.74503],[-63.92846,10.74039],[-63.91736,10.73571],[-63.90987,10.73596],[-63.89164,10.74055],[-63.88717,10.75831],[-63.89528,10.77529],[-63.9018,10.78251],[-63.90939,10.79483],[-63.92091,10.79968],[-63.92532,10.79834],[-63.94246,10.80139],[-63.96403,10.80695],[-63.97718,10.81409],[-63.98681,10.81257],[-63.99595,10.8173]]]},"properties":{"municipio":"Villalba","estado":"NUEVA ESPARTA"}},{"type":"Feature","geometry":{"type":"Polygon","coordinates":[[[-63.95301,11.03894],[-63.95264,11.04299],[-63.95127,11.05156],[-63.94933,11.05822],[-63.95027,11.06226],[-63.95384,11.06807],[-63.95369,11.07145],[-63.95443,11.07351],[-63.95862,11.08058],[-63.96724,11.09528],[-63.97062,11.10031],[-63.97536,11.10801],[-63.98339,11.10495],[-63.98261,11.09714],[-63.9776,11.09584],[-63.97996,11.08768],[-63.97361,11.08299],[-63.98712,11.07318],[-64.00987,11.06918],[-64.01369,11.06633],[-64.01536,11.05317],[-63.99885,11.03978],[-63.98765,11.02754],[-63.9781,11.02331],[-63.96741,11.03002],[-63.95622,11.03174],[-63.95301,11.03894]]]},"properties":{"municipio":"Marcano","estado":"NUEVA ESPARTA"}},{"type":"Feature","geometry":{"type":"Polygon","coordinates":[[[-64.15451,10.83569],[-64.16562,10.82343],[-64.17237,10.82765],[-64.19359,10.83165],[-64.20083,10.8271],[-64.21083,10.82907],[-64.22443,10.81782],[-64.2139,10.79891],[-64.19682,10.79783],[-64.19143,10.80061],[-64.1844,10.7988],[-64.15173,10.80598],[-64.14404,10.81477],[-64.14134,10.82218],[-64.14838,10.8256],[-64.15451,10.83569]]]},"properties":{"municipio":"Tubores","estado":"NUEVA ESPARTA"}},{"type":"Feature","geometry":{"type":"MultiPolygon","coordinates":[[[[-64.03293,10.9854],[-64.04511,10.97922],[-64.06532,10.97541],[-64.09473,10.9756],[-64.10559,10.97435],[-64.12268,10.97607],[-64.12819,10.97312],[-64.1405,10.97118],[-64.1338,10.98068],[-64.14537,10.98236],[-64.15273,10.97711],[-64.16199,10.98264],[-64.16985,10.97322],[-64.17047,10.96621],[-64.16644,10.96221],[-64.14893,10.95734],[-64.14245,10.94976],[-64.13432,10.94415],[-64.12083,10.92766],[-64.11687,10.92612],[-64.11415,10.91304],[-64.10561,10.8978],[-64.10138,10.90063],[-64.08859,10.89608],[-64.07581,10.89859],[-64.06532,10.89264],[-64.05587,10.88055],[-64.05462,10.87269],[-64.06104,10.86583],[-64.05314,10.86379],[-64.04317,10.87221],[-64.04031,10.86809],[-64.02761,10.87479],[-64.01483,10.87254],[-63.99853,10.88143],[-63.99084,10.89289],[-64.00225,10.91723],[-64.03293,10.9854]]],[[[-64.16731,10.98053],[-64.16113,10.99214],[-64.16197,10.99886],[-64.167,11.00119],[-64.16724,10.98517],[-64.16725,10.98422],[-64.16729,10.98187],[-64.16729,10.98146],[-64.16731,10.98053]]],[[[-64.14943,11.00155],[-64.15264,10.9912],[-64.14838,10.98582],[-64.13994,10.98401],[-64.1312,10.99243],[-64.14943,11.00155]]],[[[-64.16692,11.0062],[-64.16389,11.00109],[-64.15542,11.00491],[-64.16684,11.01191],[-64.16685,11.01084],[-64.1669,11.00762],[-64.16692,11.0062]]],[[[-64.03549,10.99087],[-64.04611,10.98608],[-64.06928,10.98324],[-64.09771,10.9859],[-64.1241,10.99243],[-64.13463,10.99624],[-64.15612,11.0079],[-64.16673,11.01607],[-64.16679,11.01294],[-64.15511,11.00548],[-64.13157,10.99424],[-64.10935,10.98663],[-64.10114,10.98028],[-64.09009,10.98049],[-64.07474,10.97802],[-64.074,10.98216],[-64.04769,10.98478],[-64.03511,10.99006],[-64.03549,10.99087]]]]},"properties":{"municipio":"Tubores","estado":"NUEVA ESPARTA"}},{"type":"Feature","geometry":{"type":"Polygon","coordinates":[[[-63.88492,11.06175],[-63.88473,11.06348],[-63.88717,11.06742],[-63.88533,11.07695],[-63.88479,11.08396],[-63.88806,11.0843],[-63.8914,11.08435],[-63.89637,11.08414],[-63.8985,11.08538],[-63.90255,11.09539],[-63.90095,11.09744],[-63.89345,11.10045],[-63.89077,11.1048],[-63.88818,11.10737],[-63.88511,11.10905],[-63.88503,11.11363],[-63.88491,11.12135],[-63.88624,11.12694],[-63.88754,11.12978],[-63.89165,11.13547],[-63.89979,11.13674],[-63.90235,11.13845],[-63.90435,11.13897],[-63.90781,11.13925],[-63.90994,11.13966],[-63.92182,11.13479],[-63.92198,11.13117],[-63.93393,11.12123],[-63.94706,11.11797],[-63.94891,11.11406],[-63.96786,11.11354],[-63.97536,11.10801],[-63.97062,11.10031],[-63.96724,11.09528],[-63.95862,11.08058],[-63.95443,11.07351],[-63.95369,11.07145],[-63.95384,11.06807],[-63.95027,11.06226],[-63.94933,11.05822],[-63.95127,11.05156],[-63.95264,11.04299],[-63.9499,11.03723],[-63.944,11.03382],[-63.93101,11.03798],[-63.92341,11.03546],[-63.91791,11.02985],[-63.91083,11.02454],[-63.89911,11.02056],[-63.89873,11.01949],[-63.89451,11.02255],[-63.89433,11.0298],[-63.88525,11.03799],[-63.88633,11.04969],[-63.88492,11.06175]]]},"properties":{"municipio":"Gómez","estado":"NUEVA ESPARTA"}},{"type":"Feature","geometry":{"type":"Polygon","coordinates":[[[-63.81283,10.98318],[-63.83197,10.98454],[-63.84075,10.98337],[-63.85004,10.986],[-63.86196,10.97738],[-63.86275,10.97061],[-63.85918,10.9648],[-63.86598,10.96026],[-63.88034,10.96672],[-63.90188,10.95108],[-63.89833,10.91165],[-63.89727,10.89966],[-63.89579,10.88459],[-63.88724,10.89307],[-63.88856,10.9073],[-63.88445,10.93138],[-63.88075,10.93822],[-63.8706,10.94589],[-63.8609,10.94621],[-63.83328,10.9596],[-63.82623,10.95509],[-63.82272,10.94677],[-63.81622,10.95012],[-63.81858,10.96059],[-63.81891,10.97529],[-63.81283,10.98318]]]},"properties":{"municipio":"Mariño","estado":"NUEVA ESPARTA"}},{"type":"Feature","geometry":{"type":"MultiPolygon","coordinates":[[[[-63.89727,10.89966],[-63.92543,10.90679],[-63.93167,10.91228],[-63.93909,10.90832],[-63.93896,10.9068],[-63.92783,10.89203],[-63.91329,10.88759],[-63.90551,10.88859],[-63.89579,10.88459],[-63.89727,10.89966]]],[[[-63.88124,11.00254],[-63.88442,11.00621],[-63.88497,11.00686],[-63.89802,11.0024],[-63.91195,10.99806],[-63.91638,10.99517],[-63.93181,10.99248],[-63.94139,10.98014],[-63.9447,10.97157],[-63.94079,10.92847],[-63.92601,10.92618],[-63.92646,10.91951],[-63.91877,10.91483],[-63.90658,10.91739],[-63.89833,10.91165],[-63.90188,10.95108],[-63.88034,10.96672],[-63.86598,10.96026],[-63.85918,10.9648],[-63.86275,10.97061],[-63.86196,10.97738],[-63.85004,10.986],[-63.85855,10.9973],[-63.86605,10.9981],[-63.87311,11.0021],[-63.87947,11.00219],[-63.88124,11.00254]]]]},"properties":{"municipio":"García","estado":"NUEVA ESPARTA"}},{"type":"Feature","geometry":{"type":"Polygon","coordinates":[[[-63.81283,10.98318],[-63.80405,10.98326],[-63.80153,10.9948],[-63.79631,11.00056],[-63.78904,10.9965],[-63.78154,10.99618],[-63.77923,11.00112],[-63.79626,11.02479],[-63.8077,11.04222],[-63.81013,11.03741],[-63.81717,11.03126],[-63.8197,11.0297],[-63.82488,11.02641],[-63.83101,11.02079],[-63.83572,11.01869],[-63.84438,11.01817],[-63.84792,11.01453],[-63.84869,11.01191],[-63.84964,11.01012],[-63.85453,11.00089],[-63.85855,10.9973],[-63.85004,10.986],[-63.84075,10.98337],[-63.83197,10.98454],[-63.81283,10.98318]]]},"properties":{"municipio":"Maneiro","estado":"NUEVA ESPARTA"}},{"type":"Feature","geometry":{"type":"Polygon","coordinates":[[[-64.01536,11.05317],[-64.01471,11.03252],[-64.02321,11.02081],[-64.024,11.0126],[-64.02141,11.00428],[-64.02581,10.99763],[-64.03549,10.99087],[-64.03511,10.99006],[-64.03293,10.9854],[-64.00225,10.91723],[-63.99084,10.89289],[-63.97863,10.89903],[-63.96212,10.89765],[-63.94314,10.90345],[-63.94212,10.91138],[-63.9517,10.92549],[-63.95009,10.93179],[-63.94079,10.92847],[-63.9447,10.97157],[-63.94139,10.98014],[-63.93181,10.99248],[-63.91638,10.99517],[-63.91195,10.99806],[-63.91121,10.99876],[-63.90941,11.00132],[-63.90588,11.00591],[-63.90027,11.01568],[-63.89873,11.01949],[-63.89911,11.02056],[-63.91083,11.02454],[-63.91791,11.02985],[-63.92341,11.03546],[-63.93101,11.03798],[-63.944,11.03382],[-63.9499,11.03723],[-63.95301,11.03894],[-63.95622,11.03174],[-63.96741,11.03002],[-63.9781,11.02331],[-63.98765,11.02754],[-63.99885,11.03978],[-64.01536,11.05317]]]},"properties":{"municipio":"Díaz","estado":"NUEVA ESPARTA"}},{"type":"Feature","geometry":{"type":"MultiPolygon","coordinates":[[[[-64.1669,11.00762],[-64.17835,11.01292],[-64.17372,11.00203],[-64.1732,10.98894],[-64.16724,10.98517],[-64.167,11.00119],[-64.16692,11.0062],[-64.1669,11.00762]]],[[[-64.16673,11.01607],[-64.1897,11.03416],[-64.20548,11.05445],[-64.19692,11.06596],[-64.19436,11.07855],[-64.19601,11.0844],[-64.21346,11.08714],[-64.22586,11.07837],[-64.24462,11.07375],[-64.24768,11.06863],[-64.26354,11.06776],[-64.26882,11.06372],[-64.27951,11.06431],[-64.29855,11.07175],[-64.29835,11.06612],[-64.31085,11.06489],[-64.31518,11.05815],[-64.32448,11.05903],[-64.33447,11.05709],[-64.34263,11.05045],[-64.35065,11.0495],[-64.361,11.05146],[-64.3809,11.04382],[-64.38196,11.03256],[-64.37578,11.02932],[-64.37614,11.01849],[-64.38396,11.00101],[-64.40688,10.98164],[-64.40775,10.97162],[-64.40084,10.97349],[-64.39199,10.96825],[-64.38018,10.96526],[-64.35628,10.96175],[-64.33818,10.95534],[-64.33198,10.95801],[-64.31262,10.95557],[-64.29475,10.94489],[-64.27948,10.9457],[-64.27307,10.94309],[-64.25756,10.94344],[-64.24163,10.93937],[-64.23199,10.94188],[-64.21856,10.93917],[-64.20982,10.93427],[-64.20461,10.93952],[-64.19637,10.94024],[-64.18507,10.94953],[-64.18005,10.95799],[-64.181,10.96263],[-64.16872,10.97747],[-64.17563,10.99102],[-64.17514,11.00044],[-64.18331,11.02409],[-64.16679,11.01294],[-64.16673,11.01607]]]]},"properties":{"municipio":"Península de Macanao","estado":"NUEVA ESPARTA"}},{"type":"Feature","geometry":{"type":"Polygon","coordinates":[[[-63.82189,11.06587],[-63.82878,11.07941],[-63.8364,11.10026],[-63.84569,11.11666],[-63.84563,11.12746],[-63.84913,11.13336],[-63.87205,11.15544],[-63.88369,11.17912],[-63.8902,11.17559],[-63.89133,11.16603],[-63.89497,11.15907],[-63.90619,11.1568],[-63.90994,11.13966],[-63.90781,11.13925],[-63.90435,11.13897],[-63.90235,11.13845],[-63.89979,11.13674],[-63.89165,11.13547],[-63.88754,11.12978],[-63.88624,11.12694],[-63.88491,11.12135],[-63.88503,11.11363],[-63.88511,11.10905],[-63.88818,11.10737],[-63.89077,11.1048],[-63.89345,11.10045],[-63.90095,11.09744],[-63.90255,11.09539],[-63.8985,11.08538],[-63.89637,11.08414],[-63.8914,11.08435],[-63.88806,11.0843],[-63.88479,11.08396],[-63.88533,11.07695],[-63.88717,11.06742],[-63.88473,11.06348],[-63.88492,11.06175],[-63.88269,11.06272],[-63.8782,11.06238],[-63.87529,11.0618],[-63.8705,11.06212],[-63.8658,11.06434],[-63.8598,11.06414],[-63.85226,11.0618],[-63.84228,11.06339],[-63.82908,11.06512],[-63.826,11.06627],[-63.82189,11.06587]]]},"properties":{"municipio":"Antolín del Campo","estado":"NUEVA ESPARTA"}},{"type":"Feature","geometry":{"type":"Polygon","coordinates":[[[-58.80287,1.42228],[-58.79975,1.43736],[-58.80555,1.44343],[-58.80903,1.45262],[-58.80358,1.45976],[-58.79082,1.47172],[-58.7877,1.48492],[-58.77592,1.48403],[-58.76985,1.48001],[-58.76325,1.47993],[-58.75005,1.48412],[-58.73862,1.48358],[-58.73166,1.49233],[-58.72515,1.49376],[-58.72676,1.5149],[-58.73345,1.51526],[-58.7388,1.52972],[-58.7247,1.53239],[-58.71471,1.54051],[-58.71194,1.53569],[-58.69676,1.54019],[-58.68927,1.54637],[-58.6801,1.55803],[-58.6763,1.5666],[-58.66963,1.5641],[-58.65952,1.57088],[-58.64715,1.56553],[-58.64941,1.57266],[-58.64465,1.57481],[-58.63727,1.58908],[-58.6318,1.59515],[-58.63144,1.60645],[-58.63608,1.61407],[-58.63335,1.62287],[-58.62621,1.62596],[-58.62942,1.63239],[-58.62121,1.63643],[-58.62335,1.67332],[-58.63097,1.67784],[-58.62942,1.68962],[-58.62074,1.69152],[-58.62002,1.69699],[-58.62669,1.70603],[-58.61312,1.70853],[-58.61396,1.72721],[-58.60539,1.72995],[-58.59896,1.74898],[-58.5898,1.74875],[-58.57636,1.7591],[-58.56422,1.77599],[-58.5553,1.77313],[-58.54804,1.7748],[-58.54602,1.78206],[-58.55554,1.79467],[-58.5621,1.81022],[-58.55782,1.8164],[-58.55056,1.80819],[-58.54473,1.812],[-58.54711,1.81831],[-58.54449,1.82961],[-58.55056,1.83163],[-58.5621,1.84162],[-58.55817,1.85126],[-58.55032,1.85923],[-58.55556,1.86471],[-58.55651,1.87577],[-58.56127,1.88374],[-58.55282,1.89397],[-58.55163,1.90218],[-58.54425,1.91396],[-58.53497,1.90694],[-58.52795,1.91908],[-58.51737,1.91372],[-58.51142,1.9142],[-58.50785,1.92276],[-58.51058,1.9255],[-58.52379,1.9255],[-58.53105,1.93454],[-58.52998,1.93942],[-58.51844,1.93918],[-58.51344,1.94811],[-58.51951,1.95465],[-58.52022,1.96191],[-58.49952,1.96012],[-58.49357,1.98534],[-58.4906,1.9932],[-58.48179,1.99807],[-58.47715,2.0039],[-58.46252,2.00712],[-58.45383,2.0158],[-58.44444,2.01937],[-58.44051,2.03246],[-58.44348,2.03876],[-58.43218,2.05018],[-58.43973,2.05756],[-58.44081,2.06542],[-58.43119,2.06976],[-58.42183,2.07952],[-58.42834,2.08332],[-58.42468,2.09403],[-58.40339,2.1084],[-58.40461,2.11897],[-58.37175,2.13045],[-58.37687,2.11355],[-58.37663,2.10118],[-58.37247,2.08833],[-58.37271,2.07572],[-58.35296,2.0963],[-58.34594,2.09714],[-58.34665,2.11855],[-58.34165,2.12664],[-58.33713,2.12331],[-58.33868,2.11248],[-58.32952,2.11284],[-58.32524,2.12355],[-58.32095,2.12724],[-58.29573,2.13711],[-58.29323,2.14663],[-58.29537,2.1552],[-58.27884,2.15496],[-58.27562,2.15972],[-58.2805,2.1709],[-58.28681,2.17744],[-58.2905,2.1897],[-58.278,2.19767],[-58.26646,2.2148],[-58.24743,2.22824],[-58.25028,2.23384],[-58.24886,2.25097],[-58.26325,2.25775],[-58.26968,2.2518],[-58.27253,2.24193],[-58.28074,2.23205],[-58.30406,2.22896],[-58.31405,2.2242],[-58.32654,2.22848],[-58.32666,2.23253],[-58.31572,2.23729],[-58.30953,2.24871],[-58.315,2.25489],[-58.32262,2.2537],[-58.32678,2.26358],[-58.31964,2.27952],[-58.30453,2.29261],[-58.30275,2.30094],[-58.29073,2.30129],[-58.2874,2.30915],[-58.28859,2.31962],[-58.27843,2.32639],[-58.27546,2.34198],[-58.26463,2.34662],[-58.2569,2.33579],[-58.24464,2.33793],[-58.23203,2.34531],[-58.22703,2.36351],[-58.23441,2.37089],[-58.24631,2.3697],[-58.25226,2.38136],[-58.26368,2.38386],[-58.26725,2.39028],[-58.26844,2.39968],[-58.27474,2.40277],[-58.27117,2.418],[-58.2682,2.42276],[-58.27105,2.43549],[-58.28355,2.45429],[-58.26546,2.45227],[-58.25999,2.44739],[-58.24857,2.44525],[-58.24036,2.45536],[-58.23001,2.45976],[-58.22406,2.47773],[-58.22608,2.48225],[-58.21906,2.49569],[-58.22406,2.50497],[-58.21692,2.51282],[-58.21573,2.51949],[-58.22013,2.52294],[-58.22109,2.53329],[-58.213,2.54209],[-58.20253,2.54697],[-58.20146,2.5503],[-58.20752,2.5616],[-58.20431,2.576],[-58.20562,2.5898],[-58.21097,2.59718],[-58.20729,2.60657],[-58.20776,2.62835],[-58.19967,2.64845],[-58.20229,2.65369],[-58.20943,2.65726],[-58.20859,2.66404],[-58.20027,2.66535],[-58.18908,2.66404],[-58.17481,2.66785],[-58.17528,2.67772],[-58.17266,2.68212],[-58.16136,2.68605],[-58.16362,2.69057],[-58.16065,2.70175],[-58.15577,2.7083],[-58.15815,2.72757],[-58.14923,2.72816],[-58.13828,2.72364],[-58.12222,2.7353],[-58.11806,2.75684],[-58.12591,2.76743],[-58.13305,2.7704],[-58.13899,2.78527],[-58.1359,2.79146],[-58.14399,2.79848],[-58.15077,2.79051],[-58.16683,2.78872],[-58.16909,2.79741],[-58.16886,2.81954],[-58.16517,2.82215],[-58.15541,2.81716],[-58.14169,2.822],[-58.13788,2.8314],[-58.13265,2.83449],[-58.13384,2.84508],[-58.13075,2.85781],[-58.11992,2.86602],[-58.1223,2.87958],[-58.12872,2.88398],[-58.12956,2.88969],[-58.13717,2.89326],[-58.13824,2.89873],[-58.14514,2.89933],[-58.15216,2.91218],[-58.15038,2.91872],[-58.1524,2.92955],[-58.14693,2.9349],[-58.13991,2.93597],[-58.1286,2.93371],[-58.1217,2.92681],[-58.11314,2.92657],[-58.10243,2.94692],[-58.09648,2.94787],[-58.09434,2.95596],[-58.10338,2.96322],[-58.11123,2.95917],[-58.11802,2.97131],[-58.11849,2.98178],[-58.12396,2.99605],[-58.14062,3.01961],[-58.14681,3.0252],[-58.1495,3.0325],[-58.15604,3.03179],[-58.16794,3.035],[-58.18995,3.04594],[-58.19661,3.04761],[-58.22064,3.06105],[-58.23064,3.06165],[-58.2367,3.06974],[-58.25217,3.08294],[-58.26252,3.08556],[-58.2699,3.09127],[-58.27454,3.10472],[-58.28167,3.10924],[-58.28548,3.1178],[-58.27596,3.12803],[-58.25812,3.13375],[-58.24991,3.13351],[-58.24551,3.12839],[-58.23563,3.12934],[-58.22897,3.13375],[-58.22552,3.14219],[-58.22885,3.14909],[-58.22945,3.15802],[-58.23873,3.15849],[-58.23932,3.1673],[-58.22671,3.18276],[-58.23182,3.19085],[-58.23123,3.1987],[-58.22326,3.19847],[-58.21719,3.2087],[-58.21636,3.22107],[-58.21005,3.22595],[-58.1997,3.22595],[-58.18162,3.23356],[-58.17079,3.26117],[-58.17412,3.26473],[-58.1721,3.2733],[-58.1646,3.28056],[-58.15901,3.2921],[-58.15925,3.2984],[-58.17293,3.3103],[-58.17353,3.31351],[-58.1884,3.31101],[-58.1997,3.32886],[-58.21874,3.35277],[-58.21517,3.35718],[-58.20529,3.35599],[-58.20077,3.36408],[-58.20137,3.36943],[-58.20922,3.37776],[-58.20993,3.38704],[-58.21981,3.3943],[-58.21636,3.41],[-58.211,3.42047],[-58.20208,3.44391],[-58.22243,3.45866],[-58.22754,3.46437],[-58.23075,3.47448],[-58.226,3.48198],[-58.22445,3.49197],[-58.23194,3.49816],[-58.23635,3.50887],[-58.23789,3.521],[-58.2323,3.54051],[-58.23646,3.5473],[-58.23718,3.55979],[-58.24717,3.55991],[-58.25598,3.5555],[-58.27049,3.55812],[-58.28037,3.56324],[-58.29393,3.56693],[-58.30249,3.57478],[-58.30416,3.58251],[-58.29821,3.58965],[-58.29203,3.60619],[-58.29583,3.63165],[-58.30868,3.6351],[-58.31606,3.63415],[-58.327,3.63783],[-58.33343,3.64842],[-58.33069,3.66627],[-58.33212,3.67293],[-58.34164,3.68102],[-58.35579,3.68007],[-58.36793,3.68661],[-58.37221,3.69577],[-58.38256,3.69637],[-58.39541,3.72302],[-58.39517,3.7298],[-58.38352,3.73634],[-58.3803,3.74693],[-58.37269,3.75978],[-58.36293,3.78334],[-58.36353,3.81296],[-58.36555,3.82522],[-58.36115,3.83926],[-58.37769,3.84865],[-58.38471,3.88018],[-58.37947,3.89089],[-58.38066,3.89862],[-58.39291,3.9085],[-58.39565,3.91968],[-58.39315,3.92789],[-58.39553,3.93277],[-58.40707,3.94395],[-58.41516,3.94942],[-58.41718,3.95966],[-58.42635,3.97262],[-58.43741,3.97929],[-58.44074,3.98381],[-58.43563,3.99487],[-58.43598,4.00201],[-58.44372,4.02271],[-58.44919,4.02473],[-58.48702,4.0264],[-58.49594,4.01902],[-58.50772,4.01855],[-58.52938,4.02914],[-58.54353,4.03045],[-58.55115,4.02842],[-58.57352,4.02592],[-58.58232,4.03175],[-58.5872,4.04318],[-58.59277,4.04703],[-58.58553,4.05745],[-58.57317,4.06557],[-58.55951,4.06635],[-58.54797,4.06992],[-58.53619,4.07623],[-58.50907,4.10538],[-58.50205,4.11751],[-58.5011,4.13],[-58.50181,4.1469],[-58.49122,4.15249],[-58.4773,4.14273],[-58.46683,4.14178],[-58.4635,4.1576],[-58.46421,4.17033],[-58.47944,4.18889],[-58.48658,4.19294],[-58.48587,4.20127],[-58.48991,4.20543],[-58.48599,4.22126],[-58.498,4.22554],[-58.50169,4.22935],[-58.50526,4.24529],[-58.51216,4.25909],[-58.50907,4.26516],[-58.51305,4.27913],[-58.49497,4.29864],[-58.4983,4.30292],[-58.49212,4.3128],[-58.49485,4.32315],[-58.48724,4.33754],[-58.49402,4.3473],[-58.49473,4.35432],[-58.50044,4.35908],[-58.49902,4.36895],[-58.49033,4.38204],[-58.48165,4.38644],[-58.48331,4.40119],[-58.48629,4.4069],[-58.47986,4.41559],[-58.48831,4.42523],[-58.48521,4.43546],[-58.4889,4.43926],[-58.48486,4.44736],[-58.48486,4.45402],[-58.49604,4.4608],[-58.50211,4.46841],[-58.50021,4.4746],[-58.50532,4.4821],[-58.51615,4.48864],[-58.5152,4.49221],[-58.52138,4.50006],[-58.53709,4.50744],[-58.54399,4.51457],[-58.55791,4.52409],[-58.58158,4.53278],[-58.5892,4.52861],[-58.59586,4.53456],[-58.59467,4.54122],[-58.59836,4.5467],[-58.608,4.54931],[-58.61085,4.56752],[-58.62548,4.57656],[-58.62322,4.58429],[-58.62882,4.59107],[-58.63167,4.60047],[-58.64178,4.60083],[-58.64285,4.61023],[-58.65344,4.61975],[-58.66546,4.63498],[-58.66748,4.64081],[-58.67462,4.64188],[-58.68069,4.65829],[-58.68045,4.66305],[-58.6864,4.68126],[-58.6914,4.68649],[-58.70448,4.68958],[-58.71079,4.69399],[-58.71079,4.70779],[-58.71448,4.71754],[-58.71126,4.73694],[-58.71662,4.7499],[-58.73244,4.75906],[-58.7422,4.76025],[-58.75469,4.75645],[-58.77051,4.76204],[-58.77694,4.7555],[-58.7886,4.7549],[-58.80073,4.75871],[-58.80537,4.7668],[-58.8018,4.78298],[-58.8043,4.78833],[-58.82179,4.79428],[-58.82607,4.80665],[-58.82369,4.81843],[-58.8246,4.8315],[-58.83531,4.84161],[-58.83983,4.84911],[-58.83198,4.86041],[-58.83353,4.86517],[-58.84138,4.87088],[-58.85137,4.88408],[-58.85851,4.9237],[-58.86256,4.93453],[-58.87207,4.94167],[-58.87743,4.9494],[-58.87862,4.95868],[-58.88659,4.97998],[-58.88623,4.99877],[-58.88254,5.00782],[-58.87362,5.01983],[-58.87838,5.03732],[-58.87219,5.04827],[-58.87338,5.0579],[-58.86422,5.07218],[-58.86601,5.07872],[-58.86244,5.08527],[-58.86644,5.09609],[-58.86632,5.10918],[-58.8599,5.11287],[-58.85121,5.12441],[-58.85359,5.13785],[-58.85008,5.14834],[-58.84913,5.1757],[-58.85651,5.19022],[-58.85115,5.20699],[-58.85246,5.21568],[-58.84961,5.22139],[-58.85199,5.22781],[-58.84973,5.2365],[-58.8414,5.25446],[-58.8615,5.26458],[-58.86436,5.26862],[-58.87352,5.27255],[-58.8803,5.28397],[-58.89089,5.29158],[-58.8966,5.303],[-58.90731,5.30467],[-58.90576,5.31597],[-58.91076,5.3287],[-58.91064,5.33608],[-58.90184,5.36154],[-58.90386,5.36642],[-58.89815,5.37106],[-58.89315,5.38795],[-58.88447,5.39473],[-58.86376,5.40806],[-58.85485,5.40588],[-58.83576,5.40917],[-58.82489,5.40899],[-58.8151,5.41205],[-58.80297,5.40765],[-58.79,5.40895],[-58.77394,5.41395],[-58.75764,5.42323],[-58.75229,5.42299],[-58.74193,5.42847],[-58.72885,5.43037],[-58.71743,5.42466],[-58.6947,5.43215],[-58.67716,5.44382],[-58.66324,5.46607],[-58.65408,5.48308],[-58.6423,5.49236],[-58.6291,5.52936],[-58.63255,5.55078],[-58.62838,5.56613],[-58.62446,5.57041],[-58.61648,5.59777],[-58.61054,5.60527],[-58.6072,5.6174],[-58.60923,5.62609],[-58.60363,5.65333],[-58.6166,5.6644],[-58.61839,5.67106],[-58.61636,5.69188],[-58.61101,5.69652],[-58.60982,5.71496],[-58.61375,5.72293],[-58.61482,5.73447],[-58.60863,5.74708],[-58.6097,5.75755],[-58.61434,5.7729],[-58.61636,5.78563],[-58.61268,5.79075],[-58.61541,5.80907],[-58.61018,5.82394],[-58.60197,5.83025],[-58.59566,5.84],[-58.59483,5.84678],[-58.59721,5.85927],[-58.59447,5.88069],[-58.58841,5.89045],[-58.59209,5.89425],[-58.58008,5.90175],[-58.5796,5.91829],[-58.59007,5.94149],[-58.59055,5.95374],[-58.58769,5.96028],[-58.58579,5.97694],[-58.58626,5.9867],[-58.58313,5.99061],[-58.58151,6.00133],[-58.58246,6.01846],[-58.59578,6.02548],[-58.59697,6.03428],[-58.59364,6.03833],[-58.60576,6.05224],[-58.59981,6.06664],[-58.5891,6.06914],[-58.58934,6.07556],[-58.59517,6.08782],[-58.59362,6.094],[-58.58743,6.09638],[-58.59124,6.10316],[-58.5935,6.11696],[-58.58553,6.12184],[-58.58505,6.12981],[-58.58041,6.13481],[-58.58085,6.14228],[-58.5772,6.14921],[-58.58137,6.16907],[-58.58232,6.18014],[-58.5778,6.19358],[-58.58517,6.21024],[-58.58696,6.22261],[-58.58529,6.23261],[-58.57256,6.25414],[-58.57875,6.26354],[-58.58077,6.27746],[-58.58886,6.29522],[-58.5911,6.31056],[-58.59748,6.31935],[-58.59993,6.32731],[-58.61402,6.34158],[-58.61591,6.35019],[-58.60944,6.35443],[-58.61396,6.36621],[-58.6166,6.3869],[-58.62039,6.39393],[-58.61729,6.40672],[-58.62197,6.41058],[-58.63023,6.41137],[-58.63772,6.39781],[-58.66532,6.3871],[-58.68579,6.36949],[-58.69245,6.35879],[-58.7009,6.34915],[-58.70804,6.33118],[-58.71993,6.32369],[-58.72053,6.31833],[-58.7266,6.31191],[-58.73135,6.32202],[-58.71589,6.33023],[-58.71339,6.34641],[-58.70804,6.34998],[-58.70054,6.36164],[-58.69328,6.38234],[-58.71208,6.38698],[-58.72886,6.38663],[-58.73599,6.3827],[-58.75015,6.37972],[-58.76788,6.38448],[-58.7674,6.39281],[-58.76264,6.39472],[-58.75325,6.38924],[-58.74052,6.38972],[-58.72814,6.39507],[-58.71791,6.39222],[-58.70578,6.39127],[-58.69911,6.39436],[-58.69102,6.39162],[-58.6821,6.39293],[-58.67199,6.3984],[-58.65831,6.39864],[-58.65236,6.40983],[-58.63784,6.42708],[-58.6307,6.44492],[-58.62153,6.45609],[-58.61686,6.4738],[-58.61344,6.50165],[-58.60547,6.51273],[-58.61826,6.53528],[-58.621,6.55105],[-58.62026,6.56047],[-58.61223,6.57533],[-58.6153,6.58189],[-58.61812,6.60049],[-58.62159,6.61475],[-58.62063,6.62534],[-58.61276,6.6551],[-58.61398,6.66353],[-58.61035,6.66969],[-58.6064,6.69088],[-58.60658,6.69822],[-58.60141,6.7098],[-58.59921,6.74538],[-58.5978,6.753],[-58.60256,6.7806],[-58.60232,6.79036],[-58.59351,6.80463],[-58.5878,6.82795],[-58.58542,6.83128],[-58.57971,6.85746],[-58.57567,6.86864],[-58.574,6.87935],[-58.56614,6.89707],[-58.55711,6.92337],[-58.54783,6.94074],[-58.5414,6.94954],[-58.52975,6.96049],[-58.50214,6.97786],[-58.49239,6.99618],[-58.48683,7.01204],[-58.48005,7.0569],[-58.47781,7.09328],[-58.47538,7.11708],[-58.47399,7.14114],[-58.47541,7.15541],[-58.48358,7.17274],[-58.48858,7.18773],[-58.48596,7.20462],[-58.48494,7.22526],[-58.47656,7.26612],[-58.47505,7.28375],[-58.47656,7.29321],[-58.47634,7.30998],[-58.47935,7.3289],[-58.48344,7.34202],[-58.49505,7.36202],[-58.50279,7.36976],[-58.50795,7.37943],[-58.5172,7.38244],[-58.52645,7.39062],[-58.53655,7.4089],[-58.54279,7.41384],[-58.54429,7.42029],[-58.55053,7.42567],[-58.57418,7.46201],[-58.58257,7.46803],[-58.60208,7.49016],[-58.60113,7.4942],[-58.60874,7.50039],[-58.63539,7.53156],[-58.64277,7.54536],[-58.64919,7.55155],[-58.66322,7.57509],[-58.67035,7.58889],[-58.68011,7.59912],[-58.70985,7.61126],[-58.72603,7.62268],[-58.74293,7.62458],[-58.75173,7.62149],[-58.76506,7.6253],[-58.78386,7.64838],[-58.786,7.65742],[-58.79169,7.66359],[-58.79771,7.67791],[-58.80457,7.68289],[-58.81147,7.69407],[-58.814,7.7028],[-58.82288,7.72143],[-58.83049,7.73118],[-58.84336,7.74119],[-58.85526,7.74547],[-58.87024,7.7538],[-58.88428,7.77331],[-58.90094,7.78878],[-58.9126,7.79568],[-58.92401,7.81113],[-58.93639,7.81781],[-58.95565,7.84254],[-58.95684,7.84635],[-58.97183,7.86586],[-58.98992,7.88323],[-58.99682,7.89322],[-59.02014,7.92297],[-59.03737,7.93672],[-59.06505,7.96953],[-59.08709,7.99426],[-59.10448,8.01214],[-59.12039,8.02659],[-59.1439,8.04324],[-59.15982,8.05622],[-59.17456,8.06357],[-59.19312,8.07483],[-59.20904,8.08683],[-59.23206,8.10103],[-59.25116,8.10936],[-59.27982,8.12773],[-59.3021,8.14316],[-59.32635,8.15466],[-59.3523,8.17279],[-59.38904,8.19287],[-59.4393,8.22298],[-59.45528,8.23455],[-59.463,8.23749],[-59.48118,8.24943],[-59.48742,8.25108],[-59.52875,8.27349],[-59.54626,8.28079],[-59.60258,8.30993],[-59.62683,8.32658],[-59.65376,8.34323],[-59.69157,8.36828],[-59.7097,8.37881],[-59.743,8.39596],[-59.767,8.40306],[-59.79262,8.40229],[-59.80912,8.39816],[-59.81402,8.39253],[-59.80814,8.38592],[-59.77729,8.36706],[-59.76651,8.35922],[-59.75255,8.34649],[-59.73174,8.33596],[-59.71729,8.32665],[-59.7106,8.3194],[-59.69726,8.31177],[-59.68349,8.30811],[-59.66936,8.30009],[-59.65559,8.28405],[-59.646,8.2762],[-59.62612,8.27219],[-59.61845,8.26731],[-59.6052,8.249],[-59.59439,8.24586],[-59.5691,8.2422],[-59.53615,8.23296],[-59.50337,8.19879],[-59.48,8.1824],[-59.46536,8.16827],[-59.44862,8.15467],[-59.43955,8.13741],[-59.43362,8.13392],[-59.41462,8.14055],[-59.39805,8.14003],[-59.38689,8.13479],[-59.37242,8.12346],[-59.36248,8.10027],[-59.34899,8.0827],[-59.339,8.07794],[-59.32817,8.07984],[-59.32127,8.07866],[-59.30402,8.07033],[-59.2932,8.06129],[-59.28511,8.04499],[-59.27142,8.03071],[-59.25393,8.0244],[-59.24632,8.01976],[-59.24358,8.00929],[-59.24775,7.99299],[-59.24489,7.97646],[-59.23668,7.95528],[-59.24001,7.94017],[-59.24049,7.91566],[-59.23764,7.90246],[-59.22943,7.87747],[-59.21824,7.85653],[-59.21372,7.8325],[-59.218,7.81894],[-59.22883,7.80978],[-59.24227,7.8049],[-59.2487,7.79705],[-59.25786,7.77837],[-59.25976,7.77956],[-59.2481,7.8018],[-59.24037,7.80799],[-59.23228,7.81025],[-59.21729,7.82191],[-59.21515,7.82976],[-59.22038,7.85463],[-59.2305,7.87485],[-59.24097,7.90531],[-59.24311,7.91566],[-59.24287,7.93601],[-59.23859,7.95159],[-59.23882,7.95695],[-59.24834,7.97979],[-59.24965,7.99478],[-59.24525,8.01227],[-59.2531,8.02167],[-59.26678,8.02536],[-59.2813,8.03594],[-59.28701,8.0438],[-59.2926,8.05605],[-59.30283,8.06735],[-59.3277,8.07735],[-59.34316,8.07568],[-59.35042,8.0808],[-59.36562,8.10027],[-59.37417,8.12137],[-59.38376,8.12974],[-59.39561,8.13602],[-59.40224,8.13567],[-59.42717,8.12695],[-59.44234,8.13706],[-59.44862,8.15066],[-59.45385,8.15589],[-59.46902,8.16635],[-59.48646,8.18327],[-59.5025,8.19321],[-59.529,8.21849],[-59.54016,8.23157],[-59.5759,8.23802],[-59.59997,8.23715],[-59.60764,8.23872],[-59.61339,8.24482],[-59.61426,8.25423],[-59.62141,8.26487],[-59.62699,8.26853],[-59.64042,8.26993],[-59.65053,8.27411],[-59.65803,8.28004],[-59.6709,8.2937],[-59.69648,8.29904],[-59.70485,8.30253],[-59.71066,8.31462],[-59.7168,8.322],[-59.74521,8.3375],[-59.75206,8.33963],[-59.77288,8.35261],[-59.7812,8.35139],[-59.78169,8.34061],[-59.79467,8.3482],[-59.8221,8.35947],[-59.83092,8.358],[-59.84618,8.36276],[-59.80843,8.31477],[-59.79583,8.27773],[-59.79656,8.27088],[-59.82285,8.23255],[-59.94646,8.21475],[-59.94588,8.19649],[-59.94759,8.1948],[-59.95196,8.19279],[-59.97601,8.1857],[-59.97861,8.18131],[-59.97957,8.17737],[-59.98038,8.17306],[-59.98139,8.16948],[-59.98179,8.16696],[-59.98476,8.1632],[-59.98755,8.16061],[-59.99071,8.15802],[-59.9928,8.15631],[-59.99138,8.14864],[-59.98055,8.13709],[-59.97955,8.13306],[-59.97974,8.13095],[-59.98222,8.12804],[-59.98494,8.12613],[-59.98745,8.12469],[-59.99093,8.12221],[-59.99338,8.11739],[-59.99889,8.096],[-59.99824,8.07933],[-60.00944,8.07228],[-60.0137,8.05633],[-60.02087,8.04982],[-60.02458,8.04755],[-60.02719,8.04253],[-60.03866,8.03938],[-60.04442,8.03567],[-60.04882,8.02814],[-60.05502,8.02681],[-60.06313,8.02598],[-60.06784,8.02889],[-60.07114,8.03131],[-60.08014,8.03382],[-60.08968,8.03253],[-60.09783,8.02838],[-60.10262,8.02656],[-60.10691,8.02614],[-60.1175,8.01729],[-60.12868,8.0018],[-60.15176,7.98505],[-60.16181,7.9814],[-60.17429,7.97352],[-60.18293,7.96843],[-60.1915,7.96808],[-60.19567,7.96792],[-60.19871,7.9652],[-60.20062,7.96109],[-60.20495,7.95926],[-60.21909,7.95998],[-60.22774,7.95205],[-60.23544,7.94618],[-60.24262,7.93085],[-60.24496,7.92347],[-60.24728,7.91757],[-60.28638,7.88626],[-60.29245,7.87745],[-60.29915,7.8768],[-60.3081,7.87471],[-60.31563,7.86814],[-60.31719,7.86298],[-60.3225,7.85564],[-60.33739,7.85363],[-60.34938,7.84712],[-60.36212,7.83989],[-60.36938,7.83353],[-60.37781,7.83305],[-60.38497,7.83675],[-60.39462,7.83449],[-60.3977,7.82913],[-60.40674,7.82806],[-60.42713,7.83134],[-60.43846,7.8381],[-60.44685,7.84001],[-60.45406,7.84071],[-60.46188,7.84022],[-60.48426,7.83094],[-60.50047,7.83236],[-60.51679,7.82659],[-60.53066,7.82318],[-60.53741,7.81368],[-60.53756,7.80289],[-60.54069,7.79334],[-60.55631,7.79012],[-60.58598,7.79572],[-60.60167,7.79074],[-60.60033,7.7796],[-60.59602,7.76841],[-60.59156,7.76442],[-60.59172,7.75243],[-60.59104,7.74585],[-60.58724,7.74],[-60.58304,7.7353],[-60.55837,7.7253],[-60.5565,7.72025],[-60.55817,7.71177],[-60.55983,7.70328],[-60.56227,7.69558],[-60.57929,7.66991],[-60.58486,7.65916],[-60.60054,7.64623],[-60.60371,7.64124],[-60.60724,7.63781],[-60.61155,7.63439],[-60.61598,7.62208],[-60.61992,7.61749],[-60.62227,7.61559],[-60.62763,7.60336],[-60.63325,7.60009],[-60.63667,7.59457],[-60.63846,7.58625],[-60.63802,7.57734],[-60.64538,7.56909],[-60.65101,7.56527],[-60.65936,7.56649],[-60.66322,7.56989],[-60.66993,7.56886],[-60.6794,7.5701],[-60.68215,7.57292],[-60.68494,7.5724],[-60.68665,7.56964],[-60.68672,7.56464],[-60.68677,7.56074],[-60.6868,7.55851],[-60.69243,7.55525],[-60.69807,7.55032],[-60.69817,7.54308],[-60.69992,7.53698],[-60.70386,7.53425],[-60.70227,7.52867],[-60.70179,7.52254],[-60.69761,7.50189],[-60.69208,7.49792],[-60.68877,7.49564],[-60.68544,7.49449],[-60.68054,7.48551],[-60.67728,7.47879],[-60.67509,7.47598],[-60.66787,7.47365],[-60.66285,7.47359],[-60.65562,7.47238],[-60.65568,7.46792],[-60.65071,7.46452],[-60.63733,7.46378],[-60.63294,7.45871],[-60.62367,7.443],[-60.62438,7.43243],[-60.62675,7.42189],[-60.61576,7.41005],[-60.61252,7.40221],[-60.59935,7.38645],[-60.59779,7.37808],[-60.59621,7.37193],[-60.58912,7.36015],[-60.58208,7.34447],[-60.57885,7.33663],[-60.57729,7.32826],[-60.57629,7.31989],[-60.57864,7.31102],[-60.58539,7.30666],[-60.58719,7.29722],[-60.59236,7.28616],[-60.59575,7.28286],[-60.60084,7.27737],[-60.60923,7.27525],[-60.61489,7.26921],[-60.61575,7.24695],[-60.61532,7.23804],[-60.61041,7.23018],[-60.60497,7.22009],[-60.60059,7.21446],[-60.59059,7.2121],[-60.5862,7.20703],[-60.58403,7.20254],[-60.57632,7.1952],[-60.56597,7.17836],[-60.54955,7.15643],[-60.54465,7.14801],[-60.53976,7.13848],[-60.52357,7.14048],[-60.52012,7.14823],[-60.5195,7.15267],[-60.51942,7.15879],[-60.51935,7.16325],[-60.51706,7.16823],[-60.51313,7.16984],[-60.50756,7.16976],[-60.5031,7.1697],[-60.50032,7.16966],[-60.4953,7.1696],[-60.49248,7.17178],[-60.49021,7.17509],[-60.49017,7.17787],[-60.48956,7.18176],[-60.48501,7.18838],[-60.47767,7.18698],[-60.46905,7.18686],[-60.46104,7.19927],[-60.45435,7.20114],[-60.44965,7.20068],[-60.44578,7.19749],[-60.44305,7.19589],[-60.43758,7.19503],[-60.43366,7.19498],[-60.42702,7.19371],[-60.42193,7.19325],[-60.41246,7.19781],[-60.39564,7.19523],[-60.3918,7.18969],[-60.38949,7.18653],[-60.38399,7.18763],[-60.38197,7.1923],[-60.37838,7.19655],[-60.35606,7.19506],[-60.34521,7.18669],[-60.34407,7.18393],[-60.3429,7.18353],[-60.3363,7.17913],[-60.32183,7.17697],[-60.31519,7.17531],[-60.30545,7.17164],[-60.29959,7.17],[-60.29337,7.16638],[-60.28873,7.1624],[-60.28646,7.1565],[-60.28768,7.15339],[-60.28697,7.1479],[-60.28979,7.14246],[-60.28908,7.13775],[-60.29305,7.13389],[-60.30183,7.12306],[-60.3027,7.11681],[-60.2969,7.11164],[-60.29743,7.10186],[-60.29873,7.09287],[-60.30162,7.08235],[-60.30614,7.06793],[-60.30664,7.06011],[-60.30672,7.05463],[-60.31108,7.05078],[-60.32012,7.04934],[-60.33077,7.04401],[-60.33789,7.03902],[-60.34425,7.03246],[-60.3471,7.02545],[-60.34953,7.01966],[-60.35255,7.01384],[-60.36296,7.00469],[-60.3694,6.99988],[-60.36709,6.98958],[-60.36916,6.98227],[-60.36926,6.97493],[-60.37178,6.96958],[-60.37596,6.95154],[-60.37658,6.94225],[-60.37911,6.93592],[-60.384,6.93648],[-60.38936,6.93851],[-60.40289,6.95094],[-60.41122,6.95105],[-60.41664,6.94819],[-60.41864,6.94529],[-60.44616,6.93833],[-60.45261,6.93206],[-60.4595,6.92971],[-60.46353,6.92145],[-60.46949,6.91566],[-60.47784,6.91382],[-60.48379,6.90852],[-60.49087,6.89198],[-60.50324,6.88285],[-60.51305,6.88103],[-60.53459,6.88133],[-60.54004,6.877],[-60.54213,6.86724],[-60.54663,6.86046],[-60.555,6.85715],[-60.56384,6.85531],[-60.57167,6.85542],[-60.57703,6.85696],[-60.58633,6.85708],[-60.605,6.85196],[-60.61244,6.84521],[-60.63452,6.8411],[-60.6586,6.83458],[-60.6734,6.82597],[-60.68537,6.80999],[-60.69549,6.78517],[-60.70145,6.77889],[-60.70796,6.76821],[-60.7164,6.75903],[-60.72231,6.75666],[-60.73111,6.75727],[-60.74083,6.76229],[-60.74817,6.76239],[-60.76033,6.76793],[-60.77489,6.77742],[-60.79876,6.78655],[-60.80603,6.79154],[-60.80894,6.79353],[-60.82557,6.79473],[-60.83052,6.79039],[-60.83302,6.787],[-60.84725,6.78425],[-60.85311,6.78482],[-60.8648,6.78986],[-60.88665,6.80287],[-60.8939,6.80982],[-60.90069,6.81529],[-60.90996,6.81737],[-60.91583,6.81744],[-60.92276,6.81166],[-60.9273,6.80144],[-60.9275,6.78628],[-60.9227,6.77839],[-60.91544,6.77242],[-60.9086,6.77135],[-60.9042,6.7713],[-60.90328,6.76688],[-60.90342,6.75612],[-60.90739,6.75128],[-60.91379,6.74842],[-60.9192,6.74654],[-60.92947,6.74716],[-60.93786,6.74238],[-60.94184,6.73705],[-60.94196,6.72775],[-60.94496,6.7229],[-60.95383,6.71861],[-60.96657,6.7173],[-60.98368,6.71899],[-60.99195,6.72301],[-60.99726,6.72846],[-61.00113,6.73194],[-61.00504,6.73248],[-61.01091,6.73255],[-61.01536,6.72919],[-61.01982,6.72484],[-61.02672,6.72101],[-61.03114,6.72009],[-61.04288,6.72024],[-61.05461,6.72186],[-61.05999,6.72193],[-61.06728,6.72593],[-61.0726,6.73089],[-61.07798,6.73145],[-61.07995,6.7305],[-61.08246,6.72564],[-61.08399,6.72027],[-61.08553,6.71491],[-61.08562,6.70757],[-61.08908,6.70517],[-61.09348,6.70523],[-61.1051,6.71516],[-61.10947,6.71815],[-61.11482,6.72115],[-61.12311,6.72322],[-61.14613,6.72204],[-61.15157,6.7177],[-61.15308,6.71381],[-61.1551,6.70894],[-61.15519,6.70209],[-61.15524,6.69818],[-61.15971,6.69285],[-61.16757,6.69001],[-61.17302,6.6847],[-61.17749,6.67937],[-61.18398,6.66918],[-61.18797,6.66336],[-61.19001,6.65702],[-61.19061,6.64822],[-61.18967,6.64478],[-61.18433,6.64129],[-61.18436,6.63885],[-61.18441,6.63542],[-61.1874,6.63057],[-61.20014,6.62926],[-61.20901,6.62399],[-61.21208,6.61326],[-61.21356,6.57364],[-61.20332,6.57009],[-61.21266,6.56678],[-61.21661,6.5639],[-61.21663,6.56243],[-61.2152,6.55947],[-61.21625,6.55362],[-61.21234,6.55357],[-61.21191,6.54867],[-61.21295,6.54379],[-61.20658,6.54469],[-61.19972,6.54509],[-61.19633,6.5426],[-61.1881,6.53565],[-61.18328,6.52923],[-61.17644,6.52866],[-61.16866,6.52464],[-61.16325,6.52751],[-61.1604,6.52063],[-61.1595,6.51425],[-61.15518,6.50784],[-61.14806,6.49013],[-61.14963,6.48184],[-61.1507,6.47451],[-61.14688,6.46712],[-61.13911,6.46311],[-61.13474,6.46012],[-61.12445,6.46146],[-61.12305,6.45655],[-61.1231,6.45214],[-61.12314,6.44872],[-61.12173,6.4443],[-61.11987,6.43645],[-61.11863,6.41881],[-61.1202,6.41052],[-61.13058,6.40233],[-61.13119,6.39255],[-61.1342,6.38672],[-61.13914,6.38238],[-61.14312,6.37753],[-61.14513,6.37315],[-61.14711,6.37073],[-61.14621,6.36485],[-61.14575,6.3624],[-61.14596,6.34576],[-61.14895,6.3414],[-61.1511,6.32005],[-61.13289,6.28345],[-61.10939,6.27284],[-61.12019,6.25722],[-61.10145,6.25365],[-61.11247,6.2453],[-61.10101,6.24091],[-61.10934,6.22919],[-61.10218,6.22031],[-61.10261,6.21666],[-61.10262,6.21589],[-61.10249,6.21529],[-61.10168,6.21446],[-61.10118,6.21399],[-61.10262,6.21227],[-61.10263,6.21173],[-61.10263,6.21113],[-61.10241,6.21076],[-61.10251,6.20976],[-61.10431,6.20841],[-61.10478,6.20759],[-61.10525,6.20646],[-61.10854,6.20654],[-61.10836,6.20224],[-61.11103,6.19382],[-61.10893,6.18296],[-61.11159,6.18199],[-61.11362,6.18019],[-61.11438,6.17398],[-61.11558,6.17345],[-61.1164,6.17355],[-61.11704,6.17351],[-61.11732,6.17329],[-61.11766,6.17174],[-61.11803,6.17128],[-61.11741,6.16958],[-61.11845,6.1669],[-61.11553,6.16289],[-61.11184,6.16234],[-61.11097,6.16205],[-61.10984,6.13251],[-61.11063,6.13165],[-61.11187,6.13048],[-61.11294,6.12926],[-61.11518,6.1286],[-61.11785,6.13115],[-61.12004,6.13127],[-61.12172,6.13216],[-61.12418,6.13228],[-61.12779,6.13228],[-61.12915,6.13292],[-61.1312,6.13294],[-61.13217,6.13301],[-61.13302,6.13312],[-61.13346,6.13363],[-61.13385,6.13504],[-61.13938,6.1341],[-61.15642,6.13929],[-61.16583,6.12143],[-61.16431,6.11403],[-61.15913,6.10718],[-61.15939,6.10643],[-61.1597,6.10584],[-61.16031,6.10539],[-61.16106,6.10505],[-61.16132,6.10455],[-61.16144,6.10325],[-61.16113,6.09973],[-61.16159,6.09938],[-61.16244,6.09954],[-61.16289,6.09945],[-61.16812,6.09135],[-61.16765,6.08987],[-61.16777,6.0883],[-61.16817,6.08743],[-61.16798,6.08654],[-61.17762,6.08352],[-61.18086,6.08376],[-61.17963,6.07992],[-61.18051,6.07993],[-61.1816,6.07926],[-61.18162,6.07769],[-61.18155,6.07523],[-61.18562,6.07087],[-61.18407,6.06948],[-61.18619,6.0649],[-61.18678,6.06412],[-61.18717,6.06491],[-61.18716,6.06559],[-61.18794,6.06551],[-61.18824,6.06531],[-61.19086,6.06721],[-61.19222,6.06782],[-61.19263,6.06645],[-61.19633,6.06865],[-61.20023,6.07782],[-61.2064,6.08082],[-61.20794,6.08089],[-61.20943,6.08119],[-61.20971,6.08053],[-61.20862,6.07941],[-61.20847,6.07825],[-61.20982,6.07639],[-61.2107,6.07629],[-61.21142,6.07559],[-61.21336,6.07528],[-61.21442,6.07441],[-61.21442,6.07375],[-61.21411,6.07269],[-61.21345,6.07208],[-61.21302,6.07152],[-61.21346,6.07109],[-61.21429,6.07082],[-61.2148,6.07022],[-61.2147,6.06917],[-61.21614,6.06864],[-61.21694,6.06633],[-61.21883,6.06547],[-61.21818,6.0643],[-61.21868,6.06348],[-61.21949,6.06515],[-61.21993,6.06504],[-61.21996,6.06306],[-61.22008,6.06218],[-61.22057,6.0624],[-61.22329,6.06128],[-61.23193,6.06243],[-61.23449,6.06473],[-61.23608,6.06491],[-61.23657,6.06564],[-61.2369,6.06597],[-61.23729,6.06581],[-61.23762,6.06559],[-61.23834,6.06544],[-61.23951,6.06429],[-61.24259,6.06439],[-61.24289,6.06284],[-61.24322,6.06246],[-61.24389,6.06247],[-61.24448,6.06303],[-61.24736,6.06251],[-61.24783,6.05954],[-61.25032,6.05935],[-61.25088,6.0587],[-61.25154,6.05832],[-61.25116,6.0491],[-61.25161,6.04817],[-61.25239,6.0474],[-61.25274,6.04586],[-61.2549,6.04501],[-61.2571,6.03643],[-61.26274,6.03098],[-61.26274,6.03054],[-61.26335,6.03027],[-61.26429,6.0305],[-61.265,6.03068],[-61.26561,6.03008],[-61.26551,6.02925],[-61.26801,6.02773],[-61.26933,6.02814],[-61.27146,6.02491],[-61.2699,6.02191],[-61.27604,6.02],[-61.27652,6.01669],[-61.27708,6.01626],[-61.27824,6.01589],[-61.27896,6.01546],[-61.27974,6.01519],[-61.28057,6.01465],[-61.28135,6.01416],[-61.28207,6.01389],[-61.28204,6.01329],[-61.28177,6.01241],[-61.28177,6.01198],[-61.28186,6.01166],[-61.28226,6.01147],[-61.28227,6.01068],[-61.28053,6.01042],[-61.27972,6.0085],[-61.27989,6.00771],[-61.28236,6.00628],[-61.28429,6.0069],[-61.28506,6.00528],[-61.29012,6.00566],[-61.29014,6.00451],[-61.29031,6.00329],[-61.29045,6.00158],[-61.28998,6.0011],[-61.28935,6.0007],[-61.28892,6.00061],[-61.28885,6.00018],[-61.28889,5.99974],[-61.29006,5.99754],[-61.29142,5.99648],[-61.29364,5.99612],[-61.29401,5.99541],[-61.29446,5.99375],[-61.29451,5.99323],[-61.29464,5.99236],[-61.29517,5.99134],[-61.29607,5.98529],[-61.3135,5.9645],[-61.31266,5.95566],[-61.31109,5.95457],[-61.3109,5.95405],[-61.31055,5.95349],[-61.30948,5.9534],[-61.30905,5.95327],[-61.30921,5.9528],[-61.30941,5.95249],[-61.31328,5.94996],[-61.33265,5.93864],[-61.34923,5.93859],[-61.35795,5.93609],[-61.36645,5.93129],[-61.36991,5.92602],[-61.37115,5.91608],[-60.73591,5.20476],[-60.73584,5.20439],[-60.73569,5.20385],[-60.73534,5.2031],[-60.73414,5.20214],[-60.73116,5.20144],[-60.72989,5.20126],[-60.72865,5.20115],[-60.71989,5.20607],[-60.70523,5.21113],[-60.68731,5.21186],[-60.67283,5.21602],[-60.65472,5.21566],[-60.58702,5.20751],[-60.57398,5.2048],[-60.55714,5.19937],[-60.55153,5.18959],[-60.5461,5.18525],[-60.52908,5.18416],[-60.50627,5.18597],[-60.48944,5.18362],[-60.47948,5.178],[-60.46934,5.17855],[-60.45921,5.17221],[-60.4402,5.1742],[-60.40182,5.18181],[-60.38335,5.18416],[-60.36145,5.19448],[-60.34877,5.1981],[-60.33031,5.20987],[-60.31438,5.21005],[-60.30352,5.21439],[-60.29338,5.22182],[-60.26948,5.222],[-60.25971,5.22544],[-60.24649,5.23883],[-60.21119,5.24662],[-60.19073,5.2611],[-60.18367,5.26834],[-60.17534,5.26961],[-60.15724,5.26164],[-60.1433,5.24969],[-60.12972,5.24227],[-60.12646,5.23557],[-60.11524,5.22743],[-60.11144,5.20661],[-60.10275,5.19394],[-60.09768,5.17076],[-60.09822,5.15845],[-60.09388,5.1456],[-60.0879,5.13383],[-60.0832,5.13112],[-60.06346,5.13166],[-60.04129,5.1068],[-60.03271,5.10469],[-60.01665,5.08898],[-59.99791,5.08363],[-59.99041,5.08425],[-59.97489,5.07836],[-59.97114,5.07364],[-59.96998,5.06284],[-59.9773,5.05365],[-59.97774,5.03464],[-59.97498,5.03161],[-59.9773,5.01876],[-59.98524,5.01796],[-59.98515,5.00618],[-59.98916,5.00029],[-59.98649,4.99021],[-59.99014,4.98387],[-59.9872,4.97423],[-59.99354,4.96531],[-59.98898,4.95041],[-59.99478,4.94229],[-59.99147,4.93748],[-59.99694,4.9307],[-59.99766,4.92011],[-60.00123,4.91678],[-60.00682,4.88739],[-60.00539,4.87835],[-60.00979,4.87252],[-60.00848,4.86503],[-60.01312,4.84361],[-60.01717,4.83683],[-60.02359,4.83302],[-60.02764,4.81744],[-60.02252,4.81339],[-60.03121,4.80661],[-60.03561,4.79079],[-60.02133,4.78353],[-60.02609,4.76521],[-60.02407,4.74808],[-60.02895,4.73594],[-60.03502,4.73261],[-60.03335,4.71809],[-60.02693,4.71453],[-60.0249,4.70703],[-60.03287,4.69799],[-60.04263,4.69394],[-60.05738,4.6786],[-60.06452,4.66753],[-60.07582,4.65409],[-60.07095,4.64957],[-60.07035,4.63719],[-60.07535,4.63362],[-60.0694,4.61875],[-60.07178,4.61566],[-60.08391,4.61114],[-60.08962,4.60519],[-60.10128,4.60329],[-60.10854,4.60721],[-60.11318,4.6021],[-60.12353,4.60448],[-60.13055,4.59496],[-60.12651,4.58318],[-60.12817,4.57461],[-60.13555,4.58044],[-60.13995,4.56581],[-60.14626,4.56629],[-60.15018,4.57556],[-60.16077,4.55986],[-60.15316,4.54773],[-60.15673,4.53999],[-60.15815,4.5256],[-60.16101,4.51846],[-60.15066,4.51156],[-60.13769,4.51489],[-60.12163,4.50216],[-60.10081,4.50894],[-60.09974,4.51881],[-60.10533,4.52381],[-60.10378,4.52833],[-60.09498,4.52762],[-60.09129,4.53321],[-60.07761,4.52464],[-60.06583,4.5231],[-60.06702,4.50668],[-60.07106,4.49395],[-60.05762,4.49573],[-60.03383,4.49098],[-60.02514,4.49454],[-60.01776,4.48979],[-60.00825,4.49597],[-60.0023,4.49538],[-59.99492,4.48836],[-59.98838,4.4855],[-59.97541,4.48883],[-59.97077,4.50953],[-59.96494,4.50858],[-59.95173,4.50014],[-59.94079,4.49728],[-59.9252,4.49026],[-59.9308,4.48146],[-59.91105,4.47694],[-59.91557,4.46801],[-59.91057,4.46087],[-59.90486,4.46504],[-59.89832,4.4786],[-59.87904,4.47551],[-59.87809,4.48384],[-59.87107,4.4855],[-59.86857,4.47694],[-59.86262,4.47206],[-59.86964,4.46647],[-59.87131,4.46099],[-59.86215,4.45255],[-59.8543,4.45624],[-59.84906,4.45338],[-59.83086,4.45778],[-59.8311,4.45171],[-59.82586,4.44862],[-59.8123,4.44636],[-59.80611,4.45445],[-59.80504,4.46528],[-59.79481,4.46563],[-59.79552,4.45017],[-59.79219,4.44684],[-59.78374,4.45017],[-59.77494,4.4416],[-59.7684,4.4391],[-59.75103,4.42078],[-59.73639,4.42435],[-59.73116,4.42042],[-59.72937,4.41376],[-59.71926,4.41019],[-59.72045,4.3983],[-59.71284,4.39627],[-59.69285,4.38009],[-59.68297,4.38509],[-59.6731,4.37736],[-59.67036,4.37105],[-59.68,4.36772],[-59.6819,4.35773],[-59.6781,4.35618],[-59.67587,4.34666],[-59.67956,4.34059],[-59.69062,4.33441],[-59.70466,4.31751],[-59.70347,4.30645],[-59.71061,4.30633],[-59.71799,4.3024],[-59.7206,4.29503],[-59.73202,4.28349],[-59.72834,4.27849],[-59.73357,4.2729],[-59.7281,4.26802],[-59.7187,4.27516],[-59.70764,4.26814],[-59.71608,4.26302],[-59.73488,4.24078],[-59.73928,4.23352],[-59.73357,4.22436],[-59.73785,4.2121],[-59.73107,4.19711],[-59.72501,4.18783],[-59.72548,4.17903],[-59.71918,4.17023],[-59.69598,4.15404],[-59.67968,4.14667],[-59.66635,4.14441],[-59.65184,4.14667],[-59.63566,4.1425],[-59.61781,4.13203],[-59.62316,4.12751],[-59.62435,4.11847],[-59.63078,4.11133],[-59.63756,4.09492],[-59.64339,4.08801],[-59.65386,4.06981],[-59.64315,4.06791],[-59.63923,4.06136],[-59.62864,4.05232],[-59.62364,4.05446],[-59.61674,4.05066],[-59.61948,4.03888],[-59.6096,4.03281],[-59.60127,4.03031],[-59.60032,4.01675],[-59.60948,4.01306],[-59.60639,4.00711],[-59.59247,4.01734],[-59.59104,4.00818],[-59.59628,4.00247],[-59.58581,3.99355],[-59.57962,4.002],[-59.57165,3.9857],[-59.57807,3.98296],[-59.58593,3.9757],[-59.58355,3.96845],[-59.56558,3.96987],[-59.55392,3.97975],[-59.54393,3.97862],[-59.54382,3.97255],[-59.52966,3.97053],[-59.51871,3.95494],[-59.52157,3.95018],[-59.51479,3.94542],[-59.52549,3.93876],[-59.52276,3.93162],[-59.52573,3.92425],[-59.53894,3.92532],[-59.55078,3.91728],[-59.56435,3.91402],[-59.56924,3.90352],[-59.57576,3.89665],[-59.5935,3.8847],[-59.59368,3.87836],[-59.58843,3.86243],[-59.59115,3.85483],[-59.58463,3.8398],[-59.57682,3.83224],[-59.5775,3.81731],[-59.58293,3.82247],[-59.58836,3.81636],[-59.59814,3.81228],[-59.59312,3.80645],[-59.5976,3.79314],[-59.61199,3.80251],[-59.61688,3.7911],[-59.62407,3.79029],[-59.63073,3.78431],[-59.6367,3.78635],[-59.65557,3.78526],[-59.6648,3.78092],[-59.66521,3.77522],[-59.67404,3.76015],[-59.67336,3.74412],[-59.66942,3.74372],[-59.66277,3.73272],[-59.66901,3.73055],[-59.66915,3.72254],[-59.6625,3.71778],[-59.66752,3.70326],[-59.68028,3.69565],[-59.68544,3.69878],[-59.69142,3.68846],[-59.7035,3.68873],[-59.71002,3.67909],[-59.71762,3.67529],[-59.72237,3.66334],[-59.74288,3.65859],[-59.75632,3.64528],[-59.75808,3.63415],[-59.76338,3.62641],[-59.77614,3.62423],[-59.7889,3.61595],[-59.79461,3.61894],[-59.80954,3.61609],[-59.8147,3.61989],[-59.81986,3.61364],[-59.83561,3.60618],[-59.84878,3.60441],[-59.8515,3.5926],[-59.85652,3.58119],[-59.86507,3.57766],[-59.86073,3.56965],[-59.86793,3.56327],[-59.86127,3.55648],[-59.84104,3.55282],[-59.84362,3.54616],[-59.83805,3.52973],[-59.83099,3.52254],[-59.82244,3.5239],[-59.8166,3.52104],[-59.80316,3.50801],[-59.80072,3.49199],[-59.81321,3.48466],[-59.80968,3.47244],[-59.81823,3.47149],[-59.8238,3.46728],[-59.82936,3.45289],[-59.8386,3.44297],[-59.84091,3.42722],[-59.83385,3.42274],[-59.81565,3.43075],[-59.81104,3.4222],[-59.82068,3.41433],[-59.81796,3.40224],[-59.81226,3.39056],[-59.80927,3.37685],[-59.80302,3.36966],[-59.80302,3.36097],[-59.80628,3.35214],[-59.81008,3.35065],[-59.82054,3.35486],[-59.83127,3.35418],[-59.83371,3.35119],[-59.82651,3.33354],[-59.82733,3.32892],[-59.84145,3.31765],[-59.84023,3.3091],[-59.85027,3.30435],[-59.85082,3.29444],[-59.85991,3.27692],[-59.87132,3.27651],[-59.87268,3.27013],[-59.88082,3.25805],[-59.87797,3.24433],[-59.88666,3.23863],[-59.87268,3.22723],[-59.87553,3.22166],[-59.88625,3.21555],[-59.89861,3.21582],[-59.90771,3.2093],[-59.91178,3.18948],[-59.90689,3.17183],[-59.89983,3.15852],[-59.90241,3.14888],[-59.92033,3.14821],[-59.91816,3.14386],[-59.90988,3.14671],[-59.90879,3.13707],[-59.91613,3.1368],[-59.91871,3.13164],[-59.90784,3.1239],[-59.90744,3.11182],[-59.91314,3.10951],[-59.91843,3.12119],[-59.92169,3.1182],[-59.92332,3.10788],[-59.93011,3.10815],[-59.93894,3.09702],[-59.93799,3.08738],[-59.95455,3.08208],[-59.95577,3.07584],[-59.95102,3.06144],[-59.94993,3.04963],[-59.95143,3.03945],[-59.95788,3.02856],[-59.95991,3.01428],[-59.94611,3.00238],[-59.95158,2.99322],[-59.95836,2.97502],[-59.96431,2.96277],[-59.95848,2.95468],[-59.9611,2.94956],[-59.96847,2.94563],[-59.98025,2.93386],[-59.98299,2.92898],[-59.98144,2.91934],[-59.98525,2.90899],[-59.97859,2.90471],[-59.97716,2.89519],[-59.98798,2.87996],[-59.98299,2.87532],[-59.98192,2.86723],[-59.98584,2.86164],[-59.9837,2.85367],[-59.99013,2.84165],[-59.99036,2.83154],[-59.9856,2.8031],[-59.99239,2.78621],[-59.99072,2.77836],[-59.99167,2.76753],[-59.98739,2.75349],[-59.98727,2.74243],[-59.99132,2.73624],[-59.99167,2.72482],[-59.98882,2.71959],[-59.99072,2.70495],[-59.9881,2.69472],[-59.99048,2.68437],[-59.9856,2.67759],[-59.9787,2.67461],[-59.97228,2.66569],[-59.97061,2.6576],[-59.97668,2.6419],[-59.96716,2.62821],[-59.96276,2.62453],[-59.96538,2.60882],[-59.9718,2.59871],[-59.96942,2.59181],[-59.96193,2.59276],[-59.95146,2.58669],[-59.94254,2.58443],[-59.9373,2.58015],[-59.92909,2.56635],[-59.93766,2.55219],[-59.93278,2.5441],[-59.92659,2.53922],[-59.91731,2.52423],[-59.92076,2.52031],[-59.91767,2.51233],[-59.91957,2.50805],[-59.9122,2.50294],[-59.91125,2.49449],[-59.90482,2.49056],[-59.89626,2.48128],[-59.89952,2.47049],[-59.89369,2.46608],[-59.89369,2.45371],[-59.90023,2.43729],[-59.89143,2.42789],[-59.89833,2.42064],[-59.895,2.41076],[-59.89987,2.39958],[-59.90677,2.39648],[-59.9088,2.38899],[-59.90416,2.37531],[-59.89773,2.36853],[-59.89738,2.36186],[-59.88108,2.35258],[-59.87334,2.36115],[-59.86835,2.35615],[-59.86847,2.34961],[-59.85431,2.3389],[-59.85181,2.33034],[-59.84241,2.32772],[-59.83539,2.3226],[-59.83206,2.32879],[-59.82314,2.31796],[-59.80386,2.30523],[-59.80303,2.29786],[-59.78685,2.28751],[-59.77959,2.28572],[-59.77007,2.29512],[-59.75996,2.28977],[-59.73962,2.29262],[-59.73629,2.28608],[-59.72605,2.28132],[-59.72296,2.27406],[-59.72903,2.26466],[-59.7251,2.26062],[-59.72106,2.25003],[-59.71915,2.23789],[-59.72915,2.2329],[-59.73058,2.22564],[-59.72594,2.20601],[-59.73962,2.17948],[-59.74116,2.16246],[-59.73736,2.15652],[-59.73914,2.14735],[-59.72713,2.13653],[-59.72094,2.11547],[-59.72369,2.11062],[-59.72163,2.1012],[-59.7311,2.09128],[-59.73552,2.0895],[-59.73711,2.07972],[-59.74261,2.07348],[-59.74006,2.06183],[-59.73182,2.04562],[-59.73173,2.03607],[-59.72854,2.03111],[-59.72058,2.02848],[-59.72489,2.01958],[-59.73141,2.01826],[-59.73485,2.01184],[-59.73477,1.98593],[-59.73995,1.97144],[-59.73703,1.96585],[-59.74507,1.94428],[-59.74863,1.94112],[-59.74891,1.932],[-59.75773,1.92279],[-59.76349,1.91109],[-59.76445,1.90437],[-59.7577,1.88042],[-59.7643,1.86784],[-59.76076,1.85973],[-59.75012,1.85197],[-59.73278,1.84917],[-59.71389,1.85739],[-59.70041,1.85651],[-59.68201,1.84563],[-59.66272,1.84511],[-59.6495,1.83765],[-59.64868,1.83076],[-59.65858,1.81345],[-59.6728,1.77961],[-59.66999,1.76523],[-59.65149,1.73992],[-59.64352,1.7275],[-59.63866,1.72538],[-59.60034,1.72955],[-59.57243,1.73472],[-59.54016,1.72624],[-59.5236,1.71118],[-59.50302,1.67033],[-59.48406,1.64136],[-59.4642,1.61835],[-59.44478,1.59323],[-59.43761,1.5794],[-59.42733,1.56671],[-59.41373,1.55672],[-59.40054,1.5508],[-59.35666,1.52484],[-59.32108,1.51167],[-59.314,1.50291],[-59.30961,1.48554],[-59.29354,1.45569],[-59.28465,1.42892],[-59.26916,1.40681],[-59.25981,1.39884],[-59.24454,1.39176],[-59.20745,1.37977],[-59.19219,1.37739],[-59.16988,1.36295],[-59.15544,1.35901],[-59.13476,1.35507],[-59.11343,1.3449],[-59.09079,1.34555],[-59.07779,1.35219],[-59.06084,1.35476],[-59.0367,1.35065],[-59.02078,1.35167],[-59.00074,1.34705],[-58.99304,1.34243],[-58.97095,1.33524],[-58.96017,1.32342],[-58.95778,1.31499],[-58.94506,1.30885],[-58.92205,1.30549],[-58.9044,1.28837],[-58.90078,1.28193],[-58.8969,1.24993],[-58.89319,1.23507],[-58.88453,1.22333],[-58.85194,1.19478],[-58.83959,1.18807],[-58.8326,1.18669],[-58.81861,1.23274],[-58.81326,1.26855],[-58.81547,1.28018],[-58.81271,1.28886],[-58.79498,1.3099],[-58.78981,1.32098],[-58.77708,1.33833],[-58.76989,1.36125],[-58.76959,1.371],[-58.7656,1.37219],[-58.77844,1.38918],[-58.79098,1.39984],[-58.79691,1.41407],[-58.80226,1.41458],[-58.80287,1.42228]]]},"properties":{"municipio":"","estado":""}}]}