{"type":"FeatureCollection","crs":{"type":"name","properties":{"name":"urn:ogc:def:crs:OGC:1.3:CRS84"}},"features":[{"type":"Feature","properties":{"shapeName":"Amazonas","shapeISO":"VE-Z","shapeID":"42786344B3576998924110","shapeGroup":"VEN","shapeType":"ADM1"},"geometry":{"type":"Polygon","coordinates":[[[-64.69227,4.21102],[-64.68125,4.20813],[-64.67273,4.20873],[-64.64704,4.21425],[-64.64356,4.21988],[-64.64668,4.22336],[-64.6466,4.23407],[-64.64324,4.24208],[-64.63328,4.25491],[-64.62177,4.29179],[-64.63552,4.33785],[-64.65914,4.36022],[-64.69649,4.41618],[-64.67796,4.4511],[-64.60599,4.45749],[-64.59497,4.52602],[-64.6025,4.56462],[-64.54928,4.63699],[-64.56303,4.67806],[-64.60154,4.68794],[-64.64368,4.66044],[-64.6958,4.6516],[-64.7182,4.67272],[-64.74426,4.66767],[-64.77273,4.63646],[-64.78876,4.59657],[-64.84952,4.57026],[-64.90292,4.58506],[-64.93409,4.63604],[-64.96275,4.67706],[-65.01496,4.70555],[-65.06109,4.77266],[-65.10344,4.8211],[-65.12468,4.86586],[-65.12634,4.96186],[-65.10201,5.00185],[-65.08711,5.03039],[-65.11461,5.02838],[-65.12645,5.03023],[-65.12866,5.03695],[-65.13355,5.04397],[-65.13554,5.05591],[-65.13997,5.0669],[-65.14101,5.07701],[-65.13235,5.11013],[-65.13407,5.13328],[-65.15363,5.17647],[-65.16888,5.18451],[-65.19388,5.16488],[-65.20889,5.14906],[-65.21537,5.14403],[-65.22189,5.14297],[-65.23381,5.16026],[-65.23383,5.1646],[-65.25373,5.2091],[-65.28251,5.26752],[-65.26894,5.29372],[-65.22052,5.30012],[-65.17715,5.3314],[-65.12584,5.34734],[-65.1081,5.36537],[-65.10654,5.37459],[-65.10655,5.3832],[-65.12022,5.39511],[-65.14138,5.40624],[-65.1553,5.44441],[-65.14418,5.49464],[-65.14931,5.53821],[-65.19417,5.57042],[-65.22421,5.62634],[-65.24166,5.63996],[-65.25293,5.66233],[-65.20966,5.72227],[-65.20557,5.7513],[-65.222,5.76374],[-65.2608,5.76689],[-65.26847,5.76958],[-65.28438,5.76841],[-65.30287,5.7624],[-65.3446,5.73999],[-65.35594,5.71311],[-65.36394,5.70956],[-65.3794,5.70587],[-65.38628,5.70976],[-65.38819,5.72544],[-65.3916,5.73253],[-65.37628,5.73654],[-65.39695,5.73956],[-65.44025,5.73253],[-65.47512,5.70853],[-65.48358,5.70048],[-65.49718,5.67929],[-65.50496,5.68148],[-65.50942,5.68739],[-65.51328,5.69674],[-65.5213,5.69476],[-65.53142,5.67779],[-65.54037,5.68049],[-65.54346,5.68687],[-65.54889,5.68753],[-65.56253,5.71543],[-65.56174,5.71904],[-65.56401,5.73052],[-65.57521,5.75271],[-65.59048,5.77525],[-65.59015,5.78377],[-65.60114,5.81208],[-65.60309,5.82581],[-65.60082,5.83349],[-65.5951,5.84472],[-65.59453,5.85474],[-65.60883,5.86798],[-65.63196,5.88502],[-65.63314,5.89231],[-65.61688,5.91161],[-65.61112,5.92429],[-65.60756,5.93474],[-65.60797,5.94487],[-65.59939,5.96235],[-65.59829,5.97122],[-65.60303,6.00138],[-65.60096,6.00806],[-65.5871,6.03326],[-65.57953,6.05523],[-65.56543,6.0779],[-65.56176,6.09067],[-65.5622,6.10275],[-65.576,6.13967],[-65.59566,6.15036],[-65.60779,6.15369],[-65.62174,6.15425],[-65.62975,6.15206],[-65.64853,6.1325],[-65.67588,6.12408],[-65.68594,6.12499],[-65.69453,6.12004],[-65.6983,6.12027],[-65.71947,6.11082],[-65.76499,6.11434],[-65.77631,6.11744],[-65.78764,6.11398],[-65.79794,6.10868],[-65.81258,6.10544],[-65.82436,6.10531],[-65.83443,6.09806],[-65.83992,6.08977],[-65.84531,6.0732],[-65.84646,6.06146],[-65.85242,6.03937],[-65.85254,6.02614],[-65.85747,5.99761],[-65.87346,5.97709],[-65.89915,5.94829],[-65.90851,5.91705],[-65.91307,5.90799],[-65.91955,5.90035],[-65.93524,5.89047],[-65.94332,5.87738],[-65.94919,5.85777],[-65.95677,5.85283],[-65.97737,5.84511],[-65.98493,5.838],[-65.98651,5.82766],[-65.98425,5.81244],[-65.98639,5.80482],[-65.99343,5.80097],[-66.00753,5.79763],[-66.02105,5.78777],[-66.0286,5.77849],[-66.03004,5.74313],[-66.03426,5.71973],[-66.04727,5.71585],[-66.06303,5.7174],[-66.10544,5.73022],[-66.29027,5.7754],[-66.3115,5.78506],[-66.32738,5.80889],[-66.34212,5.8224],[-66.34917,5.82127],[-66.3799,5.78629],[-66.40476,5.76874],[-66.41019,5.76926],[-66.42273,5.77788],[-66.43851,5.78431],[-66.45101,5.78749],[-66.46351,5.78905],[-66.48303,5.7873],[-66.4828,5.77858],[-66.53311,5.7629],[-66.58509,5.73521],[-66.59922,5.73754],[-66.60411,5.74025],[-66.60707,5.74053],[-66.60796,5.73898],[-66.63605,5.7436],[-66.70217,5.718],[-66.85662,5.68371],[-66.91443,5.65689],[-66.91756,5.65781],[-66.91841,5.65995],[-66.91515,5.66354],[-66.91534,5.66704],[-66.92465,5.67149],[-66.92583,5.67353],[-66.92546,5.67892],[-66.93228,5.68159],[-66.93123,5.68541],[-66.93244,5.69237],[-66.93669,5.69196],[-66.94731,5.68466],[-66.94861,5.68131],[-66.94769,5.67858],[-66.94986,5.67488],[-66.95701,5.6716],[-66.95807,5.66912],[-66.95667,5.66555],[-66.95725,5.66087],[-66.95183,5.6589],[-66.94315,5.6462],[-66.95438,5.64203],[-66.99901,5.63551],[-67.0415,5.67872],[-67.06038,5.71712],[-67.09629,5.73417],[-67.10161,5.74901],[-67.11192,5.75288],[-67.11637,5.75297],[-67.12564,5.74878],[-67.12915,5.74944],[-67.13118,5.74807],[-67.12647,5.73381],[-67.12909,5.72348],[-67.13175,5.72297],[-67.13658,5.72666],[-67.14218,5.72081],[-67.14746,5.71959],[-67.15305,5.7211],[-67.16193,5.71496],[-67.1677,5.71433],[-67.17624,5.71613],[-67.17787,5.71029],[-67.19705,5.70422],[-67.20058,5.70639],[-67.20788,5.70715],[-67.21554,5.72594],[-67.20765,5.79616],[-67.20185,5.80755],[-67.20359,5.80926],[-67.191,5.85301],[-67.18463,5.86099],[-67.18918,5.86791],[-67.18688,5.88468],[-67.17842,5.89303],[-67.15973,5.89786],[-67.1343,5.98256],[-67.13082,6.01491],[-67.11976,6.0299],[-67.12612,6.04974],[-67.14306,6.06546],[-67.14366,6.0678],[-67.14738,6.06946],[-67.17375,6.10779],[-67.17704,6.1089],[-67.17846,6.11178],[-67.18618,6.11776],[-67.20152,6.12087],[-67.20473,6.11905],[-67.21668,6.11776],[-67.22468,6.12235],[-67.23194,6.11503],[-67.25252,6.1082],[-67.25872,6.10948],[-67.26656,6.10793],[-67.27322,6.10898],[-67.27403,6.11419],[-67.27701,6.11596],[-67.28232,6.11375],[-67.2837,6.11444],[-67.28301,6.11628],[-67.28492,6.12263],[-67.29034,6.12541],[-67.2937,6.12965],[-67.2946,6.13548],[-67.29729,6.14023],[-67.30278,6.14213],[-67.30462,6.14388],[-67.30481,6.14705],[-67.30826,6.14865],[-67.31448,6.14745],[-67.32273,6.14976],[-67.34419,6.14896],[-67.34665,6.14636],[-67.35405,6.14317],[-67.35579,6.13876],[-67.35795,6.13717],[-67.35746,6.13396],[-67.35981,6.13338],[-67.35992,6.132],[-67.36913,6.12531],[-67.37883,6.12395],[-67.39259,6.13009],[-67.39963,6.12978],[-67.40841,6.13815],[-67.4057,6.14525],[-67.407,6.15478],[-67.40851,6.15505],[-67.41093,6.15991],[-67.41447,6.16184],[-67.41748,6.16923],[-67.42063,6.17129],[-67.42507,6.17076],[-67.4284,6.17253],[-67.43321,6.18297],[-67.4319,6.18609],[-67.43503,6.1868],[-67.43315,6.18868],[-67.43996,6.19739],[-67.45589,6.19135],[-67.45679,6.18866],[-67.48624,6.16308],[-67.49245,6.14604],[-67.49419,6.13532],[-67.49362,6.12831],[-67.48687,6.11355],[-67.47646,6.10043],[-67.47396,6.09412],[-67.47192,6.08154],[-67.46021,6.06361],[-67.44723,6.05139],[-67.42762,6.03842],[-67.42781,6.02645],[-67.4232,6.02042],[-67.41236,6.01155],[-67.41014,6.00457],[-67.41007,5.99456],[-67.41217,5.9884],[-67.4166,5.98404],[-67.44096,5.97357],[-67.46302,5.9588],[-67.47798,5.93682],[-67.50177,5.92123],[-67.52252,5.91191],[-67.53196,5.90465],[-67.54131,5.89485],[-67.55676,5.87329],[-67.56333,5.85933],[-67.58759,5.84031],[-67.59736,5.82775],[-67.60061,5.80885],[-67.60881,5.79491],[-67.6108,5.77629],[-67.61944,5.74818],[-67.6311,5.73235],[-67.63297,5.72139],[-67.63458,5.68782],[-67.63795,5.67474],[-67.63741,5.64709],[-67.63059,5.63242],[-67.62704,5.60496],[-67.62005,5.58869],[-67.62018,5.56625],[-67.61578,5.56049],[-67.60254,5.55065],[-67.59889,5.54409],[-67.59966,5.5379],[-67.60494,5.52545],[-67.60786,5.52227],[-67.61508,5.51866],[-67.61903,5.51261],[-67.62284,5.49794],[-67.62298,5.4841],[-67.62486,5.4762],[-67.63442,5.46561],[-67.65054,5.45468],[-67.66549,5.44016],[-67.68091,5.42791],[-67.70079,5.4229],[-67.70743,5.41928],[-67.71738,5.41055],[-67.72681,5.39701],[-67.75437,5.38513],[-67.77593,5.3684],[-67.79989,5.35851],[-67.80759,5.35091],[-67.8198,5.3348],[-67.83777,5.32092],[-67.84951,5.30396],[-67.85135,5.28084],[-67.84933,5.27392],[-67.8469,5.26954],[-67.83142,5.26175],[-67.82387,5.25104],[-67.82355,5.24698],[-67.83076,5.22399],[-67.82907,5.20894],[-67.82518,5.20189],[-67.82445,5.19614],[-67.82632,5.19135],[-67.83792,5.17786],[-67.84318,5.16143],[-67.85384,5.14064],[-67.85428,5.13522],[-67.85064,5.12615],[-67.83925,5.11326],[-67.8267,5.0897],[-67.82211,5.08389],[-67.82296,5.07176],[-67.82194,5.06595],[-67.81666,5.0615],[-67.80866,5.05842],[-67.80593,5.05401],[-67.80971,5.04214],[-67.81972,5.02881],[-67.82143,5.0222],[-67.82034,5.00043],[-67.82328,4.97706],[-67.83019,4.95608],[-67.83568,4.94996],[-67.83873,4.94348],[-67.83545,4.90592],[-67.83571,4.88157],[-67.82645,4.85833],[-67.82328,4.83985],[-67.82232,4.80645],[-67.82635,4.78737],[-67.82636,4.76755],[-67.82381,4.73366],[-67.81942,4.72167],[-67.81784,4.70723],[-67.82273,4.69243],[-67.83871,4.66234],[-67.84494,4.64509],[-67.84531,4.62992],[-67.84385,4.61524],[-67.84611,4.59381],[-67.84015,4.56934],[-67.8393,4.55748],[-67.84052,4.55454],[-67.85515,4.53901],[-67.85759,4.53118],[-67.85723,4.52469],[-67.8537,4.51772],[-67.84614,4.51074],[-67.8398,4.50536],[-67.81762,4.49654],[-67.80836,4.48944],[-67.79605,4.47574],[-67.79288,4.47084],[-67.79179,4.46277],[-67.79792,4.44121],[-67.79782,4.43706],[-67.78714,4.42498],[-67.77318,4.419],[-67.7723,4.41242],[-67.77828,4.40428],[-67.78146,4.39242],[-67.77878,4.37945],[-67.77086,4.3732],[-67.76623,4.36696],[-67.76392,4.3617],[-67.76161,4.34934],[-67.76381,4.34115],[-67.77344,4.33769],[-67.78188,4.34002],[-67.79101,4.34005],[-67.79912,4.33537],[-67.80401,4.32728],[-67.80567,4.31523],[-67.80198,4.30263],[-67.7913,4.2766],[-67.79847,4.24183],[-67.79701,4.22967],[-67.78592,4.21319],[-67.78144,4.21095],[-67.77655,4.20423],[-67.77574,4.18265],[-67.76844,4.1623],[-67.74205,4.13923],[-67.7332,4.12289],[-67.72295,4.08622],[-67.71853,4.06274],[-67.7138,4.05226],[-67.70337,4.03956],[-67.70164,4.03416],[-67.69801,4.01083],[-67.6974,3.97703],[-67.69472,3.96243],[-67.69093,3.95243],[-67.69226,3.9446],[-67.69147,3.93263],[-67.68489,3.92408],[-67.68331,3.91605],[-67.68121,3.91303],[-67.67638,3.91228],[-67.66292,3.89708],[-67.65888,3.88218],[-67.65016,3.86893],[-67.64468,3.84894],[-67.64422,3.83466],[-67.64612,3.8272],[-67.64502,3.81514],[-67.63697,3.7972],[-67.63443,3.78555],[-67.62272,3.77795],[-67.61251,3.75561],[-67.60682,3.75212],[-67.59434,3.75132],[-67.55611,3.75717],[-67.54458,3.75542],[-67.53731,3.75843],[-67.52482,3.77365],[-67.51913,3.77524],[-67.51613,3.77523],[-67.50129,3.76745],[-67.48661,3.74268],[-67.48535,3.73634],[-67.48599,3.7238],[-67.48363,3.7184],[-67.48284,3.7119],[-67.47921,3.70475],[-67.47132,3.69523],[-67.46596,3.68475],[-67.46359,3.683],[-67.45443,3.68268],[-67.44922,3.67918],[-67.44796,3.67648],[-67.44863,3.66839],[-67.45334,3.65887],[-67.45303,3.65506],[-67.45129,3.65205],[-67.4399,3.64663],[-67.43887,3.64324],[-67.44538,3.614],[-67.44884,3.61148],[-67.44407,3.58524],[-67.4332,3.57791],[-67.43129,3.57507],[-67.43067,3.56225],[-67.41204,3.53888],[-67.40764,3.51729],[-67.40742,3.5014],[-67.40147,3.48],[-67.39456,3.47158],[-67.38098,3.47028],[-67.36977,3.46696],[-67.35667,3.45775],[-67.34377,3.4541],[-67.33915,3.45102],[-67.33412,3.44153],[-67.32999,3.42569],[-67.31897,3.40757],[-67.31708,3.40091],[-67.31301,3.39456],[-67.31078,3.37789],[-67.31383,3.37237],[-67.32504,3.36395],[-67.32614,3.36158],[-67.32501,3.35664],[-67.33323,3.34189],[-67.3364,3.33174],[-67.35188,3.31667],[-67.35331,3.31271],[-67.35663,3.30936],[-67.36939,3.3023],[-67.37224,3.30261],[-67.37522,3.30105],[-67.3816,3.29258],[-67.38112,3.28178],[-67.38429,3.26496],[-67.38413,3.26084],[-67.38072,3.25158],[-67.38118,3.24842],[-67.43485,3.24847],[-67.86283,2.86487],[-67.86411,2.78947],[-67.85703,2.78838],[-67.85269,2.79168],[-67.83795,2.7933],[-67.83422,2.80358],[-67.83265,2.80462],[-67.83196,2.81219],[-67.82563,2.82344],[-67.82234,2.8272],[-67.81538,2.83126],[-67.81089,2.83215],[-67.79413,2.82706],[-67.78256,2.82668],[-67.76364,2.83182],[-67.75327,2.83685],[-67.73992,2.8378],[-67.73607,2.83563],[-67.73505,2.83347],[-67.73506,2.82946],[-67.73752,2.82705],[-67.73816,2.82291],[-67.73557,2.81693],[-67.68561,2.80229],[-67.67036,2.80063],[-67.65835,2.79656],[-67.64981,2.79789],[-67.64285,2.80705],[-67.63791,2.81029],[-67.62141,2.81384],[-67.61704,2.8132],[-67.6123,2.81015],[-67.61034,2.80411],[-67.602,2.79743],[-67.58619,2.77911],[-67.58348,2.77166],[-67.58595,2.75812],[-67.58431,2.74394],[-67.56383,2.72606],[-67.56307,2.7148],[-67.56548,2.70482],[-67.56529,2.69681],[-67.5689,2.68536],[-67.56922,2.67614],[-67.56765,2.66456],[-67.5619,2.65579],[-67.55791,2.65362],[-67.55431,2.65362],[-67.54817,2.66176],[-67.53894,2.6683],[-67.52319,2.67338],[-67.50555,2.66644],[-67.48674,2.66697],[-67.48351,2.66322],[-67.48241,2.65617],[-67.47438,2.63768],[-67.47053,2.6242],[-67.46763,2.61943],[-67.46491,2.61841],[-67.45681,2.62051],[-67.4498,2.61866],[-67.43918,2.60873],[-67.43046,2.59658],[-67.42001,2.58925],[-67.41466,2.58331],[-67.39209,2.5736],[-67.38647,2.56304],[-67.3866,2.55395],[-67.38325,2.54397],[-67.37573,2.54097],[-67.36824,2.53591],[-67.36272,2.5344],[-67.35787,2.52939],[-67.3519,2.52951],[-67.34254,2.52251],[-67.33825,2.51672],[-67.33515,2.50928],[-67.33655,2.50063],[-67.33447,2.49574],[-67.32729,2.4847],[-67.31623,2.47687],[-67.31282,2.46873],[-67.30309,2.46122],[-67.30101,2.44888],[-67.29709,2.44195],[-67.28774,2.43819],[-67.28142,2.43208],[-67.27655,2.42966],[-67.26473,2.43029],[-67.25917,2.42832],[-67.24786,2.41546],[-67.23939,2.40865],[-67.22384,2.40025],[-67.2162,2.39242],[-67.21285,2.38034],[-67.20319,2.36654],[-67.1879,2.35031],[-67.18614,2.34052],[-67.19063,2.33518],[-67.19848,2.32049],[-67.21366,2.30963],[-67.21644,2.30531],[-67.21841,2.29367],[-67.21468,2.28788],[-67.21399,2.2807],[-67.21589,2.26868],[-67.22051,2.26366],[-67.22146,2.26022],[-67.2214,2.25247],[-67.20252,2.22327],[-67.20126,2.21055],[-67.19546,2.19732],[-67.19476,2.18937],[-67.19073,2.17754],[-67.17517,2.15088],[-67.16584,2.14041],[-67.16158,2.13284],[-67.15378,2.12637],[-67.1476,2.12562],[-67.13184,2.13534],[-67.12666,2.13725],[-67.12173,2.13699],[-67.11553,2.13457],[-67.10802,2.1193],[-67.10563,2.10728],[-67.10595,2.09387],[-67.09919,2.07366],[-67.09704,2.05241],[-67.10618,2.03612],[-67.10818,2.02961],[-67.11455,2.02149],[-67.11603,2.00562],[-67.12098,1.99614],[-67.123,1.97689],[-67.11387,1.97494],[-67.10702,1.96592],[-67.10357,1.9583],[-67.09128,1.95097],[-67.0842,1.94047],[-67.0765,1.93906],[-67.07379,1.93651],[-67.06997,1.93076],[-67.07015,1.92756],[-67.06532,1.92057],[-67.06062,1.90818],[-67.05857,1.89319],[-67.04687,1.85971],[-67.03539,1.84548],[-67.03765,1.80899],[-67.03243,1.78469],[-67.02937,1.77948],[-67.02131,1.77159],[-67.01448,1.75879],[-67.01296,1.7409],[-67.00272,1.72744],[-66.99584,1.70795],[-66.99215,1.702],[-66.98959,1.69064],[-66.98545,1.68668],[-66.97056,1.68051],[-66.96243,1.66859],[-66.96438,1.64462],[-66.95912,1.62884],[-66.95867,1.62284],[-66.95972,1.60901],[-66.96347,1.59775],[-66.96287,1.59055],[-66.95855,1.58448],[-66.94845,1.58137],[-66.94229,1.57521],[-66.93373,1.55944],[-66.93087,1.54967],[-66.92396,1.54006],[-66.92081,1.53105],[-66.91871,1.51497],[-66.91029,1.49634],[-66.90819,1.48192],[-66.91119,1.46164],[-66.90984,1.44331],[-66.9121,1.43159],[-66.9121,1.42724],[-66.90924,1.41822],[-66.90158,1.40906],[-66.8843,1.40305],[-66.87484,1.39809],[-66.85606,1.3697],[-66.852,1.35618],[-66.85005,1.34056],[-66.84774,1.33527],[-66.84722,1.32272],[-66.85023,1.31475],[-66.854,1.31203],[-66.86678,1.30987],[-66.87002,1.30816],[-66.8765,1.30046],[-66.88103,1.29033],[-66.88121,1.2866],[-66.87593,1.26349],[-66.87322,1.25946],[-66.8558,1.2434],[-66.84156,1.20619],[-66.56883,0.95885],[-66.32109,0.73417],[-66.21319,0.76545],[-66.19957,0.76041],[-66.17913,0.74849],[-66.15347,0.73657],[-66.13121,0.73521],[-66.12213,0.73682],[-66.07963,0.77287],[-66.066,0.78779],[-66.05396,0.78527],[-65.98854,0.78782],[-65.95992,0.79678],[-65.94104,0.82157],[-65.92761,0.85485],[-65.92125,0.86036],[-65.90603,0.86518],[-65.8958,0.87138],[-65.88988,0.88332],[-65.88213,0.91912],[-65.86963,0.92325],[-65.80828,0.93474],[-65.76351,0.95265],[-65.74873,0.96619],[-65.74576,0.97537],[-65.74008,0.98111],[-65.72348,0.98891],[-65.71372,0.98823],[-65.69418,0.9818],[-65.67328,0.98042],[-65.65351,0.99029],[-65.64056,0.98639],[-65.63443,0.98042],[-65.62717,0.97606],[-65.62035,0.98088],[-65.61193,0.99396],[-65.60398,0.99166],[-65.59081,0.98271],[-65.55584,0.97123],[-65.51144,0.87299],[-65.50511,0.84797],[-65.50697,0.82043],[-65.55179,0.76192],[-65.57999,0.73187],[-65.59116,0.70089],[-65.58846,0.68093],[-65.57304,0.65821],[-65.56261,0.64582],[-65.55581,0.63893],[-65.54582,0.63457],[-65.52059,0.65224],[-65.50288,0.65315],[-65.4722,0.66255],[-65.44676,0.66782],[-65.43198,0.68158],[-65.4215,0.70269],[-65.41579,0.72471],[-65.40783,0.73641],[-65.40122,0.75018],[-65.40619,0.77106],[-65.40636,0.81008],[-65.39338,0.83141],[-65.36677,0.85275],[-65.35789,0.8633],[-65.34423,0.88601],[-65.32443,0.91217],[-65.29897,0.92065],[-65.26989,0.91972],[-65.23948,0.90157],[-65.2247,0.90776],[-65.19836,0.90223],[-65.18357,0.91553],[-65.17331,0.93779],[-65.16574,0.97795],[-65.16453,1.02408],[-65.16084,1.0553],[-65.16081,1.07389],[-65.13847,1.11359],[-65.10231,1.13147],[-65.0669,1.11124],[-65.0617,1.09425],[-65.04355,1.0823],[-65.01445,1.08962],[-65.0135,1.10936],[-65.0155,1.13369],[-64.99933,1.15021],[-64.98774,1.15272],[-64.9759,1.16396],[-64.96429,1.17612],[-64.95995,1.18782],[-64.92105,1.20707],[-64.91103,1.21532],[-64.89103,1.21576],[-64.87741,1.2107],[-64.86671,1.21895],[-64.85575,1.24305],[-64.83978,1.27287],[-64.82999,1.28044],[-64.82112,1.28342],[-64.79953,1.28385],[-64.78522,1.27695],[-64.78713,1.23494],[-64.77785,1.21954],[-64.75515,1.20712],[-64.73834,1.2071],[-64.72149,1.2181],[-64.71305,1.23531],[-64.70617,1.26078],[-64.66522,1.27726],[-64.64157,1.28435],[-64.6156,1.3075],[-64.5842,1.32491],[-64.57644,1.33615],[-64.55744,1.39123],[-64.53855,1.40038],[-64.53193,1.40979],[-64.5269,1.42333],[-64.51345,1.43731],[-64.50389,1.44281],[-64.46113,1.45193],[-64.4272,1.47369],[-64.40282,1.49685],[-64.38733,1.50761],[-64.37505,1.50897],[-64.35937,1.50619],[-64.34688,1.50043],[-64.34101,1.48825],[-64.35726,1.44717],[-64.36868,1.42538],[-64.39146,1.40957],[-64.39832,1.39237],[-64.39427,1.37697],[-64.35477,1.35854],[-64.34685,1.34705],[-64.34027,1.34291],[-64.32958,1.34518],[-64.3225,1.35826],[-64.31992,1.38741],[-64.31234,1.41289],[-64.30296,1.43491],[-64.28427,1.45463],[-64.27584,1.4615],[-64.22302,1.48735],[-64.19569,1.50453],[-64.18566,1.51507],[-64.18152,1.53182],[-64.17581,1.54123],[-64.16375,1.54465],[-64.14349,1.55403],[-64.09933,1.57048],[-64.07192,1.61336],[-64.06819,1.64183],[-64.06011,1.6804],[-64.06144,1.76744],[-64.05594,1.78098],[-64.05176,1.80807],[-64.05647,1.82898],[-64.05685,1.85218],[-64.04629,1.88592],[-64.04482,1.91968],[-64.01881,1.94558],[-63.99395,1.96551],[-63.9796,1.97237],[-63.96662,1.97671],[-63.94457,1.97368],[-63.87905,1.97675],[-63.86382,1.97327],[-63.84158,1.95622],[-63.83476,1.95712],[-63.81651,1.97178],[-63.80193,1.97887],[-63.75622,1.97647],[-63.7455,1.98333],[-63.7261,2.00304],[-63.71695,2.01611],[-63.70167,2.0271],[-63.68939,2.02569],[-63.66942,2.01393],[-63.65851,2.00976],[-63.65249,2.03938],[-63.64656,2.04488],[-63.6281,2.05287],[-63.61918,2.06755],[-63.60817,2.0921],[-63.58243,2.1003],[-63.55758,2.11471],[-63.54529,2.11674],[-63.50983,2.10907],[-63.49368,2.10696],[-63.48297,2.11359],[-63.46425,2.12985],[-63.40285,2.12348],[-63.39028,2.13654],[-63.38767,2.16341],[-63.39054,2.18799],[-63.36951,2.21183],[-63.361,2.23454],[-63.35598,2.29633],[-63.36816,2.32462],[-63.3724,2.34577],[-63.35225,2.37627],[-63.34946,2.39188],[-63.37287,2.39953],[-63.4052,2.39594],[-63.43432,2.3997],[-63.47113,2.41497],[-63.50073,2.41022],[-63.53555,2.40986],[-63.55873,2.41934],[-63.57943,2.42261],[-63.60601,2.436],[-63.6317,2.44296],[-63.65946,2.44464],[-63.67837,2.43963],[-63.70872,2.41673],[-63.82462,2.39908],[-63.83849,2.40279],[-63.87643,2.42264],[-63.91553,2.43766],[-63.93642,2.45286],[-63.95301,2.46048],[-63.97054,2.45753],[-64.00242,2.4553],[-64.0231,2.46453],[-64.04531,2.49537],[-64.04346,2.50455],[-64.03266,2.53601],[-64.03216,2.55025],[-64.01981,2.57022],[-64.00152,2.59338],[-63.9841,2.63103],[-63.99108,2.65517],[-63.99329,2.67907],[-63.98929,2.71835],[-63.99243,2.73238],[-63.99327,2.7549],[-64.00253,2.78065],[-64.01841,2.79792],[-64.05043,2.82441],[-64.06947,2.85202],[-64.07299,2.89293],[-64.07931,2.91202],[-64.08884,2.92467],[-64.11315,2.94334],[-64.14434,3.01992],[-64.16476,3.04891],[-64.19999,3.07311],[-64.21952,3.0929],[-64.22742,3.11705],[-64.22738,3.13336],[-64.21775,3.15265],[-64.20763,3.18618],[-64.20781,3.20388],[-64.21391,3.22136],[-64.21501,3.23308],[-64.21268,3.25031],[-64.21627,3.27192],[-64.22349,3.29422],[-64.22956,3.32204],[-64.22907,3.33675],[-64.22654,3.34364],[-64.22803,3.37926],[-64.2364,3.40134],[-64.23818,3.41697],[-64.23037,3.43787],[-64.19443,3.49549],[-64.18246,3.53546],[-64.18037,3.54763],[-64.21622,3.60309],[-64.2296,3.62747],[-64.24481,3.6452],[-64.25665,3.65096],[-64.26848,3.66041],[-64.27889,3.68571],[-64.29298,3.69998],[-64.3419,3.73086],[-64.36375,3.74629],[-64.38424,3.75414],[-64.40199,3.76474],[-64.41976,3.76937],[-64.42977,3.77674],[-64.43797,3.78043],[-64.45848,3.78253],[-64.47806,3.78991],[-64.48829,3.8044],[-64.50579,3.82328],[-64.54789,3.85344],[-64.5549,3.87804],[-64.57373,3.91507],[-64.60786,3.94201],[-64.62188,3.97127],[-64.62178,3.98983],[-64.626,3.99678],[-64.63248,4.00166],[-64.63603,4.00223],[-64.6516,4.00132],[-64.66138,3.9983],[-64.6647,4.00014],[-64.66707,4.00739],[-64.68782,4.01476],[-64.6927,4.01855],[-64.69443,4.02366],[-64.69399,4.0304],[-64.69079,4.03323],[-64.67918,4.03533],[-64.6765,4.03885],[-64.67525,4.04398],[-64.67775,4.05629],[-64.68448,4.06687],[-64.68929,4.06674],[-64.69281,4.05677],[-64.69285,4.05159],[-64.69651,4.04882],[-64.70206,4.04926],[-64.71693,4.04191],[-64.74386,4.04904],[-64.7488,4.0545],[-64.75479,4.06778],[-64.76267,4.0776],[-64.76239,4.08215],[-64.74895,4.10429],[-64.7491,4.11558],[-64.73369,4.13231],[-64.73438,4.13467],[-64.75489,4.13905],[-64.77613,4.15662],[-64.78616,4.15832],[-64.79466,4.16832],[-64.79422,4.17292],[-64.78813,4.18629],[-64.78999,4.19389],[-64.78938,4.20034],[-64.78403,4.21383],[-64.78307,4.21976],[-64.78437,4.23121],[-64.78226,4.23381],[-64.77693,4.23215],[-64.7747,4.23331],[-64.77242,4.23901],[-64.7788,4.24867],[-64.79924,4.26515],[-64.80557,4.2767],[-64.80589,4.28632],[-64.79134,4.30742],[-64.78791,4.30824],[-64.78516,4.30698],[-64.76155,4.28429],[-64.75667,4.28062],[-64.74951,4.27816],[-64.73367,4.26513],[-64.73052,4.26583],[-64.72576,4.26411],[-64.71146,4.24946],[-64.70232,4.23647],[-64.69689,4.22088],[-64.69329,4.21705],[-64.69227,4.21102]]]}},{"type":"Feature","properties":{"shapeName":"Anzoátegui","shapeISO":"VE-B","shapeID":"42786344B73501178505024","shapeGroup":"VEN","shapeType":"ADM1"},"geometry":{"type":"MultiPolygon","coordinates":[[[[-64.93242,10.15568],[-64.93558,10.15606],[-64.94297,10.15277],[-64.93888,10.15029],[-64.93401,10.15174],[-64.92906,10.14372],[-64.9242,10.14588],[-64.91879,10.14412],[-64.91189,10.1464],[-64.92272,10.15144],[-64.92704,10.15614],[-64.93242,10.15568]]],[[[-64.96367,10.1686],[-64.97008,10.16874],[-64.97716,10.16474],[-64.97319,10.16478],[-64.97133,10.16167],[-64.96857,10.16029],[-64.96534,10.16233],[-64.95159,10.16065],[-64.94042,10.16246],[-64.94299,10.16576],[-64.95177,10.16851],[-64.96367,10.1686]]],[[[-64.76073,10.2471],[-64.76289,10.25041],[-64.76286,10.24728],[-64.76102,10.24569],[-64.76073,10.2471]]],[[[-64.53071,10.25331],[-64.53285,10.25043],[-64.52774,10.24517],[-64.53654,10.24312],[-64.53881,10.24056],[-64.53763,10.23987],[-64.5409,10.23716],[-64.5427,10.23742],[-64.54689,10.24359],[-64.54652,10.24581],[-64.54806,10.24777],[-64.54559,10.24989],[-64.5475,10.25361],[-64.55075,10.25087],[-64.55684,10.25053],[-64.55818,10.24907],[-64.55679,10.24691],[-64.55742,10.24286],[-64.55982,10.24348],[-64.55984,10.24172],[-64.5618,10.24074],[-64.56558,10.24149],[-64.57207,10.23804],[-64.57322,10.2403],[-64.57326,10.23889],[-64.57752,10.23742],[-64.58158,10.23916],[-64.57763,10.24267],[-64.58078,10.24089],[-64.58329,10.24326],[-64.58344,10.24621],[-64.57887,10.2473],[-64.5793,10.25015],[-64.57778,10.25281],[-64.57835,10.25528],[-64.58091,10.25639],[-64.58534,10.25471],[-64.59229,10.2546],[-64.59147,10.25046],[-64.58864,10.25144],[-64.58905,10.24763],[-64.58644,10.24523],[-64.58667,10.24309],[-64.58871,10.24247],[-64.59127,10.24495],[-64.59769,10.24643],[-64.60169,10.24665],[-64.60202,10.24501],[-64.60204,10.24764],[-64.60436,10.24597],[-64.60171,10.25062],[-64.59836,10.25095],[-64.59803,10.25542],[-64.60099,10.25724],[-64.60457,10.25682],[-64.60559,10.25525],[-64.60474,10.25366],[-64.60773,10.25322],[-64.62393,10.25454],[-64.62859,10.25029],[-64.62444,10.25108],[-64.6238,10.24914],[-64.62155,10.24997],[-64.61914,10.24844],[-64.61757,10.25107],[-64.61264,10.25227],[-64.60867,10.25134],[-64.60764,10.24848],[-64.60916,10.24682],[-64.61525,10.2464],[-64.61266,10.24502],[-64.61377,10.24247],[-64.62022,10.24113],[-64.62229,10.24317],[-64.6346,10.23973],[-64.63522,10.23702],[-64.63279,10.23539],[-64.63294,10.23203],[-64.63426,10.23182],[-64.63314,10.23155],[-64.63325,10.22891],[-64.63459,10.22744],[-64.63639,10.22864],[-64.63681,10.22721],[-64.63624,10.2284],[-64.63504,10.22763],[-64.63618,10.22771],[-64.63497,10.22683],[-64.63577,10.22537],[-64.64248,10.2208],[-64.64128,10.21984],[-64.64211,10.2167],[-64.64414,10.21828],[-64.64253,10.21642],[-64.64397,10.21797],[-64.64333,10.21569],[-64.6473,10.2137],[-64.64912,10.21487],[-64.65111,10.21386],[-64.6509,10.21217],[-64.65372,10.21115],[-64.65506,10.21378],[-64.65406,10.21116],[-64.65744,10.20913],[-64.65817,10.21026],[-64.65808,10.20868],[-64.66904,10.2079],[-64.66121,10.20814],[-64.67316,10.20362],[-64.67621,10.20315],[-64.67687,10.20419],[-64.67651,10.203],[-64.6918,10.20306],[-64.70656,10.20665],[-64.70539,10.22403],[-64.70711,10.22494],[-64.71133,10.22021],[-64.71081,10.21322],[-64.71281,10.21199],[-64.71373,10.21276],[-64.7138,10.20868],[-64.71182,10.20853],[-64.71095,10.20677],[-64.7113,10.20544],[-64.71346,10.20507],[-64.70962,10.20471],[-64.70706,10.20218],[-64.70843,10.20431],[-64.70743,10.20502],[-64.70351,10.20419],[-64.70641,10.20232],[-64.70465,10.20227],[-64.70327,10.20413],[-64.699,10.20232],[-64.69676,10.1992],[-64.69632,10.19422],[-64.70058,10.17916],[-64.70624,10.17284],[-64.71193,10.16964],[-64.70803,10.15936],[-64.70827,10.15617],[-64.71527,10.14188],[-64.71413,10.13736],[-64.71711,10.13336],[-64.71733,10.13084],[-64.73411,10.11526],[-64.76124,10.10026],[-64.80712,10.08754],[-64.82103,10.08529],[-64.86682,10.0852],[-64.88198,10.08639],[-64.88477,10.08523],[-64.88754,10.0869],[-64.90152,10.0886],[-64.91444,10.09228],[-64.92123,10.09168],[-64.93369,10.09673],[-64.94921,10.09826],[-64.97244,10.08589],[-64.99233,10.07736],[-65.02816,10.0709],[-65.03254,10.06818],[-65.04518,10.06602],[-65.04961,10.06165],[-65.0525,10.06091],[-65.0734,10.06168],[-65.10381,10.06694],[-65.12078,10.07133],[-65.15034,10.08052],[-65.19345,10.09795],[-65.19766,10.09785],[-65.24404,10.10781],[-65.34567,10.12139],[-65.36335,10.12546],[-65.38184,10.1278],[-65.38337,10.12909],[-65.40589,10.13298],[-65.43136,10.14052],[-65.42822,10.13799],[-65.42865,10.13049],[-65.43402,10.12527],[-65.43623,10.1264],[-65.43431,10.12293],[-65.43639,10.12225],[-65.43902,10.12396],[-65.43857,10.12245],[-65.44097,10.12053],[-65.43924,10.11652],[-65.44685,10.11476],[-65.44822,10.11888],[-65.45151,10.11487],[-65.45383,10.10687],[-65.45641,10.10367],[-65.45576,10.09862],[-65.45704,10.09495],[-65.45435,10.09542],[-65.45357,10.09235],[-65.4578,10.09357],[-65.45989,10.09165],[-65.4633,10.09177],[-65.46405,10.08848],[-65.46638,10.0914],[-65.46837,10.09137],[-65.46973,10.08999],[-65.46903,10.08832],[-65.47464,10.08404],[-65.47875,10.08592],[-65.48602,10.08064],[-65.49186,10.08015],[-65.49203,10.07742],[-65.48799,10.07634],[-65.4865,10.07438],[-65.4904,10.07238],[-65.48874,10.06768],[-65.49138,10.06958],[-65.49389,10.06945],[-65.49654,10.07195],[-65.49513,10.06299],[-65.49696,10.06374],[-65.49816,10.06756],[-65.50146,10.06458],[-65.50307,10.06698],[-65.50408,10.06549],[-65.50574,10.06689],[-65.51016,10.06473],[-65.50691,10.06183],[-65.51008,10.05997],[-65.51023,10.05833],[-65.51336,10.05858],[-65.52062,10.05557],[-65.52148,10.05749],[-65.52366,10.05278],[-65.52887,10.05364],[-65.533,10.04423],[-65.53694,10.04257],[-65.53552,10.03749],[-65.53889,10.03689],[-65.53885,10.03275],[-65.54192,10.03157],[-65.54049,10.03057],[-65.54261,10.02934],[-65.54114,10.02786],[-65.54324,10.02173],[-65.55315,10.0154],[-65.55266,10.00497],[-65.55447,10.00209],[-65.55907,10.00451],[-65.56091,10.00376],[-65.562,10.00636],[-65.56626,10.00752],[-65.57087,10.00504],[-65.58233,10.00801],[-65.58269,10.00638],[-65.58558,10.00828],[-65.58838,10.00522],[-65.59836,10.0016],[-65.60268,10.00082],[-65.60388,10.00197],[-65.60497,9.99522],[-65.59979,9.98971],[-65.60266,9.98865],[-65.601,9.98478],[-65.6029,9.9811],[-65.60215,9.97891],[-65.60722,9.97094],[-65.61379,9.97136],[-65.62702,9.96806],[-65.62874,9.96459],[-65.62724,9.95934],[-65.63659,9.95044],[-65.6661,9.9535],[-65.66986,9.95772],[-65.66913,9.96251],[-65.67244,9.96891],[-65.69158,9.97959],[-65.70823,9.97616],[-65.71771,9.96206],[-65.717,9.92428],[-65.71306,9.91462],[-65.71768,9.91278],[-65.71822,9.90386],[-65.71885,9.90212],[-65.7223,9.90061],[-65.72348,9.89],[-65.72101,9.88364],[-65.72195,9.87503],[-65.7167,9.86419],[-65.70628,9.85855],[-65.70551,9.84265],[-65.713,9.84006],[-65.71296,9.83726],[-65.71201,9.83386],[-65.70764,9.83271],[-65.70227,9.8241],[-65.70252,9.82076],[-65.70097,9.81863],[-65.69091,9.81067],[-65.68778,9.80282],[-65.67808,9.79902],[-65.67737,9.79082],[-65.67868,9.78947],[-65.67592,9.77838],[-65.67329,9.77783],[-65.6723,9.77449],[-65.67071,9.77363],[-65.69791,9.68727],[-65.64765,9.63282],[-65.64702,9.56],[-65.50159,9.55842],[-65.49983,9.56187],[-65.49536,9.56473],[-65.43017,9.6543],[-65.42667,9.65204],[-65.42085,9.63339],[-65.41033,9.62281],[-65.41015,9.61574],[-65.40812,9.61191],[-65.41043,9.60544],[-65.40485,9.60005],[-65.40479,9.59585],[-65.39614,9.59253],[-65.38825,9.58434],[-65.38375,9.58286],[-65.37731,9.57566],[-65.37322,9.56652],[-65.36345,9.55692],[-65.36133,9.55496],[-65.35594,9.55379],[-65.35013,9.54891],[-65.34684,9.54923],[-65.34448,9.54785],[-65.33667,9.5339],[-65.33148,9.53348],[-65.32475,9.53014],[-65.31638,9.51811],[-65.30916,9.51358],[-65.30474,9.5174],[-65.29957,9.51761],[-65.29379,9.51387],[-65.28557,9.51487],[-65.28002,9.51384],[-65.2712,9.51575],[-65.26474,9.5132],[-65.2594,9.51476],[-65.25685,9.51272],[-65.24601,9.51069],[-65.23971,9.49936],[-65.23595,9.49817],[-65.23441,9.50002],[-65.23176,9.49871],[-65.2291,9.49942],[-65.22694,9.50253],[-65.2241,9.50123],[-65.22081,9.48895],[-65.21488,9.48852],[-65.21433,9.48694],[-65.21277,9.46901],[-65.20959,9.46837],[-65.20558,9.4748],[-65.20406,9.47605],[-65.20188,9.47554],[-65.2023,9.46987],[-65.20908,9.46768],[-65.21124,9.46565],[-65.20472,9.46492],[-65.2039,9.46377],[-65.20983,9.46286],[-65.21187,9.4602],[-65.20482,9.45959],[-65.20351,9.45811],[-65.20498,9.4508],[-65.2016,9.43683],[-65.20383,9.43631],[-65.20833,9.43999],[-65.21415,9.43735],[-65.21457,9.43561],[-65.2101,9.43587],[-65.20847,9.4351],[-65.20809,9.4329],[-65.2131,9.42534],[-65.21869,9.42619],[-65.22368,9.42895],[-65.2258,9.42776],[-65.2289,9.41826],[-65.23254,9.41555],[-65.23636,9.41554],[-65.23839,9.41151],[-65.23131,9.40629],[-65.22996,9.40298],[-65.23076,9.40191],[-65.23557,9.40273],[-65.23957,9.39636],[-65.24439,9.40123],[-65.2512,9.40159],[-65.2535,9.39884],[-65.24726,9.39261],[-65.24908,9.38876],[-65.25575,9.39431],[-65.25849,9.39465],[-65.26683,9.39062],[-65.26968,9.38185],[-65.27259,9.37896],[-65.28488,9.38258],[-65.28647,9.38179],[-65.28626,9.3753],[-65.28952,9.37162],[-65.29151,9.3709],[-65.2983,9.37727],[-65.3033,9.37317],[-65.309,9.37097],[-65.3098,9.36938],[-65.30693,9.36697],[-65.30326,9.36865],[-65.29772,9.36782],[-65.29323,9.35709],[-65.28773,9.35354],[-65.28749,9.35177],[-65.29094,9.34945],[-65.29424,9.34988],[-65.29974,9.35374],[-65.30302,9.35369],[-65.31159,9.3497],[-65.3139,9.3464],[-65.3136,9.34303],[-65.3118,9.34197],[-65.29813,9.341],[-65.2944,9.33598],[-65.29671,9.33226],[-65.29355,9.33006],[-65.2882,9.33339],[-65.28814,9.32894],[-65.28626,9.329],[-65.28636,9.33196],[-65.28522,9.33206],[-65.28303,9.32778],[-65.27894,9.32929],[-65.27961,9.32523],[-65.2764,9.3176],[-65.27731,9.31594],[-65.2763,9.31014],[-65.27123,9.30914],[-65.27535,9.30662],[-65.27468,9.30404],[-65.27376,9.30278],[-65.26804,9.3037],[-65.26646,9.29504],[-65.26173,9.29479],[-65.2622,9.29332],[-65.26928,9.2912],[-65.26825,9.28403],[-65.27072,9.28561],[-65.27289,9.28446],[-65.27024,9.28185],[-65.26996,9.27713],[-65.26477,9.27501],[-65.26293,9.27275],[-65.26437,9.27035],[-65.26339,9.26768],[-65.26043,9.26824],[-65.2595,9.2663],[-65.25508,9.2646],[-65.25716,9.26004],[-65.25531,9.25992],[-65.24894,9.26483],[-65.24693,9.26125],[-65.24193,9.26433],[-65.23879,9.26106],[-65.24052,9.25799],[-65.23447,9.25152],[-65.23843,9.2493],[-65.24101,9.24567],[-65.23458,9.24493],[-65.2345,9.24374],[-65.23758,9.24297],[-65.23668,9.23952],[-65.23785,9.23354],[-65.23495,9.23323],[-65.23337,9.23774],[-65.23146,9.23698],[-65.23033,9.23103],[-65.22459,9.23591],[-65.21802,9.23575],[-65.21739,9.23298],[-65.22171,9.23351],[-65.22343,9.23227],[-65.22342,9.23058],[-65.22055,9.23148],[-65.21973,9.23048],[-65.2217,9.22605],[-65.21688,9.22833],[-65.21335,9.2238],[-65.21774,9.22446],[-65.21703,9.22275],[-65.21277,9.22103],[-65.21019,9.21599],[-65.20472,9.21387],[-65.20073,9.2096],[-65.20242,9.20742],[-65.20548,9.20927],[-65.206,9.20807],[-65.20491,9.20372],[-65.20742,9.2023],[-65.20579,9.19474],[-65.20427,9.19345],[-65.20123,9.19479],[-65.19963,9.19327],[-65.19876,9.18523],[-65.19416,9.18661],[-65.19266,9.18476],[-65.19197,9.183],[-65.1942,9.18326],[-65.1962,9.17929],[-65.19339,9.18136],[-65.19114,9.18127],[-65.19072,9.17485],[-65.18769,9.17917],[-65.18674,9.1754],[-65.18874,9.17134],[-65.18539,9.17227],[-65.18044,9.17129],[-65.17824,9.16879],[-65.17555,9.16886],[-65.17487,9.16625],[-65.17282,9.16529],[-65.171,9.16902],[-65.16924,9.16695],[-65.16585,9.17009],[-65.16353,9.17002],[-65.1619,9.16919],[-65.16242,9.1665],[-65.15593,9.16432],[-65.15384,9.16537],[-65.15479,9.16977],[-65.15122,9.1679],[-65.14903,9.17153],[-65.14353,9.17303],[-65.14099,9.17191],[-65.14084,9.1662],[-65.13886,9.16727],[-65.13962,9.17137],[-65.13613,9.17086],[-65.13718,9.16635],[-65.13247,9.17055],[-65.13054,9.17059],[-65.12579,9.16633],[-65.12352,9.16856],[-65.12001,9.16761],[-65.11689,9.17046],[-65.11613,9.16689],[-65.11193,9.16572],[-65.10745,9.16606],[-65.10839,9.16908],[-65.10674,9.17057],[-65.10154,9.17034],[-65.10247,9.17297],[-65.10127,9.17308],[-65.09917,9.16982],[-65.09753,9.1725],[-65.09234,9.17124],[-65.08755,9.17184],[-65.08447,9.16712],[-65.08249,9.16708],[-65.08508,9.16386],[-65.08447,9.16288],[-65.08012,9.16175],[-65.07836,9.15971],[-65.07529,9.16066],[-65.07705,9.15394],[-65.07406,9.15622],[-65.07118,9.15501],[-65.07384,9.15],[-65.0726,9.14896],[-65.07025,9.15286],[-65.06959,9.14963],[-65.06302,9.14871],[-65.06261,9.14498],[-65.05904,9.14224],[-65.05769,9.14402],[-65.05531,9.14058],[-65.04617,9.13668],[-65.0457,9.13402],[-65.04445,9.1366],[-65.04178,9.13443],[-65.03891,9.13643],[-65.03715,9.13498],[-65.03011,9.13507],[-65.02826,9.12929],[-65.02626,9.13052],[-65.02465,9.12932],[-65.02415,9.12327],[-65.02071,9.12],[-65.01669,9.11947],[-65.01339,9.12267],[-65.01005,9.12086],[-65.01283,9.1199],[-65.01245,9.11898],[-65.00661,9.11482],[-65.00129,9.11449],[-64.99999,9.1171],[-64.99694,9.11753],[-64.99319,9.11429],[-64.98502,9.11515],[-64.98402,9.11146],[-64.97844,9.10701],[-64.97616,9.10684],[-64.97583,9.10565],[-64.97999,9.10363],[-64.97572,9.10227],[-64.97542,9.09938],[-64.97109,9.09842],[-64.96854,9.09403],[-64.96639,9.08683],[-64.9673,9.08529],[-64.97229,9.08353],[-64.96978,9.07822],[-64.9713,9.07619],[-64.96937,9.07519],[-64.96709,9.07656],[-64.96732,9.07254],[-64.96396,9.07242],[-64.96585,9.07089],[-64.96455,9.0701],[-64.96206,9.06929],[-64.96067,9.07207],[-64.95911,9.06365],[-64.96123,9.06203],[-64.95509,9.05775],[-64.9457,9.05912],[-64.9452,9.05602],[-64.94757,9.0547],[-64.94643,9.05331],[-64.9465,9.04531],[-64.94115,9.04592],[-64.94222,9.04256],[-64.94895,9.03698],[-64.94667,9.03231],[-64.95169,9.02241],[-64.95677,9.02047],[-64.95588,9.01942],[-64.95744,9.00976],[-64.95166,9.01014],[-64.94817,9.00773],[-64.94435,9.01136],[-64.94254,9.01015],[-64.94378,9.00978],[-64.94296,9.0073],[-64.94467,9.00658],[-64.93983,9.00362],[-64.94083,9.0004],[-64.9398,8.99838],[-64.9351,8.9972],[-64.9375,8.99569],[-64.93424,8.9932],[-64.93384,8.98836],[-64.93119,8.98951],[-64.92706,8.98788],[-64.92533,8.98546],[-64.92332,8.98831],[-64.92398,8.98311],[-64.91915,8.98758],[-64.90842,8.98434],[-64.90791,8.9866],[-64.90442,8.9797],[-64.90219,8.98082],[-64.89665,8.97172],[-64.89595,8.97278],[-64.89466,8.97082],[-64.89402,8.97218],[-64.88985,8.97326],[-64.89035,8.96813],[-64.8876,8.96816],[-64.88774,8.96395],[-64.88615,8.96043],[-64.88458,8.95997],[-64.88235,8.96178],[-64.88308,8.9567],[-64.88056,8.9561],[-64.87626,8.94951],[-64.87665,8.9472],[-64.8749,8.94596],[-64.87746,8.94313],[-64.87482,8.94302],[-64.87523,8.94032],[-64.86703,8.93665],[-64.8658,8.93841],[-64.86018,8.93952],[-64.85486,8.93303],[-64.85223,8.93543],[-64.85119,8.93105],[-64.84761,8.92964],[-64.84407,8.92432],[-64.83185,8.92057],[-64.82692,8.91405],[-64.81957,8.91353],[-64.81626,8.9084],[-64.81214,8.90803],[-64.80847,8.89963],[-64.79878,8.89539],[-64.79146,8.87823],[-64.78401,8.877],[-64.77781,8.87272],[-64.7767,8.87004],[-64.77737,8.86618],[-64.78056,8.86366],[-64.78108,8.85821],[-64.77885,8.85561],[-64.77824,8.84964],[-64.77461,8.8457],[-64.77439,8.83752],[-64.78143,8.8177],[-64.78062,8.81344],[-64.84806,8.698],[-64.85033,8.6965],[-64.85641,8.69699],[-64.86025,8.69994],[-64.86504,8.70014],[-64.86659,8.70242],[-64.87228,8.70326],[-64.87547,8.71035],[-64.88147,8.71019],[-64.88752,8.71359],[-64.89498,8.71425],[-64.89831,8.72053],[-64.9037,8.72342],[-64.90612,8.72937],[-64.91111,8.73428],[-64.91167,8.73645],[-64.90992,8.73939],[-64.91125,8.74264],[-64.91846,8.74688],[-64.92558,8.74768],[-64.9377,8.74288],[-64.94181,8.74467],[-64.95551,8.74512],[-64.95775,8.74923],[-64.9611,8.74993],[-64.96669,8.74936],[-64.97038,8.75091],[-64.97461,8.74711],[-64.97743,8.74747],[-64.98137,8.75056],[-64.99751,8.74488],[-64.99818,8.74644],[-65.00927,8.74576],[-65.01102,8.74238],[-65.01331,8.74118],[-65.01663,8.74228],[-65.02023,8.73843],[-65.0291,8.743],[-65.03471,8.74117],[-65.03545,8.74287],[-65.04254,8.74422],[-65.04331,8.74673],[-65.04619,8.74541],[-65.05266,8.74672],[-65.05664,8.74991],[-65.05678,8.75214],[-65.05911,8.75179],[-65.06027,8.75609],[-65.06425,8.76075],[-65.06847,8.75828],[-65.07184,8.76102],[-65.07577,8.75917],[-65.08004,8.76452],[-65.08778,8.76072],[-65.08872,8.76152],[-65.08941,8.75977],[-65.09112,8.76048],[-65.0974,8.7553],[-65.09869,8.75596],[-65.10026,8.75228],[-65.10732,8.74779],[-65.11263,8.75008],[-65.11392,8.74711],[-65.11646,8.74729],[-65.11747,8.74494],[-65.12038,8.74669],[-65.12167,8.74439],[-65.12371,8.7494],[-65.12743,8.74955],[-65.12678,8.74757],[-65.13325,8.7489],[-65.1454,8.73773],[-65.14655,8.7334],[-65.15047,8.73455],[-65.14763,8.73138],[-65.15136,8.72514],[-65.14944,8.72135],[-65.1523,8.71976],[-65.15496,8.72118],[-65.15611,8.72044],[-65.1574,8.71609],[-65.15913,8.71492],[-65.15721,8.71255],[-65.15785,8.71062],[-65.16395,8.71132],[-65.16887,8.70179],[-65.17146,8.70301],[-65.16815,8.69936],[-65.17057,8.69425],[-65.169,8.69329],[-65.17052,8.69084],[-65.16756,8.68896],[-65.16904,8.68574],[-65.16689,8.68388],[-65.16903,8.6802],[-65.16849,8.67661],[-65.1614,8.67485],[-65.16082,8.67315],[-65.16195,8.67037],[-65.16601,8.67135],[-65.16656,8.66751],[-65.16912,8.66578],[-65.16771,8.66351],[-65.17058,8.66284],[-65.17024,8.66103],[-65.17132,8.66104],[-65.16949,8.65781],[-65.17151,8.65474],[-65.17039,8.65255],[-65.17212,8.65088],[-65.16888,8.64963],[-65.17069,8.64338],[-65.16517,8.63756],[-65.16377,8.6337],[-65.16555,8.63201],[-65.1632,8.63015],[-65.16361,8.62678],[-65.15818,8.6233],[-65.15625,8.61963],[-65.14974,8.61437],[-65.14906,8.61048],[-65.14713,8.60942],[-65.14777,8.60582],[-65.15342,8.60345],[-65.14842,8.59898],[-65.14621,8.59923],[-65.15056,8.59305],[-65.14887,8.59072],[-65.15061,8.58848],[-65.1484,8.58401],[-65.14455,8.58224],[-65.14413,8.57665],[-65.14482,8.57378],[-65.15037,8.57068],[-65.14734,8.5672],[-65.14907,8.55957],[-65.14686,8.55819],[-65.15388,8.55293],[-65.15199,8.55074],[-65.14802,8.55073],[-65.14842,8.54482],[-65.15121,8.54213],[-65.15616,8.54312],[-65.15763,8.5421],[-65.15562,8.53648],[-65.15128,8.53477],[-65.15135,8.53177],[-65.1553,8.52937],[-65.16028,8.52947],[-65.16243,8.52475],[-65.16256,8.52119],[-65.15966,8.51927],[-65.15815,8.51346],[-65.161,8.50972],[-65.16943,8.50383],[-65.17044,8.49524],[-65.16949,8.49195],[-65.17783,8.48617],[-65.17674,8.48329],[-65.17797,8.47915],[-65.17983,8.48026],[-65.18193,8.47841],[-65.18228,8.47127],[-65.17919,8.46858],[-65.17614,8.47074],[-65.17595,8.46755],[-65.17838,8.46102],[-65.18314,8.45898],[-65.18383,8.45412],[-65.178,8.45506],[-65.17798,8.44826],[-65.18189,8.44646],[-65.18181,8.44293],[-65.18715,8.44182],[-65.18797,8.44014],[-65.1851,8.4393],[-65.18352,8.43585],[-65.18128,8.43812],[-65.17939,8.43362],[-65.18141,8.43158],[-65.18633,8.43287],[-65.18816,8.42852],[-65.19561,8.42144],[-65.19438,8.41551],[-65.19599,8.41447],[-65.19525,8.41175],[-65.20039,8.41172],[-65.1984,8.40596],[-65.20319,8.4031],[-65.20223,8.39862],[-65.2045,8.39436],[-65.20263,8.39224],[-65.19797,8.39173],[-65.19629,8.39012],[-65.20134,8.38219],[-65.20613,8.37901],[-65.20316,8.37447],[-65.20316,8.36916],[-65.20718,8.36566],[-65.21045,8.36535],[-65.21333,8.36982],[-65.21595,8.36553],[-65.21702,8.357],[-65.22011,8.35649],[-65.22451,8.35867],[-65.2262,8.35758],[-65.22762,8.3481],[-65.22612,8.34343],[-65.22905,8.33862],[-65.23232,8.34054],[-65.2356,8.33876],[-65.23662,8.33163],[-65.24316,8.3304],[-65.24819,8.32754],[-65.24918,8.32767],[-65.24822,8.33105],[-65.25016,8.33182],[-65.25349,8.3294],[-65.25567,8.33243],[-65.25739,8.33097],[-65.25809,8.32711],[-65.26343,8.3242],[-65.26238,8.31998],[-65.26701,8.31909],[-65.2675,8.31425],[-65.27142,8.31605],[-65.27457,8.31104],[-65.26963,8.30393],[-65.26808,8.29805],[-65.2784,8.29926],[-65.28069,8.28949],[-65.28542,8.28032],[-65.28277,8.28103],[-65.28082,8.27988],[-65.28019,8.27692],[-65.28337,8.27595],[-65.28632,8.27742],[-65.2885,8.2763],[-65.29077,8.27426],[-65.28938,8.27037],[-65.29134,8.26772],[-65.29787,8.26672],[-65.29811,8.2571],[-65.3034,8.2568],[-65.30216,8.25298],[-65.30631,8.24868],[-65.31091,8.24958],[-65.31048,8.24196],[-65.30789,8.23598],[-65.30944,8.23385],[-65.31268,8.23242],[-65.31949,8.23429],[-65.32811,8.23274],[-65.32854,8.23093],[-65.32353,8.22572],[-65.32606,8.22512],[-65.32495,8.2221],[-65.3298,8.2225],[-65.33094,8.22512],[-65.33377,8.22395],[-65.33541,8.22483],[-65.33591,8.2235],[-65.33267,8.21944],[-65.33645,8.21927],[-65.33739,8.21552],[-65.34087,8.21728],[-65.34435,8.21424],[-65.34564,8.21035],[-65.34279,8.20992],[-65.34153,8.20814],[-65.34625,8.20686],[-65.35172,8.20915],[-65.35136,8.20702],[-65.34596,8.2028],[-65.34607,8.20143],[-65.35113,8.20239],[-65.35312,8.19966],[-65.35401,8.20438],[-65.35706,8.20394],[-65.35905,8.20716],[-65.36597,8.20108],[-65.36636,8.1983],[-65.36303,8.19448],[-65.3632,8.18975],[-65.36548,8.18923],[-65.36648,8.19259],[-65.37027,8.18824],[-65.37225,8.18933],[-65.37367,8.18824],[-65.37712,8.1841],[-65.37488,8.1815],[-65.37259,8.18111],[-65.36903,8.18326],[-65.36644,8.18076],[-65.36565,8.17723],[-65.36863,8.17491],[-65.37332,8.17445],[-65.37641,8.17172],[-65.37682,8.16853],[-65.3812,8.17335],[-65.38245,8.17334],[-65.38263,8.16783],[-65.38374,8.16787],[-65.38601,8.17397],[-65.38849,8.17177],[-65.3878,8.16742],[-65.38486,8.16377],[-65.3777,8.1603],[-65.37585,8.15745],[-65.38225,8.14985],[-65.38772,8.13688],[-65.39272,8.13475],[-65.39108,8.12988],[-65.39563,8.12981],[-65.40003,8.12587],[-65.39839,8.12362],[-65.39824,8.11678],[-65.41075,8.10788],[-65.41819,8.10908],[-65.42103,8.10589],[-65.42128,8.10006],[-65.42489,8.09589],[-65.4275,8.08853],[-65.43431,8.08298],[-65.43931,8.06826],[-65.44911,8.05209],[-65.4545,8.04977],[-65.4568,8.04637],[-65.4601,8.04958],[-65.46089,8.05278],[-65.46942,8.04871],[-65.47397,8.04894],[-65.47979,8.04403],[-65.47752,8.03001],[-65.48076,8.02787],[-65.48527,8.02888],[-65.48956,8.02646],[-65.48779,8.02406],[-65.48878,8.02149],[-65.48342,8.01798],[-65.48263,8.00966],[-65.48712,8.00561],[-65.48576,8.00415],[-65.48846,8.00062],[-65.49627,7.9938],[-65.49736,7.99001],[-65.49391,7.98822],[-65.49389,7.9843],[-65.49077,7.98079],[-65.4926,7.9799],[-65.492,7.97771],[-65.49424,7.9778],[-65.49498,7.97324],[-65.48984,7.97359],[-65.49046,7.9682],[-65.48764,7.96709],[-65.48869,7.96467],[-65.49105,7.96479],[-65.49231,7.96212],[-65.49912,7.96271],[-65.49953,7.96021],[-65.4979,7.95865],[-65.49964,7.95536],[-65.50179,7.95518],[-65.49985,7.95323],[-65.50048,7.94416],[-65.50407,7.93886],[-65.50336,7.92991],[-65.49709,7.9273],[-65.49494,7.92272],[-65.49537,7.91922],[-65.49161,7.91694],[-65.48265,7.91756],[-65.47582,7.92324],[-65.47138,7.92415],[-65.47026,7.92293],[-65.47397,7.92076],[-65.47328,7.91882],[-65.46457,7.91857],[-65.46109,7.91654],[-65.45641,7.91858],[-65.44747,7.9165],[-65.43972,7.91628],[-65.43715,7.91761],[-65.42154,7.91644],[-65.41016,7.9106],[-65.41115,7.90814],[-65.40982,7.90582],[-65.40206,7.90448],[-65.38993,7.89721],[-65.38381,7.88837],[-65.3766,7.88187],[-65.37125,7.87394],[-65.37174,7.87158],[-65.36684,7.85652],[-65.35608,7.85909],[-65.33454,7.85211],[-65.3247,7.85405],[-65.31072,7.85175],[-65.28279,7.83225],[-65.24658,7.83219],[-65.22849,7.82531],[-65.18986,7.82044],[-65.11074,7.79253],[-65.09232,7.78394],[-65.01916,7.76784],[-65.00108,7.75631],[-64.99836,7.7414],[-64.99494,7.73245],[-64.96475,7.70629],[-64.95422,7.69986],[-64.94461,7.69733],[-64.93409,7.68677],[-64.90928,7.67274],[-64.87677,7.66125],[-64.86372,7.65848],[-64.85913,7.66238],[-64.83578,7.66561],[-64.82667,7.66877],[-64.79233,7.67126],[-64.74822,7.68999],[-64.72004,7.70878],[-64.70379,7.72274],[-64.67561,7.74261],[-64.63388,7.7571],[-64.59378,7.76462],[-64.54826,7.76086],[-64.52225,7.76462],[-64.50979,7.76891],[-64.49624,7.78448],[-64.47728,7.79414],[-64.46308,7.80465],[-64.45755,7.81015],[-64.45361,7.82826],[-64.45665,7.83143],[-64.46044,7.83205],[-64.46536,7.83816],[-64.50221,7.85749],[-64.51772,7.86002],[-64.53679,7.86886],[-64.56671,7.87544],[-64.57266,7.88154],[-64.58038,7.90438],[-64.57969,7.91117],[-64.57211,7.93479],[-64.56886,7.95573],[-64.56181,7.9713],[-64.54556,7.98902],[-64.52659,7.99921],[-64.50708,8.0121],[-64.48866,8.018],[-64.4777,8.02823],[-64.46771,8.03153],[-64.44894,8.03251],[-64.44233,8.03023],[-64.43295,8.02195],[-64.42201,8.00834],[-64.41144,7.99915],[-64.40484,7.99664],[-64.3981,7.99643],[-64.37213,8.00579],[-64.36174,8.01366],[-64.35234,8.03519],[-64.34699,8.04211],[-64.33741,8.06582],[-64.31842,8.08398],[-64.29864,8.09262],[-64.28556,8.09495],[-64.26389,8.09083],[-64.24794,8.09426],[-64.24486,8.09352],[-64.23,8.08492],[-64.21672,8.06854],[-64.21284,8.05988],[-64.20472,8.05512],[-64.19033,8.03655],[-64.17491,8.02713],[-64.1593,8.00839],[-64.14825,8.00535],[-64.14441,8.00139],[-64.13952,7.99948],[-64.13595,8.0016],[-64.13047,8.00083],[-64.11864,7.9955],[-64.11453,7.99509],[-64.11279,7.9969],[-64.09484,7.98252],[-64.08763,7.96862],[-64.0817,7.96379],[-64.07094,7.96593],[-64.06306,7.96067],[-64.05407,7.95036],[-64.02572,7.94252],[-64.01126,7.94392],[-64.00054,7.94334],[-63.98381,7.95834],[-63.97076,7.96028],[-63.95452,7.96816],[-63.94218,7.97124],[-63.93171,7.97613],[-63.927,7.98322],[-63.92618,7.98955],[-63.92121,7.99659],[-63.90523,8.01056],[-63.89615,8.02165],[-63.89037,8.02603],[-63.88066,8.04055],[-63.87855,8.05378],[-63.86432,8.06502],[-63.85592,8.07601],[-63.85216,8.08283],[-63.85198,8.08742],[-63.84772,8.09756],[-63.82756,8.12269],[-63.82422,8.13425],[-63.80402,8.1385],[-63.785,8.14048],[-63.75925,8.14109],[-63.74522,8.13833],[-63.73857,8.13971],[-63.7242,8.14429],[-63.71181,8.14649],[-63.68382,8.16689],[-63.67761,8.16885],[-63.66677,8.16649],[-63.65415,8.16134],[-63.63749,8.1674],[-63.62946,8.16129],[-63.61615,8.15625],[-63.60563,8.15584],[-63.59127,8.1525],[-63.58126,8.14831],[-63.57198,8.14918],[-63.54327,8.15683],[-63.53611,8.16107],[-63.52561,8.15951],[-63.50684,8.16687],[-63.49982,8.16135],[-63.47626,8.1606],[-63.46673,8.17018],[-63.46153,8.17342],[-63.44012,8.17419],[-63.43169,8.17932],[-63.41546,8.19761],[-63.40498,8.20224],[-63.40379,8.20497],[-63.39836,8.20855],[-63.39127,8.22253],[-63.38605,8.22714],[-63.37153,8.23308],[-63.3445,8.23783],[-63.33356,8.23476],[-63.3222,8.24362],[-63.31579,8.24397],[-63.30325,8.25522],[-63.29288,8.2595],[-63.29078,8.26199],[-63.28028,8.25997],[-63.2775,8.26198],[-63.26399,8.27677],[-63.2564,8.2918],[-63.23039,8.30575],[-63.18379,8.31596],[-63.05157,8.31703],[-63.03098,8.32132],[-62.98383,8.3181],[-62.96649,8.31542],[-62.94861,8.31059],[-62.93615,8.302],[-62.92965,8.29287],[-62.90038,8.28106],[-62.88511,8.28291],[-62.84294,8.29931],[-62.81747,8.32186],[-62.80122,8.35031],[-62.76708,8.39004],[-62.75245,8.39487],[-62.73944,8.38789],[-62.72806,8.38414],[-62.70964,8.38467],[-62.70043,8.38145],[-62.69067,8.38091],[-62.67983,8.38245],[-62.7001,8.41115],[-62.72124,8.42296],[-62.72721,8.45139],[-62.71483,8.47149],[-62.72864,8.47507],[-62.72574,8.47871],[-63.00126,8.54727],[-63.03917,8.59873],[-63.0457,8.64512],[-63.04258,8.6634],[-63.04621,8.70341],[-63.04061,8.71704],[-63.03272,8.73063],[-63.02532,8.74955],[-63.02071,8.75234],[-63.01253,8.75095],[-63.0033,8.75178],[-63.00203,8.77429],[-63.20634,8.76442],[-63.20734,8.76249],[-63.2118,8.76164],[-63.21465,8.76212],[-63.21998,8.76782],[-63.22866,8.77218],[-63.24209,8.76559],[-63.24685,8.76474],[-63.25008,8.76218],[-63.27786,8.75981],[-63.29602,8.76831],[-63.297,8.77467],[-63.29935,8.77646],[-63.30739,8.77749],[-63.30748,8.78129],[-63.31451,8.78334],[-63.32351,8.77921],[-63.33082,8.77022],[-63.33906,8.76502],[-63.34194,8.76537],[-63.36464,8.94776],[-63.36555,8.94984],[-63.37017,8.95068],[-63.37078,8.95567],[-63.37496,8.95948],[-63.37537,8.96232],[-63.38114,8.96572],[-63.38248,8.96862],[-63.37975,8.97225],[-63.38149,8.97402],[-63.38058,8.97729],[-63.38382,8.97428],[-63.38497,8.9764],[-63.38751,8.97635],[-63.38558,8.98231],[-63.38729,8.98849],[-63.38867,8.98991],[-63.39139,8.98981],[-63.39421,8.98654],[-63.39427,8.99006],[-63.39777,8.98997],[-63.39793,8.99163],[-63.39402,8.9952],[-63.3944,8.99658],[-63.40032,8.99959],[-63.40216,9.00392],[-63.40352,9.00314],[-63.40328,8.99946],[-63.40509,9.00032],[-63.40502,8.99844],[-63.40734,8.99739],[-63.40925,9.00222],[-63.41334,9.00284],[-63.4152,9.00172],[-63.41505,9.00323],[-63.41868,9.00497],[-63.41777,9.00837],[-63.42614,9.00399],[-63.42778,9.0045],[-63.42663,9.01058],[-63.4303,9.0142],[-63.43303,9.01414],[-63.43541,9.00832],[-63.43927,9.00399],[-63.44218,9.00398],[-63.44461,9.00544],[-63.45007,9.01483],[-63.44956,9.02114],[-63.45249,9.02556],[-63.45578,9.02291],[-63.45649,9.01871],[-63.45981,9.01659],[-63.45808,9.01339],[-63.45915,9.01225],[-63.46605,9.01836],[-63.46761,9.02459],[-63.46919,9.02379],[-63.47199,9.01673],[-63.47439,9.01795],[-63.47607,9.02046],[-63.47553,9.03195],[-63.48408,9.03616],[-63.49003,9.03492],[-63.48741,9.04364],[-63.4828,9.04412],[-63.48418,9.04755],[-63.48159,9.04812],[-63.48401,9.0572],[-63.48887,9.05986],[-63.49324,9.0601],[-63.49364,9.05909],[-63.49035,9.05862],[-63.49029,9.05621],[-63.49326,9.0556],[-63.49473,9.05244],[-63.50137,9.04823],[-63.5078,9.05398],[-63.50998,9.06223],[-63.51213,9.06409],[-63.51262,9.0657],[-63.50911,9.07149],[-63.5132,9.06931],[-63.51728,9.07524],[-63.51783,9.07218],[-63.51581,9.06965],[-63.51944,9.07018],[-63.52108,9.06625],[-63.5264,9.06582],[-63.52668,9.06915],[-63.52338,9.0725],[-63.52278,9.07533],[-63.52597,9.07439],[-63.53129,9.0783],[-63.53431,9.07724],[-63.54254,9.09204],[-63.54446,9.09264],[-63.5441,9.08809],[-63.54614,9.08604],[-63.55085,9.08885],[-63.55513,9.08793],[-63.55772,9.08982],[-63.55888,9.09388],[-63.56175,9.09368],[-63.56332,9.09154],[-63.5675,9.09331],[-63.56977,9.09584],[-63.56943,9.09899],[-63.56532,9.10213],[-63.56654,9.10388],[-63.57457,9.10379],[-63.57908,9.10643],[-63.58264,9.10434],[-63.58703,9.1057],[-63.58714,9.09938],[-63.58885,9.09929],[-63.59264,9.10384],[-63.59721,9.0974],[-63.59934,9.09754],[-63.60001,9.09881],[-63.59874,9.10046],[-63.60126,9.1009],[-63.60122,9.10462],[-63.60597,9.10973],[-63.60537,9.11135],[-63.60743,9.11294],[-63.60713,9.11645],[-63.60859,9.11776],[-63.60684,9.12211],[-63.60448,9.11981],[-63.60203,9.12105],[-63.60239,9.13123],[-63.60847,9.13555],[-63.60603,9.14591],[-63.62144,9.15095],[-63.62493,9.15423],[-63.63006,9.15249],[-63.62974,9.1504],[-63.63138,9.14879],[-63.6314,9.15154],[-63.63293,9.1521],[-63.63466,9.14897],[-63.64084,9.15607],[-63.64466,9.15662],[-63.64595,9.15453],[-63.64602,9.15667],[-63.65148,9.15906],[-63.65335,9.15743],[-63.66066,9.15954],[-63.66579,9.15846],[-63.66928,9.15533],[-63.67065,9.15586],[-63.67044,9.16025],[-63.6804,9.15784],[-63.67664,9.16252],[-63.67667,9.16436],[-63.67833,9.16376],[-63.67931,9.16643],[-63.68236,9.16696],[-63.68587,9.16252],[-63.68742,9.16243],[-63.68916,9.17008],[-63.69653,9.17762],[-63.69521,9.18129],[-63.69605,9.18265],[-63.70669,9.18543],[-63.70974,9.18738],[-63.70991,9.19181],[-63.71591,9.19508],[-63.71716,9.19809],[-63.72375,9.19772],[-63.72507,9.20096],[-63.72789,9.19739],[-63.73161,9.19567],[-63.73247,9.19808],[-63.74401,9.20003],[-63.7439,9.20382],[-63.74849,9.21398],[-63.75036,9.21446],[-63.75389,9.21914],[-63.76147,9.22301],[-63.76702,9.22176],[-63.77091,9.22545],[-63.78133,9.22636],[-63.79131,9.21721],[-63.80707,9.21652],[-63.81331,9.21701],[-63.82349,9.22321],[-63.82721,9.22883],[-63.83736,9.22843],[-63.85067,9.22001],[-63.85567,9.21947],[-63.86104,9.21304],[-63.86934,9.2146],[-63.87543,9.2083],[-63.88642,9.20769],[-63.8902,9.20238],[-63.9088,9.19555],[-63.9092,9.18869],[-63.91031,9.18964],[-63.91848,9.2583],[-63.92337,9.26023],[-63.92738,9.26493],[-63.92866,9.27294],[-63.93312,9.27276],[-63.93832,9.28593],[-63.94351,9.29112],[-63.95185,9.29317],[-63.95685,9.29903],[-63.96337,9.31198],[-63.96434,9.33004],[-63.96696,9.33481],[-63.97174,9.339],[-63.97263,9.41462],[-63.82525,9.54348],[-63.93603,9.68694],[-63.94793,9.70499],[-63.95166,9.71596],[-63.95105,9.72309],[-63.95328,9.72655],[-63.95396,9.73436],[-63.95856,9.7365],[-63.96042,9.74094],[-63.96098,9.74874],[-63.95854,9.75471],[-63.96122,9.76743],[-63.9604,9.77283],[-63.94605,9.78848],[-63.94469,9.79904],[-63.94518,9.80565],[-63.94941,9.81167],[-63.95439,9.82343],[-63.94555,9.83697],[-63.93954,9.83889],[-63.93601,9.84462],[-63.92901,9.84328],[-63.91095,9.84889],[-63.91757,9.85892],[-63.92569,9.86729],[-63.9322,9.87],[-63.93318,9.87439],[-63.93913,9.87566],[-63.94269,9.87834],[-63.94191,9.88275],[-63.95686,9.8964],[-63.97678,9.89977],[-63.98374,9.90879],[-63.98503,9.91609],[-63.98818,9.92109],[-63.98508,9.93911],[-63.99711,9.93262],[-64.00147,9.93254],[-64.00435,9.93054],[-64.00661,9.93036],[-64.00951,9.9354],[-64.01487,9.93751],[-64.02096,9.93179],[-64.02697,9.93259],[-64.03772,9.93019],[-64.03802,9.9393],[-64.04348,9.94436],[-64.04449,9.95911],[-64.04763,9.9717],[-64.04695,9.97857],[-64.05226,9.99068],[-64.06045,9.99682],[-64.06272,10.0055],[-64.05642,10.02787],[-64.05749,10.03651],[-64.06264,10.04493],[-64.0629,10.04964],[-64.06116,10.05192],[-64.04942,10.05303],[-64.03703,10.0466],[-64.01667,10.03992],[-63.99904,10.04221],[-63.99453,10.0476],[-63.99121,10.04645],[-63.96624,10.0534],[-63.95856,10.05428],[-63.95624,10.05676],[-63.95957,10.06544],[-63.95744,10.07398],[-63.95934,10.08297],[-63.95641,10.08403],[-63.96152,10.09168],[-63.96002,10.10107],[-63.99048,10.1102],[-64.00232,10.10928],[-64.01134,10.11034],[-64.01564,10.11682],[-64.02382,10.11978],[-64.03235,10.12008],[-64.03795,10.11954],[-64.04823,10.11487],[-64.0533,10.09856],[-64.06313,10.09556],[-64.07327,10.09532],[-64.08607,10.09767],[-64.09821,10.09156],[-64.10707,10.09024],[-64.11237,10.08612],[-64.12844,10.08401],[-64.16007,10.07613],[-64.17812,10.06846],[-64.18806,10.07048],[-64.20589,10.06581],[-64.20836,10.06774],[-64.22955,10.06287],[-64.24638,10.06295],[-64.25247,10.06118],[-64.25592,10.06282],[-64.2578,10.06155],[-64.26271,10.06152],[-64.26472,10.06308],[-64.27211,10.06271],[-64.27312,10.07899],[-64.28159,10.08591],[-64.28602,10.09303],[-64.2933,10.09571],[-64.29799,10.09396],[-64.30615,10.09526],[-64.31474,10.09273],[-64.32049,10.0927],[-64.33238,10.08204],[-64.35105,10.0796],[-64.35083,10.08397],[-64.35234,10.08499],[-64.36781,10.08662],[-64.36887,10.09006],[-64.36508,10.09538],[-64.36538,10.09704],[-64.38435,10.09825],[-64.38573,10.1027],[-64.3927,10.10688],[-64.38467,10.11431],[-64.39076,10.11362],[-64.39458,10.1143],[-64.39598,10.11591],[-64.39917,10.12035],[-64.39922,10.13375],[-64.42046,10.13766],[-64.42949,10.13128],[-64.44368,10.12642],[-64.44217,10.18871],[-64.45463,10.19263],[-64.4677,10.19171],[-64.47148,10.19214],[-64.47748,10.19608],[-64.48419,10.19468],[-64.4875,10.19614],[-64.49697,10.21367],[-64.50281,10.21682],[-64.51424,10.21878],[-64.51512,10.22034],[-64.51067,10.22444],[-64.51259,10.2362],[-64.53071,10.25331]]],[[[-64.74469,10.26306],[-64.74134,10.2642],[-64.74657,10.26919],[-64.75213,10.26491],[-64.75139,10.2622],[-64.74469,10.26306]]],[[[-64.54388,10.27078],[-64.54615,10.27419],[-64.55133,10.27344],[-64.55324,10.26959],[-64.54977,10.26861],[-64.54995,10.26619],[-64.55349,10.26375],[-64.55285,10.25982],[-64.54305,10.25607],[-64.53971,10.25781],[-64.54238,10.26142],[-64.53887,10.26779],[-64.54101,10.26798],[-64.54388,10.27078]]],[[[-64.61494,10.27423],[-64.61455,10.27555],[-64.61679,10.27573],[-64.62797,10.27423],[-64.63537,10.27124],[-64.63637,10.26902],[-64.63983,10.26858],[-64.63685,10.26528],[-64.63431,10.26591],[-64.63692,10.26216],[-64.6365,10.26055],[-64.6432,10.25898],[-64.64339,10.25727],[-64.64083,10.25497],[-64.63555,10.25673],[-64.63144,10.26402],[-64.63147,10.26684],[-64.62933,10.26676],[-64.6286,10.26475],[-64.62405,10.26801],[-64.61764,10.26867],[-64.61512,10.27141],[-64.61494,10.27423]]],[[[-64.58348,10.29051],[-64.58254,10.29279],[-64.58431,10.29334],[-64.58348,10.29051]]],[[[-64.57498,10.29291],[-64.57675,10.29362],[-64.57363,10.29182],[-64.57498,10.29291]]],[[[-64.55251,10.29318],[-64.54917,10.29472],[-64.55151,10.2947],[-64.55372,10.29196],[-64.55251,10.29318]]],[[[-64.59709,10.29353],[-64.59914,10.29502],[-64.60849,10.29333],[-64.60868,10.29212],[-64.60631,10.28882],[-64.6049,10.29004],[-64.60162,10.28754],[-64.59623,10.28749],[-64.5937,10.28952],[-64.58659,10.2913],[-64.59709,10.29353]]],[[[-64.67497,10.29641],[-64.67675,10.30254],[-64.68042,10.30301],[-64.68302,10.29805],[-64.68249,10.29544],[-64.68044,10.29384],[-64.67969,10.28932],[-64.67837,10.28963],[-64.67882,10.29446],[-64.67497,10.29641]]],[[[-64.68457,10.30086],[-64.68378,10.30379],[-64.6858,10.30146],[-64.68538,10.30025],[-64.68457,10.30086]]],[[[-64.63288,10.3018],[-64.63402,10.30391],[-64.64569,10.30038],[-64.65283,10.30264],[-64.66576,10.30213],[-64.66818,10.29989],[-64.66816,10.29788],[-64.66602,10.29689],[-64.66445,10.29267],[-64.67105,10.29029],[-64.67518,10.28532],[-64.67222,10.28444],[-64.66817,10.28689],[-64.66551,10.2854],[-64.66227,10.28735],[-64.66033,10.28696],[-64.66088,10.29129],[-64.65896,10.29241],[-64.65009,10.29067],[-64.64975,10.28715],[-64.64617,10.28526],[-64.64455,10.28608],[-64.64342,10.28428],[-64.63854,10.28816],[-64.63707,10.28749],[-64.63732,10.28534],[-64.62612,10.28492],[-64.62965,10.28117],[-64.62783,10.27906],[-64.62526,10.27909],[-64.62234,10.28264],[-64.62018,10.27983],[-64.61163,10.2798],[-64.60923,10.28537],[-64.61995,10.28921],[-64.62187,10.28778],[-64.62474,10.28967],[-64.62809,10.28904],[-64.6272,10.29137],[-64.62184,10.29574],[-64.62857,10.2972],[-64.63288,10.3018]]],[[[-64.56349,10.30418],[-64.56187,10.3054],[-64.56312,10.30892],[-64.56553,10.30437],[-64.56349,10.30418]]],[[[-64.72972,10.30814],[-64.73208,10.31104],[-64.74308,10.31175],[-64.74487,10.3067],[-64.74609,10.30699],[-64.75012,10.30242],[-64.75049,10.29778],[-64.75657,10.29481],[-64.75763,10.28794],[-64.75907,10.28974],[-64.76304,10.29021],[-64.76261,10.28719],[-64.75985,10.28641],[-64.75882,10.28441],[-64.75557,10.28605],[-64.75292,10.28516],[-64.75075,10.28155],[-64.74419,10.27617],[-64.74354,10.27103],[-64.73465,10.27867],[-64.73282,10.29027],[-64.7301,10.29382],[-64.72805,10.30412],[-64.72972,10.30814]]]]}},{"type":"Feature","properties":{"shapeName":"Apure","shapeISO":"VE-C","shapeID":"42786344B62999479728563","shapeGroup":"VEN","shapeType":"ADM1"},"geometry":{"type":"Polygon","coordinates":[[[-67.43996,6.19739],[-67.43277,6.20422],[-67.42294,6.23278],[-67.4147,6.24449],[-67.39936,6.25375],[-67.38178,6.25762],[-67.37227,6.26166],[-67.34442,6.26906],[-67.32934,6.27439],[-67.32393,6.27789],[-67.31743,6.2863],[-67.30152,6.31635],[-67.28929,6.3305],[-67.28181,6.3457],[-67.27892,6.34893],[-67.2747,6.35361],[-67.25859,6.36339],[-67.21907,6.4035],[-67.20936,6.4159],[-67.18034,6.43381],[-67.17303,6.44069],[-67.15931,6.45743],[-67.15436,6.46738],[-67.13916,6.51774],[-67.13504,6.55373],[-67.12004,6.59584],[-67.1173,6.61044],[-67.11741,6.6346],[-67.10819,6.64777],[-67.09783,6.67316],[-67.09582,6.70621],[-67.07709,6.73175],[-67.05394,6.74214],[-67.04632,6.74722],[-67.04013,6.75952],[-67.03394,6.76568],[-67.03499,6.78401],[-67.03379,6.80667],[-67.03506,6.82107],[-67.03356,6.83208],[-67.02653,6.85066],[-67.0172,6.88354],[-67.01572,6.89962],[-67.01748,6.90958],[-67.04196,6.96113],[-67.06674,6.9967],[-67.07134,7.02105],[-67.07376,7.02617],[-67.07383,7.04254],[-67.07107,7.05274],[-67.07008,7.08662],[-67.0645,7.09531],[-67.05629,7.1032],[-67.05492,7.11164],[-67.02683,7.14089],[-67.01355,7.1585],[-67.00659,7.17104],[-66.99255,7.18111],[-66.97258,7.18915],[-66.93839,7.1883],[-66.91314,7.17474],[-66.88939,7.17064],[-66.85421,7.20267],[-66.83393,7.23016],[-66.82045,7.25303],[-66.8012,7.26798],[-66.76476,7.2717],[-66.65903,7.30444],[-66.62204,7.30597],[-66.58797,7.32238],[-66.56836,7.33673],[-66.55832,7.35211],[-66.54694,7.37672],[-66.55124,7.38658],[-66.5211,7.42388],[-66.50432,7.43684],[-66.50631,7.44971],[-66.50343,7.46617],[-66.50859,7.47348],[-66.48285,7.50077],[-66.47045,7.5223],[-66.46838,7.53973],[-66.45602,7.56739],[-66.4322,7.58074],[-66.40769,7.6042],[-66.37127,7.61587],[-66.34743,7.632],[-66.33013,7.64682],[-66.33609,7.67014],[-66.32878,7.68264],[-66.32843,7.68663],[-66.33901,7.69014],[-66.35635,7.72351],[-66.35995,7.72583],[-66.36549,7.72562],[-66.37262,7.71984],[-66.38273,7.71748],[-66.3975,7.71132],[-66.40524,7.71067],[-66.42281,7.7168],[-66.43692,7.71635],[-66.44493,7.71802],[-66.45096,7.72218],[-66.46041,7.72508],[-66.46892,7.72974],[-66.48387,7.7321],[-66.48625,7.7341],[-66.48669,7.73757],[-66.47718,7.74817],[-66.47545,7.7542],[-66.4766,7.75996],[-66.47998,7.764],[-66.49973,7.77464],[-66.50584,7.77555],[-66.51213,7.77856],[-66.51471,7.78348],[-66.51459,7.79244],[-66.52254,7.79329],[-66.52538,7.80676],[-66.52927,7.81344],[-66.53428,7.81251],[-66.54235,7.80645],[-66.55163,7.8026],[-66.54401,7.78613],[-66.54754,7.77801],[-66.55301,7.77401],[-66.55481,7.77512],[-66.55473,7.77735],[-66.5511,7.78078],[-66.55089,7.78276],[-66.55266,7.78345],[-66.56637,7.77783],[-66.58162,7.7807],[-66.58437,7.77954],[-66.5848,7.77497],[-66.59105,7.77603],[-66.5936,7.77055],[-66.59658,7.76776],[-66.60688,7.76317],[-66.60989,7.76681],[-66.61501,7.76426],[-66.6187,7.76424],[-66.62835,7.77386],[-66.63094,7.77334],[-66.63487,7.76914],[-66.63673,7.76345],[-66.63914,7.7614],[-66.64486,7.76605],[-66.65043,7.76846],[-66.65615,7.7677],[-66.6557,7.76386],[-66.65869,7.75836],[-66.6644,7.75629],[-66.66516,7.75417],[-66.66187,7.7453],[-66.65908,7.74593],[-66.65609,7.75063],[-66.65185,7.75089],[-66.64993,7.74489],[-66.65104,7.74237],[-66.65612,7.74087],[-66.65583,7.73963],[-66.6506,7.73782],[-66.64832,7.72862],[-66.646,7.72687],[-66.63759,7.73098],[-66.63584,7.73044],[-66.63957,7.72442],[-66.64214,7.71379],[-66.64585,7.7093],[-66.65065,7.69907],[-66.65383,7.69752],[-66.65923,7.69781],[-66.66447,7.69371],[-66.66631,7.69459],[-66.66433,7.70224],[-66.67048,7.70501],[-66.68299,7.69722],[-66.68449,7.69791],[-66.68564,7.69969],[-66.68135,7.70091],[-66.6795,7.70339],[-66.67891,7.71414],[-66.68099,7.71965],[-66.6847,7.72125],[-66.68657,7.72043],[-66.68905,7.7147],[-66.68904,7.70461],[-66.69056,7.70253],[-66.70542,7.69788],[-66.70852,7.69323],[-66.71566,7.68995],[-66.71753,7.69491],[-66.71931,7.69547],[-66.72726,7.69359],[-66.7287,7.69185],[-66.72497,7.69066],[-66.72389,7.68813],[-66.72477,7.68673],[-66.73094,7.68946],[-66.73454,7.69471],[-66.7444,7.69803],[-66.74918,7.69565],[-66.75187,7.69773],[-66.75895,7.69605],[-66.76096,7.69688],[-66.76166,7.70092],[-66.76304,7.70164],[-66.77487,7.70124],[-66.77641,7.70317],[-66.77616,7.70921],[-66.77747,7.71009],[-66.78254,7.71011],[-66.78359,7.70694],[-66.78685,7.71113],[-66.78922,7.71203],[-66.79031,7.70997],[-66.78897,7.7042],[-66.78989,7.70296],[-66.79456,7.7069],[-66.7971,7.71318],[-66.81577,7.73147],[-66.83304,7.73051],[-66.83705,7.73427],[-66.84686,7.73567],[-66.84793,7.734],[-66.84768,7.72453],[-66.85236,7.72172],[-66.86405,7.7243],[-66.86986,7.72418],[-66.87819,7.72845],[-66.88375,7.72762],[-66.88402,7.73154],[-66.89024,7.73986],[-66.88885,7.7447],[-66.88967,7.74642],[-66.89454,7.74795],[-66.89957,7.7518],[-66.91022,7.75498],[-66.9219,7.74979],[-66.92856,7.74974],[-66.93765,7.74156],[-66.95038,7.7467],[-66.95603,7.74788],[-66.96021,7.74697],[-66.96517,7.75206],[-66.96634,7.7471],[-66.96986,7.7486],[-66.9679,7.75956],[-66.96962,7.76175],[-66.97541,7.76415],[-66.98223,7.76421],[-66.99149,7.76745],[-66.99892,7.76722],[-67.00556,7.76882],[-67.00799,7.76616],[-67.00823,7.75822],[-67.02316,7.76633],[-67.02705,7.76954],[-67.03027,7.77595],[-67.03871,7.77951],[-67.04941,7.78881],[-67.05211,7.78925],[-67.05749,7.78268],[-67.06002,7.78156],[-67.06522,7.78269],[-67.06757,7.78097],[-67.09328,7.77583],[-67.09549,7.77455],[-67.0954,7.76649],[-67.09696,7.7649],[-67.10948,7.76513],[-67.1162,7.76306],[-67.12455,7.76444],[-67.13269,7.76122],[-67.13874,7.7644],[-67.14934,7.75885],[-67.15879,7.76],[-67.16022,7.76169],[-67.15977,7.77037],[-67.15418,7.77662],[-67.154,7.77838],[-67.15597,7.77999],[-67.15869,7.78002],[-67.1652,7.77566],[-67.17026,7.78046],[-67.1823,7.78047],[-67.18558,7.78],[-67.19292,7.77395],[-67.20509,7.7767],[-67.20698,7.77635],[-67.20898,7.77343],[-67.21163,7.77716],[-67.22089,7.77854],[-67.22612,7.7872],[-67.22647,7.79416],[-67.23674,7.79815],[-67.23931,7.80488],[-67.24032,7.80542],[-67.24438,7.79969],[-67.24589,7.80035],[-67.2468,7.80401],[-67.24261,7.80879],[-67.25177,7.81417],[-67.25597,7.81873],[-67.25885,7.83088],[-67.26598,7.82832],[-67.27642,7.83113],[-67.28587,7.82439],[-67.29294,7.82701],[-67.299,7.83173],[-67.30235,7.82589],[-67.30538,7.83453],[-67.30844,7.83777],[-67.32503,7.84754],[-67.32567,7.854],[-67.32799,7.85668],[-67.32614,7.8628],[-67.32989,7.8677],[-67.31954,7.88134],[-67.32688,7.88096],[-67.33345,7.88904],[-67.33721,7.88722],[-67.33659,7.89274],[-67.34117,7.89024],[-67.34876,7.8802],[-67.35143,7.88084],[-67.3524,7.88264],[-67.34685,7.88991],[-67.34892,7.89269],[-67.35468,7.89346],[-67.3563,7.88317],[-67.35756,7.88141],[-67.35998,7.88137],[-67.36382,7.88327],[-67.3663,7.88777],[-67.36601,7.89153],[-67.36402,7.89413],[-67.36677,7.89503],[-67.37254,7.9008],[-67.38132,7.90052],[-67.38508,7.90637],[-67.39709,7.91395],[-67.39547,7.90953],[-67.39687,7.90849],[-67.39903,7.91142],[-67.40197,7.9126],[-67.41496,7.90903],[-67.41811,7.9059],[-67.42135,7.89457],[-67.42496,7.89164],[-67.43016,7.89098],[-67.43308,7.88596],[-67.43633,7.88577],[-67.46476,7.90146],[-67.47991,7.90144],[-67.4842,7.90382],[-67.48867,7.90278],[-67.48746,7.90095],[-67.49819,7.9026],[-67.50086,7.906],[-67.50083,7.9099],[-67.50425,7.92059],[-67.50745,7.92475],[-67.50652,7.92235],[-67.51,7.92302],[-67.51591,7.91957],[-67.51575,7.91849],[-67.51232,7.91999],[-67.51109,7.91915],[-67.51539,7.91595],[-67.51287,7.91289],[-67.51552,7.9127],[-67.5207,7.91655],[-67.5218,7.92836],[-67.52439,7.93389],[-67.53554,7.94428],[-67.54531,7.94242],[-67.55641,7.94592],[-67.5636,7.95109],[-67.56818,7.95944],[-67.5754,7.96105],[-67.57709,7.96539],[-67.5843,7.97338],[-67.5905,7.97641],[-67.5948,7.98473],[-67.60065,7.98537],[-67.61546,7.97661],[-67.62081,7.97011],[-67.63253,7.96548],[-67.6425,7.96447],[-67.64793,7.95941],[-67.65142,7.95926],[-67.65266,7.95693],[-67.65111,7.95475],[-67.64527,7.95117],[-67.6472,7.94482],[-67.64274,7.94214],[-67.64165,7.93947],[-67.64358,7.93534],[-67.65612,7.93392],[-67.65937,7.93108],[-67.66485,7.93001],[-67.66585,7.93018],[-67.66461,7.93508],[-67.66129,7.94071],[-67.66275,7.94366],[-67.67366,7.94456],[-67.68594,7.94204],[-67.68656,7.94038],[-67.68421,7.93681],[-67.68404,7.93193],[-67.68984,7.9212],[-67.69287,7.9216],[-67.69528,7.91602],[-67.69764,7.91519],[-67.70365,7.91705],[-67.70906,7.91249],[-67.71806,7.9098],[-67.71948,7.91084],[-67.72219,7.91003],[-67.72685,7.91543],[-67.73319,7.9179],[-67.74574,7.9117],[-67.7493,7.91198],[-67.75123,7.90953],[-67.75598,7.91053],[-67.76085,7.90474],[-67.76999,7.91046],[-67.7796,7.90886],[-67.77976,7.91404],[-67.78246,7.91435],[-67.78658,7.91894],[-67.79261,7.91907],[-67.794,7.92353],[-67.79656,7.92357],[-67.79965,7.92117],[-67.80373,7.9128],[-67.80604,7.91316],[-67.80943,7.91803],[-67.81319,7.91604],[-67.81677,7.91985],[-67.82055,7.92125],[-67.82101,7.92317],[-67.82889,7.92326],[-67.82987,7.921],[-67.83826,7.91959],[-67.84436,7.91214],[-67.8489,7.91151],[-67.85097,7.91311],[-67.85668,7.91153],[-67.85617,7.90943],[-67.8613,7.90442],[-67.86001,7.90044],[-67.86397,7.89663],[-67.86767,7.89643],[-67.86714,7.89293],[-67.87089,7.89222],[-67.87608,7.89305],[-67.87928,7.90005],[-67.88287,7.90063],[-67.88593,7.90351],[-67.89475,7.89994],[-67.89833,7.90201],[-67.91012,7.89976],[-67.91269,7.90032],[-67.91335,7.9065],[-67.93582,7.9033],[-67.93688,7.90691],[-67.94289,7.9095],[-67.94783,7.90949],[-67.95456,7.90636],[-67.9605,7.90154],[-67.96668,7.89919],[-67.97026,7.89332],[-67.97375,7.89346],[-67.97881,7.89593],[-67.9806,7.89831],[-67.98445,7.89831],[-67.98719,7.9008],[-68.00513,7.89669],[-68.00998,7.89509],[-68.01207,7.89138],[-68.01822,7.88948],[-68.02531,7.88109],[-68.02819,7.88204],[-68.03369,7.88012],[-68.03739,7.8804],[-68.03966,7.87591],[-68.04375,7.87391],[-68.04845,7.87726],[-68.05517,7.86979],[-68.05831,7.87016],[-68.06575,7.86771],[-68.06758,7.87214],[-68.0779,7.87418],[-68.08108,7.87882],[-68.09626,7.88302],[-68.1082,7.89405],[-68.10949,7.89743],[-68.11957,7.9],[-68.12443,7.90353],[-68.14422,7.89767],[-68.15049,7.89912],[-68.15566,7.90385],[-68.15682,7.90275],[-68.15761,7.90433],[-68.16624,7.90575],[-68.17464,7.90413],[-68.17707,7.9014],[-68.18506,7.90379],[-68.18808,7.90159],[-68.18999,7.90306],[-68.19235,7.90079],[-68.19683,7.90015],[-68.2024,7.90272],[-68.20514,7.89999],[-68.21051,7.89919],[-68.21416,7.89534],[-68.21651,7.89527],[-68.21799,7.89674],[-68.21732,7.89819],[-68.21977,7.89816],[-68.2225,7.9005],[-68.21896,7.90575],[-68.22024,7.90981],[-68.22254,7.91135],[-68.22905,7.91185],[-68.23286,7.90654],[-68.24026,7.90248],[-68.24604,7.90771],[-68.24879,7.91257],[-68.25185,7.91399],[-68.25876,7.91209],[-68.2641,7.91471],[-68.26449,7.92358],[-68.26914,7.92399],[-68.27295,7.92042],[-68.2725,7.91413],[-68.27806,7.90989],[-68.28123,7.91008],[-68.28354,7.9192],[-68.29058,7.92223],[-68.29417,7.91955],[-68.297,7.91205],[-68.30448,7.90939],[-68.30747,7.90401],[-68.31787,7.89825],[-68.32447,7.89672],[-68.32768,7.88427],[-68.32973,7.88308],[-68.33743,7.88452],[-68.34479,7.88051],[-68.34816,7.88058],[-68.35443,7.88906],[-68.38495,7.90719],[-68.38664,7.91248],[-68.38475,7.91565],[-68.38525,7.92187],[-68.39797,7.92067],[-68.41439,7.92953],[-68.42534,7.92661],[-68.42841,7.92775],[-68.43674,7.93628],[-68.44404,7.9379],[-68.45365,7.93633],[-68.4636,7.92976],[-68.47131,7.92732],[-68.48231,7.92809],[-68.49224,7.92658],[-68.50601,7.9284],[-68.51132,7.93118],[-68.51151,7.943],[-68.51754,7.9458],[-68.53949,7.94519],[-68.55671,7.94999],[-68.55914,7.95364],[-68.5635,7.95644],[-68.57132,7.95777],[-68.57776,7.95472],[-68.58393,7.95488],[-68.58819,7.95848],[-68.61795,7.9631],[-68.62475,7.962],[-68.63067,7.95859],[-68.64084,7.95866],[-68.64216,7.95721],[-68.64195,7.94837],[-68.64883,7.93823],[-68.67349,7.92737],[-68.69475,7.92416],[-68.7068,7.91482],[-68.70921,7.91048],[-68.71452,7.90603],[-68.72616,7.90182],[-68.74104,7.90152],[-68.75614,7.90636],[-68.76568,7.90691],[-68.76915,7.90512],[-68.77145,7.90069],[-68.77926,7.89348],[-68.78829,7.89132],[-68.80713,7.89767],[-68.82055,7.89299],[-68.85137,7.90176],[-68.86223,7.90083],[-68.8705,7.89664],[-68.87942,7.8965],[-68.88611,7.90165],[-68.89523,7.91331],[-68.91707,7.91641],[-68.92572,7.91564],[-68.93175,7.91869],[-68.93777,7.9249],[-68.93976,7.93053],[-68.93361,7.94417],[-68.93401,7.95258],[-68.94556,7.95865],[-68.9568,7.96789],[-68.95991,7.9903],[-68.96408,7.99696],[-68.97493,8.00546],[-68.97827,8.00623],[-68.98451,8.00452],[-68.99235,7.99661],[-68.99865,7.99384],[-69.00986,7.99585],[-69.01347,7.99927],[-69.02153,8.00278],[-69.03276,8.00109],[-69.03608,7.99708],[-69.03828,7.97906],[-69.04149,7.97441],[-69.04575,7.97281],[-69.05136,7.97402],[-69.06476,7.98194],[-69.07099,7.98789],[-69.07823,7.99197],[-69.07936,7.99335],[-69.07834,7.99532],[-69.08086,7.99845],[-69.08384,7.99946],[-69.08901,7.99993],[-69.10227,7.99583],[-69.1093,7.99057],[-69.11503,7.99095],[-69.12134,7.99794],[-69.12424,8.02672],[-69.12799,8.03136],[-69.13466,8.0354],[-69.14107,8.04522],[-69.14776,8.04905],[-69.15496,8.04571],[-69.1631,8.04492],[-69.1704,8.04824],[-69.17225,8.05249],[-69.17623,8.05568],[-69.1836,8.05659],[-69.18951,8.06073],[-69.19647,8.06291],[-69.20558,8.06359],[-69.21053,8.06673],[-69.24596,8.05819],[-69.2483,8.05913],[-69.25161,8.06368],[-69.25658,8.06478],[-69.26136,8.06056],[-69.26788,8.05775],[-69.27992,8.0568],[-69.28822,8.05328],[-69.30322,8.05105],[-69.31345,8.05089],[-69.324,8.05357],[-69.33565,8.05268],[-69.33949,8.0509],[-69.34599,8.05404],[-69.35662,8.05527],[-69.36775,8.05366],[-69.37511,8.04964],[-69.38192,8.0497],[-69.38547,8.05128],[-69.39373,8.05977],[-69.39891,8.06353],[-69.40504,8.0657],[-69.41524,8.06577],[-69.41698,8.06805],[-69.42141,8.06837],[-69.43456,8.06596],[-69.44315,8.05926],[-69.44914,8.05046],[-69.47207,8.03134],[-69.49008,8.00816],[-69.49222,8.00245],[-69.50259,7.99769],[-69.51344,7.99732],[-69.52154,7.99862],[-69.5271,7.99672],[-69.53636,7.99036],[-69.54601,7.97301],[-69.54519,7.96321],[-69.54861,7.95774],[-69.55945,7.95068],[-69.56294,7.9358],[-69.56494,7.93288],[-69.56979,7.93137],[-69.5744,7.93361],[-69.5783,7.93358],[-69.59538,7.93061],[-69.60051,7.9244],[-69.60186,7.91639],[-69.6061,7.9049],[-69.61517,7.90044],[-69.63043,7.89739],[-69.64302,7.88903],[-69.66255,7.87256],[-69.6825,7.86437],[-69.68638,7.85874],[-69.69223,7.85409],[-69.69759,7.85308],[-69.70842,7.84655],[-69.71102,7.84212],[-69.71955,7.83516],[-69.72205,7.82978],[-69.72789,7.82389],[-69.75359,7.8236],[-69.76427,7.82129],[-69.76827,7.81715],[-69.77588,7.81368],[-69.79048,7.81272],[-69.80079,7.80876],[-69.8055,7.80273],[-69.80719,7.79784],[-69.81733,7.79071],[-69.82134,7.79134],[-69.82671,7.79495],[-69.82918,7.79878],[-69.83645,7.80481],[-69.84315,7.80628],[-69.86368,7.79997],[-69.87671,7.79933],[-69.89714,7.7954],[-69.90158,7.79075],[-69.90508,7.77984],[-69.90826,7.77522],[-69.91989,7.76611],[-69.92994,7.75116],[-69.93886,7.74938],[-69.943,7.7463],[-69.952,7.73395],[-69.95652,7.73518],[-69.96065,7.74113],[-69.96195,7.74604],[-69.96829,7.751],[-69.97625,7.75073],[-69.98294,7.7445],[-69.9902,7.74327],[-70.00039,7.74363],[-70.01422,7.74774],[-70.0308,7.74661],[-70.04167,7.7427],[-70.05104,7.72969],[-70.05798,7.7279],[-70.06609,7.72314],[-70.0846,7.72295],[-70.08975,7.72166],[-70.0965,7.71599],[-70.09912,7.709],[-70.10317,7.70722],[-70.10996,7.70692],[-70.11149,7.70544],[-70.11179,7.70172],[-70.11847,7.68991],[-70.12095,7.68841],[-70.14048,7.68563],[-70.14578,7.68246],[-70.14845,7.67351],[-70.15612,7.6635],[-70.15179,7.65286],[-70.15195,7.6464],[-70.16934,7.61573],[-70.19012,7.61572],[-70.19637,7.61298],[-70.20087,7.60967],[-70.20898,7.59923],[-70.21027,7.59326],[-70.21349,7.59034],[-70.21912,7.59098],[-70.22466,7.59352],[-70.23551,7.60195],[-70.25173,7.60744],[-70.25921,7.61464],[-70.26121,7.61457],[-70.26942,7.60893],[-70.27472,7.60762],[-70.29915,7.60861],[-70.30152,7.60526],[-70.30214,7.60059],[-70.30841,7.59861],[-70.31552,7.60239],[-70.32253,7.60079],[-70.32674,7.59367],[-70.32743,7.58756],[-70.32207,7.57767],[-70.32241,7.57349],[-70.32898,7.56735],[-70.3408,7.56471],[-70.34371,7.56273],[-70.34733,7.54431],[-70.35852,7.52755],[-70.35819,7.5223],[-70.3615,7.51187],[-70.35922,7.48767],[-70.37566,7.47464],[-70.37976,7.46807],[-70.3821,7.45564],[-70.39668,7.4423],[-70.40371,7.43953],[-70.41496,7.43933],[-70.44073,7.42142],[-70.46376,7.4194],[-70.47737,7.42168],[-70.4818,7.41969],[-70.48827,7.41983],[-70.49506,7.41767],[-70.51089,7.41071],[-70.51526,7.40704],[-70.5156,7.40385],[-70.51148,7.39463],[-70.50907,7.38147],[-70.50946,7.37445],[-70.51361,7.36966],[-70.5166,7.36721],[-70.52117,7.36718],[-70.52864,7.37605],[-70.53305,7.37625],[-70.53836,7.37369],[-70.54711,7.37424],[-70.5511,7.3709],[-70.55667,7.35607],[-70.56167,7.35454],[-70.56621,7.34948],[-70.57804,7.34142],[-70.58927,7.33776],[-70.61048,7.3241],[-70.61692,7.32533],[-70.62204,7.33031],[-70.62857,7.32975],[-70.63276,7.33207],[-70.63952,7.33093],[-70.64438,7.3324],[-70.6496,7.32747],[-70.66101,7.32232],[-70.68303,7.31915],[-70.68689,7.30493],[-70.69404,7.29432],[-70.69691,7.29518],[-70.70174,7.2931],[-70.71397,7.29534],[-70.71604,7.29633],[-70.71769,7.30101],[-70.72206,7.29872],[-70.72626,7.30354],[-70.73205,7.30603],[-70.73337,7.30507],[-70.73441,7.29651],[-70.73626,7.29466],[-70.74319,7.30074],[-70.74572,7.30006],[-70.74537,7.28997],[-70.74882,7.2864],[-70.75495,7.29631],[-70.76237,7.29696],[-70.77048,7.30344],[-70.78719,7.29796],[-70.79619,7.30416],[-70.80277,7.30506],[-70.80378,7.30697],[-70.80225,7.30997],[-70.80271,7.31267],[-70.80559,7.31231],[-70.80922,7.31516],[-70.81862,7.31315],[-70.82432,7.31486],[-70.82839,7.31899],[-70.83076,7.31892],[-70.84272,7.31323],[-70.84309,7.31474],[-70.83915,7.31953],[-70.8455,7.32132],[-70.84855,7.32502],[-70.85409,7.32346],[-70.85658,7.32445],[-70.86098,7.33076],[-70.86602,7.32942],[-70.87452,7.33367],[-70.87938,7.33301],[-70.88352,7.33037],[-70.88157,7.32719],[-70.87566,7.32897],[-70.87776,7.32207],[-70.88386,7.31799],[-70.88995,7.32066],[-70.89427,7.31566],[-70.90009,7.31411],[-70.90454,7.31049],[-70.91097,7.31213],[-70.91644,7.31587],[-70.92217,7.31087],[-70.92806,7.31049],[-70.9334,7.30774],[-70.94278,7.30972],[-70.94738,7.30704],[-70.96172,7.30855],[-70.96285,7.30917],[-70.9631,7.3166],[-70.9678,7.32376],[-70.97527,7.32832],[-70.98633,7.32615],[-70.98856,7.32739],[-70.98835,7.33164],[-70.99659,7.33633],[-70.99788,7.3402],[-71.00492,7.33883],[-71.01622,7.34113],[-71.01381,7.33696],[-71.01476,7.33289],[-71.01981,7.33915],[-71.02534,7.33799],[-71.0303,7.34324],[-71.03222,7.34856],[-71.03894,7.34547],[-71.03872,7.34972],[-71.04124,7.35215],[-71.04568,7.35252],[-71.05507,7.34881],[-71.06509,7.348],[-71.07301,7.35106],[-71.07601,7.35471],[-71.07442,7.35794],[-71.07588,7.35894],[-71.08153,7.35844],[-71.08735,7.36847],[-71.09713,7.36589],[-71.10089,7.37067],[-71.10352,7.37105],[-71.10726,7.3651],[-71.11004,7.36328],[-71.11248,7.36361],[-71.11889,7.36841],[-71.12822,7.36331],[-71.13582,7.36704],[-71.14689,7.36416],[-71.16088,7.36792],[-71.17716,7.37727],[-71.17795,7.37974],[-71.17628,7.38221],[-71.17645,7.38715],[-71.17844,7.38861],[-71.18379,7.3877],[-71.18761,7.39176],[-71.1903,7.39254],[-71.19851,7.38583],[-71.20071,7.39501],[-71.20285,7.39826],[-71.2058,7.39748],[-71.2186,7.40837],[-71.22025,7.41302],[-71.21886,7.41674],[-71.21453,7.41777],[-71.21334,7.41951],[-71.21568,7.42187],[-71.22192,7.4205],[-71.23009,7.42156],[-71.24144,7.41758],[-71.24312,7.41869],[-71.24348,7.42634],[-71.25239,7.43014],[-71.25849,7.42631],[-71.26763,7.42967],[-71.27269,7.42977],[-71.27584,7.42393],[-71.27854,7.42369],[-71.28229,7.42727],[-71.27873,7.43343],[-71.2831,7.43401],[-71.28843,7.43155],[-71.29088,7.43713],[-71.30664,7.44523],[-71.31448,7.44318],[-71.31761,7.43994],[-71.32036,7.43917],[-71.32421,7.44076],[-71.32587,7.44506],[-71.33161,7.44718],[-71.33824,7.44297],[-71.34891,7.44564],[-71.35083,7.44395],[-71.3508,7.43796],[-71.35295,7.43586],[-71.35852,7.43954],[-71.36326,7.44044],[-71.37104,7.43696],[-71.37946,7.44477],[-71.38867,7.44427],[-71.39347,7.446],[-71.39514,7.45115],[-71.39729,7.45102],[-71.39776,7.44834],[-71.40458,7.44419],[-71.40667,7.44466],[-71.40848,7.44947],[-71.4109,7.45018],[-71.41192,7.44759],[-71.41091,7.44459],[-71.4123,7.44329],[-71.42087,7.44497],[-71.4257,7.4426],[-71.42767,7.44316],[-71.43142,7.44844],[-71.43808,7.4499],[-71.44,7.45635],[-71.44858,7.45758],[-71.45536,7.46295],[-71.45839,7.46041],[-71.45496,7.45707],[-71.45441,7.45341],[-71.46187,7.45614],[-71.46415,7.46063],[-71.46709,7.4606],[-71.46971,7.45831],[-71.46777,7.45208],[-71.46965,7.44915],[-71.47618,7.44962],[-71.47636,7.45102],[-71.48047,7.45285],[-71.48338,7.44669],[-71.49422,7.43948],[-71.50224,7.42685],[-71.50986,7.42694],[-71.51593,7.42377],[-71.51598,7.42152],[-71.51827,7.41988],[-71.52482,7.41884],[-71.5347,7.42077],[-71.5373,7.42224],[-71.5383,7.42598],[-71.54063,7.42757],[-71.55197,7.42106],[-71.55782,7.42544],[-71.55866,7.42943],[-71.57354,7.43334],[-71.57599,7.43303],[-71.57884,7.4292],[-71.5834,7.42644],[-71.59012,7.42648],[-71.5928,7.41901],[-71.59904,7.41774],[-71.60042,7.41809],[-71.60057,7.42109],[-71.60525,7.4239],[-71.60831,7.42852],[-71.61382,7.42901],[-71.61878,7.43224],[-71.62336,7.44089],[-71.62537,7.44147],[-71.62938,7.43992],[-71.64103,7.4272],[-71.6506,7.42199],[-71.66811,7.42035],[-71.66909,7.42189],[-71.67476,7.42234],[-71.68134,7.41743],[-71.68573,7.41877],[-71.68963,7.42219],[-71.69446,7.42214],[-71.69713,7.42386],[-71.71251,7.42364],[-71.71248,7.42557],[-71.73144,7.43643],[-71.73786,7.44358],[-71.74814,7.45103],[-71.74563,7.45499],[-71.74488,7.46645],[-71.7505,7.46935],[-71.75915,7.46903],[-71.76494,7.4783],[-71.76865,7.47785],[-71.7701,7.47244],[-71.77335,7.47018],[-71.77325,7.46713],[-71.77823,7.46835],[-71.78549,7.47433],[-71.7951,7.47462],[-71.80332,7.48262],[-71.81251,7.48699],[-71.81725,7.48645],[-71.82355,7.48323],[-71.82814,7.48409],[-71.83738,7.48899],[-71.8406,7.4888],[-71.85216,7.48257],[-71.85224,7.4792],[-71.84976,7.47624],[-71.84838,7.4696],[-71.84999,7.46518],[-71.8539,7.4646],[-71.85345,7.45645],[-71.85631,7.45307],[-71.85376,7.44684],[-71.85527,7.44418],[-71.85729,7.44509],[-71.86103,7.44092],[-71.86016,7.43963],[-71.85748,7.44066],[-71.85779,7.43828],[-71.86156,7.43744],[-71.86184,7.42949],[-71.86326,7.42766],[-71.86614,7.43049],[-71.8704,7.42309],[-71.87438,7.42143],[-71.87507,7.41672],[-71.8806,7.4173],[-71.88558,7.41143],[-71.88762,7.4108],[-71.90625,7.40885],[-71.91755,7.39906],[-71.92512,7.39747],[-71.92971,7.39478],[-71.93719,7.39515],[-71.93778,7.39115],[-71.94301,7.38993],[-71.94393,7.3872],[-71.95586,7.38521],[-71.97447,7.37365],[-71.97818,7.3691],[-71.9838,7.36681],[-71.98922,7.36647],[-71.99421,7.36296],[-72.00015,7.36241],[-72.00441,7.3642],[-72.01649,7.36113],[-72.03281,7.36539],[-72.03604,7.36278],[-72.05036,7.36856],[-72.05864,7.36953],[-72.07101,7.38313],[-72.07612,7.39433],[-72.08996,7.40133],[-72.10326,7.40344],[-72.1222,7.39516],[-72.1289,7.39504],[-72.13481,7.3874],[-72.15742,7.38726],[-72.16279,7.38234],[-72.16621,7.3827],[-72.17073,7.39611],[-72.1708,7.40086],[-72.18051,7.40306],[-72.18932,7.41124],[-72.19045,7.41475],[-72.19344,7.41749],[-72.19809,7.41791],[-72.20164,7.42109],[-72.20374,7.42031],[-72.20972,7.42271],[-72.21263,7.42841],[-72.22205,7.43398],[-72.2247,7.43342],[-72.22944,7.4289],[-72.23597,7.42954],[-72.24457,7.42479],[-72.25763,7.42793],[-72.26358,7.42319],[-72.27443,7.42524],[-72.28197,7.42993],[-72.28815,7.42673],[-72.29523,7.4267],[-72.30099,7.4291],[-72.30522,7.4337],[-72.31007,7.43214],[-72.32071,7.43507],[-72.32621,7.42978],[-72.32807,7.42593],[-72.34003,7.42863],[-72.3411,7.42214],[-72.34319,7.4195],[-72.34739,7.41817],[-72.36532,7.42195],[-72.37071,7.41849],[-72.38751,7.41275],[-72.39262,7.40964],[-72.39757,7.4115],[-72.40741,7.41136],[-72.41347,7.40661],[-72.41378,7.40067],[-72.37204,7.3975],[-72.36119,7.39408],[-72.35349,7.39625],[-72.34932,7.39491],[-72.33804,7.38739],[-72.32554,7.37597],[-72.31093,7.38077],[-72.31066,7.3838],[-72.30693,7.38754],[-72.29984,7.39069],[-72.2868,7.38858],[-72.28361,7.38537],[-72.27015,7.38181],[-72.26576,7.3836],[-72.25645,7.37844],[-72.2544,7.37985],[-72.2516,7.37953],[-72.24839,7.38602],[-72.24135,7.39084],[-72.23425,7.38998],[-72.22215,7.39488],[-72.20963,7.39165],[-72.20906,7.38865],[-72.2054,7.38698],[-72.20259,7.38779],[-72.20116,7.38579],[-72.19859,7.38675],[-72.19593,7.38522],[-72.19445,7.3838],[-72.19383,7.37885],[-72.18764,7.37475],[-72.18686,7.36944],[-72.18331,7.36571],[-72.18065,7.35686],[-72.17698,7.35329],[-72.17551,7.34958],[-72.17194,7.3482],[-72.17132,7.34453],[-72.16799,7.34339],[-72.15386,7.32819],[-72.15924,7.31817],[-72.15845,7.31428],[-72.15984,7.31016],[-72.16698,7.29908],[-72.17067,7.29016],[-72.16905,7.28507],[-72.16993,7.2805],[-72.16764,7.27866],[-72.16881,7.27499],[-72.16781,7.2715],[-72.17154,7.26816],[-72.17085,7.26524],[-72.17261,7.26375],[-72.17442,7.25761],[-72.1707,7.25537],[-72.17035,7.25188],[-72.04767,7.0383],[-72.04085,7.03807],[-72.03541,7.03537],[-72.02091,7.03585],[-72.01729,7.03359],[-72.00958,7.03338],[-72.00324,7.02909],[-71.98216,7.02371],[-71.96562,7.01559],[-71.95044,7.01291],[-71.93881,7.00617],[-71.92772,7.00843],[-71.92224,7.01174],[-71.92067,7.01515],[-71.91657,7.01705],[-71.91015,7.0155],[-71.90441,7.01801],[-71.8997,7.01611],[-71.89733,7.01972],[-71.89275,7.01934],[-71.88895,7.0214],[-71.87779,7.01812],[-71.87598,7.02061],[-71.87093,7.02205],[-71.86757,7.02206],[-71.86426,7.01994],[-71.85167,7.02782],[-71.84712,7.02508],[-71.83908,7.02653],[-71.83496,7.02566],[-71.83172,7.02878],[-71.82674,7.03016],[-71.82194,7.03715],[-71.82553,7.04719],[-71.82578,7.0556],[-71.82266,7.05727],[-71.81661,7.0574],[-71.81599,7.05958],[-71.81194,7.06239],[-71.8054,7.06352],[-71.79492,7.06273],[-71.76698,7.06626],[-71.74622,7.06573],[-71.74076,7.06419],[-71.73473,7.0579],[-71.72307,7.05623],[-71.7177,7.05387],[-71.71588,7.04827],[-71.71524,7.03537],[-71.70501,7.03252],[-71.69747,7.0367],[-71.69097,7.03782],[-71.67729,7.03805],[-71.66425,7.03301],[-71.66167,7.03355],[-71.65586,7.03668],[-71.65166,7.04153],[-71.64844,7.05035],[-71.64038,7.05352],[-71.63091,7.05159],[-71.62496,7.04468],[-71.61671,7.04258],[-71.60436,7.04415],[-71.60062,7.04665],[-71.59539,7.04778],[-71.5919,7.05469],[-71.58772,7.0552],[-71.58473,7.05327],[-71.58348,7.0476],[-71.58733,7.03682],[-71.59238,7.0327],[-71.59294,7.02921],[-71.59062,7.02317],[-71.59087,7.01862],[-71.587,7.01638],[-71.58301,7.01738],[-71.57672,7.02424],[-71.57129,7.02736],[-71.5641,7.02864],[-71.55601,7.02726],[-71.54031,7.03475],[-71.53426,7.03488],[-71.5214,7.02773],[-71.5161,7.02212],[-71.51204,7.02163],[-71.50886,7.02275],[-71.50438,7.0326],[-71.49846,7.03628],[-71.49378,7.03404],[-71.49191,7.03143],[-71.48597,7.01648],[-71.47818,7.01512],[-71.4692,7.02354],[-71.46852,7.02727],[-71.47221,7.0355],[-71.4694,7.04048],[-71.46523,7.04223],[-71.45886,7.03831],[-71.45748,7.02541],[-71.45934,7.01507],[-71.45734,7.0109],[-71.45497,7.00978],[-71.45036,7.01022],[-71.44949,7.01171],[-71.44931,7.02748],[-71.44689,7.02813],[-71.4369,7.02425],[-71.43528,7.02518],[-71.43087,7.03477],[-71.42436,7.03893],[-71.41152,7.03535],[-71.40067,7.03704],[-71.39174,7.03594],[-71.38614,7.0307],[-71.37902,7.01799],[-71.36985,7.01535],[-71.35777,7.0196],[-71.334,7.0169],[-71.31273,7.02214],[-71.29827,7.02907],[-71.28654,7.02446],[-71.28317,7.02446],[-71.26865,7.03175],[-71.26448,7.03206],[-71.26241,7.03014],[-71.25857,7.01913],[-71.24931,7.01874],[-71.24388,7.0127],[-71.24095,7.01183],[-71.23741,7.01492],[-71.23329,7.0241],[-71.22792,7.02741],[-71.21224,7.01904],[-71.20712,7.01967],[-71.20281,7.02432],[-71.20031,7.02517],[-71.19661,7.0238],[-71.19371,7.01964],[-71.19147,7.01896],[-71.18767,7.02079],[-71.18252,7.02075],[-71.17627,7.02409],[-71.1673,7.02637],[-71.14828,7.02749],[-71.14426,7.03298],[-71.12998,7.03271],[-71.12615,7.02977],[-71.12296,7.02276],[-71.12473,7.01612],[-71.12319,7.01306],[-71.11778,7.01033],[-71.10918,7.01192],[-71.10312,7.00687],[-71.10356,7.00415],[-71.10982,7.00208],[-71.11506,7.00665],[-71.11144,6.9993],[-71.11167,6.99684],[-71.11404,6.99425],[-71.11167,6.98993],[-71.09801,6.98824],[-71.09103,6.98338],[-71.08423,6.98447],[-71.07727,6.98078],[-71.07209,6.98315],[-71.06709,6.98036],[-71.06265,6.98251],[-71.05563,6.98052],[-71.04136,6.9821],[-71.02528,6.97428],[-71.02205,6.97403],[-70.99544,6.98308],[-70.99139,6.99042],[-70.98651,6.99415],[-70.98568,6.99972],[-70.98397,7.00054],[-70.98004,6.99947],[-70.97726,7.00117],[-70.97542,7.00415],[-70.97485,7.01162],[-70.96978,7.01636],[-70.96287,7.01744],[-70.95001,7.01629],[-70.94019,7.0123],[-70.93867,7.01275],[-70.93791,7.01711],[-70.93563,7.01971],[-70.92156,7.02369],[-70.91928,7.02629],[-70.91932,7.02923],[-70.92517,7.0323],[-70.9258,7.04066],[-70.92758,7.04521],[-70.91896,7.05255],[-70.91547,7.05274],[-70.91288,7.04394],[-70.90768,7.04128],[-70.90261,7.04546],[-70.89532,7.05932],[-70.88632,7.06438],[-70.87238,7.06399],[-70.86852,7.05779],[-70.86301,7.05487],[-70.84913,7.05702],[-70.84869,7.05866],[-70.8523,7.06056],[-70.85224,7.0631],[-70.8455,7.06981],[-70.84799,7.07168],[-70.85218,7.06869],[-70.85667,7.06962],[-70.85768,7.07177],[-70.85666,7.07481],[-70.8533,7.07765],[-70.8464,7.07442],[-70.83981,7.07834],[-70.83677,7.07853],[-70.83265,7.07404],[-70.82593,7.07403],[-70.82264,7.06985],[-70.82106,7.07118],[-70.81839,7.07941],[-70.81092,7.07921],[-70.79678,7.08319],[-70.7876,7.08338],[-70.78257,7.07846],[-70.77743,7.07669],[-70.77345,7.08035],[-70.76986,7.08894],[-70.7644,7.0909],[-70.76478,7.09382],[-70.76217,7.09732],[-70.75838,7.09748],[-70.75003,7.09176],[-70.74228,7.08893],[-70.73596,7.0887],[-70.71504,7.09396],[-70.70395,7.09262],[-70.69704,7.09401],[-70.69406,7.09647],[-70.69,7.1035],[-70.68721,7.10438],[-70.6843,7.10362],[-70.67987,7.09254],[-70.67443,7.08677],[-70.6629,7.08366],[-70.65796,7.08018],[-70.6465,7.07808],[-70.64344,7.07477],[-70.64305,7.06971],[-70.64153,7.0687],[-70.63469,7.07042],[-70.63006,7.06925],[-70.62452,7.07052],[-70.62148,7.06799],[-70.61337,7.06722],[-70.60653,7.06373],[-70.586,7.0684],[-70.58479,7.06915],[-70.58625,7.07359],[-70.58428,7.07612],[-70.57623,7.07503],[-70.57097,7.08079],[-70.56755,7.08084],[-70.56197,7.07748],[-70.55633,7.07932],[-70.55502,7.07593],[-70.5496,7.07472],[-70.54743,7.07108],[-70.54405,7.06898],[-70.54231,7.0616],[-70.53921,7.06017],[-70.53543,7.05458],[-70.53776,7.05066],[-70.54075,7.05081],[-70.54164,7.04871],[-70.53976,7.04521],[-70.53352,7.0478],[-70.53221,7.04602],[-70.5388,7.04072],[-70.53164,7.04007],[-70.52805,7.04177],[-70.52572,7.03572],[-70.52159,7.03483],[-70.51411,7.0283],[-70.51119,7.02755],[-70.51101,7.02491],[-70.51465,7.02074],[-70.50922,7.018],[-70.50911,7.01427],[-70.50476,7.01076],[-70.50234,7.00567],[-70.4956,7.00644],[-70.49271,7.00537],[-70.49289,7.00843],[-70.49052,7.00898],[-70.4745,7.00139],[-70.46698,7.00071],[-70.46575,7.00334],[-70.4597,7.00269],[-70.45791,7.00967],[-70.45541,7.01191],[-70.45242,7.01105],[-70.45036,7.00728],[-70.45524,7.00507],[-70.45521,7.00376],[-70.44448,7.00267],[-70.43941,7.00787],[-70.43694,7.00119],[-70.43689,7.0065],[-70.43111,7.00728],[-70.42967,7.00176],[-70.42652,6.99809],[-70.4277,6.99378],[-70.42386,6.99107],[-70.4229,6.98636],[-70.41667,6.98087],[-70.41107,6.9825],[-70.41036,6.98506],[-70.40621,6.9847],[-70.40411,6.98823],[-70.39738,6.98156],[-70.38729,6.9856],[-70.38482,6.98513],[-70.37992,6.98064],[-70.37211,6.98091],[-70.37106,6.97158],[-70.36792,6.97011],[-70.366,6.96698],[-70.36151,6.96697],[-70.36249,6.96071],[-70.36075,6.95622],[-70.35226,6.95659],[-70.3513,6.95524],[-70.35493,6.95371],[-70.3545,6.95199],[-70.3493,6.9527],[-70.34415,6.94443],[-70.3383,6.94464],[-70.33293,6.9406],[-70.3278,6.9406],[-70.32442,6.93543],[-70.32239,6.93457],[-70.30773,6.93754],[-70.3015,6.93713],[-70.29448,6.93395],[-70.28838,6.93604],[-70.28381,6.94109],[-70.27754,6.93765],[-70.27331,6.94094],[-70.2655,6.94123],[-70.2566,6.94689],[-70.25339,6.95151],[-70.24961,6.95354],[-70.24999,6.95852],[-70.23037,6.9654],[-70.22862,6.96739],[-70.22887,6.97092],[-70.22433,6.97472],[-70.2166,6.97581],[-70.21086,6.97441],[-70.20611,6.97839],[-70.20189,6.97574],[-70.19667,6.97909],[-70.19177,6.9762],[-70.18904,6.97861],[-70.18234,6.97689],[-70.18022,6.97937],[-70.17279,6.9764],[-70.16957,6.97864],[-70.1664,6.97803],[-70.15684,6.98054],[-70.14903,6.98434],[-70.14608,6.98276],[-70.14526,6.97899],[-70.13369,6.97508],[-70.12569,6.9788],[-70.1178,6.97941],[-69.78682,6.56226],[-69.42756,6.1073],[-69.4171,6.11238],[-69.41223,6.12031],[-69.40427,6.12558],[-69.39323,6.12731],[-69.38442,6.12552],[-69.37647,6.12903],[-69.36099,6.14002],[-69.34466,6.14438],[-69.32926,6.13197],[-69.32224,6.11826],[-69.31481,6.09836],[-69.31043,6.0909],[-69.30727,6.08895],[-69.28749,6.08705],[-69.27825,6.08176],[-69.27007,6.08081],[-69.2598,6.08286],[-69.24971,6.07957],[-69.23748,6.07987],[-69.21732,6.10201],[-69.21197,6.11788],[-69.1777,6.14727],[-69.173,6.14879],[-69.15284,6.14963],[-69.1503,6.15088],[-69.1435,6.16257],[-69.13869,6.17547],[-69.13282,6.18358],[-69.12373,6.19091],[-69.10176,6.19412],[-69.0967,6.19724],[-69.09291,6.20561],[-69.08902,6.20996],[-69.06813,6.21743],[-69.04618,6.2217],[-69.03131,6.21723],[-69.02328,6.20106],[-69.01781,6.19466],[-69.0139,6.19287],[-69.00425,6.19166],[-68.98438,6.19596],[-68.97331,6.19619],[-68.96071,6.18896],[-68.93444,6.17698],[-68.91786,6.1773],[-68.88222,6.16735],[-68.87491,6.16722],[-68.86843,6.16918],[-68.85467,6.17795],[-68.82961,6.17992],[-68.82389,6.17828],[-68.80933,6.17042],[-68.79793,6.15748],[-68.79524,6.14935],[-68.79271,6.14741],[-68.76674,6.15224],[-68.75181,6.15687],[-68.74613,6.15685],[-68.7281,6.15199],[-68.70645,6.15207],[-68.70068,6.15063],[-68.69568,6.14734],[-68.69268,6.13754],[-68.68689,6.13195],[-68.67832,6.13053],[-68.66546,6.13213],[-68.64485,6.12915],[-68.63089,6.13538],[-68.62261,6.14194],[-68.61483,6.15127],[-68.59642,6.16362],[-68.58847,6.16633],[-68.57668,6.16689],[-68.55137,6.14974],[-68.542,6.14898],[-68.53347,6.15162],[-68.52268,6.15933],[-68.5188,6.1642],[-68.51373,6.17555],[-68.51008,6.17907],[-68.50289,6.18045],[-68.48799,6.18045],[-68.4769,6.18387],[-68.46337,6.18365],[-68.44857,6.18773],[-68.4272,6.18213],[-68.41271,6.18544],[-68.40303,6.18291],[-68.39413,6.18237],[-68.38144,6.18572],[-68.37357,6.18588],[-68.35484,6.1791],[-68.32838,6.16395],[-68.31398,6.16229],[-68.30697,6.16299],[-68.2963,6.16601],[-68.28459,6.17284],[-68.26882,6.18421],[-68.26327,6.19188],[-68.25739,6.19703],[-68.24058,6.19749],[-68.21399,6.20752],[-68.18679,6.2102],[-68.17619,6.21438],[-68.16828,6.2212],[-68.14185,6.22867],[-68.13564,6.22842],[-68.12836,6.22549],[-68.12049,6.2255],[-68.11339,6.2271],[-68.10518,6.2312],[-68.09791,6.23187],[-68.07769,6.2271],[-68.06425,6.22014],[-68.05018,6.20446],[-68.04315,6.19895],[-68.03674,6.19611],[-68.02754,6.19611],[-68.0016,6.20817],[-67.99568,6.2088],[-67.98526,6.20706],[-67.9783,6.20809],[-67.96616,6.21846],[-67.9549,6.2255],[-67.92981,6.23635],[-67.92318,6.24149],[-67.90294,6.26688],[-67.86083,6.29494],[-67.85317,6.30182],[-67.84567,6.31204],[-67.83488,6.31771],[-67.80999,6.32432],[-67.80274,6.32339],[-67.79713,6.3207],[-67.76996,6.29486],[-67.76177,6.29137],[-67.75665,6.2914],[-67.73606,6.29733],[-67.7188,6.30046],[-67.69957,6.29367],[-67.67897,6.29313],[-67.6649,6.29039],[-67.64135,6.28945],[-67.62526,6.29135],[-67.61116,6.28535],[-67.59635,6.26783],[-67.58664,6.26252],[-67.57697,6.26265],[-67.55441,6.26723],[-67.54336,6.26482],[-67.53461,6.26001],[-67.51866,6.24047],[-67.51168,6.23405],[-67.49346,6.22396],[-67.46935,6.20793],[-67.45829,6.19609],[-67.45589,6.19135],[-67.43996,6.19739]]]}},{"type":"Feature","properties":{"shapeName":"Aragua","shapeISO":"VE-D","shapeID":"42786344B2655295482970","shapeGroup":"VEN","shapeType":"ADM1"},"geometry":{"type":"Polygon","coordinates":[[[-67.40045,10.52977],[-67.40119,10.53372],[-67.41991,10.5348],[-67.43185,10.53275],[-67.43754,10.53324],[-67.43863,10.53458],[-67.43885,10.53226],[-67.44214,10.53387],[-67.44608,10.53086],[-67.45316,10.53183],[-67.46007,10.53097],[-67.46388,10.53397],[-67.4713,10.53645],[-67.47182,10.53404],[-67.47433,10.53219],[-67.47489,10.53471],[-67.48593,10.53214],[-67.48681,10.53021],[-67.49093,10.53133],[-67.49425,10.52977],[-67.49925,10.53067],[-67.50151,10.52648],[-67.50532,10.52598],[-67.50743,10.52749],[-67.51383,10.52169],[-67.51814,10.52372],[-67.52762,10.52309],[-67.53328,10.5264],[-67.54221,10.52402],[-67.54224,10.52032],[-67.5436,10.51959],[-67.55505,10.52221],[-67.56021,10.51547],[-67.56276,10.51494],[-67.56932,10.5181],[-67.57649,10.51023],[-67.58315,10.50784],[-67.58504,10.50874],[-67.58796,10.507],[-67.59288,10.50784],[-67.59556,10.50683],[-67.59831,10.50916],[-67.5973,10.51142],[-67.59854,10.51237],[-67.60432,10.51267],[-67.61164,10.50688],[-67.61509,10.50595],[-67.61775,10.5028],[-67.62524,10.50153],[-67.63507,10.50182],[-67.63834,10.50044],[-67.64478,10.50219],[-67.66258,10.49675],[-67.66891,10.49937],[-67.68435,10.4993],[-67.68536,10.49723],[-67.68916,10.49721],[-67.69358,10.49943],[-67.69448,10.50137],[-67.71066,10.50334],[-67.71062,10.50169],[-67.71689,10.49825],[-67.73224,10.49892],[-67.73454,10.49425],[-67.73961,10.49262],[-67.74425,10.49482],[-67.74314,10.49917],[-67.75265,10.49869],[-67.75603,10.49499],[-67.76358,10.49463],[-67.7615,10.49243],[-67.76427,10.4885],[-67.76997,10.48779],[-67.77993,10.49055],[-67.7867,10.48893],[-67.78792,10.48677],[-67.79703,10.48924],[-67.80157,10.48796],[-67.80641,10.47858],[-67.806,10.47393],[-67.80445,10.47273],[-67.80499,10.47041],[-67.81078,10.46773],[-67.81156,10.47011],[-67.80951,10.47971],[-67.81525,10.48186],[-67.81676,10.48325],[-67.816,10.48477],[-67.81906,10.48289],[-67.8204,10.48519],[-67.82321,10.48538],[-67.8235,10.48133],[-67.82571,10.47974],[-67.83052,10.47986],[-67.83406,10.48182],[-67.83833,10.47455],[-67.83877,10.46637],[-67.84421,10.45146],[-67.84458,10.45244],[-67.84401,10.44617],[-67.84255,10.4442],[-67.83759,10.4436],[-67.83597,10.4412],[-67.83719,10.43781],[-67.83917,10.43744],[-67.84151,10.43871],[-67.84194,10.44268],[-67.85664,10.44546],[-67.85348,10.46632],[-67.85442,10.47161],[-67.85754,10.47507],[-67.85627,10.4781],[-67.85985,10.4766],[-67.861,10.46884],[-67.86756,10.4659],[-67.87138,10.4614],[-67.87525,10.44916],[-67.87901,10.44691],[-67.87668,10.4366],[-67.87853,10.43169],[-67.87929,10.41969],[-67.87707,10.4051],[-67.87736,10.39323],[-67.88179,10.37244],[-67.86865,10.36807],[-67.86051,10.36102],[-67.83922,10.34789],[-67.83232,10.33701],[-67.82474,10.33554],[-67.81059,10.32903],[-67.80288,10.3292],[-67.79852,10.32776],[-67.78962,10.33741],[-67.78493,10.33779],[-67.77983,10.34277],[-67.76623,10.34994],[-67.75792,10.34523],[-67.75636,10.3452],[-67.75339,10.34877],[-67.74028,10.34323],[-67.73399,10.3427],[-67.72827,10.33843],[-67.72248,10.33731],[-67.7131,10.33094],[-67.70948,10.33146],[-67.69859,10.33904],[-67.69083,10.34171],[-67.68295,10.34004],[-67.67424,10.33502],[-67.66729,10.32522],[-67.66245,10.31462],[-67.65311,10.30387],[-67.65102,10.29769],[-67.65208,10.28092],[-67.66035,10.28092],[-67.66328,10.27964],[-67.66576,10.27411],[-67.66629,10.26387],[-67.67992,10.25204],[-67.67251,10.24332],[-67.67523,10.25181],[-67.67115,10.25384],[-67.66331,10.2423],[-67.657,10.23856],[-67.65745,10.23413],[-67.65291,10.23105],[-67.64775,10.23068],[-67.63689,10.22229],[-67.63347,10.22234],[-67.62835,10.21879],[-67.62442,10.21958],[-67.62439,10.21726],[-67.62266,10.21881],[-67.62284,10.21707],[-67.61625,10.21662],[-67.61546,10.21358],[-67.61237,10.21372],[-67.60973,10.21054],[-67.61072,10.2084],[-67.60894,10.20461],[-67.61038,10.19861],[-67.60835,10.19722],[-67.60563,10.18591],[-67.60213,10.1787],[-67.60248,10.17545],[-67.60708,10.17207],[-67.60628,10.16816],[-67.60827,10.16313],[-67.60731,10.15824],[-67.61034,10.15349],[-67.60753,10.14514],[-67.61207,10.14287],[-67.61231,10.1269],[-67.61066,10.12434],[-67.61395,10.11391],[-67.61742,10.11428],[-67.62072,10.11078],[-67.62502,10.10967],[-67.63465,10.11292],[-67.63864,10.11976],[-67.63606,10.12272],[-67.64337,10.12258],[-67.64399,10.12882],[-67.64697,10.13403],[-67.64694,10.1375],[-67.64205,10.14055],[-67.64099,10.14252],[-67.64209,10.1434],[-67.65053,10.14549],[-67.65345,10.14237],[-67.64928,10.14105],[-67.65043,10.13668],[-67.65281,10.13482],[-67.66087,10.13282],[-67.65821,10.10496],[-67.65668,10.10241],[-67.66015,10.09135],[-67.66594,10.08338],[-67.67113,10.07905],[-67.67648,10.07815],[-67.68018,10.06724],[-67.68322,10.06907],[-67.68925,10.0677],[-67.69131,10.06409],[-67.69119,10.05843],[-67.68696,10.05531],[-67.68677,10.04964],[-67.68376,10.03937],[-67.68515,10.03509],[-67.69477,10.02525],[-67.69686,10.02118],[-67.69081,10.02196],[-67.68412,10.01917],[-67.67814,10.02632],[-67.6757,10.02686],[-67.67109,10.02343],[-67.67151,10.02698],[-67.67491,10.02889],[-67.67345,10.03027],[-67.66616,10.0287],[-67.66288,10.02491],[-67.65056,10.0209],[-67.64377,10.01324],[-67.63675,10.01356],[-67.63216,10.01569],[-67.62388,10.01379],[-67.61489,10.00779],[-67.61428,10.00624],[-67.61798,9.99892],[-67.61071,9.99506],[-67.60427,9.99415],[-67.58628,9.99612],[-67.58055,10.00125],[-67.57344,10.00383],[-67.57058,10.00213],[-67.56563,9.99403],[-67.55773,9.99606],[-67.55036,9.99602],[-67.54488,9.99856],[-67.53458,9.95468],[-67.52284,9.95065],[-67.5143,9.95526],[-67.50911,9.95474],[-67.50595,9.95589],[-67.50591,9.9586],[-67.50329,9.96126],[-67.4982,9.96511],[-67.49459,9.9656],[-67.49198,9.96837],[-67.4881,9.96844],[-67.48045,9.96527],[-67.47765,9.96639],[-67.47711,9.97166],[-67.46564,9.97971],[-67.46,9.98036],[-67.45391,9.97684],[-67.44915,9.97712],[-67.44692,9.98223],[-67.44339,9.98245],[-67.44046,9.98504],[-67.43807,9.99167],[-67.43074,9.99404],[-67.41124,9.98029],[-67.40717,9.98003],[-67.40647,9.97722],[-67.40319,9.97669],[-67.39257,9.97059],[-67.38598,9.96892],[-67.37839,9.96103],[-67.37616,9.95462],[-67.36426,9.95036],[-67.36301,9.94625],[-67.36408,9.94209],[-67.35849,9.94444],[-67.35696,9.94247],[-67.35555,9.94303],[-67.35087,9.93632],[-67.34711,9.93764],[-67.34409,9.93442],[-67.33857,9.9327],[-67.33622,9.92937],[-67.33687,9.92722],[-67.3345,9.92621],[-67.32841,9.92815],[-67.32771,9.92987],[-67.32426,9.92859],[-67.32042,9.93217],[-67.31452,9.93333],[-67.31373,9.93732],[-67.31062,9.9395],[-67.30584,9.9368],[-67.30289,9.93974],[-67.30209,9.93734],[-67.2996,9.93626],[-67.29094,9.93624],[-67.28859,9.93388],[-67.28718,9.93547],[-67.27978,9.93671],[-67.27768,9.93519],[-67.27307,9.93492],[-67.2713,9.92718],[-67.27447,9.91525],[-67.26498,9.90625],[-67.26254,9.90816],[-67.2623,9.91226],[-67.25782,9.91227],[-67.2555,9.91675],[-67.25027,9.9141],[-67.24768,9.91701],[-67.24111,9.92016],[-67.23866,9.91971],[-67.23728,9.92132],[-67.23318,9.92187],[-67.23323,9.92297],[-67.23099,9.92274],[-67.22278,9.93032],[-67.22045,9.92805],[-67.21618,9.93469],[-67.21323,9.93162],[-67.20973,9.93089],[-67.19559,9.93068],[-67.19348,9.93293],[-67.19177,9.93028],[-67.18688,9.92893],[-67.18019,9.93103],[-67.17192,9.9266],[-67.16725,9.92757],[-67.1653,9.92984],[-67.16322,9.9295],[-67.16495,9.91784],[-67.16161,9.91299],[-67.1623,9.91076],[-67.16954,9.90641],[-67.16886,9.90361],[-67.16362,9.9012],[-67.15839,9.89092],[-67.1598,9.8765],[-67.15859,9.87002],[-67.15255,9.86785],[-67.1479,9.86173],[-67.14708,9.85829],[-67.1503,9.84872],[-67.15012,9.84088],[-67.14319,9.83148],[-67.13997,9.83009],[-67.13075,9.82824],[-67.12152,9.8298],[-67.11305,9.82851],[-67.11145,9.82369],[-67.10676,9.82007],[-67.10698,9.81758],[-67.11389,9.81215],[-67.11311,9.80599],[-67.11492,9.80329],[-67.11232,9.79572],[-67.10558,9.78691],[-67.10026,9.7842],[-67.0929,9.78853],[-67.08803,9.78589],[-67.08417,9.78678],[-67.08157,9.78572],[-67.07032,9.7938],[-67.06549,9.79335],[-67.05806,9.7879],[-67.05501,9.78753],[-67.04598,9.79386],[-67.04012,9.79154],[-67.03612,9.78595],[-67.03729,9.77916],[-67.03376,9.77386],[-67.03362,9.76901],[-67.02738,9.76223],[-67.0221,9.76228],[-67.0151,9.75888],[-67.00839,9.75821],[-67.00207,9.75543],[-66.99746,9.75638],[-66.99211,9.75305],[-66.98615,9.75523],[-66.98146,9.75894],[-66.97294,9.75223],[-66.97139,9.74611],[-66.96563,9.74073],[-66.96416,9.72544],[-66.96097,9.72427],[-66.95842,9.72127],[-66.95977,9.70879],[-66.96346,9.69387],[-66.94661,9.69353],[-66.94228,9.69127],[-66.93774,9.68495],[-66.92903,9.68671],[-66.91542,9.68563],[-66.90923,9.67949],[-66.90065,9.67679],[-66.89576,9.67632],[-66.87879,9.67954],[-66.87464,9.67801],[-66.86169,9.66886],[-66.85028,9.66518],[-66.85291,9.66049],[-66.8525,9.65857],[-66.84785,9.65953],[-66.84577,9.65742],[-66.84858,9.65403],[-66.84828,9.64917],[-66.85305,9.64754],[-66.85405,9.64282],[-66.85109,9.64321],[-66.84862,9.6355],[-66.84675,9.6343],[-66.84721,9.63185],[-66.84413,9.62757],[-66.84517,9.62674],[-66.84465,9.61925],[-66.83961,9.61811],[-66.84213,9.61573],[-66.84832,9.61368],[-66.84883,9.61175],[-66.84599,9.60791],[-66.85313,9.5995],[-66.8568,9.60106],[-66.85635,9.59575],[-66.86153,9.59469],[-66.85954,9.59256],[-66.85949,9.58988],[-66.86676,9.57904],[-66.87052,9.56826],[-66.87947,9.55162],[-66.89245,9.53799],[-66.89827,9.53578],[-66.90338,9.5437],[-66.90671,9.53938],[-66.91011,9.53841],[-66.91166,9.53853],[-66.91177,9.54231],[-66.91344,9.5422],[-66.91527,9.53803],[-66.91852,9.53685],[-66.93034,9.53991],[-66.93459,9.5382],[-66.93528,9.53391],[-66.9369,9.53396],[-66.94005,9.5359],[-66.94052,9.53857],[-66.94429,9.54025],[-66.9451,9.5426],[-66.95063,9.53712],[-66.95005,9.53495],[-66.94723,9.53337],[-66.94742,9.5317],[-66.95458,9.52986],[-66.95701,9.52356],[-66.96054,9.52027],[-66.96306,9.51985],[-66.9683,9.52269],[-66.97064,9.51852],[-66.96715,9.51839],[-66.96791,9.51408],[-66.9707,9.51332],[-66.97388,9.51592],[-66.97587,9.51541],[-66.97695,9.51034],[-66.98068,9.51083],[-66.98386,9.50896],[-66.98639,9.50582],[-66.98571,9.50457],[-66.98292,9.49963],[-66.98008,9.50067],[-66.97845,9.49972],[-66.97559,9.49423],[-66.9806,9.49317],[-66.98131,9.49037],[-66.98414,9.48835],[-66.98177,9.48576],[-66.98371,9.48331],[-66.98296,9.48016],[-66.99124,9.47684],[-66.99108,9.47116],[-66.99375,9.47123],[-66.99721,9.46824],[-66.99609,9.47187],[-66.99866,9.47379],[-67.00266,9.46846],[-67.00344,9.46116],[-67.00006,9.45534],[-67.00041,9.45175],[-67.00363,9.44963],[-67.00471,9.44522],[-67.00984,9.44942],[-67.01148,9.44419],[-67.00902,9.44211],[-67.00935,9.44052],[-67.01353,9.43744],[-67.01514,9.43906],[-67.01559,9.43749],[-67.01145,9.43379],[-67.00871,9.43487],[-67.01048,9.42801],[-67.01283,9.42646],[-67.01502,9.42202],[-67.01336,9.4197],[-67.01056,9.42093],[-67.01396,9.41564],[-67.00865,9.4134],[-67.00633,9.41458],[-67.00627,9.40985],[-67.00338,9.41418],[-67.00127,9.41414],[-66.99953,9.41225],[-66.98281,9.43637],[-66.89328,9.33732],[-66.86052,9.33713],[-66.85137,9.3443],[-66.83703,9.33916],[-66.83371,9.32877],[-66.81624,9.31597],[-66.81597,9.31421],[-66.77676,9.29515],[-66.7681,9.29655],[-66.76567,9.29938],[-66.75608,9.30304],[-66.72852,9.27682],[-66.7278,9.27348],[-66.7197,9.26702],[-66.71513,9.25918],[-66.70698,9.25179],[-66.70277,9.25231],[-66.6852,9.26148],[-66.6852,9.2629],[-66.68297,9.26292],[-66.6836,9.26589],[-66.67977,9.26883],[-66.68072,9.27105],[-66.67896,9.2719],[-66.68031,9.27354],[-66.67919,9.27621],[-66.67759,9.27541],[-66.67652,9.27767],[-66.67577,9.27675],[-66.67089,9.27986],[-66.66929,9.2844],[-66.66793,9.28414],[-66.66716,9.28598],[-66.66441,9.2848],[-66.66207,9.28941],[-66.6568,9.29049],[-66.65136,9.30357],[-66.6496,9.30516],[-66.64652,9.3053],[-66.64718,9.31315],[-66.64378,9.31364],[-66.64603,9.31654],[-66.64372,9.31702],[-66.64149,9.31442],[-66.64221,9.31986],[-66.6395,9.32134],[-66.64161,9.32459],[-66.63897,9.32464],[-66.63521,9.32802],[-66.63662,9.33158],[-66.63477,9.3335],[-66.63848,9.3349],[-66.63854,9.33795],[-66.63482,9.33675],[-66.63226,9.33982],[-66.63193,9.34154],[-66.63425,9.34417],[-66.63189,9.34481],[-66.62853,9.34883],[-66.6201,9.35079],[-66.62009,9.35633],[-66.61733,9.35553],[-66.61103,9.35969],[-66.61032,9.3561],[-66.60848,9.35688],[-66.60967,9.36314],[-66.60353,9.3695],[-66.60432,9.37203],[-66.60728,9.37365],[-66.60707,9.37551],[-66.60132,9.3773],[-66.60001,9.38027],[-66.59615,9.37882],[-66.59421,9.38367],[-66.59576,9.38823],[-66.59165,9.38909],[-66.59065,9.39817],[-66.58759,9.39761],[-66.58383,9.40355],[-66.58442,9.40705],[-66.58721,9.40826],[-66.58696,9.41087],[-66.58304,9.41324],[-66.57511,9.42566],[-66.5779,9.4295],[-66.57626,9.43185],[-66.57679,9.43629],[-66.56808,9.43775],[-66.56953,9.43947],[-66.57577,9.44115],[-66.57487,9.44373],[-66.57298,9.44212],[-66.57374,9.44612],[-66.56829,9.45004],[-66.5687,9.45214],[-66.56614,9.45535],[-66.56813,9.46],[-66.56672,9.4642],[-66.56287,9.46809],[-66.56201,9.47254],[-66.56271,9.474],[-66.5633,9.47264],[-66.56475,9.47357],[-66.5641,9.47879],[-66.55801,9.48331],[-66.55668,9.48928],[-66.55948,9.50061],[-66.56336,9.50254],[-66.5626,9.49781],[-66.56553,9.49895],[-66.56707,9.50459],[-66.56974,9.50347],[-66.5752,9.50996],[-66.58143,9.52156],[-66.57798,9.52633],[-66.58298,9.52652],[-66.58643,9.53569],[-66.58563,9.53718],[-66.58456,9.53632],[-66.58005,9.53746],[-66.57747,9.54097],[-66.57831,9.54392],[-66.57563,9.54728],[-66.57436,9.54695],[-66.57393,9.544],[-66.56685,9.54897],[-66.56963,9.55116],[-66.5723,9.5573],[-66.57471,9.55881],[-66.56816,9.56963],[-66.56925,9.57381],[-66.56792,9.57991],[-66.56106,9.58257],[-66.56403,9.58503],[-66.56274,9.58821],[-66.56545,9.591],[-66.56001,9.59057],[-66.56066,9.59326],[-66.55436,9.59557],[-66.55282,9.60185],[-66.55841,9.60526],[-66.54614,9.613],[-66.54858,9.61845],[-66.55355,9.62028],[-66.55091,9.625],[-66.54938,9.6366],[-66.55241,9.63888],[-66.55694,9.64665],[-66.55582,9.65566],[-66.55757,9.65706],[-66.55819,9.66166],[-66.56385,9.66236],[-66.56848,9.66476],[-66.56914,9.66697],[-66.57294,9.66663],[-66.57486,9.67298],[-66.57395,9.67744],[-66.57921,9.67963],[-66.59196,9.68996],[-66.595,9.69086],[-66.59736,9.6935],[-66.59749,9.69632],[-66.60022,9.69567],[-66.60279,9.69738],[-66.60249,9.69924],[-66.60455,9.70224],[-66.60704,9.70299],[-66.60992,9.70863],[-66.61358,9.71031],[-66.61626,9.7086],[-66.62244,9.70877],[-66.62349,9.7154],[-66.6269,9.71369],[-66.62785,9.71485],[-66.62845,9.71278],[-66.63323,9.71334],[-66.63124,9.71812],[-66.63225,9.72067],[-66.62279,9.72741],[-66.62137,9.73178],[-66.62465,9.73714],[-66.62659,9.73591],[-66.62727,9.73678],[-66.62431,9.73875],[-66.62386,9.74263],[-66.62484,9.74386],[-66.62412,9.74772],[-66.62763,9.75212],[-66.62655,9.75529],[-66.62091,9.7549],[-66.61885,9.75658],[-66.62089,9.76167],[-66.62229,9.76146],[-66.62507,9.76632],[-66.62281,9.76913],[-66.62406,9.77186],[-66.62143,9.77979],[-66.61815,9.7801],[-66.61641,9.77521],[-66.61072,9.77402],[-66.61008,9.77664],[-66.60426,9.77875],[-66.59999,9.78342],[-66.60001,9.79173],[-66.60369,9.79344],[-66.60268,9.80027],[-66.599,9.80322],[-66.58881,9.80472],[-66.58527,9.80676],[-66.58851,9.8101],[-66.59227,9.80992],[-66.59506,9.81455],[-66.59746,9.81528],[-66.59763,9.81799],[-66.59178,9.82703],[-66.58732,9.82755],[-66.58533,9.83304],[-66.57716,9.83369],[-66.57859,9.8378],[-66.57447,9.8405],[-66.58119,9.84059],[-66.59502,9.84835],[-66.6021,9.86609],[-66.59877,9.87067],[-66.60118,9.88623],[-66.59693,9.88829],[-66.5951,9.89162],[-66.60119,9.90048],[-66.60117,9.90924],[-66.60471,9.91196],[-66.60319,9.91789],[-66.60753,9.92489],[-66.60417,9.93057],[-66.6052,9.93665],[-66.60288,9.94823],[-66.61025,9.95438],[-66.61012,9.96009],[-66.61332,9.96625],[-66.61126,9.97177],[-66.61285,9.97249],[-66.61938,9.97177],[-66.62464,9.96842],[-66.63102,9.96888],[-66.63388,9.97061],[-66.64075,9.96997],[-66.64469,9.96788],[-66.64961,9.9741],[-66.65455,9.97421],[-66.66107,9.97708],[-66.66159,9.9806],[-66.68178,9.97562],[-66.68706,9.98063],[-66.69516,9.98201],[-66.70327,9.98146],[-66.70884,9.98677],[-66.71725,9.98933],[-66.72137,9.99206],[-66.73723,9.99056],[-66.74208,9.98825],[-66.74757,9.9985],[-66.76424,9.99961],[-66.7674,10.00157],[-66.76967,10.00684],[-66.77768,10.01692],[-66.79124,10.01211],[-66.80715,10.01566],[-66.81292,10.01511],[-66.81617,10.02065],[-66.82863,10.02669],[-66.8332,10.02505],[-66.84119,10.0142],[-66.84922,10.01126],[-66.85615,10.00496],[-66.87276,9.99944],[-66.87926,10.00019],[-66.89145,10.01339],[-66.90426,10.02128],[-66.91192,10.0158],[-66.91955,10.01557],[-66.93304,10.01059],[-66.93226,10.01534],[-66.92724,10.02024],[-66.92506,10.02622],[-66.93589,10.03812],[-66.93862,10.03939],[-66.94726,10.03821],[-66.9586,10.03944],[-66.96045,10.04256],[-66.96414,10.05892],[-66.96927,10.06945],[-66.97569,10.0707],[-66.99806,10.06896],[-67.00157,10.06231],[-67.00465,10.06053],[-67.00826,10.06363],[-67.03383,10.06736],[-67.04119,10.06014],[-67.05069,10.05953],[-67.05661,10.05602],[-67.08156,10.07654],[-67.0913,10.08005],[-67.0981,10.08642],[-67.10988,10.08897],[-67.11192,10.09181],[-67.11133,10.09459],[-67.10598,10.09979],[-67.10467,10.10331],[-67.11733,10.11798],[-67.11888,10.12817],[-67.12615,10.13544],[-67.12898,10.14209],[-67.13881,10.15245],[-67.13978,10.15599],[-67.13766,10.15905],[-67.12924,10.16316],[-67.12457,10.17388],[-67.11974,10.17581],[-67.11257,10.1823],[-67.11072,10.19491],[-67.11242,10.20333],[-67.11683,10.2109],[-67.11455,10.21363],[-67.11413,10.21679],[-67.1127,10.21623],[-67.11211,10.21827],[-67.102,10.22498],[-67.09856,10.23229],[-67.09619,10.23362],[-67.09708,10.23791],[-67.11982,10.26459],[-67.1469,10.28352],[-67.15234,10.28869],[-67.16899,10.29793],[-67.18328,10.29884],[-67.18826,10.32527],[-67.18279,10.32478],[-67.16915,10.32821],[-67.1696,10.32965],[-67.16268,10.33297],[-67.16315,10.33842],[-67.16796,10.34735],[-67.17533,10.34874],[-67.17907,10.35149],[-67.18795,10.35388],[-67.19209,10.35778],[-67.19654,10.3671],[-67.20099,10.37273],[-67.20138,10.37874],[-67.20413,10.381],[-67.20302,10.38497],[-67.20507,10.39015],[-67.21815,10.40027],[-67.22024,10.4104],[-67.22868,10.41151],[-67.23279,10.41626],[-67.24075,10.41919],[-67.24451,10.42428],[-67.25069,10.42687],[-67.26111,10.42296],[-67.26923,10.42325],[-67.27359,10.42166],[-67.27851,10.42277],[-67.28143,10.42072],[-67.29271,10.42438],[-67.31451,10.41096],[-67.33297,10.40579],[-67.3373,10.39858],[-67.3477,10.3876],[-67.34783,10.39956],[-67.35351,10.40618],[-67.36064,10.4098],[-67.36198,10.41279],[-67.36287,10.41622],[-67.36188,10.42167],[-67.36412,10.42595],[-67.36336,10.43338],[-67.36467,10.43623],[-67.36303,10.43859],[-67.36401,10.44413],[-67.37055,10.44515],[-67.374,10.45169],[-67.37709,10.45192],[-67.38317,10.47053],[-67.38366,10.48137],[-67.38736,10.48353],[-67.39103,10.48339],[-67.39126,10.48534],[-67.39335,10.48607],[-67.39166,10.4895],[-67.3915,10.49511],[-67.39464,10.49699],[-67.39882,10.49723],[-67.40593,10.50522],[-67.40979,10.50638],[-67.40964,10.51003],[-67.41287,10.51189],[-67.40672,10.51823],[-67.40659,10.52474],[-67.40045,10.52977]]]}},{"type":"Feature","properties":{"shapeName":"Barinas","shapeISO":"VE-E","shapeID":"42786344B61768817645443","shapeGroup":"VEN","shapeType":"ADM1"},"geometry":{"type":"Polygon","coordinates":[[[-67.53554,7.94428],[-67.5325,7.94658],[-67.51992,7.95082],[-67.5032,7.9521],[-67.50114,7.95436],[-67.50172,7.95872],[-67.5083,7.96936],[-67.51294,7.97329],[-67.52026,7.97419],[-67.52856,7.97819],[-67.53303,7.97714],[-67.537,7.97133],[-67.54069,7.97524],[-67.54697,7.97638],[-67.55042,7.9743],[-67.55367,7.96652],[-67.55648,7.96579],[-67.55754,7.96843],[-67.553,7.97743],[-67.5529,7.98108],[-67.55966,7.98511],[-67.56736,7.98743],[-67.57183,7.99111],[-67.56275,7.99878],[-67.56019,8.00306],[-67.56037,8.00888],[-67.56267,8.01091],[-67.56925,8.00743],[-67.57228,8.0087],[-67.57832,8.02359],[-67.58061,8.02418],[-67.58662,8.01826],[-67.587,8.02567],[-67.59437,8.02846],[-67.58873,8.03131],[-67.58868,8.035],[-67.59893,8.03723],[-67.60437,8.03999],[-67.60276,8.04738],[-67.60104,8.04945],[-67.59807,8.05004],[-67.59234,8.049],[-67.58539,8.0424],[-67.58184,8.04179],[-67.57474,8.04443],[-67.5748,8.04677],[-67.57661,8.04837],[-67.58527,8.0505],[-67.58723,8.05533],[-67.58145,8.05824],[-67.57641,8.06702],[-67.57559,8.07437],[-67.58007,8.0807],[-67.58151,8.08616],[-67.58755,8.09031],[-67.59318,8.09027],[-67.60401,8.09312],[-67.60736,8.09953],[-67.60951,8.1009],[-67.61177,8.09077],[-67.61434,8.08771],[-67.62937,8.08947],[-67.62902,8.09199],[-67.6182,8.09385],[-67.61642,8.09846],[-67.62376,8.1078],[-67.62725,8.12029],[-67.6312,8.12516],[-67.63777,8.1286],[-67.66312,8.13662],[-67.6641,8.14885],[-67.66725,8.15145],[-67.67417,8.15119],[-67.67475,8.15273],[-67.66924,8.16289],[-67.66688,8.18077],[-67.66809,8.18292],[-67.6779,8.18779],[-67.67913,8.18992],[-67.67875,8.19779],[-67.68068,8.20155],[-67.68915,8.20007],[-67.69722,8.20426],[-67.69974,8.21398],[-67.70761,8.22863],[-67.72658,8.22821],[-67.74972,8.232],[-67.75184,8.23102],[-67.75378,8.22498],[-67.7574,8.22052],[-67.76401,8.21723],[-67.76965,8.21827],[-67.77421,8.22208],[-67.77555,8.24006],[-67.77723,8.24487],[-67.78424,8.25306],[-67.7859,8.26629],[-67.78881,8.27118],[-67.79135,8.27191],[-67.79324,8.27043],[-67.79146,8.25601],[-67.79567,8.25384],[-67.81095,8.26155],[-67.81471,8.26195],[-67.81868,8.25629],[-67.8246,8.25842],[-67.82951,8.25828],[-67.83255,8.26054],[-67.82798,8.26611],[-67.82936,8.28347],[-67.83484,8.28985],[-67.8422,8.28808],[-67.84182,8.30384],[-67.84353,8.30904],[-67.85893,8.31841],[-67.86098,8.30851],[-67.87394,8.30508],[-67.87839,8.30068],[-67.87988,8.30155],[-67.88045,8.30554],[-67.87785,8.3108],[-67.86956,8.31637],[-67.85262,8.33454],[-67.85202,8.34342],[-67.85476,8.35018],[-67.85705,8.35209],[-67.862,8.35057],[-67.86548,8.34696],[-67.86888,8.33833],[-67.87079,8.33779],[-67.87358,8.3439],[-67.88525,8.34502],[-67.88709,8.34661],[-67.89427,8.35752],[-67.9019,8.36597],[-67.9041,8.36914],[-67.90397,8.3724],[-67.8986,8.37597],[-67.89858,8.37799],[-67.90083,8.37946],[-67.90597,8.37989],[-67.92507,8.37257],[-67.93716,8.3729],[-67.93857,8.37394],[-67.93575,8.37807],[-67.93861,8.38695],[-67.94445,8.39274],[-67.94915,8.39284],[-67.95082,8.39418],[-67.9635,8.41101],[-67.95943,8.41396],[-67.95734,8.41931],[-67.96583,8.42282],[-67.97313,8.43168],[-67.97955,8.43535],[-67.99035,8.43874],[-67.98902,8.44525],[-67.97652,8.44934],[-67.97129,8.45392],[-67.9733,8.46872],[-67.98221,8.46651],[-67.99875,8.46529],[-68.00203,8.46717],[-68.00758,8.47431],[-68.00739,8.47669],[-68.00076,8.48543],[-68.00112,8.48821],[-68.01453,8.49034],[-68.0174,8.49214],[-68.01589,8.50464],[-68.01722,8.50697],[-68.02023,8.50784],[-68.02214,8.52926],[-68.02449,8.5345],[-68.04113,8.53292],[-68.04653,8.53479],[-68.04723,8.53367],[-68.05062,8.53818],[-68.05329,8.55068],[-68.04965,8.5619],[-68.0528,8.56157],[-68.05636,8.56339],[-68.05298,8.57786],[-68.06444,8.5719],[-68.06731,8.57166],[-68.07348,8.57516],[-68.08,8.58313],[-68.08214,8.58119],[-68.08264,8.57842],[-68.08869,8.5774],[-68.09007,8.57918],[-68.08961,8.58362],[-68.08552,8.5871],[-68.08644,8.58874],[-68.0887,8.58918],[-68.0936,8.58466],[-68.09799,8.58751],[-68.10087,8.58656],[-68.10181,8.58921],[-68.09808,8.59274],[-68.10185,8.59435],[-68.10315,8.59343],[-68.10406,8.59488],[-68.10555,8.59208],[-68.10797,8.59312],[-68.10435,8.60195],[-68.10791,8.60161],[-68.11396,8.60526],[-68.11723,8.60177],[-68.11569,8.59794],[-68.11649,8.59525],[-68.11873,8.59521],[-68.12547,8.59937],[-68.12662,8.60301],[-68.13131,8.59796],[-68.13554,8.59629],[-68.13806,8.59637],[-68.13989,8.59949],[-68.14619,8.60191],[-68.14441,8.59741],[-68.14707,8.59694],[-68.15226,8.59925],[-68.15755,8.59776],[-68.16023,8.60419],[-68.16932,8.6041],[-68.17164,8.60181],[-68.17674,8.6025],[-68.17912,8.60085],[-68.18155,8.60428],[-68.18584,8.6049],[-68.18666,8.60223],[-68.19261,8.60483],[-68.19646,8.59967],[-68.19902,8.59965],[-68.20577,8.60465],[-68.21141,8.59976],[-68.21451,8.59964],[-68.21517,8.59749],[-68.22197,8.59228],[-68.232,8.59048],[-68.23288,8.58911],[-68.23907,8.59265],[-68.24546,8.59968],[-68.25392,8.59994],[-68.26067,8.60191],[-68.262,8.6041],[-68.26381,8.60339],[-68.26504,8.59992],[-68.2635,8.59467],[-68.27471,8.59323],[-68.28279,8.58709],[-68.29341,8.59316],[-68.29982,8.59291],[-68.29896,8.59799],[-68.30987,8.60982],[-68.32384,8.6071],[-68.3244,8.60206],[-68.32727,8.59673],[-68.32468,8.59338],[-68.32832,8.59273],[-68.33348,8.59399],[-68.33846,8.60148],[-68.34804,8.60639],[-68.35655,8.60754],[-68.35691,8.60535],[-68.35936,8.60528],[-68.36202,8.60295],[-68.36582,8.60931],[-68.37967,8.6139],[-68.38329,8.61174],[-68.38373,8.60654],[-68.38613,8.60517],[-68.41321,8.59962],[-68.41615,8.60055],[-68.4207,8.59411],[-68.42507,8.59467],[-68.42987,8.60021],[-68.43651,8.60281],[-68.44078,8.60676],[-68.44373,8.6073],[-68.44601,8.60492],[-68.45219,8.60267],[-68.45981,8.60703],[-68.46294,8.60443],[-68.46506,8.60817],[-68.46733,8.60923],[-68.46885,8.60342],[-68.4729,8.59764],[-68.48035,8.5989],[-68.48801,8.5966],[-68.49576,8.60197],[-68.50109,8.60084],[-68.50142,8.59897],[-68.50515,8.59817],[-68.5127,8.60392],[-68.51492,8.60397],[-68.52104,8.60184],[-68.52823,8.60169],[-68.53202,8.59811],[-68.51237,8.56858],[-68.51149,8.56607],[-68.51357,8.56214],[-68.74165,8.33162],[-68.78831,8.31676],[-68.79481,8.26499],[-68.82568,8.21978],[-68.84735,8.16177],[-68.832,8.10727],[-68.83117,8.10544],[-68.82291,8.10589],[-68.82243,8.10326],[-68.81881,8.10054],[-68.81932,8.09833],[-68.82664,8.09267],[-68.83256,8.09321],[-68.8372,8.09132],[-68.83813,8.09404],[-68.84263,8.0982],[-68.84525,8.09737],[-68.85011,8.0921],[-68.85156,8.09355],[-68.85446,8.09261],[-68.86375,8.10223],[-68.86106,8.10439],[-68.86669,8.10539],[-68.86845,8.10857],[-68.86972,8.10844],[-68.87199,8.10269],[-68.87311,8.1033],[-68.86876,8.11042],[-68.86915,8.11457],[-68.88135,8.11552],[-68.88561,8.12361],[-68.88303,8.12573],[-68.88307,8.1274],[-68.88744,8.12968],[-68.88446,8.13367],[-68.88459,8.13572],[-68.89106,8.13743],[-68.89271,8.13942],[-68.89129,8.14202],[-68.89285,8.14293],[-68.8909,8.14629],[-68.89145,8.15026],[-68.89312,8.15161],[-68.89993,8.15132],[-68.90327,8.15321],[-68.90492,8.15242],[-68.90306,8.14848],[-68.90434,8.14756],[-68.90649,8.14805],[-68.90781,8.15277],[-68.91419,8.15416],[-68.91898,8.15267],[-68.92003,8.1537],[-68.91894,8.16178],[-68.92356,8.16259],[-68.92631,8.17169],[-68.92912,8.17413],[-68.93672,8.17498],[-68.93829,8.17592],[-68.93849,8.17888],[-68.9402,8.17944],[-68.94257,8.17773],[-68.94627,8.17824],[-68.94698,8.1849],[-68.95129,8.18386],[-68.95519,8.18488],[-68.95565,8.18825],[-68.95898,8.19241],[-68.95998,8.20724],[-68.96119,8.20856],[-68.95922,8.21282],[-68.96434,8.21495],[-68.96321,8.22028],[-68.96566,8.22378],[-68.966,8.22819],[-68.96989,8.23818],[-68.97241,8.23803],[-68.9734,8.23419],[-68.97574,8.23587],[-68.98052,8.23502],[-68.98223,8.23618],[-68.98107,8.2395],[-68.98451,8.23897],[-68.99011,8.24135],[-68.99029,8.24464],[-68.99225,8.24442],[-68.99328,8.24708],[-68.99675,8.24706],[-68.99745,8.24926],[-69.00189,8.25008],[-69.00636,8.24842],[-69.00483,8.25387],[-69.00719,8.25401],[-69.00661,8.25649],[-69.00896,8.25608],[-69.01439,8.25858],[-69.01753,8.26333],[-69.02156,8.26365],[-69.0265,8.26847],[-69.03622,8.27195],[-69.03603,8.27416],[-69.03287,8.27425],[-69.03345,8.27636],[-69.0409,8.28039],[-69.04344,8.2847],[-69.04573,8.28503],[-69.047,8.28234],[-69.05064,8.28558],[-69.05588,8.28448],[-69.05408,8.28764],[-69.05508,8.28939],[-69.06195,8.28636],[-69.06306,8.28801],[-69.07037,8.28992],[-69.06929,8.29625],[-69.071,8.29891],[-69.07702,8.29595],[-69.08187,8.3001],[-69.08422,8.29973],[-69.08696,8.29139],[-69.09059,8.29361],[-69.09232,8.29164],[-69.09536,8.2921],[-69.09926,8.28995],[-69.10102,8.29068],[-69.10208,8.29444],[-69.09767,8.29561],[-69.09592,8.29886],[-69.09096,8.30006],[-69.0944,8.30728],[-69.093,8.31384],[-69.09588,8.31171],[-69.09699,8.31565],[-69.10165,8.31959],[-69.09916,8.32556],[-69.10503,8.33204],[-69.10884,8.33312],[-69.10912,8.33557],[-69.11633,8.33572],[-69.12671,8.34071],[-69.12521,8.34333],[-69.12681,8.34606],[-69.1324,8.34833],[-69.13317,8.35071],[-69.13733,8.35147],[-69.13805,8.3544],[-69.14083,8.35653],[-69.14201,8.35954],[-69.14091,8.36225],[-69.14364,8.36677],[-69.14376,8.36929],[-69.14157,8.37026],[-69.14137,8.37487],[-69.13819,8.38043],[-69.14071,8.38066],[-69.14289,8.38298],[-69.13855,8.38647],[-69.13304,8.40259],[-69.13341,8.40473],[-69.13498,8.40452],[-69.13946,8.401],[-69.14041,8.40479],[-69.121,8.41326],[-69.11862,8.41168],[-69.11469,8.41203],[-69.11267,8.41922],[-69.11528,8.41995],[-69.11499,8.42231],[-69.11372,8.4255],[-69.11019,8.42778],[-69.11057,8.43402],[-69.11954,8.43401],[-69.12099,8.43596],[-69.12723,8.43504],[-69.12751,8.43804],[-69.131,8.43751],[-69.13055,8.44222],[-69.13818,8.44863],[-69.1443,8.44626],[-69.14744,8.44222],[-69.15178,8.44283],[-69.15442,8.44526],[-69.16354,8.44155],[-69.1664,8.4432],[-69.17044,8.44919],[-69.17244,8.45586],[-69.17757,8.45928],[-69.17653,8.46068],[-69.17839,8.46339],[-69.17608,8.46646],[-69.17736,8.46949],[-69.17598,8.47115],[-69.17792,8.47153],[-69.18026,8.47527],[-69.19069,8.4795],[-69.19053,8.48972],[-69.1918,8.49093],[-69.19021,8.49438],[-69.19014,8.50255],[-69.19396,8.50989],[-69.19024,8.51736],[-69.19255,8.52029],[-69.1924,8.5236],[-69.19734,8.53413],[-69.2064,8.53352],[-69.21137,8.53631],[-69.2135,8.53957],[-69.21408,8.54776],[-69.21311,8.54891],[-69.21747,8.55673],[-69.23309,8.55567],[-69.23711,8.55826],[-69.23653,8.56359],[-69.24059,8.56416],[-69.24568,8.57441],[-69.24847,8.57523],[-69.24828,8.5809],[-69.2532,8.59021],[-69.25848,8.5858],[-69.26086,8.58632],[-69.26788,8.59069],[-69.27329,8.60269],[-69.28462,8.60744],[-69.28575,8.6051],[-69.2893,8.61019],[-69.28483,8.61738],[-69.28719,8.61763],[-69.28554,8.62537],[-69.28203,8.62991],[-69.2856,8.63619],[-69.29143,8.63817],[-69.29602,8.63643],[-69.29744,8.63706],[-69.29971,8.64286],[-69.30365,8.64419],[-69.31236,8.63503],[-69.31608,8.63345],[-69.31984,8.63569],[-69.32679,8.63474],[-69.33495,8.63762],[-69.34421,8.63622],[-69.3461,8.63835],[-69.34843,8.63758],[-69.35727,8.63915],[-69.37116,8.63191],[-69.37529,8.62577],[-69.37705,8.62569],[-69.38046,8.62703],[-69.38487,8.63173],[-69.38882,8.63041],[-69.3909,8.63361],[-69.39078,8.63767],[-69.39395,8.63853],[-69.39542,8.64054],[-69.40257,8.64239],[-69.40444,8.64596],[-69.4111,8.65052],[-69.41534,8.65747],[-69.42776,8.66495],[-69.43831,8.66821],[-69.44471,8.66811],[-69.45008,8.66982],[-69.46316,8.66973],[-69.47111,8.66753],[-69.48771,8.66739],[-69.4975,8.67264],[-69.50141,8.67153],[-69.5142,8.67634],[-69.52477,8.68307],[-69.52265,8.69008],[-69.5276,8.68934],[-69.52964,8.68276],[-69.53149,8.68182],[-69.53531,8.68686],[-69.53342,8.69149],[-69.52906,8.6946],[-69.5285,8.69668],[-69.52933,8.70114],[-69.53134,8.70213],[-69.53463,8.69514],[-69.53836,8.69256],[-69.54303,8.69157],[-69.5499,8.69173],[-69.55366,8.69755],[-69.5559,8.69845],[-69.56301,8.6957],[-69.56406,8.6994],[-69.56193,8.70396],[-69.5605,8.7157],[-69.56897,8.718],[-69.57135,8.71991],[-69.57509,8.71956],[-69.57687,8.72092],[-69.57839,8.72671],[-69.58072,8.72788],[-69.59251,8.72866],[-69.59908,8.73109],[-69.60516,8.73109],[-69.61026,8.72906],[-69.62039,8.73315],[-69.63421,8.72875],[-69.63544,8.73325],[-69.63714,8.73452],[-69.6397,8.73099],[-69.65015,8.72499],[-69.65092,8.71551],[-69.6526,8.71297],[-69.65769,8.71622],[-69.65955,8.72109],[-69.662,8.72195],[-69.66475,8.72083],[-69.66432,8.71744],[-69.6596,8.71437],[-69.65866,8.71161],[-69.65895,8.70895],[-69.66148,8.70644],[-69.667,8.70758],[-69.67228,8.71618],[-69.67571,8.7186],[-69.68528,8.71422],[-69.68902,8.70833],[-69.69318,8.70814],[-69.70245,8.714],[-69.70896,8.71569],[-69.71389,8.71396],[-69.7158,8.71154],[-69.71972,8.71318],[-69.72225,8.72422],[-69.72532,8.72379],[-69.73047,8.71936],[-69.73295,8.71907],[-69.73758,8.72245],[-69.7424,8.73263],[-69.74558,8.73514],[-69.75455,8.73437],[-69.75925,8.73238],[-69.76408,8.73311],[-69.7651,8.73637],[-69.76113,8.74267],[-69.76151,8.746],[-69.76675,8.74149],[-69.77219,8.73914],[-69.78018,8.74183],[-69.78971,8.73958],[-69.79463,8.73992],[-69.80393,8.74607],[-69.8053,8.74901],[-69.80752,8.74943],[-69.8247,8.74294],[-69.82929,8.74444],[-69.83576,8.75086],[-69.83948,8.75261],[-69.8478,8.7519],[-69.84942,8.7539],[-69.84785,8.75761],[-69.84914,8.76078],[-69.85385,8.75577],[-69.85574,8.75637],[-69.85861,8.76092],[-69.86616,8.75885],[-69.87179,8.76029],[-69.87405,8.76337],[-69.87158,8.76928],[-69.87263,8.77241],[-69.87996,8.77087],[-69.88484,8.76461],[-69.8878,8.76517],[-69.88975,8.76928],[-69.88359,8.77971],[-69.88514,8.7868],[-69.88719,8.78793],[-69.89168,8.78602],[-69.89051,8.77684],[-69.89242,8.77294],[-69.89654,8.77137],[-69.90416,8.77315],[-69.90679,8.77587],[-69.91053,8.7843],[-69.92157,8.78795],[-69.92947,8.78861],[-69.93284,8.79149],[-69.93023,8.79772],[-69.92488,8.79865],[-69.92482,8.80436],[-69.92884,8.80483],[-69.93355,8.79986],[-69.93799,8.79957],[-69.94539,8.80498],[-69.94479,8.80735],[-69.94617,8.80937],[-69.95511,8.81201],[-69.95566,8.81318],[-69.95145,8.81973],[-69.95819,8.825],[-69.95985,8.83157],[-69.96191,8.83256],[-69.9651,8.83153],[-69.96655,8.82601],[-69.97038,8.82234],[-69.98131,8.83322],[-69.98337,8.83061],[-69.97955,8.83021],[-69.98484,8.82667],[-69.99308,8.82962],[-69.99863,8.82927],[-69.99835,8.83209],[-70.00121,8.83384],[-70.00044,8.83553],[-70.0021,8.83852],[-70.00306,8.83641],[-70.00192,8.83531],[-70.00384,8.83687],[-70.00399,8.84173],[-70.0139,8.85032],[-70.01389,8.85666],[-70.02306,8.86272],[-70.02391,8.87058],[-70.03412,8.88008],[-70.03485,8.88968],[-70.04409,8.89356],[-70.04377,8.89519],[-70.04781,8.90187],[-70.04621,8.90612],[-70.0495,8.92148],[-70.0559,8.92449],[-70.05981,8.92981],[-70.06501,8.92814],[-70.06931,8.93122],[-70.06937,8.93454],[-70.07141,8.93468],[-70.07443,8.93748],[-70.07963,8.9354],[-70.08525,8.93958],[-70.09181,8.93907],[-70.09523,8.9419],[-70.10281,8.94357],[-70.10415,8.94704],[-70.10802,8.9447],[-70.11047,8.945],[-70.11871,8.95046],[-70.12103,8.95049],[-70.12583,8.96075],[-70.12719,8.96906],[-70.13192,8.97392],[-70.13729,8.97571],[-70.14168,8.97294],[-70.15375,8.97415],[-70.16121,8.97957],[-70.16902,8.98272],[-70.17187,8.98758],[-70.17506,8.98933],[-70.1785,8.99408],[-70.17877,9.00208],[-70.18577,9.01176],[-70.18858,9.01871],[-70.18658,9.03834],[-70.19022,9.04411],[-70.19906,9.0494],[-70.20209,9.05278],[-70.20251,9.0543],[-70.20888,9.05681],[-70.21484,9.05299],[-70.22248,9.05527],[-70.22694,9.05927],[-70.2338,9.06154],[-70.24176,9.05559],[-70.2422,9.05285],[-70.24813,9.0508],[-70.2558,9.03877],[-70.26155,9.03592],[-70.26628,9.03561],[-70.27562,9.03027],[-70.28305,9.03314],[-70.296,9.03551],[-70.29886,9.04184],[-70.30441,9.04479],[-70.31094,9.047],[-70.31724,9.04727],[-70.32577,9.05178],[-70.33345,9.05221],[-70.34063,9.05812],[-70.34596,9.05938],[-70.36065,9.05461],[-70.36443,9.05707],[-70.37154,9.05888],[-70.38118,9.05831],[-70.38508,9.05628],[-70.38718,9.05156],[-70.39902,9.04965],[-70.39898,9.04151],[-70.41742,9.02994],[-70.4203,9.02515],[-70.44384,9.02158],[-70.46344,9.01136],[-70.4748,9.01114],[-70.47863,9.01257],[-70.48889,9.00846],[-70.49994,8.99932],[-70.50482,8.9972],[-70.51191,8.98461],[-70.52387,8.97111],[-70.55233,8.9521],[-70.55336,8.94368],[-70.54704,8.93546],[-70.56044,8.92618],[-70.56864,8.91288],[-70.57522,8.90774],[-70.57858,8.89633],[-70.5763,8.88048],[-70.57753,8.87216],[-70.57559,8.86899],[-70.57343,8.86814],[-70.57217,8.86257],[-70.5676,8.85849],[-70.56802,8.85733],[-70.57801,8.84778],[-70.58211,8.84614],[-70.58375,8.84272],[-70.59453,8.84703],[-70.60053,8.84733],[-70.60721,8.84473],[-70.61171,8.83845],[-70.61215,8.8352],[-70.62435,8.83704],[-70.63121,8.84452],[-70.64186,8.84419],[-70.64948,8.83645],[-70.6594,8.83068],[-70.66146,8.82408],[-70.66392,8.82102],[-70.66266,8.81511],[-70.666,8.81059],[-70.67849,8.80495],[-70.68268,8.80154],[-70.68914,8.78669],[-70.69506,8.77828],[-70.70319,8.77359],[-70.70587,8.76571],[-70.71132,8.76338],[-70.72094,8.7532],[-70.7274,8.75248],[-70.7342,8.74871],[-70.74134,8.74276],[-70.75624,8.72574],[-70.75585,8.72194],[-70.75071,8.71733],[-70.74853,8.70796],[-70.74485,8.70394],[-70.73168,8.70185],[-70.72671,8.69884],[-70.722,8.69112],[-70.70702,8.67419],[-70.70755,8.67031],[-70.71164,8.66846],[-70.71411,8.66443],[-70.71534,8.66104],[-70.71542,8.6492],[-70.71766,8.64119],[-70.72352,8.63207],[-70.73078,8.62391],[-70.75046,8.62052],[-70.76294,8.61066],[-70.78008,8.60615],[-70.79255,8.60775],[-70.79826,8.60533],[-70.80865,8.59678],[-70.83001,8.59795],[-70.83577,8.59513],[-70.84503,8.58645],[-70.85052,8.58557],[-70.84872,8.56029],[-70.84154,8.54474],[-70.84682,8.52426],[-70.84561,8.5179],[-70.83072,8.49227],[-70.8387,8.47766],[-70.83866,8.45734],[-70.84132,8.45269],[-70.84595,8.44982],[-70.83366,8.43509],[-70.84402,8.43115],[-70.85148,8.41244],[-70.85606,8.41106],[-70.86569,8.39863],[-70.87339,8.38423],[-70.87874,8.38122],[-70.89551,8.37789],[-70.90167,8.36614],[-70.90549,8.36312],[-70.90742,8.35933],[-70.90948,8.33161],[-70.90683,8.32855],[-70.90535,8.31943],[-70.91097,8.30243],[-70.90828,8.29967],[-70.90778,8.29424],[-70.91142,8.28543],[-70.91068,8.27975],[-70.90675,8.2713],[-70.9087,8.26764],[-70.92628,8.2635],[-70.93579,8.25848],[-70.94164,8.24946],[-70.95067,8.24493],[-70.96019,8.24287],[-70.96361,8.2449],[-70.96655,8.24938],[-70.96927,8.26126],[-70.97514,8.26703],[-70.98467,8.26694],[-70.99493,8.26489],[-71.01443,8.24402],[-71.01833,8.24261],[-71.03014,8.24343],[-71.02384,8.23321],[-71.02686,8.22403],[-71.02114,8.22052],[-71.0227,8.2169],[-71.00997,8.20013],[-71.00946,8.19764],[-71.0144,8.18633],[-71.0127,8.183],[-71.01464,8.18105],[-71.0184,8.18048],[-71.01819,8.17615],[-71.02328,8.17004],[-71.03535,8.16243],[-71.0379,8.15702],[-71.03997,8.1566],[-71.04294,8.15316],[-71.04268,8.14834],[-71.0471,8.14427],[-71.04676,8.13537],[-71.04336,8.13121],[-71.04455,8.13114],[-71.04542,8.12767],[-71.0443,8.12559],[-71.04686,8.12426],[-71.04501,8.11597],[-71.04883,8.11051],[-71.05251,8.1098],[-71.0536,8.10658],[-71.05683,8.10602],[-71.05632,8.10165],[-71.05927,8.10125],[-71.06536,8.09247],[-71.0704,8.09077],[-71.06947,8.08934],[-71.07436,8.08279],[-71.0748,8.07909],[-71.07977,8.07715],[-71.08279,8.07313],[-71.08919,8.07042],[-71.09103,8.07008],[-71.0944,8.0739],[-71.09522,8.05923],[-71.10206,8.05567],[-71.10382,8.04369],[-71.10474,8.04282],[-71.1078,8.04412],[-71.11146,8.04091],[-71.10878,8.0381],[-71.10947,8.03705],[-71.11523,8.03916],[-71.11773,8.03462],[-71.11999,8.03553],[-71.12158,8.03889],[-71.12667,8.03853],[-71.13572,8.02259],[-71.14113,8.02358],[-71.14494,8.02002],[-71.15102,8.02017],[-71.1545,8.01524],[-71.15832,8.0128],[-71.16064,8.01244],[-71.16276,8.01476],[-71.16381,8.01264],[-71.16756,8.01202],[-71.16797,8.00809],[-71.17195,8.00537],[-71.16873,7.9968],[-71.17106,7.99518],[-71.17893,7.99556],[-71.18429,7.98838],[-71.19686,7.97772],[-71.22007,7.96594],[-71.22741,7.95777],[-71.2287,7.95999],[-71.23199,7.95708],[-71.23501,7.95807],[-71.23592,7.9567],[-71.23487,7.95309],[-71.23286,7.95261],[-71.23251,7.94952],[-71.23072,7.94962],[-71.23214,7.94294],[-71.23319,7.94246],[-71.23722,7.94754],[-71.23866,7.94585],[-71.23772,7.94057],[-71.24398,7.9389],[-71.2475,7.93121],[-71.25175,7.92951],[-71.25263,7.92504],[-71.25449,7.92675],[-71.25671,7.92287],[-71.25809,7.92366],[-71.26142,7.92105],[-71.26092,7.91738],[-71.26488,7.91682],[-71.26694,7.91834],[-71.26764,7.91224],[-71.26586,7.91003],[-71.26691,7.90629],[-71.26866,7.90526],[-71.26947,7.90619],[-71.27037,7.91064],[-71.27306,7.90712],[-71.27803,7.90741],[-71.28229,7.90504],[-71.28369,7.91022],[-71.28776,7.91459],[-71.289,7.91396],[-71.29443,7.90247],[-71.29402,7.89588],[-71.30202,7.89149],[-71.30591,7.88462],[-71.30989,7.88263],[-71.3145,7.88242],[-71.32131,7.88567],[-71.33098,7.87634],[-71.33426,7.87091],[-71.34456,7.86258],[-71.35216,7.86029],[-71.3557,7.85246],[-71.36724,7.85124],[-71.37494,7.84721],[-71.37701,7.84095],[-71.38238,7.83691],[-71.38419,7.82668],[-71.38568,7.82514],[-71.39296,7.82005],[-71.40026,7.81714],[-71.40733,7.80941],[-71.42853,7.79553],[-71.43073,7.79597],[-71.43374,7.79253],[-71.43574,7.79217],[-71.43943,7.7942],[-71.44963,7.78524],[-71.45397,7.78361],[-71.46363,7.76892],[-71.4593,7.76298],[-71.46315,7.75867],[-71.46383,7.75506],[-71.46892,7.75176],[-71.46539,7.74929],[-71.46607,7.74688],[-71.46359,7.74318],[-71.46546,7.72551],[-71.4544,7.71712],[-71.44372,7.70021],[-71.44263,7.69581],[-71.4436,7.6929],[-71.45961,7.68718],[-71.46059,7.68053],[-71.4636,7.67553],[-71.47457,7.67894],[-71.4768,7.67534],[-71.47766,7.66718],[-71.48454,7.67008],[-71.48578,7.66684],[-71.48455,7.66331],[-71.49254,7.66225],[-71.49499,7.66259],[-71.49865,7.66018],[-71.4986,7.65719],[-71.50352,7.65153],[-71.50021,7.64782],[-71.49389,7.64977],[-71.49047,7.64933],[-71.48947,7.64686],[-71.50099,7.63397],[-71.49923,7.62914],[-71.49225,7.62812],[-71.4929,7.62565],[-71.49881,7.62618],[-71.50128,7.62455],[-71.50094,7.62039],[-71.49843,7.61633],[-71.50463,7.60957],[-71.5052,7.60483],[-71.49817,7.59809],[-71.49412,7.59673],[-71.49096,7.59934],[-71.4909,7.60191],[-71.49414,7.60813],[-71.49225,7.61019],[-71.48411,7.61065],[-71.47743,7.6153],[-71.47675,7.61268],[-71.48076,7.60524],[-71.47944,7.60275],[-71.4731,7.59804],[-71.46903,7.597],[-71.46192,7.59216],[-71.45915,7.59198],[-71.45408,7.59445],[-71.44621,7.58987],[-71.43631,7.5915],[-71.43637,7.5903],[-71.44195,7.58868],[-71.44247,7.58743],[-71.44305,7.58092],[-71.43977,7.57813],[-71.42806,7.57681],[-71.42548,7.57498],[-71.41663,7.57783],[-71.41709,7.57564],[-71.42109,7.57203],[-71.42054,7.56737],[-71.42186,7.56387],[-71.4178,7.55851],[-71.42642,7.55872],[-71.43067,7.56097],[-71.43187,7.56369],[-71.43385,7.56358],[-71.43616,7.56105],[-71.43046,7.55226],[-71.41639,7.54981],[-71.41389,7.55138],[-71.41127,7.55614],[-71.4102,7.5553],[-71.41028,7.54931],[-71.40649,7.55399],[-71.40245,7.5532],[-71.40364,7.55023],[-71.40182,7.54574],[-71.39439,7.54258],[-71.39433,7.53952],[-71.39641,7.53557],[-71.39888,7.53518],[-71.40566,7.53973],[-71.40818,7.53609],[-71.40726,7.53185],[-71.40526,7.53019],[-71.39931,7.53003],[-71.39934,7.52387],[-71.39788,7.52085],[-71.39571,7.52055],[-71.39125,7.5266],[-71.3862,7.5204],[-71.37638,7.52492],[-71.37385,7.51828],[-71.36832,7.51008],[-71.36953,7.50642],[-71.37545,7.50332],[-71.37617,7.5015],[-71.37324,7.49723],[-71.36732,7.49782],[-71.36458,7.50321],[-71.35717,7.50177],[-71.35073,7.50657],[-71.34349,7.50598],[-71.33983,7.50721],[-71.33592,7.513],[-71.3338,7.51309],[-71.33221,7.51065],[-71.3343,7.50093],[-71.33349,7.49809],[-71.33037,7.49686],[-71.32174,7.49713],[-71.31677,7.49127],[-71.32914,7.47834],[-71.33717,7.47575],[-71.34012,7.47593],[-71.34409,7.47853],[-71.35177,7.47877],[-71.36255,7.47484],[-71.36591,7.47488],[-71.37686,7.48131],[-71.38697,7.47962],[-71.39243,7.47666],[-71.39553,7.48235],[-71.39812,7.48281],[-71.40162,7.47765],[-71.4058,7.48105],[-71.41466,7.48362],[-71.41572,7.49271],[-71.42296,7.4996],[-71.43202,7.50552],[-71.44075,7.50527],[-71.44227,7.50725],[-71.44699,7.5089],[-71.44966,7.50839],[-71.45605,7.50112],[-71.46466,7.49968],[-71.46737,7.49682],[-71.48125,7.49901],[-71.48812,7.49841],[-71.50025,7.50501],[-71.50245,7.50877],[-71.51076,7.50952],[-71.51244,7.51312],[-71.52346,7.51515],[-71.52592,7.51698],[-71.52754,7.5223],[-71.52981,7.52339],[-71.53215,7.52281],[-71.53924,7.51618],[-71.54803,7.51904],[-71.55582,7.51404],[-71.55782,7.51514],[-71.56164,7.52157],[-71.56644,7.52291],[-71.57255,7.52706],[-71.57515,7.52703],[-71.5768,7.52113],[-71.57622,7.51847],[-71.57923,7.5119],[-71.5818,7.511],[-71.59256,7.5136],[-71.59339,7.522],[-71.59824,7.52687],[-71.60122,7.52509],[-71.60125,7.51809],[-71.6047,7.51561],[-71.60779,7.51998],[-71.61351,7.52257],[-71.62334,7.5197],[-71.62751,7.52037],[-71.63837,7.5296],[-71.64263,7.52688],[-71.6449,7.52176],[-71.64703,7.52026],[-71.64913,7.52248],[-71.65076,7.53059],[-71.65961,7.5301],[-71.66231,7.53509],[-71.67316,7.53818],[-71.67857,7.54263],[-71.68469,7.54355],[-71.68897,7.54741],[-71.69127,7.54763],[-71.69486,7.54471],[-71.69778,7.53894],[-71.70442,7.54181],[-71.70971,7.53968],[-71.72046,7.5454],[-71.72283,7.54101],[-71.72139,7.53487],[-71.72211,7.53117],[-71.72456,7.52999],[-71.72764,7.53051],[-71.73378,7.5373],[-71.7436,7.53871],[-71.75116,7.53398],[-71.75304,7.53457],[-71.75966,7.54005],[-71.76243,7.54564],[-71.76704,7.54594],[-71.76935,7.54449],[-71.77044,7.53864],[-71.76523,7.53102],[-71.76548,7.52934],[-71.76973,7.52731],[-71.7762,7.52758],[-71.78323,7.52494],[-71.78987,7.52827],[-71.78459,7.53835],[-71.78764,7.54022],[-71.79744,7.53588],[-71.80119,7.5374],[-71.80201,7.54258],[-71.80483,7.54433],[-71.80697,7.54401],[-71.80827,7.54196],[-71.80404,7.53427],[-71.80578,7.53167],[-71.8096,7.53028],[-71.82549,7.53591],[-71.83813,7.53249],[-71.83985,7.52964],[-71.83955,7.52205],[-71.84144,7.51972],[-71.84509,7.51854],[-71.84835,7.52032],[-71.8527,7.52617],[-71.85511,7.52548],[-71.85457,7.51653],[-71.85932,7.50959],[-71.86721,7.51062],[-71.88329,7.5045],[-71.87905,7.50014],[-71.87515,7.49887],[-71.87369,7.50139],[-71.87459,7.50327],[-71.86971,7.50361],[-71.86778,7.5022],[-71.86664,7.49718],[-71.85875,7.49806],[-71.85679,7.49268],[-71.85472,7.49213],[-71.85296,7.49425],[-71.85225,7.50097],[-71.84867,7.50103],[-71.84198,7.4958],[-71.84046,7.49345],[-71.8406,7.4888],[-71.83738,7.48899],[-71.82814,7.48409],[-71.82355,7.48323],[-71.81725,7.48645],[-71.81251,7.48699],[-71.80332,7.48262],[-71.7951,7.47462],[-71.78549,7.47433],[-71.77823,7.46835],[-71.77325,7.46713],[-71.77335,7.47018],[-71.7701,7.47244],[-71.76865,7.47785],[-71.76494,7.4783],[-71.75915,7.46903],[-71.7505,7.46935],[-71.74488,7.46645],[-71.74563,7.45499],[-71.74814,7.45103],[-71.73786,7.44358],[-71.73144,7.43643],[-71.71248,7.42557],[-71.71251,7.42364],[-71.69713,7.42386],[-71.69446,7.42214],[-71.68963,7.42219],[-71.68573,7.41877],[-71.68134,7.41743],[-71.67476,7.42234],[-71.66909,7.42189],[-71.66811,7.42035],[-71.6506,7.42199],[-71.64103,7.4272],[-71.62938,7.43992],[-71.62537,7.44147],[-71.62336,7.44089],[-71.61878,7.43224],[-71.61382,7.42901],[-71.60831,7.42852],[-71.60525,7.4239],[-71.60057,7.42109],[-71.60042,7.41809],[-71.59904,7.41774],[-71.5928,7.41901],[-71.59012,7.42648],[-71.5834,7.42644],[-71.57884,7.4292],[-71.57599,7.43303],[-71.57354,7.43334],[-71.55866,7.42943],[-71.55782,7.42544],[-71.55197,7.42106],[-71.54063,7.42757],[-71.5383,7.42598],[-71.5373,7.42224],[-71.5347,7.42077],[-71.52482,7.41884],[-71.51827,7.41988],[-71.51598,7.42152],[-71.51593,7.42377],[-71.50986,7.42694],[-71.50224,7.42685],[-71.49422,7.43948],[-71.48338,7.44669],[-71.48047,7.45285],[-71.47636,7.45102],[-71.47618,7.44962],[-71.46965,7.44915],[-71.46777,7.45208],[-71.46971,7.45831],[-71.46709,7.4606],[-71.46415,7.46063],[-71.46187,7.45614],[-71.45441,7.45341],[-71.45496,7.45707],[-71.45839,7.46041],[-71.45536,7.46295],[-71.44858,7.45758],[-71.44,7.45635],[-71.43808,7.4499],[-71.43142,7.44844],[-71.42767,7.44316],[-71.4257,7.4426],[-71.42087,7.44497],[-71.4123,7.44329],[-71.41091,7.44459],[-71.41192,7.44759],[-71.4109,7.45018],[-71.40848,7.44947],[-71.40667,7.44466],[-71.40458,7.44419],[-71.39776,7.44834],[-71.39729,7.45102],[-71.39514,7.45115],[-71.39347,7.446],[-71.38867,7.44427],[-71.37946,7.44477],[-71.37104,7.43696],[-71.36326,7.44044],[-71.35852,7.43954],[-71.35295,7.43586],[-71.3508,7.43796],[-71.35083,7.44395],[-71.34891,7.44564],[-71.33824,7.44297],[-71.33161,7.44718],[-71.32587,7.44506],[-71.32421,7.44076],[-71.32036,7.43917],[-71.31761,7.43994],[-71.31448,7.44318],[-71.30664,7.44523],[-71.29088,7.43713],[-71.28843,7.43155],[-71.2831,7.43401],[-71.27873,7.43343],[-71.28229,7.42727],[-71.27854,7.42369],[-71.27584,7.42393],[-71.27269,7.42977],[-71.26763,7.42967],[-71.25849,7.42631],[-71.25239,7.43014],[-71.24348,7.42634],[-71.24312,7.41869],[-71.24144,7.41758],[-71.23009,7.42156],[-71.22192,7.4205],[-71.21568,7.42187],[-71.21334,7.41951],[-71.21453,7.41777],[-71.21886,7.41674],[-71.22025,7.41302],[-71.2186,7.40837],[-71.2058,7.39748],[-71.20285,7.39826],[-71.20071,7.39501],[-71.19851,7.38583],[-71.1903,7.39254],[-71.18761,7.39176],[-71.18379,7.3877],[-71.17844,7.38861],[-71.17645,7.38715],[-71.17628,7.38221],[-71.17795,7.37974],[-71.17716,7.37727],[-71.16088,7.36792],[-71.14689,7.36416],[-71.13582,7.36704],[-71.12822,7.36331],[-71.11889,7.36841],[-71.11248,7.36361],[-71.11004,7.36328],[-71.10726,7.3651],[-71.10352,7.37105],[-71.10089,7.37067],[-71.09713,7.36589],[-71.08735,7.36847],[-71.08153,7.35844],[-71.07588,7.35894],[-71.07442,7.35794],[-71.07601,7.35471],[-71.07301,7.35106],[-71.06509,7.348],[-71.05507,7.34881],[-71.04568,7.35252],[-71.04124,7.35215],[-71.03872,7.34972],[-71.03894,7.34547],[-71.03222,7.34856],[-71.0303,7.34324],[-71.02534,7.33799],[-71.01981,7.33915],[-71.01476,7.33289],[-71.01381,7.33696],[-71.01622,7.34113],[-71.00492,7.33883],[-70.99788,7.3402],[-70.99659,7.33633],[-70.98835,7.33164],[-70.98856,7.32739],[-70.98633,7.32615],[-70.97527,7.32832],[-70.9678,7.32376],[-70.9631,7.3166],[-70.96285,7.30917],[-70.96172,7.30855],[-70.94738,7.30704],[-70.94278,7.30972],[-70.9334,7.30774],[-70.92806,7.31049],[-70.92217,7.31087],[-70.91644,7.31587],[-70.91097,7.31213],[-70.90454,7.31049],[-70.90009,7.31411],[-70.89427,7.31566],[-70.88995,7.32066],[-70.88386,7.31799],[-70.87776,7.32207],[-70.87566,7.32897],[-70.88157,7.32719],[-70.88352,7.33037],[-70.87938,7.33301],[-70.87452,7.33367],[-70.86602,7.32942],[-70.86098,7.33076],[-70.85658,7.32445],[-70.85409,7.32346],[-70.84855,7.32502],[-70.8455,7.32132],[-70.83915,7.31953],[-70.84309,7.31474],[-70.84272,7.31323],[-70.83076,7.31892],[-70.82839,7.31899],[-70.82432,7.31486],[-70.81862,7.31315],[-70.80922,7.31516],[-70.80559,7.31231],[-70.80271,7.31267],[-70.80225,7.30997],[-70.80378,7.30697],[-70.80277,7.30506],[-70.79619,7.30416],[-70.78719,7.29796],[-70.77048,7.30344],[-70.76237,7.29696],[-70.75495,7.29631],[-70.74882,7.2864],[-70.74537,7.28997],[-70.74572,7.30006],[-70.74319,7.30074],[-70.73626,7.29466],[-70.73441,7.29651],[-70.73337,7.30507],[-70.73205,7.30603],[-70.72626,7.30354],[-70.72206,7.29872],[-70.71769,7.30101],[-70.71604,7.29633],[-70.71397,7.29534],[-70.70174,7.2931],[-70.69691,7.29518],[-70.69404,7.29432],[-70.68689,7.30493],[-70.68303,7.31915],[-70.66101,7.32232],[-70.6496,7.32747],[-70.64438,7.3324],[-70.63952,7.33093],[-70.63276,7.33207],[-70.62857,7.32975],[-70.62204,7.33031],[-70.61692,7.32533],[-70.61048,7.3241],[-70.58927,7.33776],[-70.57804,7.34142],[-70.56621,7.34948],[-70.56167,7.35454],[-70.55667,7.35607],[-70.5511,7.3709],[-70.54711,7.37424],[-70.53836,7.37369],[-70.53305,7.37625],[-70.52864,7.37605],[-70.52117,7.36718],[-70.5166,7.36721],[-70.51361,7.36966],[-70.50946,7.37445],[-70.50907,7.38147],[-70.51148,7.39463],[-70.5156,7.40385],[-70.51526,7.40704],[-70.51089,7.41071],[-70.49506,7.41767],[-70.48827,7.41983],[-70.4818,7.41969],[-70.47737,7.42168],[-70.46376,7.4194],[-70.44073,7.42142],[-70.41496,7.43933],[-70.40371,7.43953],[-70.39668,7.4423],[-70.3821,7.45564],[-70.37976,7.46807],[-70.37566,7.47464],[-70.35922,7.48767],[-70.3615,7.51187],[-70.35819,7.5223],[-70.35852,7.52755],[-70.34733,7.54431],[-70.34371,7.56273],[-70.3408,7.56471],[-70.32898,7.56735],[-70.32241,7.57349],[-70.32207,7.57767],[-70.32743,7.58756],[-70.32674,7.59367],[-70.32253,7.60079],[-70.31552,7.60239],[-70.30841,7.59861],[-70.30214,7.60059],[-70.30152,7.60526],[-70.29915,7.60861],[-70.27472,7.60762],[-70.26942,7.60893],[-70.26121,7.61457],[-70.25921,7.61464],[-70.25173,7.60744],[-70.23551,7.60195],[-70.22466,7.59352],[-70.21912,7.59098],[-70.21349,7.59034],[-70.21027,7.59326],[-70.20898,7.59923],[-70.20087,7.60967],[-70.19637,7.61298],[-70.19012,7.61572],[-70.16934,7.61573],[-70.15195,7.6464],[-70.15179,7.65286],[-70.15612,7.6635],[-70.14845,7.67351],[-70.14578,7.68246],[-70.14048,7.68563],[-70.12095,7.68841],[-70.11847,7.68991],[-70.11179,7.70172],[-70.11149,7.70544],[-70.10996,7.70692],[-70.10317,7.70722],[-70.09912,7.709],[-70.0965,7.71599],[-70.08975,7.72166],[-70.0846,7.72295],[-70.06609,7.72314],[-70.05798,7.7279],[-70.05104,7.72969],[-70.04167,7.7427],[-70.0308,7.74661],[-70.01422,7.74774],[-70.00039,7.74363],[-69.9902,7.74327],[-69.98294,7.7445],[-69.97625,7.75073],[-69.96829,7.751],[-69.96195,7.74604],[-69.96065,7.74113],[-69.95652,7.73518],[-69.952,7.73395],[-69.943,7.7463],[-69.93886,7.74938],[-69.92994,7.75116],[-69.91989,7.76611],[-69.90826,7.77522],[-69.90508,7.77984],[-69.90158,7.79075],[-69.89714,7.7954],[-69.87671,7.79933],[-69.86368,7.79997],[-69.84315,7.80628],[-69.83645,7.80481],[-69.82918,7.79878],[-69.82671,7.79495],[-69.82134,7.79134],[-69.81733,7.79071],[-69.80719,7.79784],[-69.8055,7.80273],[-69.80079,7.80876],[-69.79048,7.81272],[-69.77588,7.81368],[-69.76827,7.81715],[-69.76427,7.82129],[-69.75359,7.8236],[-69.72789,7.82389],[-69.72205,7.82978],[-69.71955,7.83516],[-69.71102,7.84212],[-69.70842,7.84655],[-69.69759,7.85308],[-69.69223,7.85409],[-69.68638,7.85874],[-69.6825,7.86437],[-69.66255,7.87256],[-69.64302,7.88903],[-69.63043,7.89739],[-69.61517,7.90044],[-69.6061,7.9049],[-69.60186,7.91639],[-69.60051,7.9244],[-69.59538,7.93061],[-69.5783,7.93358],[-69.5744,7.93361],[-69.56979,7.93137],[-69.56494,7.93288],[-69.56294,7.9358],[-69.55945,7.95068],[-69.54861,7.95774],[-69.54519,7.96321],[-69.54601,7.97301],[-69.53636,7.99036],[-69.5271,7.99672],[-69.52154,7.99862],[-69.51344,7.99732],[-69.50259,7.99769],[-69.49222,8.00245],[-69.49008,8.00816],[-69.47207,8.03134],[-69.44914,8.05046],[-69.44315,8.05926],[-69.43456,8.06596],[-69.42141,8.06837],[-69.41698,8.06805],[-69.41524,8.06577],[-69.40504,8.0657],[-69.39891,8.06353],[-69.39373,8.05977],[-69.38547,8.05128],[-69.38192,8.0497],[-69.37511,8.04964],[-69.36775,8.05366],[-69.35662,8.05527],[-69.34599,8.05404],[-69.33949,8.0509],[-69.33565,8.05268],[-69.324,8.05357],[-69.31345,8.05089],[-69.30322,8.05105],[-69.28822,8.05328],[-69.27992,8.0568],[-69.26788,8.05775],[-69.26136,8.06056],[-69.25658,8.06478],[-69.25161,8.06368],[-69.2483,8.05913],[-69.24596,8.05819],[-69.21053,8.06673],[-69.20558,8.06359],[-69.19647,8.06291],[-69.18951,8.06073],[-69.1836,8.05659],[-69.17623,8.05568],[-69.17225,8.05249],[-69.1704,8.04824],[-69.1631,8.04492],[-69.15496,8.04571],[-69.14776,8.04905],[-69.14107,8.04522],[-69.13466,8.0354],[-69.12799,8.03136],[-69.12424,8.02672],[-69.12134,7.99794],[-69.11503,7.99095],[-69.1093,7.99057],[-69.10227,7.99583],[-69.08901,7.99993],[-69.08384,7.99946],[-69.08086,7.99845],[-69.07834,7.99532],[-69.07936,7.99335],[-69.07823,7.99197],[-69.07099,7.98789],[-69.06476,7.98194],[-69.05136,7.97402],[-69.04575,7.97281],[-69.04149,7.97441],[-69.03828,7.97906],[-69.03608,7.99708],[-69.03276,8.00109],[-69.02153,8.00278],[-69.01347,7.99927],[-69.00986,7.99585],[-68.99865,7.99384],[-68.99235,7.99661],[-68.98451,8.00452],[-68.97827,8.00623],[-68.97493,8.00546],[-68.96408,7.99696],[-68.95991,7.9903],[-68.9568,7.96789],[-68.94556,7.95865],[-68.93401,7.95258],[-68.93361,7.94417],[-68.93976,7.93053],[-68.93777,7.9249],[-68.93175,7.91869],[-68.92572,7.91564],[-68.91707,7.91641],[-68.89523,7.91331],[-68.88611,7.90165],[-68.87942,7.8965],[-68.8705,7.89664],[-68.86223,7.90083],[-68.85137,7.90176],[-68.82055,7.89299],[-68.80713,7.89767],[-68.78829,7.89132],[-68.77926,7.89348],[-68.77145,7.90069],[-68.76915,7.90512],[-68.76568,7.90691],[-68.75614,7.90636],[-68.74104,7.90152],[-68.72616,7.90182],[-68.71452,7.90603],[-68.70921,7.91048],[-68.7068,7.91482],[-68.69475,7.92416],[-68.67349,7.92737],[-68.64883,7.93823],[-68.64195,7.94837],[-68.64216,7.95721],[-68.64084,7.95866],[-68.63067,7.95859],[-68.62475,7.962],[-68.61795,7.9631],[-68.58819,7.95848],[-68.58393,7.95488],[-68.57776,7.95472],[-68.57132,7.95777],[-68.5635,7.95644],[-68.55914,7.95364],[-68.55671,7.94999],[-68.53949,7.94519],[-68.51754,7.9458],[-68.51151,7.943],[-68.51132,7.93118],[-68.50601,7.9284],[-68.49224,7.92658],[-68.48231,7.92809],[-68.47131,7.92732],[-68.4636,7.92976],[-68.45365,7.93633],[-68.44404,7.9379],[-68.43674,7.93628],[-68.42841,7.92775],[-68.42534,7.92661],[-68.41439,7.92953],[-68.39797,7.92067],[-68.38525,7.92187],[-68.38475,7.91565],[-68.38664,7.91248],[-68.38495,7.90719],[-68.35443,7.88906],[-68.34816,7.88058],[-68.34479,7.88051],[-68.33743,7.88452],[-68.32973,7.88308],[-68.32768,7.88427],[-68.32447,7.89672],[-68.31787,7.89825],[-68.30747,7.90401],[-68.30448,7.90939],[-68.297,7.91205],[-68.29417,7.91955],[-68.29058,7.92223],[-68.28354,7.9192],[-68.28123,7.91008],[-68.27806,7.90989],[-68.2725,7.91413],[-68.27295,7.92042],[-68.26914,7.92399],[-68.26449,7.92358],[-68.2641,7.91471],[-68.25876,7.91209],[-68.25185,7.91399],[-68.24879,7.91257],[-68.24604,7.90771],[-68.24026,7.90248],[-68.23286,7.90654],[-68.22905,7.91185],[-68.22254,7.91135],[-68.22024,7.90981],[-68.21896,7.90575],[-68.2225,7.9005],[-68.21977,7.89816],[-68.21732,7.89819],[-68.21799,7.89674],[-68.21651,7.89527],[-68.21416,7.89534],[-68.21051,7.89919],[-68.20514,7.89999],[-68.2024,7.90272],[-68.19683,7.90015],[-68.19235,7.90079],[-68.18999,7.90306],[-68.18808,7.90159],[-68.18506,7.90379],[-68.17707,7.9014],[-68.17464,7.90413],[-68.16624,7.90575],[-68.15761,7.90433],[-68.15682,7.90275],[-68.15566,7.90385],[-68.15049,7.89912],[-68.14422,7.89767],[-68.12443,7.90353],[-68.11957,7.9],[-68.10949,7.89743],[-68.1082,7.89405],[-68.09626,7.88302],[-68.08108,7.87882],[-68.0779,7.87418],[-68.06758,7.87214],[-68.06575,7.86771],[-68.05831,7.87016],[-68.05517,7.86979],[-68.04845,7.87726],[-68.04375,7.87391],[-68.03966,7.87591],[-68.03739,7.8804],[-68.03369,7.88012],[-68.02819,7.88204],[-68.02531,7.88109],[-68.01822,7.88948],[-68.01207,7.89138],[-68.00998,7.89509],[-68.00513,7.89669],[-67.98719,7.9008],[-67.98445,7.89831],[-67.9806,7.89831],[-67.97881,7.89593],[-67.97375,7.89346],[-67.97026,7.89332],[-67.96668,7.89919],[-67.9605,7.90154],[-67.95456,7.90636],[-67.94783,7.90949],[-67.94289,7.9095],[-67.93688,7.90691],[-67.93582,7.9033],[-67.91335,7.9065],[-67.91269,7.90032],[-67.91012,7.89976],[-67.89833,7.90201],[-67.89475,7.89994],[-67.88593,7.90351],[-67.88287,7.90063],[-67.87928,7.90005],[-67.87608,7.89305],[-67.87089,7.89222],[-67.86714,7.89293],[-67.86767,7.89643],[-67.86397,7.89663],[-67.86001,7.90044],[-67.8613,7.90442],[-67.85617,7.90943],[-67.85668,7.91153],[-67.85097,7.91311],[-67.8489,7.91151],[-67.84436,7.91214],[-67.83826,7.91959],[-67.82987,7.921],[-67.82889,7.92326],[-67.82101,7.92317],[-67.82055,7.92125],[-67.81677,7.91985],[-67.81319,7.91604],[-67.80943,7.91803],[-67.80604,7.91316],[-67.80373,7.9128],[-67.79965,7.92117],[-67.79656,7.92357],[-67.794,7.92353],[-67.79261,7.91907],[-67.78658,7.91894],[-67.78246,7.91435],[-67.77976,7.91404],[-67.7796,7.90886],[-67.76999,7.91046],[-67.76085,7.90474],[-67.75598,7.91053],[-67.75123,7.90953],[-67.7493,7.91198],[-67.74574,7.9117],[-67.73319,7.9179],[-67.72685,7.91543],[-67.72219,7.91003],[-67.71948,7.91084],[-67.71806,7.9098],[-67.70906,7.91249],[-67.70365,7.91705],[-67.69764,7.91519],[-67.69528,7.91602],[-67.69287,7.9216],[-67.68984,7.9212],[-67.68404,7.93193],[-67.68421,7.93681],[-67.68656,7.94038],[-67.68594,7.94204],[-67.67366,7.94456],[-67.66275,7.94366],[-67.66129,7.94071],[-67.66461,7.93508],[-67.66585,7.93018],[-67.66485,7.93001],[-67.65937,7.93108],[-67.65612,7.93392],[-67.64358,7.93534],[-67.64165,7.93947],[-67.64274,7.94214],[-67.6472,7.94482],[-67.64527,7.95117],[-67.65111,7.95475],[-67.65266,7.95693],[-67.65142,7.95926],[-67.64793,7.95941],[-67.6425,7.96447],[-67.63253,7.96548],[-67.62081,7.97011],[-67.61546,7.97661],[-67.60065,7.98537],[-67.5948,7.98473],[-67.5905,7.97641],[-67.5843,7.97338],[-67.57709,7.96539],[-67.5754,7.96105],[-67.56818,7.95944],[-67.5636,7.95109],[-67.55641,7.94592],[-67.54531,7.94242],[-67.53554,7.94428]]]}},{"type":"Feature","properties":{"shapeName":"Bolívar","shapeISO":"VE-F","shapeID":"42786344B61423155075663","shapeGroup":"VEN","shapeType":"ADM1"},"geometry":{"type":"Polygon","coordinates":[[[-64.69227,4.21102],[-64.6773,4.18812],[-64.67381,4.18486],[-64.66902,4.17574],[-64.66529,4.17397],[-64.65963,4.1622],[-64.65568,4.16008],[-64.65097,4.15383],[-64.64807,4.12913],[-64.6416,4.11907],[-64.62591,4.10923],[-64.59342,4.09792],[-64.58023,4.09798],[-64.55451,4.10086],[-64.52347,4.11136],[-64.50404,4.12029],[-64.49511,4.12602],[-64.4845,4.12898],[-64.47326,4.12792],[-64.47019,4.1374],[-64.46936,4.15001],[-64.46787,4.1516],[-64.4639,4.15086],[-64.45909,4.14414],[-64.44633,4.14604],[-64.4343,4.14462],[-64.42786,4.14144],[-64.41376,4.14172],[-64.41074,4.13789],[-64.40897,4.12422],[-64.40571,4.12085],[-64.40173,4.12068],[-64.39339,4.12402],[-64.37223,4.13555],[-64.3679,4.1363],[-64.36521,4.1334],[-64.34953,4.13216],[-64.33017,4.1256],[-64.31756,4.11545],[-64.3051,4.11207],[-64.30149,4.10961],[-64.31081,4.09069],[-64.30734,4.08618],[-64.30202,4.08484],[-64.29785,4.08181],[-64.29036,4.08056],[-64.28272,4.09216],[-64.26928,4.09428],[-64.26537,4.09847],[-64.27255,4.10602],[-64.27701,4.11354],[-64.27659,4.11961],[-64.26828,4.13028],[-64.26305,4.13056],[-64.25551,4.12426],[-64.24701,4.1222],[-64.24104,4.11765],[-64.23402,4.11492],[-64.21923,4.11587],[-64.21279,4.11337],[-64.20403,4.10385],[-64.19159,4.09898],[-64.18465,4.09923],[-64.17505,4.09451],[-64.16062,4.09409],[-64.1401,4.10815],[-64.13543,4.10855],[-64.1289,4.10387],[-64.12613,4.09775],[-64.12605,4.08628],[-64.12161,4.0681],[-64.09771,4.05229],[-64.09595,4.04733],[-64.09853,4.04094],[-64.08914,4.02774],[-64.08371,4.01665],[-64.0639,4.01007],[-64.05041,3.99842],[-64.0556,3.97047],[-64.04434,3.92563],[-64.0337,3.89918],[-64.00964,3.86603],[-63.99665,3.86462],[-63.97293,3.86871],[-63.94255,3.88611],[-63.92037,3.90422],[-63.90801,3.92051],[-63.90161,3.92418],[-63.86395,3.93604],[-63.8493,3.95417],[-63.82442,3.96238],[-63.80372,3.94901],[-63.79237,3.93358],[-63.77051,3.92572],[-63.73699,3.92725],[-63.70709,3.93384],[-63.68999,3.9354],[-63.65414,3.94888],[-63.63975,3.95688],[-63.61761,3.9628],[-63.60781,3.96117],[-63.58464,3.93859],[-63.55786,3.90312],[-63.53811,3.8817],[-63.52314,3.86166],[-63.50112,3.85001],[-63.48497,3.84746],[-63.46983,3.85164],[-63.44788,3.86743],[-63.42745,3.90415],[-63.42098,3.92459],[-63.41794,3.94549],[-63.40487,3.96476],[-63.37043,3.96673],[-63.33992,3.95584],[-63.2705,3.92438],[-63.26141,3.91769],[-63.22702,3.90771],[-63.21045,3.89042],[-63.20414,3.87362],[-63.20021,3.82994],[-63.15978,3.79557],[-63.14754,3.77922],[-63.12572,3.76352],[-63.11664,3.75315],[-63.1005,3.74253],[-63.07741,3.70591],[-63.06811,3.696],[-63.05559,3.69159],[-63.04809,3.68697],[-63.0152,3.65009],[-63.00033,3.61088],[-62.99026,3.60006],[-62.98561,3.58788],[-62.98018,3.58017],[-62.96446,3.56748],[-62.95654,3.56309],[-62.94535,3.55764],[-62.9292,3.55217],[-62.88741,3.55045],[-62.86573,3.55492],[-62.85885,3.55947],[-62.85255,3.57147],[-62.8502,3.5859],[-62.84174,3.59341],[-62.81758,3.59752],[-62.78551,3.59952],[-62.77468,3.60737],[-62.76386,3.61923],[-62.75371,3.63567],[-62.74236,3.66908],[-62.73559,3.6766],[-62.72997,3.69319],[-62.73762,3.75031],[-62.73867,3.7776],[-62.74581,3.79345],[-62.75317,3.80072],[-62.76585,3.81924],[-62.76182,3.84592],[-62.75777,3.85496],[-62.75744,3.86355],[-62.76728,3.86888],[-62.77622,3.88154],[-62.78008,3.88981],[-62.78157,3.90529],[-62.78034,3.91652],[-62.77674,3.92682],[-62.76355,3.94428],[-62.75554,3.95214],[-62.75137,3.95888],[-62.74889,3.9677],[-62.74868,3.97732],[-62.75163,3.98422],[-62.7654,3.99816],[-62.75801,4.01333],[-62.75245,4.01931],[-62.74336,4.03631],[-62.70028,4.03343],[-62.65493,4.04388],[-62.64902,4.04342],[-62.63731,4.03973],[-62.61798,4.0403],[-62.61059,4.03697],[-62.60309,4.03087],[-62.59229,4.02501],[-62.57502,4.01764],[-62.56694,4.01638],[-62.55637,4.01959],[-62.55421,4.02223],[-62.55376,4.03832],[-62.54467,4.04383],[-62.53933,4.04958],[-62.54103,4.06532],[-62.54421,4.07785],[-62.55217,4.0936],[-62.55172,4.09808],[-62.53637,4.11382],[-62.51102,4.13059],[-62.48681,4.12897],[-62.46134,4.14952],[-62.45929,4.15297],[-62.46464,4.16608],[-62.46236,4.16964],[-62.4436,4.18055],[-62.41188,4.17823],[-62.38085,4.16568],[-62.36936,4.1644],[-62.35765,4.15807],[-62.3339,4.13852],[-62.3148,4.1331],[-62.30218,4.12999],[-62.27956,4.12732],[-62.25989,4.1303],[-62.24818,4.12695],[-62.20872,4.10154],[-62.2098,4.10085],[-62.2042,4.09588],[-62.18681,4.08632],[-62.17113,4.08412],[-62.14499,4.07708],[-62.12884,4.07787],[-62.11645,4.08682],[-62.10018,4.1122],[-62.07721,4.11539],[-62.07175,4.11734],[-62.06515,4.12986],[-62.05888,4.15594],[-62.04808,4.14915],[-62.03512,4.14775],[-62.02057,4.15589],[-61.9885,4.1685],[-61.97713,4.16135],[-61.96066,4.1472],[-61.95555,4.13811],[-61.94226,4.12947],[-61.92042,4.1384],[-61.91382,4.14977],[-61.90563,4.1516],[-61.88142,4.15019],[-61.86811,4.15235],[-61.86344,4.1605],[-61.8565,4.16601],[-61.83548,4.15655],[-61.8315,4.15781],[-61.81374,4.17663],[-61.79062,4.2182],[-61.77377,4.23564],[-61.75728,4.24492],[-61.72567,4.24326],[-61.71987,4.24072],[-61.71816,4.24371],[-61.72145,4.25153],[-61.72031,4.25417],[-61.71497,4.25416],[-61.70155,4.25034],[-61.68973,4.25136],[-61.67824,4.25479],[-61.66892,4.25396],[-61.65619,4.24647],[-61.6529,4.23865],[-61.64665,4.23473],[-61.6404,4.23529],[-61.62617,4.24952],[-61.62014,4.25089],[-61.60888,4.2496],[-61.57842,4.24276],[-61.5543,4.25202],[-61.53894,4.26176],[-61.52391,4.27587],[-61.51798,4.28367],[-61.50942,4.304],[-61.51177,4.33147],[-61.5164,4.35378],[-61.51525,4.36228],[-61.51353,4.37055],[-61.5028,4.39352],[-61.4987,4.40075],[-61.48731,4.41211],[-61.47456,4.41587],[-61.46319,4.41723],[-61.44919,4.42398],[-61.4427,4.42511],[-61.40494,4.42607],[-61.39619,4.42099],[-61.3747,4.41807],[-61.36083,4.41332],[-61.35504,4.4094],[-61.34879,4.40858],[-61.32374,4.42186],[-61.31074,4.43964],[-61.303,4.44641],[-61.27648,4.45565],[-61.27578,4.46347],[-61.2826,4.46739],[-61.30246,4.49008],[-61.32496,4.50565],[-61.32471,4.51416],[-61.31981,4.52208],[-61.31389,4.52585],[-61.30558,4.52675],[-61.28829,4.52476],[-61.27282,4.52829],[-61.25029,4.52777],[-61.23336,4.52129],[-61.1856,4.5106],[-61.15756,4.48363],[-61.14825,4.47671],[-61.12856,4.48413],[-61.11168,4.50386],[-61.09723,4.50589],[-61.0755,4.50652],[-61.06172,4.51602],[-61.04898,4.51656],[-61.03601,4.51583],[-61.00827,4.50817],[-60.99735,4.51067],[-60.98755,4.51846],[-60.97899,4.52924],[-60.97075,4.54795],[-60.96368,4.5577],[-60.95832,4.56124],[-60.93931,4.569],[-60.93428,4.5775],[-60.93116,4.59852],[-60.93747,4.62337],[-60.94677,4.63546],[-60.94164,4.63981],[-60.92991,4.64403],[-60.92238,4.65229],[-60.92305,4.66045],[-60.91592,4.69146],[-60.90691,4.70109],[-60.88721,4.70724],[-60.8756,4.70594],[-60.85944,4.70819],[-60.83963,4.71318],[-60.80577,4.73756],[-60.79176,4.742],[-60.77811,4.74253],[-60.76433,4.74628],[-60.75396,4.75016],[-60.74405,4.7561],[-60.71322,4.79278],[-60.70343,4.79666],[-60.68871,4.80925],[-60.68104,4.8244],[-60.67099,4.83988],[-60.63893,4.86644],[-60.63219,4.87573],[-60.61993,4.90362],[-60.61079,4.91761],[-60.59391,4.92686],[-60.58455,4.93741],[-60.58295,4.94073],[-60.58427,4.95453],[-60.59728,4.98366],[-60.6093,5.01818],[-60.61456,5.02831],[-60.63136,5.04791],[-60.64339,5.10059],[-60.65372,5.11258],[-60.65558,5.13638],[-60.67075,5.16976],[-60.68152,5.18555],[-60.70723,5.19644],[-60.73138,5.19907],[-61.38792,5.93755],[-61.3896,5.95273],[-61.38504,5.95754],[-61.36553,5.96129],[-61.35275,5.96931],[-61.35273,5.98241],[-61.34291,5.98997],[-61.34176,5.99433],[-61.34403,6.00183],[-61.33684,6.01506],[-61.32836,6.01872],[-61.31573,6.03977],[-61.30957,6.04063],[-61.30585,6.04785],[-61.29738,6.05122],[-61.27621,6.07024],[-61.26789,6.08132],[-61.26605,6.09407],[-61.26316,6.09819],[-61.25757,6.0986],[-61.24288,6.09616],[-61.2319,6.09905],[-61.22579,6.10624],[-61.21706,6.11214],[-61.21105,6.10921],[-61.20699,6.10434],[-61.20017,6.1022],[-61.19534,6.10573],[-61.18954,6.11625],[-61.17746,6.11488],[-61.16726,6.14228],[-61.1665,6.15067],[-61.16922,6.16415],[-61.16868,6.1722],[-61.1614,6.1811],[-61.13778,6.18261],[-61.12196,6.17866],[-61.11535,6.17837],[-61.10361,6.18838],[-61.10815,6.20257],[-61.11257,6.20446],[-61.12078,6.21684],[-61.11519,6.25061],[-61.1071,6.26077],[-61.10383,6.26811],[-61.12737,6.2765],[-61.12674,6.28247],[-61.13653,6.28475],[-61.14351,6.29391],[-61.15186,6.31446],[-61.16294,6.32446],[-61.16462,6.32816],[-61.15841,6.33305],[-61.15286,6.34047],[-61.14622,6.35376],[-61.14409,6.36168],[-61.14719,6.37045],[-61.14714,6.3762],[-61.14428,6.37663],[-61.1431,6.38065],[-61.14661,6.38344],[-61.14748,6.38748],[-61.13983,6.38787],[-61.13619,6.40981],[-61.13027,6.40814],[-61.12823,6.41755],[-61.13135,6.4368],[-61.13046,6.44657],[-61.13291,6.45234],[-61.14933,6.46481],[-61.15868,6.47732],[-61.15928,6.48596],[-61.15571,6.48891],[-61.14996,6.50462],[-61.1535,6.51604],[-61.15498,6.52814],[-61.16177,6.53407],[-61.17352,6.53475],[-61.17948,6.53228],[-61.18936,6.53812],[-61.19328,6.53367],[-61.19552,6.52668],[-61.20029,6.52925],[-61.20941,6.53049],[-61.2091,6.53865],[-61.20464,6.53953],[-61.20163,6.54388],[-61.20122,6.55089],[-61.2061,6.55335],[-61.20994,6.55776],[-61.20961,6.56777],[-61.21538,6.573],[-61.21589,6.57944],[-61.21381,6.58184],[-61.20914,6.58145],[-61.20925,6.59342],[-61.20304,6.59693],[-61.19711,6.5963],[-61.18913,6.619],[-61.18777,6.629],[-61.17644,6.63223],[-61.1725,6.63725],[-61.17315,6.64094],[-61.16934,6.64585],[-61.17573,6.65765],[-61.16724,6.67252],[-61.16322,6.67513],[-61.15602,6.6761],[-61.15256,6.67963],[-61.14707,6.68027],[-61.1454,6.68728],[-61.13772,6.69031],[-61.13494,6.69419],[-61.13471,6.70604],[-61.13283,6.71063],[-61.11642,6.71864],[-61.09135,6.71334],[-61.07648,6.70468],[-61.07006,6.70715],[-61.06339,6.72308],[-61.06016,6.72627],[-61.03805,6.72122],[-61.00802,6.72139],[-60.99745,6.72681],[-60.98716,6.72844],[-60.98135,6.72665],[-60.96925,6.71572],[-60.95328,6.71395],[-60.93945,6.71485],[-60.92805,6.72325],[-60.91947,6.73628],[-60.90565,6.74685],[-60.89662,6.74745],[-60.88789,6.75231],[-60.88496,6.75987],[-60.88591,6.76644],[-60.90421,6.77559],[-60.907,6.78126],[-60.90885,6.79048],[-60.90932,6.80003],[-60.90624,6.81013],[-60.90231,6.81469],[-60.89795,6.81637],[-60.88813,6.81616],[-60.85732,6.79158],[-60.82643,6.78597],[-60.81941,6.79073],[-60.81196,6.79342],[-60.80042,6.79399],[-60.74398,6.76373],[-60.71334,6.75617],[-60.69908,6.75441],[-60.67824,6.78042],[-60.66781,6.80378],[-60.65992,6.81555],[-60.64919,6.82499],[-60.64081,6.82824],[-60.60404,6.83728],[-60.59879,6.837],[-60.58449,6.84904],[-60.56835,6.8522],[-60.54997,6.85166],[-60.53578,6.85347],[-60.52722,6.86258],[-60.51952,6.87711],[-60.49254,6.87831],[-60.47863,6.8861],[-60.46743,6.89645],[-60.4521,6.91883],[-60.44518,6.92439],[-60.43868,6.93283],[-60.42753,6.93823],[-60.39112,6.94531],[-60.38451,6.94386],[-60.36984,6.92851],[-60.36666,6.92675],[-60.36019,6.93277],[-60.35405,6.94973],[-60.35339,6.97653],[-60.35088,6.9864],[-60.35191,6.99607],[-60.34855,6.99983],[-60.34672,7.00982],[-60.33733,7.01144],[-60.33133,7.01621],[-60.33063,7.02736],[-60.32419,7.03086],[-60.3234,7.03982],[-60.31605,7.04227],[-60.31201,7.04637],[-60.29557,7.04469],[-60.29211,7.04741],[-60.28438,7.06331],[-60.28199,7.07157],[-60.28139,7.08399],[-60.27598,7.08704],[-60.27909,7.09512],[-60.27775,7.10144],[-60.27988,7.10549],[-60.27571,7.11004],[-60.27564,7.11568],[-60.27801,7.11881],[-60.27602,7.12236],[-60.27757,7.12663],[-60.28357,7.13119],[-60.29234,7.13416],[-60.29763,7.14101],[-60.3073,7.1448],[-60.31554,7.15398],[-60.33345,7.15694],[-60.33544,7.1626],[-60.3344,7.16397],[-60.33591,7.17124],[-60.34198,7.17982],[-60.36418,7.18777],[-60.39118,7.1768],[-60.40419,7.17809],[-60.42517,7.20248],[-60.44268,7.2113],[-60.44886,7.2101],[-60.46298,7.19576],[-60.47254,7.18931],[-60.49303,7.18677],[-60.49765,7.17267],[-60.51399,7.14282],[-60.52219,7.13577],[-60.52649,7.12972],[-60.53244,7.12863],[-60.55023,7.15264],[-60.56028,7.16368],[-60.57139,7.17185],[-60.58528,7.18672],[-60.58935,7.20161],[-60.59707,7.20618],[-60.61381,7.21188],[-60.62291,7.23659],[-60.62871,7.26047],[-60.62773,7.26564],[-60.62308,7.27272],[-60.60925,7.28247],[-60.6041,7.29346],[-60.6023,7.30103],[-60.59822,7.30766],[-60.59066,7.30919],[-60.58592,7.31409],[-60.58768,7.34057],[-60.60091,7.37396],[-60.6035,7.38848],[-60.62193,7.40674],[-60.63364,7.424],[-60.63352,7.43493],[-60.63547,7.44416],[-60.63828,7.44856],[-60.65236,7.45825],[-60.6607,7.45915],[-60.66707,7.46186],[-60.67441,7.47057],[-60.68186,7.46984],[-60.69153,7.47442],[-60.7075,7.5305],[-60.70951,7.54525],[-60.70275,7.55645],[-60.69542,7.55764],[-60.69011,7.5623],[-60.68813,7.57551],[-60.68376,7.57731],[-60.68105,7.57394],[-60.67435,7.57019],[-60.64744,7.57221],[-60.63843,7.58972],[-60.63497,7.60245],[-60.62846,7.6117],[-60.62452,7.63743],[-60.6187,7.64611],[-60.61294,7.64962],[-60.60771,7.64623],[-60.5914,7.64203],[-60.58955,7.64281],[-60.59089,7.66641],[-60.59005,7.68009],[-60.58024,7.68804],[-60.56873,7.7138],[-60.58066,7.73176],[-60.57541,7.74068],[-60.56976,7.74453],[-60.56693,7.75232],[-60.56575,7.76542],[-60.56088,7.77043],[-60.55259,7.77529],[-60.54749,7.7811],[-60.53638,7.80181],[-60.53907,7.81713],[-60.52935,7.82612],[-60.51949,7.82762],[-60.50303,7.83573],[-60.47967,7.83605],[-60.46749,7.8404],[-60.4496,7.84239],[-60.41981,7.83471],[-60.41409,7.83453],[-60.40613,7.83007],[-60.40029,7.83058],[-60.38751,7.83688],[-60.3827,7.83694],[-60.36785,7.83256],[-60.36322,7.82413],[-60.36349,7.81826],[-60.36087,7.81733],[-60.35451,7.8266],[-60.3422,7.83733],[-60.3298,7.84381],[-60.32769,7.85081],[-60.3171,7.8611],[-60.31487,7.86821],[-60.30091,7.8695],[-60.29516,7.87383],[-60.29225,7.8806],[-60.28779,7.88103],[-60.28742,7.88505],[-60.27254,7.89362],[-60.3226,7.88096],[-60.66731,7.83845],[-60.8356,7.8795],[-60.83855,7.8379],[-60.89932,7.75488],[-60.97385,7.75345],[-61.243,7.90303],[-61.28877,7.97878],[-61.28969,7.97713],[-61.32888,7.96581],[-61.3541,7.95476],[-61.38094,7.94039],[-61.40225,7.93186],[-61.42612,7.91608],[-61.43383,7.90818],[-61.43776,7.89819],[-61.4419,7.86852],[-61.44398,7.86474],[-61.46129,7.8548],[-61.47232,7.84404],[-61.4712,7.83908],[-61.45832,7.83109],[-61.45388,7.82612],[-61.45072,7.81576],[-61.46269,7.79878],[-61.49025,7.81044],[-61.51451,7.83181],[-61.51937,7.84156],[-61.53389,7.84837],[-61.53507,7.85289],[-61.53969,7.85665],[-61.54315,7.85544],[-61.5462,7.85112],[-61.55561,7.84955],[-61.55808,7.8519],[-61.56233,7.87696],[-61.56911,7.88145],[-61.5722,7.88173],[-61.57557,7.89181],[-61.58429,7.9029],[-61.59365,7.90432],[-61.59575,7.90827],[-61.60131,7.91136],[-61.61195,7.91085],[-61.61663,7.92463],[-61.63742,7.93949],[-61.63879,7.94608],[-61.64485,7.94664],[-61.65185,7.94515],[-61.65527,7.94612],[-61.65482,7.95867],[-61.65971,7.96704],[-61.65949,7.97303],[-61.65714,7.97633],[-61.65457,7.99252],[-61.65033,7.9988],[-61.65014,8.00316],[-61.65312,8.01517],[-61.65239,8.02205],[-61.65346,8.02617],[-61.65694,8.02993],[-61.65682,8.04082],[-61.66112,8.05889],[-61.66493,8.06207],[-61.67606,8.06485],[-61.68767,8.07003],[-61.6909,8.07287],[-61.69234,8.0787],[-61.69628,8.08337],[-61.69926,8.0838],[-61.70022,8.08861],[-61.698,8.09528],[-61.69844,8.10479],[-61.7056,8.12204],[-61.70768,8.13452],[-61.7132,8.13699],[-61.71575,8.14007],[-61.72057,8.14152],[-61.72738,8.14708],[-61.73402,8.15815],[-61.73863,8.16143],[-61.74314,8.17676],[-61.74739,8.17798],[-61.7562,8.18811],[-61.76093,8.19151],[-61.75964,8.20035],[-61.76038,8.2047],[-61.76771,8.20532],[-61.77404,8.2086],[-61.7792,8.22013],[-61.78266,8.22262],[-61.7901,8.23322],[-61.78896,8.24447],[-61.79113,8.24433],[-61.79471,8.24705],[-61.79721,8.25609],[-61.79188,8.26095],[-61.79228,8.2661],[-61.79048,8.26899],[-61.79335,8.27011],[-61.78634,8.27865],[-61.78776,8.28311],[-61.77441,8.28723],[-61.76844,8.28625],[-61.76549,8.28857],[-61.73397,8.2972],[-61.72024,8.29777],[-61.70664,8.3121],[-61.70121,8.32957],[-61.69609,8.33224],[-61.68496,8.34197],[-61.68711,8.35066],[-61.68603,8.3572],[-61.68253,8.36147],[-61.68672,8.36809],[-61.68852,8.37679],[-61.69924,8.38312],[-61.69961,8.38598],[-61.69748,8.39047],[-61.70254,8.40269],[-61.7018,8.40958],[-61.7104,8.4212],[-61.70922,8.42901],[-61.70511,8.43065],[-61.70115,8.43458],[-61.70043,8.44338],[-62.25002,8.29968],[-62.30957,8.28204],[-62.37252,8.31971],[-62.40415,8.32432],[-62.50165,8.38683],[-62.59999,8.43516],[-62.60639,8.43724],[-62.61161,8.44099],[-62.63089,8.41733],[-62.66358,8.39219],[-62.67983,8.38245],[-62.69067,8.38091],[-62.70043,8.38145],[-62.70964,8.38467],[-62.72806,8.38414],[-62.73944,8.38789],[-62.75245,8.39487],[-62.76708,8.39004],[-62.80122,8.35031],[-62.81747,8.32186],[-62.84294,8.29931],[-62.88511,8.28291],[-62.90038,8.28106],[-62.92965,8.29287],[-62.93615,8.302],[-62.94861,8.31059],[-62.96649,8.31542],[-62.98383,8.3181],[-63.03098,8.32132],[-63.05157,8.31703],[-63.18379,8.31596],[-63.23039,8.30575],[-63.2564,8.2918],[-63.26399,8.27677],[-63.2775,8.26198],[-63.28028,8.25997],[-63.29078,8.26199],[-63.29288,8.2595],[-63.30325,8.25522],[-63.31579,8.24397],[-63.3222,8.24362],[-63.33356,8.23476],[-63.3445,8.23783],[-63.37153,8.23308],[-63.38605,8.22714],[-63.39127,8.22253],[-63.39836,8.20855],[-63.40379,8.20497],[-63.40498,8.20224],[-63.41546,8.19761],[-63.43169,8.17932],[-63.44012,8.17419],[-63.46153,8.17342],[-63.46673,8.17018],[-63.47626,8.1606],[-63.49982,8.16135],[-63.50684,8.16687],[-63.52561,8.15951],[-63.53611,8.16107],[-63.54327,8.15683],[-63.57198,8.14918],[-63.58126,8.14831],[-63.59127,8.1525],[-63.60563,8.15584],[-63.61615,8.15625],[-63.62946,8.16129],[-63.63749,8.1674],[-63.65415,8.16134],[-63.66677,8.16649],[-63.67761,8.16885],[-63.68382,8.16689],[-63.71181,8.14649],[-63.7242,8.14429],[-63.73857,8.13971],[-63.74522,8.13833],[-63.75925,8.14109],[-63.785,8.14048],[-63.80402,8.1385],[-63.82422,8.13425],[-63.82756,8.12269],[-63.84772,8.09756],[-63.85198,8.08742],[-63.85216,8.08283],[-63.85592,8.07601],[-63.86432,8.06502],[-63.87855,8.05378],[-63.88066,8.04055],[-63.89037,8.02603],[-63.89615,8.02165],[-63.90523,8.01056],[-63.92121,7.99659],[-63.92618,7.98955],[-63.927,7.98322],[-63.93171,7.97613],[-63.94218,7.97124],[-63.95452,7.96816],[-63.97076,7.96028],[-63.98381,7.95834],[-64.00054,7.94334],[-64.01126,7.94392],[-64.02572,7.94252],[-64.05407,7.95036],[-64.06306,7.96067],[-64.07094,7.96593],[-64.0817,7.96379],[-64.08763,7.96862],[-64.09484,7.98252],[-64.11279,7.9969],[-64.11453,7.99509],[-64.11864,7.9955],[-64.13047,8.00083],[-64.13595,8.0016],[-64.13952,7.99948],[-64.14441,8.00139],[-64.14825,8.00535],[-64.1593,8.00839],[-64.17491,8.02713],[-64.19033,8.03655],[-64.20472,8.05512],[-64.21284,8.05988],[-64.21672,8.06854],[-64.23,8.08492],[-64.24486,8.09352],[-64.24794,8.09426],[-64.26389,8.09083],[-64.28556,8.09495],[-64.29864,8.09262],[-64.31842,8.08398],[-64.33741,8.06582],[-64.34699,8.04211],[-64.35234,8.03519],[-64.36174,8.01366],[-64.37213,8.00579],[-64.3981,7.99643],[-64.40484,7.99664],[-64.41144,7.99915],[-64.42201,8.00834],[-64.43295,8.02195],[-64.44233,8.03023],[-64.44894,8.03251],[-64.46771,8.03153],[-64.4777,8.02823],[-64.48866,8.018],[-64.50708,8.0121],[-64.52659,7.99921],[-64.54556,7.98902],[-64.56181,7.9713],[-64.56886,7.95573],[-64.57211,7.93479],[-64.57969,7.91117],[-64.58038,7.90438],[-64.57266,7.88154],[-64.56671,7.87544],[-64.53679,7.86886],[-64.51772,7.86002],[-64.50221,7.85749],[-64.46536,7.83816],[-64.46044,7.83205],[-64.45665,7.83143],[-64.45361,7.82826],[-64.45755,7.81015],[-64.46308,7.80465],[-64.47728,7.79414],[-64.49624,7.78448],[-64.50979,7.76891],[-64.52225,7.76462],[-64.54826,7.76086],[-64.59378,7.76462],[-64.63388,7.7571],[-64.67561,7.74261],[-64.70379,7.72274],[-64.72004,7.70878],[-64.74822,7.68999],[-64.79233,7.67126],[-64.82667,7.66877],[-64.83578,7.66561],[-64.85913,7.66238],[-64.86372,7.65848],[-64.87677,7.66125],[-64.90928,7.67274],[-64.93409,7.68677],[-64.94461,7.69733],[-64.95422,7.69986],[-64.96475,7.70629],[-64.99494,7.73245],[-64.99836,7.7414],[-65.00108,7.75631],[-65.01916,7.76784],[-65.09232,7.78394],[-65.11074,7.79253],[-65.18986,7.82044],[-65.22849,7.82531],[-65.24658,7.83219],[-65.28279,7.83225],[-65.31072,7.85175],[-65.3247,7.85405],[-65.33454,7.85211],[-65.35608,7.85909],[-65.36684,7.85652],[-65.41659,7.85614],[-65.52844,7.88853],[-65.58873,7.89321],[-65.63712,7.90114],[-65.65828,7.89193],[-65.71906,7.84714],[-65.74253,7.81666],[-65.76098,7.78899],[-65.79161,7.75642],[-65.81177,7.73732],[-65.83917,7.70686],[-65.8629,7.68707],[-65.89981,7.67415],[-65.92305,7.67289],[-66.01624,7.68745],[-66.06626,7.68591],[-66.12577,7.68884],[-66.13965,7.68073],[-66.14674,7.67416],[-66.18196,7.6631],[-66.19393,7.65466],[-66.19917,7.6527],[-66.22093,7.63127],[-66.23838,7.62397],[-66.2438,7.62328],[-66.25542,7.62336],[-66.26454,7.63104],[-66.27315,7.64273],[-66.27765,7.64523],[-66.28797,7.64735],[-66.30231,7.6546],[-66.31894,7.64846],[-66.33013,7.64682],[-66.34743,7.632],[-66.37127,7.61587],[-66.40769,7.6042],[-66.4322,7.58074],[-66.45602,7.56739],[-66.46838,7.53973],[-66.47045,7.5223],[-66.48285,7.50077],[-66.50859,7.47348],[-66.50343,7.46617],[-66.50631,7.44971],[-66.50432,7.43684],[-66.5211,7.42388],[-66.55124,7.38658],[-66.54694,7.37672],[-66.55832,7.35211],[-66.56836,7.33673],[-66.58797,7.32238],[-66.62204,7.30597],[-66.65903,7.30444],[-66.76476,7.2717],[-66.8012,7.26798],[-66.82045,7.25303],[-66.83393,7.23016],[-66.85421,7.20267],[-66.88939,7.17064],[-66.91314,7.17474],[-66.93839,7.1883],[-66.97258,7.18915],[-66.99255,7.18111],[-67.00659,7.17104],[-67.01355,7.1585],[-67.02683,7.14089],[-67.05492,7.11164],[-67.05629,7.1032],[-67.0645,7.09531],[-67.07008,7.08662],[-67.07107,7.05274],[-67.07383,7.04254],[-67.07376,7.02617],[-67.07134,7.02105],[-67.06674,6.9967],[-67.04196,6.96113],[-67.01748,6.90958],[-67.01572,6.89962],[-67.0172,6.88354],[-67.02653,6.85066],[-67.03356,6.83208],[-67.03506,6.82107],[-67.03379,6.80667],[-67.03499,6.78401],[-67.03394,6.76568],[-67.04013,6.75952],[-67.04632,6.74722],[-67.05394,6.74214],[-67.07709,6.73175],[-67.09582,6.70621],[-67.09783,6.67316],[-67.10819,6.64777],[-67.11741,6.6346],[-67.1173,6.61044],[-67.12004,6.59584],[-67.13504,6.55373],[-67.13916,6.51774],[-67.15436,6.46738],[-67.15931,6.45743],[-67.17303,6.44069],[-67.18034,6.43381],[-67.20936,6.4159],[-67.21907,6.4035],[-67.25859,6.36339],[-67.2747,6.35361],[-67.27892,6.34893],[-67.28181,6.3457],[-67.28929,6.3305],[-67.30152,6.31635],[-67.31743,6.2863],[-67.32393,6.27789],[-67.32934,6.27439],[-67.34442,6.26906],[-67.37227,6.26166],[-67.38178,6.25762],[-67.39936,6.25375],[-67.4147,6.24449],[-67.42294,6.23278],[-67.43277,6.20422],[-67.43996,6.19739],[-67.43315,6.18868],[-67.43503,6.1868],[-67.4319,6.18609],[-67.43321,6.18297],[-67.4284,6.17253],[-67.42507,6.17076],[-67.42063,6.17129],[-67.41748,6.16923],[-67.41447,6.16184],[-67.41093,6.15991],[-67.40851,6.15505],[-67.407,6.15478],[-67.4057,6.14525],[-67.40841,6.13815],[-67.39963,6.12978],[-67.39259,6.13009],[-67.37883,6.12395],[-67.36913,6.12531],[-67.35992,6.132],[-67.35981,6.13338],[-67.35746,6.13396],[-67.35795,6.13717],[-67.35579,6.13876],[-67.35405,6.14317],[-67.34665,6.14636],[-67.34419,6.14896],[-67.32273,6.14976],[-67.31448,6.14745],[-67.30826,6.14865],[-67.30481,6.14705],[-67.30462,6.14388],[-67.30278,6.14213],[-67.29729,6.14023],[-67.2946,6.13548],[-67.2937,6.12965],[-67.29034,6.12541],[-67.28492,6.12263],[-67.28301,6.11628],[-67.2837,6.11444],[-67.28232,6.11375],[-67.27701,6.11596],[-67.27403,6.11419],[-67.27322,6.10898],[-67.26656,6.10793],[-67.25872,6.10948],[-67.25252,6.1082],[-67.23194,6.11503],[-67.22468,6.12235],[-67.21668,6.11776],[-67.20473,6.11905],[-67.20152,6.12087],[-67.18618,6.11776],[-67.17846,6.11178],[-67.17704,6.1089],[-67.17375,6.10779],[-67.14738,6.06946],[-67.14366,6.0678],[-67.14306,6.06546],[-67.12612,6.04974],[-67.11976,6.0299],[-67.13082,6.01491],[-67.1343,5.98256],[-67.15973,5.89786],[-67.17842,5.89303],[-67.18688,5.88468],[-67.18918,5.86791],[-67.18463,5.86099],[-67.191,5.85301],[-67.20359,5.80926],[-67.20185,5.80755],[-67.20765,5.79616],[-67.21554,5.72594],[-67.20788,5.70715],[-67.20058,5.70639],[-67.19705,5.70422],[-67.17787,5.71029],[-67.17624,5.71613],[-67.1677,5.71433],[-67.16193,5.71496],[-67.15305,5.7211],[-67.14746,5.71959],[-67.14218,5.72081],[-67.13658,5.72666],[-67.13175,5.72297],[-67.12909,5.72348],[-67.12647,5.73381],[-67.13118,5.74807],[-67.12915,5.74944],[-67.12564,5.74878],[-67.11637,5.75297],[-67.11192,5.75288],[-67.10161,5.74901],[-67.09629,5.73417],[-67.06038,5.71712],[-67.0415,5.67872],[-66.99901,5.63551],[-66.95438,5.64203],[-66.94315,5.6462],[-66.95183,5.6589],[-66.95725,5.66087],[-66.95667,5.66555],[-66.95807,5.66912],[-66.95701,5.6716],[-66.94986,5.67488],[-66.94769,5.67858],[-66.94861,5.68131],[-66.94731,5.68466],[-66.93669,5.69196],[-66.93244,5.69237],[-66.93123,5.68541],[-66.93228,5.68159],[-66.92546,5.67892],[-66.92583,5.67353],[-66.92465,5.67149],[-66.91534,5.66704],[-66.91515,5.66354],[-66.91841,5.65995],[-66.91756,5.65781],[-66.91443,5.65689],[-66.85662,5.68371],[-66.70217,5.718],[-66.63605,5.7436],[-66.60796,5.73898],[-66.60707,5.74053],[-66.60411,5.74025],[-66.59922,5.73754],[-66.58509,5.73521],[-66.53311,5.7629],[-66.4828,5.77858],[-66.48303,5.7873],[-66.46351,5.78905],[-66.45101,5.78749],[-66.43851,5.78431],[-66.42273,5.77788],[-66.41019,5.76926],[-66.40476,5.76874],[-66.3799,5.78629],[-66.34917,5.82127],[-66.34212,5.8224],[-66.32738,5.80889],[-66.3115,5.78506],[-66.29027,5.7754],[-66.10544,5.73022],[-66.06303,5.7174],[-66.04727,5.71585],[-66.03426,5.71973],[-66.03004,5.74313],[-66.0286,5.77849],[-66.02105,5.78777],[-66.00753,5.79763],[-65.99343,5.80097],[-65.98639,5.80482],[-65.98425,5.81244],[-65.98651,5.82766],[-65.98493,5.838],[-65.97737,5.84511],[-65.95677,5.85283],[-65.94919,5.85777],[-65.94332,5.87738],[-65.93524,5.89047],[-65.91955,5.90035],[-65.91307,5.90799],[-65.90851,5.91705],[-65.89915,5.94829],[-65.87346,5.97709],[-65.85747,5.99761],[-65.85254,6.02614],[-65.85242,6.03937],[-65.84646,6.06146],[-65.84531,6.0732],[-65.83992,6.08977],[-65.83443,6.09806],[-65.82436,6.10531],[-65.81258,6.10544],[-65.79794,6.10868],[-65.78764,6.11398],[-65.77631,6.11744],[-65.76499,6.11434],[-65.71947,6.11082],[-65.6983,6.12027],[-65.69453,6.12004],[-65.68594,6.12499],[-65.67588,6.12408],[-65.64853,6.1325],[-65.62975,6.15206],[-65.62174,6.15425],[-65.60779,6.15369],[-65.59566,6.15036],[-65.576,6.13967],[-65.5622,6.10275],[-65.56176,6.09067],[-65.56543,6.0779],[-65.57953,6.05523],[-65.5871,6.03326],[-65.60096,6.00806],[-65.60303,6.00138],[-65.59829,5.97122],[-65.59939,5.96235],[-65.60797,5.94487],[-65.60756,5.93474],[-65.61112,5.92429],[-65.61688,5.91161],[-65.63314,5.89231],[-65.63196,5.88502],[-65.60883,5.86798],[-65.59453,5.85474],[-65.5951,5.84472],[-65.60082,5.83349],[-65.60309,5.82581],[-65.60114,5.81208],[-65.59015,5.78377],[-65.59048,5.77525],[-65.57521,5.75271],[-65.56401,5.73052],[-65.56174,5.71904],[-65.56253,5.71543],[-65.54889,5.68753],[-65.54346,5.68687],[-65.54037,5.68049],[-65.53142,5.67779],[-65.5213,5.69476],[-65.51328,5.69674],[-65.50942,5.68739],[-65.50496,5.68148],[-65.49718,5.67929],[-65.48358,5.70048],[-65.47512,5.70853],[-65.44025,5.73253],[-65.39695,5.73956],[-65.37628,5.73654],[-65.3916,5.73253],[-65.38819,5.72544],[-65.38628,5.70976],[-65.3794,5.70587],[-65.36394,5.70956],[-65.35594,5.71311],[-65.3446,5.73999],[-65.30287,5.7624],[-65.28438,5.76841],[-65.26847,5.76958],[-65.2608,5.76689],[-65.222,5.76374],[-65.20557,5.7513],[-65.20966,5.72227],[-65.25293,5.66233],[-65.24166,5.63996],[-65.22421,5.62634],[-65.19417,5.57042],[-65.14931,5.53821],[-65.14418,5.49464],[-65.1553,5.44441],[-65.14138,5.40624],[-65.12022,5.39511],[-65.10655,5.3832],[-65.10654,5.37459],[-65.1081,5.36537],[-65.12584,5.34734],[-65.17715,5.3314],[-65.22052,5.30012],[-65.26894,5.29372],[-65.28251,5.26752],[-65.25373,5.2091],[-65.23383,5.1646],[-65.23381,5.16026],[-65.22189,5.14297],[-65.21537,5.14403],[-65.20889,5.14906],[-65.19388,5.16488],[-65.16888,5.18451],[-65.15363,5.17647],[-65.13407,5.13328],[-65.13235,5.11013],[-65.14101,5.07701],[-65.13997,5.0669],[-65.13554,5.05591],[-65.13355,5.04397],[-65.12866,5.03695],[-65.12645,5.03023],[-65.11461,5.02838],[-65.08711,5.03039],[-65.10201,5.00185],[-65.12634,4.96186],[-65.12468,4.86586],[-65.10344,4.8211],[-65.06109,4.77266],[-65.01496,4.70555],[-64.96275,4.67706],[-64.93409,4.63604],[-64.90292,4.58506],[-64.84952,4.57026],[-64.78876,4.59657],[-64.77273,4.63646],[-64.74426,4.66767],[-64.7182,4.67272],[-64.6958,4.6516],[-64.64368,4.66044],[-64.60154,4.68794],[-64.56303,4.67806],[-64.54928,4.63699],[-64.6025,4.56462],[-64.59497,4.52602],[-64.60599,4.45749],[-64.67796,4.4511],[-64.69649,4.41618],[-64.65914,4.36022],[-64.63552,4.33785],[-64.62177,4.29179],[-64.63328,4.25491],[-64.64324,4.24208],[-64.6466,4.23407],[-64.64668,4.22336],[-64.64356,4.21988],[-64.64704,4.21425],[-64.67273,4.20873],[-64.68125,4.20813],[-64.69227,4.21102]]]}},{"type":"Feature","properties":{"shapeName":"Carabobo","shapeISO":"VE-G","shapeID":"42786344B39547000593274","shapeGroup":"VEN","shapeType":"ADM1"},"geometry":{"type":"Polygon","coordinates":[[[-67.66087,10.13282],[-67.66563,10.13011],[-67.66736,10.13045],[-67.67315,10.1251],[-67.67865,10.12292],[-67.68249,10.12601],[-67.68629,10.13372],[-67.68982,10.13298],[-67.69308,10.13671],[-67.69653,10.13798],[-67.70391,10.13663],[-67.70895,10.1414],[-67.71758,10.13842],[-67.72007,10.1324],[-67.72491,10.12801],[-67.7277,10.1275],[-67.72103,10.12642],[-67.71822,10.12433],[-67.70609,10.12338],[-67.70173,10.12118],[-67.70194,10.11779],[-67.71897,10.11492],[-67.72423,10.10557],[-67.72909,10.10111],[-67.73831,10.10247],[-67.74773,10.10678],[-67.75728,10.11391],[-67.76289,10.12351],[-67.79229,10.12337],[-67.80085,10.12177],[-67.82602,10.10696],[-67.83939,10.10492],[-67.84646,10.10597],[-67.85495,10.1092],[-67.85511,10.1134],[-67.85817,10.11327],[-67.86193,10.11535],[-67.86925,10.12363],[-67.87051,10.12957],[-67.8629,10.13567],[-67.86836,10.13865],[-67.8719,10.1432],[-67.87059,10.15019],[-67.86477,10.15177],[-67.86871,10.15366],[-67.87034,10.15726],[-67.86647,10.16229],[-67.85754,10.16866],[-67.85408,10.18046],[-67.84144,10.18751],[-67.84141,10.19368],[-67.83962,10.197],[-67.83174,10.20433],[-67.82706,10.21403],[-67.81835,10.22447],[-67.79363,10.22995],[-67.7911,10.2293],[-67.79144,10.22421],[-67.78577,10.22419],[-67.78351,10.22613],[-67.78347,10.23238],[-67.78193,10.23492],[-67.77308,10.24373],[-67.76619,10.24476],[-67.7631,10.2425],[-67.75655,10.24373],[-67.75252,10.24067],[-67.75009,10.24243],[-67.74822,10.24875],[-67.73478,10.2595],[-67.73128,10.26073],[-67.70975,10.26203],[-67.68783,10.26071],[-67.68674,10.25927],[-67.68776,10.25802],[-67.69219,10.25773],[-67.69948,10.25078],[-67.70828,10.2523],[-67.71565,10.25124],[-67.7163,10.24959],[-67.71062,10.25003],[-67.70174,10.24674],[-67.69826,10.24339],[-67.69473,10.2442],[-67.69227,10.24212],[-67.69113,10.23657],[-67.68993,10.23746],[-67.69109,10.24165],[-67.68781,10.24422],[-67.68129,10.23991],[-67.6801,10.24046],[-67.68089,10.24415],[-67.67961,10.2453],[-67.67784,10.24584],[-67.67251,10.24332],[-67.67992,10.25204],[-67.66629,10.26387],[-67.66576,10.27411],[-67.66328,10.27964],[-67.66035,10.28092],[-67.65208,10.28092],[-67.65102,10.29769],[-67.65311,10.30387],[-67.66245,10.31462],[-67.66729,10.32522],[-67.67424,10.33502],[-67.68295,10.34004],[-67.69083,10.34171],[-67.69859,10.33904],[-67.70948,10.33146],[-67.7131,10.33094],[-67.72248,10.33731],[-67.72827,10.33843],[-67.73399,10.3427],[-67.74028,10.34323],[-67.75339,10.34877],[-67.75636,10.3452],[-67.75792,10.34523],[-67.76623,10.34994],[-67.77983,10.34277],[-67.78493,10.33779],[-67.78962,10.33741],[-67.79852,10.32776],[-67.80288,10.3292],[-67.81059,10.32903],[-67.82474,10.33554],[-67.83232,10.33701],[-67.83922,10.34789],[-67.86051,10.36102],[-67.86865,10.36807],[-67.88179,10.37244],[-67.87736,10.39323],[-67.87707,10.4051],[-67.87929,10.41969],[-67.87853,10.43169],[-67.87668,10.4366],[-67.87901,10.44691],[-67.87525,10.44916],[-67.87138,10.4614],[-67.86756,10.4659],[-67.861,10.46884],[-67.85985,10.4766],[-67.85842,10.478],[-67.86379,10.47771],[-67.86877,10.47418],[-67.87299,10.47784],[-67.8752,10.47794],[-67.87692,10.47327],[-67.88368,10.47057],[-67.88711,10.47487],[-67.88902,10.47069],[-67.89388,10.46746],[-67.89599,10.47],[-67.89922,10.47094],[-67.89639,10.46774],[-67.89837,10.46425],[-67.90184,10.46543],[-67.89977,10.47253],[-67.90052,10.47475],[-67.90872,10.46832],[-67.92089,10.4542],[-67.92285,10.45349],[-67.92672,10.45598],[-67.93262,10.46348],[-67.93081,10.46729],[-67.93157,10.47203],[-67.94799,10.46069],[-67.94956,10.46095],[-67.96016,10.4736],[-67.96976,10.48039],[-67.97389,10.48591],[-67.98493,10.49043],[-67.98143,10.48611],[-67.98569,10.48436],[-67.98768,10.48814],[-67.996,10.49222],[-68.00287,10.48952],[-68.00919,10.4906],[-68.011,10.48332],[-68.00755,10.48383],[-68.00952,10.48569],[-68.00525,10.48446],[-68.00904,10.48734],[-68.00805,10.48918],[-68.00202,10.48455],[-67.9997,10.48699],[-67.9996,10.48919],[-67.99467,10.48854],[-67.99279,10.48664],[-67.99303,10.4844],[-67.99487,10.48447],[-67.99305,10.48428],[-67.99305,10.48304],[-67.99487,10.48311],[-67.99304,10.48292],[-67.99301,10.48167],[-67.99484,10.48175],[-67.99299,10.48155],[-67.99319,10.47987],[-67.99443,10.48038],[-67.99291,10.47899],[-67.99245,10.47997],[-67.99079,10.47643],[-67.98537,10.47232],[-67.98586,10.47125],[-67.9831,10.46863],[-67.98334,10.46459],[-67.98642,10.46419],[-67.98667,10.46662],[-67.98756,10.46543],[-67.9886,10.46667],[-67.98796,10.46866],[-67.98948,10.47126],[-67.99358,10.47394],[-67.99689,10.46995],[-68.0018,10.46811],[-68.00279,10.47039],[-67.99813,10.47248],[-67.99793,10.4753],[-67.99877,10.4764],[-68.00017,10.47495],[-68.00528,10.47631],[-68.00474,10.47857],[-68.00097,10.4777],[-68.00027,10.48071],[-68.00942,10.4818],[-68.01309,10.47678],[-68.01109,10.47751],[-68.01188,10.4748],[-68.02115,10.47401],[-68.03213,10.47834],[-68.03843,10.48256],[-68.03863,10.48428],[-68.04054,10.48324],[-68.04477,10.48822],[-68.06092,10.49779],[-68.06717,10.49563],[-68.07367,10.49814],[-68.07993,10.49215],[-68.08884,10.49479],[-68.09971,10.48428],[-68.1069,10.48003],[-68.12276,10.48843],[-68.12193,10.49449],[-68.12367,10.4886],[-68.12492,10.48832],[-68.12506,10.48705],[-68.1236,10.48702],[-68.12442,10.48497],[-68.12744,10.48366],[-68.13359,10.48525],[-68.13672,10.48434],[-68.13381,10.48536],[-68.15584,10.50127],[-68.15785,10.49856],[-68.16027,10.49808],[-68.16821,10.50215],[-68.17286,10.50634],[-68.21397,10.5498],[-68.23548,10.5777],[-68.24242,10.58353],[-68.24872,10.57863],[-68.25773,10.57756],[-68.25852,10.57502],[-68.25609,10.5736],[-68.25881,10.57121],[-68.25707,10.57083],[-68.25918,10.56782],[-68.26276,10.56783],[-68.26535,10.56211],[-68.27203,10.55899],[-68.27472,10.5555],[-68.28269,10.55203],[-68.28545,10.54884],[-68.29067,10.54971],[-68.29394,10.5466],[-68.29517,10.5477],[-68.29977,10.54523],[-68.3041,10.53772],[-68.30583,10.53714],[-68.30747,10.53691],[-68.3084,10.53846],[-68.31639,10.53774],[-68.32624,10.54596],[-68.33564,10.54996],[-68.34464,10.54892],[-68.35244,10.55104],[-68.35862,10.55001],[-68.36496,10.54373],[-68.37408,10.53815],[-68.37929,10.53038],[-68.38286,10.52908],[-68.38377,10.52672],[-68.38276,10.52223],[-68.38391,10.52119],[-68.38256,10.51918],[-68.38679,10.5163],[-68.38755,10.506],[-68.38657,10.50495],[-68.38959,10.49825],[-68.39532,10.49474],[-68.39814,10.4947],[-68.39918,10.49163],[-68.40178,10.48995],[-68.40057,10.48763],[-68.39239,10.48528],[-68.39007,10.48309],[-68.39323,10.47879],[-68.4003,10.47413],[-68.40178,10.47443],[-68.40412,10.46862],[-68.40213,10.46152],[-68.39558,10.45425],[-68.39797,10.44817],[-68.39753,10.44372],[-68.40139,10.43979],[-68.39922,10.4312],[-68.40134,10.41666],[-68.40002,10.4095],[-68.39602,10.40226],[-68.4002,10.3863],[-68.39858,10.36314],[-68.39065,10.34752],[-68.39346,10.34526],[-68.3935,10.34063],[-68.38942,10.34014],[-68.38878,10.33851],[-68.39063,10.33351],[-68.39245,10.33309],[-68.38776,10.32779],[-68.38691,10.3236],[-68.3799,10.3117],[-68.37314,10.30666],[-68.37292,10.29669],[-68.36929,10.2806],[-68.36274,10.2753],[-68.3587,10.2661],[-68.35496,10.26429],[-68.36228,10.25565],[-68.36467,10.24613],[-68.36793,10.24277],[-68.37137,10.23454],[-68.37549,10.23226],[-68.37929,10.22506],[-68.38373,10.22539],[-68.39094,10.22134],[-68.40282,10.2207],[-68.4111,10.21641],[-68.41198,10.21299],[-68.411,10.20825],[-68.41338,10.20183],[-68.41321,10.19551],[-68.41965,10.18536],[-68.42186,10.18621],[-68.42778,10.17663],[-68.42476,10.16221],[-68.41341,10.14908],[-68.41193,10.14495],[-68.41213,10.13865],[-68.40009,10.12728],[-68.39713,10.12127],[-68.39866,10.11623],[-68.39718,10.11334],[-68.39891,10.10919],[-68.39863,10.10222],[-68.402,10.09293],[-68.40071,10.09126],[-68.40466,10.08872],[-68.40708,10.08469],[-68.40583,10.07662],[-68.40196,10.07518],[-68.40353,10.07002],[-68.40131,10.06697],[-68.40294,10.06468],[-68.39985,10.06263],[-68.39985,10.06014],[-68.39121,10.06055],[-68.38956,10.05732],[-68.38576,10.05445],[-68.3837,10.05355],[-68.3832,10.05526],[-68.38089,10.04926],[-68.3785,10.04917],[-68.3782,10.04371],[-68.38211,10.04177],[-68.3828,10.03637],[-68.38587,10.0321],[-68.38508,10.02883],[-68.38712,10.02628],[-68.38705,10.02134],[-68.3886,10.02089],[-68.38887,10.01817],[-68.38787,10.01509],[-68.38545,10.01452],[-68.38591,10.01009],[-68.3824,10.00285],[-68.3703,9.98988],[-68.36891,9.99438],[-68.36492,9.99384],[-68.36346,9.99029],[-68.3613,9.99019],[-68.35916,9.99186],[-68.35701,9.99121],[-68.3563,9.99366],[-68.35283,9.99388],[-68.34481,10.00031],[-68.34223,9.99913],[-68.34291,10.00458],[-68.33747,10.00597],[-68.33777,10.0114],[-68.33592,10.0139],[-68.3388,10.02229],[-68.34133,10.02393],[-68.34145,10.02728],[-68.3348,10.0318],[-68.32731,10.03252],[-68.32279,10.0346],[-68.31303,10.0494],[-68.30082,10.05889],[-68.29167,10.06311],[-68.29279,10.06926],[-68.28615,10.07184],[-68.27487,10.0637],[-68.26419,10.06409],[-68.25903,10.06741],[-68.2529,10.06906],[-68.2349,10.08542],[-68.23235,10.08125],[-68.22058,10.07992],[-68.21928,10.07744],[-68.21303,10.07407],[-68.21073,10.0683],[-68.2074,10.06639],[-68.2061,10.06157],[-68.20012,10.06069],[-68.19992,10.05729],[-68.20328,10.05904],[-68.2101,10.05251],[-68.21382,10.05173],[-68.21352,10.04952],[-68.21611,10.04731],[-68.21941,10.04731],[-68.21974,10.04425],[-68.22105,10.04588],[-68.22355,10.04528],[-68.22711,10.03822],[-68.23064,10.03796],[-68.23114,10.03381],[-68.23832,10.03052],[-68.23709,10.02907],[-68.239,10.02839],[-68.23906,10.02682],[-68.24532,10.0249],[-68.24463,10.02048],[-68.24746,10.01881],[-68.24727,10.01615],[-68.25019,10.01014],[-68.24875,10.00869],[-68.25085,10.00803],[-68.24816,10.00277],[-68.24815,10.00087],[-68.25097,10.00113],[-68.24967,9.99775],[-68.25147,9.99428],[-68.24779,9.9788],[-68.24176,9.97295],[-68.23999,9.96951],[-68.24123,9.96732],[-68.24036,9.96514],[-68.23032,9.96391],[-68.22652,9.96566],[-68.22376,9.96397],[-68.22061,9.96817],[-68.21504,9.96497],[-68.21529,9.96061],[-68.21719,9.95865],[-68.21456,9.95828],[-68.21001,9.95146],[-68.20866,9.95301],[-68.20647,9.95277],[-68.20653,9.95082],[-68.20913,9.94818],[-68.20524,9.93848],[-68.2013,9.94022],[-68.19744,9.939],[-68.18984,9.94366],[-68.18434,9.94342],[-68.18119,9.94044],[-68.17046,9.938],[-68.17117,9.93034],[-68.16596,9.92103],[-68.14708,9.91757],[-68.13844,9.89945],[-68.1383,9.88888],[-68.12982,9.87561],[-68.12816,9.86537],[-68.12939,9.86156],[-68.12296,9.85711],[-68.12335,9.85315],[-68.12148,9.8469],[-68.11609,9.84123],[-68.10466,9.84128],[-68.09436,9.83955],[-68.09028,9.84046],[-68.08692,9.84198],[-68.08136,9.84762],[-68.08001,9.85236],[-68.07651,9.85517],[-68.0729,9.85668],[-68.06743,9.85296],[-68.06299,9.85304],[-68.05756,9.85881],[-68.05359,9.86091],[-68.03107,9.8613],[-68.02386,9.86397],[-68.01542,9.87125],[-68.01135,9.87122],[-68.00723,9.8764],[-68.0072,9.87948],[-68.00427,9.88033],[-68.00447,9.87131],[-68.00238,9.86143],[-68.01307,9.85235],[-68.01463,9.84755],[-68.01359,9.84418],[-68.00853,9.83961],[-68.00599,9.83209],[-67.99289,9.82799],[-67.9825,9.8307],[-67.97611,9.82702],[-67.97178,9.82999],[-67.95545,9.83005],[-67.94686,9.82483],[-67.94265,9.82047],[-67.92995,9.81906],[-67.91847,9.81127],[-67.90853,9.8146],[-67.90331,9.82025],[-67.89223,9.82334],[-67.89178,9.82546],[-67.88719,9.82696],[-67.88453,9.83008],[-67.8751,9.83537],[-67.86823,9.83491],[-67.86121,9.8382],[-67.84638,9.83485],[-67.83584,9.8365],[-67.83056,9.83547],[-67.8219,9.84165],[-67.81479,9.84349],[-67.80538,9.849],[-67.80637,9.85801],[-67.81011,9.86116],[-67.81492,9.87424],[-67.81301,9.88061],[-67.81351,9.89199],[-67.80906,9.90051],[-67.81175,9.91264],[-67.80803,9.92549],[-67.80483,9.92984],[-67.7998,9.9248],[-67.78234,9.92342],[-67.76818,9.9156],[-67.76551,9.90701],[-67.76307,9.90531],[-67.75158,9.90314],[-67.74478,9.89586],[-67.73603,9.89268],[-67.7309,9.8802],[-67.7247,9.87936],[-67.71244,9.87394],[-67.7112,9.87057],[-67.71179,9.85889],[-67.71031,9.85495],[-67.7037,9.85182],[-67.70299,9.84965],[-67.70923,9.84332],[-67.71156,9.83665],[-67.70754,9.8333],[-67.68698,9.82262],[-67.68337,9.82282],[-67.67972,9.82536],[-67.66428,9.846],[-67.65697,9.84842],[-67.64721,9.84582],[-67.64326,9.84672],[-67.642,9.85007],[-67.62981,9.86165],[-67.62082,9.85795],[-67.61166,9.85047],[-67.60411,9.84952],[-67.59985,9.84419],[-67.59692,9.84371],[-67.59212,9.84636],[-67.58985,9.84938],[-67.59067,9.85412],[-67.5892,9.86071],[-67.58492,9.86815],[-67.58553,9.87739],[-67.57474,9.88838],[-67.57403,9.8917],[-67.57764,9.89706],[-67.57656,9.90029],[-67.56864,9.90371],[-67.56509,9.90477],[-67.55889,9.89884],[-67.5491,9.89537],[-67.54944,9.88926],[-67.54425,9.88534],[-67.53448,9.8833],[-67.52426,9.88326],[-67.52178,9.88233],[-67.51732,9.87716],[-67.53458,9.95468],[-67.54488,9.99856],[-67.55036,9.99602],[-67.55773,9.99606],[-67.56563,9.99403],[-67.57058,10.00213],[-67.57344,10.00383],[-67.58055,10.00125],[-67.58628,9.99612],[-67.60427,9.99415],[-67.61071,9.99506],[-67.61798,9.99892],[-67.61428,10.00624],[-67.61489,10.00779],[-67.62388,10.01379],[-67.63216,10.01569],[-67.63675,10.01356],[-67.64377,10.01324],[-67.65056,10.0209],[-67.66288,10.02491],[-67.66616,10.0287],[-67.67345,10.03027],[-67.67491,10.02889],[-67.67151,10.02698],[-67.67109,10.02343],[-67.6757,10.02686],[-67.67814,10.02632],[-67.68412,10.01917],[-67.69081,10.02196],[-67.69686,10.02118],[-67.69477,10.02525],[-67.68515,10.03509],[-67.68376,10.03937],[-67.68677,10.04964],[-67.68696,10.05531],[-67.69119,10.05843],[-67.69131,10.06409],[-67.68925,10.0677],[-67.68322,10.06907],[-67.68018,10.06724],[-67.67648,10.07815],[-67.67113,10.07905],[-67.66594,10.08338],[-67.66015,10.09135],[-67.65668,10.10241],[-67.65821,10.10496],[-67.66087,10.13282]]]}},{"type":"Feature","properties":{"shapeName":"Cojedes","shapeISO":"VE-H","shapeID":"42786344B77282727010945","shapeGroup":"VEN","shapeType":"ADM1"},"geometry":{"type":"Polygon","coordinates":[[[-68.02449,8.5345],[-68.02053,8.53612],[-68.02309,8.54099],[-68.01854,8.54283],[-68.01527,8.54097],[-68.01375,8.54482],[-68.01573,8.54606],[-68.01561,8.54838],[-68.01386,8.54953],[-68.01095,8.54859],[-68.01105,8.55496],[-68.01431,8.56006],[-68.01127,8.56029],[-68.00883,8.55495],[-68.00347,8.55332],[-68.0008,8.5545],[-68.0015,8.55939],[-68.00378,8.56223],[-68.00343,8.56532],[-67.99869,8.5684],[-67.99707,8.57368],[-67.99928,8.57735],[-67.99799,8.58139],[-68.00103,8.58255],[-68.00892,8.57498],[-68.01262,8.57474],[-68.01533,8.57639],[-68.01211,8.58466],[-68.00702,8.58979],[-68.0068,8.59228],[-68.00825,8.59449],[-68.01017,8.59387],[-68.01011,8.58814],[-68.01158,8.58726],[-68.01278,8.59071],[-68.02055,8.59191],[-68.02101,8.59307],[-68.01366,8.59606],[-68.01342,8.59826],[-68.01757,8.60299],[-68.01496,8.60642],[-68.01259,8.6059],[-68.01084,8.60728],[-68.0106,8.60878],[-68.0106,8.60982],[-68.01195,8.60951],[-68.01376,8.60729],[-68.01527,8.60903],[-68.0162,8.61227],[-68.01281,8.61191],[-68.01386,8.61562],[-68.01921,8.622],[-68.01638,8.62523],[-68.00859,8.62625],[-68.00228,8.63249],[-68.00827,8.638],[-68.00483,8.63898],[-68.00319,8.64221],[-68.00142,8.65343],[-68.00317,8.65448],[-68.00492,8.65287],[-68.00772,8.65368],[-68.00725,8.65692],[-68.01355,8.65914],[-68.01389,8.66042],[-68.01168,8.66076],[-68.01012,8.6648],[-68.01044,8.67132],[-68.01324,8.67331],[-68.01287,8.6805],[-68.01733,8.68178],[-68.01921,8.68508],[-68.01646,8.68632],[-68.01574,8.68311],[-68.00902,8.68764],[-68.00993,8.69099],[-68.004,8.69564],[-68.00279,8.69899],[-68.0038,8.69977],[-68.00495,8.69674],[-68.00602,8.69988],[-68.00688,8.69864],[-68.01097,8.70013],[-68.01476,8.69886],[-68.01754,8.70039],[-68.01785,8.70331],[-68.016,8.702],[-68.01463,8.70287],[-68.01184,8.7063],[-68.01169,8.70871],[-68.01385,8.71171],[-68.01764,8.71168],[-68.01935,8.71368],[-68.01686,8.71618],[-68.02004,8.71983],[-68.02091,8.72394],[-68.01936,8.72674],[-68.01951,8.73106],[-68.02208,8.7317],[-68.02256,8.72669],[-68.03019,8.72959],[-68.02889,8.73465],[-68.02668,8.73031],[-68.0243,8.73247],[-68.02371,8.73417],[-68.02785,8.73669],[-68.02629,8.74043],[-68.01903,8.74063],[-68.0211,8.73762],[-68.01746,8.73374],[-68.01333,8.73662],[-68.01278,8.73873],[-68.0092,8.73963],[-68.00667,8.74347],[-68.00801,8.74613],[-68.01042,8.74509],[-68.01333,8.74704],[-68.01685,8.74667],[-68.01474,8.75262],[-68.01674,8.75835],[-68.01836,8.75929],[-68.02173,8.75633],[-68.0246,8.75797],[-68.02617,8.76403],[-68.02331,8.76121],[-68.02197,8.76186],[-68.0261,8.76614],[-68.02664,8.76851],[-68.02307,8.76631],[-68.02143,8.76721],[-68.01461,8.77718],[-68.01166,8.77856],[-68.0085,8.78476],[-68.00573,8.78663],[-68.00771,8.7892],[-68.00591,8.79299],[-68.0015,8.79691],[-68.00171,8.80334],[-67.99502,8.80797],[-67.99345,8.81308],[-67.99536,8.81771],[-67.99195,8.81855],[-67.99403,8.8261],[-67.99086,8.82909],[-67.98864,8.82891],[-67.98594,8.83316],[-67.98743,8.83588],[-67.99036,8.83718],[-67.98926,8.83946],[-67.98341,8.84163],[-67.97863,8.84593],[-67.97761,8.85069],[-67.97161,8.85711],[-67.97254,8.8626],[-67.96819,8.86609],[-67.96662,8.87519],[-67.96361,8.87901],[-67.9634,8.8825],[-67.96501,8.88331],[-67.97401,8.88319],[-67.9788,8.88661],[-67.97885,8.8939],[-67.98153,8.89945],[-67.97919,8.90626],[-67.97925,8.9109],[-67.97559,8.91695],[-67.97538,8.91899],[-67.97701,8.92007],[-67.97513,8.92111],[-67.9742,8.92401],[-67.96847,8.92329],[-67.96663,8.92425],[-67.96627,8.92634],[-67.95951,8.9302],[-67.95342,8.92925],[-67.95257,8.92788],[-67.9479,8.93351],[-67.94467,8.93051],[-67.94183,8.93107],[-67.93829,8.9351],[-67.93474,8.9358],[-67.93377,8.93419],[-67.93069,8.93385],[-67.92944,8.936],[-67.92752,8.93574],[-67.92512,8.93802],[-67.92329,8.94132],[-67.91906,8.94356],[-67.91819,8.94988],[-67.91542,8.9553],[-67.91376,8.95778],[-67.90963,8.9586],[-67.90465,8.96895],[-67.90283,8.97728],[-67.90499,8.97982],[-67.90494,8.9846],[-67.90375,8.98546],[-67.9035,8.99124],[-67.89841,8.99816],[-67.89614,9.00857],[-67.8905,9.01102],[-67.88535,9.01805],[-67.88383,9.02755],[-67.88066,9.03308],[-67.8727,9.03911],[-67.87087,9.04449],[-67.86507,9.05202],[-67.86124,9.06667],[-67.85895,9.06844],[-67.8567,9.07708],[-67.85244,9.08283],[-67.85038,9.09335],[-67.85408,9.09635],[-67.85647,9.10506],[-67.8604,9.10591],[-67.86294,9.11101],[-67.85657,9.11738],[-67.8564,9.12646],[-67.85844,9.12834],[-67.85815,9.13514],[-67.85946,9.136],[-67.86135,9.1447],[-67.85871,9.15008],[-67.85979,9.15857],[-67.86073,9.162],[-67.86507,9.16533],[-67.86958,9.17562],[-67.872,9.17728],[-67.8734,9.18283],[-67.8727,9.18939],[-67.87757,9.19847],[-67.87854,9.20324],[-67.87688,9.20789],[-67.87743,9.21396],[-67.87874,9.21501],[-67.87749,9.2223],[-67.88011,9.22697],[-67.88457,9.24388],[-67.88741,9.24627],[-67.89244,9.24524],[-67.8972,9.24678],[-67.90404,9.2602],[-67.9048,9.26924],[-67.90653,9.26944],[-67.90822,9.27256],[-67.91235,9.27308],[-67.91541,9.27816],[-67.91528,9.28009],[-67.91244,9.28195],[-67.91301,9.28294],[-67.91968,9.28432],[-67.9247,9.29257],[-67.93003,9.29485],[-67.92977,9.29797],[-67.93333,9.2984],[-67.93586,9.30037],[-67.94035,9.30745],[-67.93788,9.30972],[-67.93963,9.311],[-67.93764,9.31574],[-67.94227,9.31574],[-67.94376,9.31982],[-67.94592,9.31918],[-67.94458,9.32135],[-67.94658,9.32297],[-67.94681,9.32638],[-67.94409,9.32697],[-67.94263,9.32972],[-67.94351,9.33198],[-67.94201,9.33443],[-67.94095,9.33413],[-67.94016,9.33746],[-67.93488,9.33838],[-67.93545,9.34212],[-67.93334,9.3425],[-67.93302,9.34488],[-67.92898,9.34425],[-67.92897,9.34635],[-67.92483,9.3504],[-67.92355,9.35365],[-67.92217,9.35352],[-67.92231,9.35887],[-67.92436,9.35787],[-67.92534,9.35961],[-67.9221,9.36647],[-67.92235,9.36896],[-67.9206,9.37056],[-67.92344,9.37358],[-67.92081,9.37557],[-67.92231,9.38245],[-67.92093,9.38259],[-67.9175,9.38759],[-67.92083,9.38761],[-67.91976,9.3908],[-67.92093,9.39293],[-67.91942,9.39475],[-67.92036,9.39747],[-67.91714,9.40021],[-67.91613,9.39888],[-67.91529,9.39971],[-67.91447,9.40508],[-67.91319,9.406],[-67.91612,9.40864],[-67.91399,9.41218],[-67.91818,9.41476],[-67.9171,9.4159],[-67.91987,9.42164],[-67.91827,9.42391],[-67.92112,9.43404],[-67.91871,9.43825],[-67.91921,9.44046],[-67.9211,9.44089],[-67.9211,9.44317],[-67.92497,9.44706],[-67.92595,9.45462],[-67.92497,9.45535],[-67.92049,9.4533],[-67.9203,9.45424],[-67.92495,9.45912],[-67.92315,9.46146],[-67.92587,9.46592],[-67.92352,9.46837],[-67.92692,9.47032],[-67.92783,9.47371],[-67.92789,9.47568],[-67.92618,9.47676],[-67.92645,9.48163],[-67.93033,9.48495],[-67.93412,9.48564],[-67.93486,9.48858],[-67.93702,9.48804],[-67.9412,9.48998],[-67.94315,9.4939],[-67.94687,9.49462],[-67.94712,9.49292],[-67.95163,9.49565],[-67.95381,9.499],[-67.95471,9.51084],[-67.95599,9.51123],[-67.95622,9.51385],[-67.95753,9.51502],[-67.96095,9.51432],[-67.96116,9.51859],[-67.95849,9.52015],[-67.95991,9.52582],[-67.95678,9.52725],[-67.95716,9.53049],[-67.95837,9.53134],[-67.96051,9.52979],[-67.96209,9.53082],[-67.96822,9.52991],[-67.97257,9.53624],[-67.97139,9.53837],[-67.97226,9.54053],[-67.96382,9.54273],[-67.95598,9.5471],[-67.95467,9.54996],[-67.95055,9.54903],[-67.94562,9.55163],[-67.9375,9.55211],[-67.93393,9.55474],[-67.93784,9.55675],[-67.93963,9.56033],[-67.92995,9.56014],[-67.9269,9.56216],[-67.92823,9.57078],[-67.93577,9.57797],[-67.93409,9.58084],[-67.93631,9.58892],[-67.93563,9.59465],[-67.93817,9.6006],[-67.93246,9.59919],[-67.92615,9.60038],[-67.92541,9.60167],[-67.92676,9.60362],[-67.9234,9.60422],[-67.92312,9.61015],[-67.92059,9.61045],[-67.91731,9.61506],[-67.9084,9.61684],[-67.90414,9.61574],[-67.90152,9.61876],[-67.89176,9.62028],[-67.88785,9.61923],[-67.88745,9.61603],[-67.88408,9.61334],[-67.88282,9.60961],[-67.87571,9.61287],[-67.87425,9.61765],[-67.87132,9.61448],[-67.86988,9.61755],[-67.86424,9.61508],[-67.85806,9.61866],[-67.8575,9.62126],[-67.85167,9.6185],[-67.84801,9.62359],[-67.84544,9.62444],[-67.84132,9.62334],[-67.83623,9.62858],[-67.83382,9.62493],[-67.8287,9.62575],[-67.82597,9.62951],[-67.82137,9.62965],[-67.81934,9.63241],[-67.81604,9.63045],[-67.81477,9.63187],[-67.81578,9.63975],[-67.81249,9.64081],[-67.81291,9.64238],[-67.81086,9.64548],[-67.80655,9.6453],[-67.80546,9.64717],[-67.80608,9.65142],[-67.79707,9.65365],[-67.79513,9.65201],[-67.79091,9.65719],[-67.78739,9.65626],[-67.78633,9.65754],[-67.78829,9.66044],[-67.78772,9.66193],[-67.78283,9.66437],[-67.7796,9.67006],[-67.77082,9.67384],[-67.76789,9.67787],[-67.76506,9.67774],[-67.75766,9.68284],[-67.75478,9.68331],[-67.7559,9.68967],[-67.75274,9.70289],[-67.76122,9.71536],[-67.76142,9.71896],[-67.75682,9.72292],[-67.75896,9.72632],[-67.76091,9.72642],[-67.76482,9.73571],[-67.76329,9.7378],[-67.76377,9.7398],[-67.76683,9.74295],[-67.76501,9.75742],[-67.76292,9.7616],[-67.77224,9.76427],[-67.77877,9.76374],[-67.78256,9.76488],[-67.78633,9.77227],[-67.79743,9.78077],[-67.79732,9.80086],[-67.7996,9.81256],[-67.80261,9.8192],[-67.7991,9.82553],[-67.79791,9.83185],[-67.80239,9.83784],[-67.80538,9.849],[-67.81479,9.84349],[-67.8219,9.84165],[-67.83056,9.83547],[-67.83584,9.8365],[-67.84638,9.83485],[-67.86121,9.8382],[-67.86823,9.83491],[-67.8751,9.83537],[-67.88453,9.83008],[-67.88719,9.82696],[-67.89178,9.82546],[-67.89223,9.82334],[-67.90331,9.82025],[-67.90853,9.8146],[-67.91847,9.81127],[-67.92995,9.81906],[-67.94265,9.82047],[-67.94686,9.82483],[-67.95545,9.83005],[-67.97178,9.82999],[-67.97611,9.82702],[-67.9825,9.8307],[-67.99289,9.82799],[-68.00599,9.83209],[-68.00853,9.83961],[-68.01359,9.84418],[-68.01463,9.84755],[-68.01307,9.85235],[-68.00238,9.86143],[-68.00447,9.87131],[-68.00427,9.88033],[-68.0072,9.87948],[-68.00723,9.8764],[-68.01135,9.87122],[-68.01542,9.87125],[-68.02386,9.86397],[-68.03107,9.8613],[-68.05359,9.86091],[-68.05756,9.85881],[-68.06299,9.85304],[-68.06743,9.85296],[-68.0729,9.85668],[-68.07651,9.85517],[-68.08001,9.85236],[-68.08136,9.84762],[-68.08692,9.84198],[-68.09028,9.84046],[-68.09436,9.83955],[-68.10466,9.84128],[-68.11609,9.84123],[-68.12148,9.8469],[-68.12335,9.85315],[-68.12296,9.85711],[-68.12939,9.86156],[-68.12816,9.86537],[-68.12982,9.87561],[-68.1383,9.88888],[-68.13844,9.89945],[-68.14708,9.91757],[-68.16596,9.92103],[-68.17117,9.93034],[-68.17046,9.938],[-68.18119,9.94044],[-68.18434,9.94342],[-68.18984,9.94366],[-68.19744,9.939],[-68.2013,9.94022],[-68.20524,9.93848],[-68.20913,9.94818],[-68.20653,9.95082],[-68.20647,9.95277],[-68.20866,9.95301],[-68.21001,9.95146],[-68.21456,9.95828],[-68.21719,9.95865],[-68.21529,9.96061],[-68.21504,9.96497],[-68.22061,9.96817],[-68.22376,9.96397],[-68.22652,9.96566],[-68.23032,9.96391],[-68.24036,9.96514],[-68.24123,9.96732],[-68.23999,9.96951],[-68.24176,9.97295],[-68.24779,9.9788],[-68.25147,9.99428],[-68.24967,9.99775],[-68.25097,10.00113],[-68.24815,10.00087],[-68.24816,10.00277],[-68.25085,10.00803],[-68.24875,10.00869],[-68.25019,10.01014],[-68.24727,10.01615],[-68.24746,10.01881],[-68.24463,10.02048],[-68.24532,10.0249],[-68.23906,10.02682],[-68.239,10.02839],[-68.23709,10.02907],[-68.23832,10.03052],[-68.23114,10.03381],[-68.23064,10.03796],[-68.22711,10.03822],[-68.22355,10.04528],[-68.22105,10.04588],[-68.21974,10.04425],[-68.21941,10.04731],[-68.21611,10.04731],[-68.21352,10.04952],[-68.21382,10.05173],[-68.2101,10.05251],[-68.20328,10.05904],[-68.19992,10.05729],[-68.20012,10.06069],[-68.2061,10.06157],[-68.2074,10.06639],[-68.21073,10.0683],[-68.21303,10.07407],[-68.21928,10.07744],[-68.22058,10.07992],[-68.23235,10.08125],[-68.2349,10.08542],[-68.2529,10.06906],[-68.25903,10.06741],[-68.26419,10.06409],[-68.27487,10.0637],[-68.28615,10.07184],[-68.29279,10.06926],[-68.29167,10.06311],[-68.30082,10.05889],[-68.31303,10.0494],[-68.32279,10.0346],[-68.32731,10.03252],[-68.3348,10.0318],[-68.34145,10.02728],[-68.34133,10.02393],[-68.3388,10.02229],[-68.33592,10.0139],[-68.33777,10.0114],[-68.33747,10.00597],[-68.34291,10.00458],[-68.34223,9.99913],[-68.34481,10.00031],[-68.35283,9.99388],[-68.3563,9.99366],[-68.35701,9.99121],[-68.35916,9.99186],[-68.3613,9.99019],[-68.36346,9.99029],[-68.36492,9.99384],[-68.36891,9.99438],[-68.3703,9.98988],[-68.37012,9.988],[-68.37477,9.98523],[-68.37734,9.98169],[-68.38068,9.9809],[-68.38317,9.97548],[-68.39077,9.97086],[-68.39438,9.96582],[-68.39977,9.9653],[-68.40505,9.96736],[-68.40627,9.96137],[-68.40455,9.96021],[-68.40604,9.95805],[-68.41164,9.95252],[-68.41352,9.95185],[-68.4166,9.95332],[-68.4192,9.95178],[-68.42844,9.93969],[-68.44001,9.93373],[-68.44403,9.92919],[-68.45217,9.92579],[-68.45432,9.92637],[-68.47058,9.91587],[-68.4806,9.91425],[-68.4829,9.91272],[-68.48329,9.9094],[-68.48579,9.91093],[-68.48696,9.90959],[-68.48656,9.90607],[-68.49007,9.90539],[-68.49615,9.89842],[-68.51426,9.88864],[-68.52114,9.88736],[-68.52222,9.89277],[-68.52592,9.8968],[-68.53088,9.89395],[-68.52935,9.89285],[-68.5295,9.89096],[-68.53311,9.89104],[-68.53893,9.88785],[-68.54141,9.88951],[-68.53857,9.89344],[-68.53953,9.90204],[-68.53613,9.90703],[-68.53716,9.91276],[-68.53338,9.91418],[-68.53029,9.91848],[-68.527,9.92802],[-68.52879,9.93481],[-68.53099,9.93456],[-68.5337,9.93707],[-68.53526,9.93494],[-68.54224,9.93399],[-68.54718,9.93032],[-68.55462,9.93213],[-68.56028,9.93061],[-68.57325,9.93469],[-68.58792,9.9345],[-68.60199,9.9317],[-68.60475,9.93242],[-68.61097,9.94457],[-68.60939,9.9524],[-68.61259,9.96679],[-68.61812,9.96895],[-68.63111,9.96626],[-68.63689,9.9626],[-68.64409,9.96583],[-68.65273,9.97394],[-68.66162,9.97634],[-68.66561,9.96851],[-68.68295,9.9555],[-68.69511,9.94888],[-68.70991,9.9462],[-68.71581,9.94122],[-68.71776,9.92899],[-68.72151,9.92187],[-68.72272,9.91617],[-68.72359,9.90429],[-68.72216,9.90049],[-68.71472,9.89678],[-68.71412,9.89428],[-68.72221,9.881],[-68.72823,9.87615],[-68.74122,9.87155],[-68.75541,9.86886],[-68.76575,9.8702],[-68.77537,9.86773],[-68.78752,9.86135],[-68.80234,9.84357],[-68.80643,9.84275],[-68.8134,9.84574],[-68.81675,9.84477],[-68.82372,9.84717],[-68.82744,9.84694],[-68.85415,9.83524],[-68.85872,9.83442],[-68.86184,9.83467],[-68.87348,9.84159],[-68.87733,9.8422],[-68.88658,9.84246],[-68.89272,9.84034],[-68.89848,9.84202],[-68.90594,9.84108],[-68.9159,9.84908],[-68.91938,9.84968],[-68.9278,9.8478],[-68.93706,9.84104],[-68.9397,9.84236],[-68.94282,9.84867],[-68.94774,9.85165],[-68.95556,9.84941],[-68.96013,9.84538],[-68.96855,9.84159],[-68.97416,9.84264],[-68.97601,9.83862],[-68.97898,9.83843],[-68.97877,9.83671],[-68.97574,9.83546],[-68.9747,9.83164],[-68.97628,9.82447],[-68.97439,9.82187],[-68.97818,9.82233],[-68.97833,9.81878],[-68.97762,9.81112],[-68.97533,9.80772],[-68.97338,9.8085],[-68.97661,9.80365],[-68.97381,9.79987],[-68.97525,9.79032],[-68.97426,9.78643],[-68.98059,9.78494],[-68.98658,9.78609],[-68.98219,9.78322],[-68.98179,9.78154],[-68.98464,9.77965],[-68.98418,9.77825],[-68.978,9.77523],[-68.9765,9.76587],[-68.97873,9.76375],[-68.98179,9.76589],[-68.98482,9.76509],[-68.98408,9.76138],[-68.98612,9.76021],[-68.98261,9.75643],[-68.97995,9.74875],[-68.98352,9.74424],[-68.98237,9.74311],[-68.98276,9.73748],[-68.97992,9.7352],[-68.98099,9.73276],[-68.983,9.73492],[-68.98766,9.73078],[-68.98546,9.7245],[-68.98693,9.72022],[-68.98144,9.72082],[-68.97815,9.7153],[-68.97503,9.71454],[-68.97565,9.71909],[-68.97027,9.72102],[-68.97162,9.71813],[-68.96961,9.71711],[-68.97003,9.71306],[-68.96556,9.71083],[-68.96278,9.69511],[-68.96278,9.69205],[-68.96538,9.68916],[-68.96249,9.68495],[-68.96639,9.67374],[-68.96296,9.67422],[-68.9615,9.6731],[-68.96419,9.67017],[-68.95998,9.66909],[-68.96146,9.6667],[-68.95201,9.66085],[-68.95042,9.65689],[-68.94815,9.65618],[-68.94855,9.65225],[-68.94548,9.64832],[-68.94589,9.65136],[-68.94403,9.65219],[-68.94255,9.64853],[-68.94402,9.64737],[-68.94356,9.64394],[-68.94138,9.64084],[-68.93969,9.64145],[-68.93799,9.63978],[-68.9412,9.63811],[-68.93682,9.63784],[-68.93872,9.63478],[-68.93806,9.63291],[-68.93338,9.6297],[-68.93354,9.6269],[-68.93535,9.62707],[-68.93517,9.62567],[-68.93103,9.6215],[-68.92928,9.62365],[-68.92761,9.62056],[-68.92398,9.61945],[-68.92796,9.61792],[-68.9221,9.61656],[-68.92386,9.61094],[-68.926,9.61032],[-68.92342,9.60742],[-68.92324,9.59813],[-68.90791,9.5662],[-68.9026,9.56435],[-68.90487,9.56122],[-68.90576,9.54424],[-68.90749,9.54255],[-68.90846,9.53676],[-68.90011,9.52693],[-68.89791,9.52034],[-68.89321,9.51635],[-68.89328,9.51095],[-68.89811,9.50892],[-68.89429,9.5036],[-68.89679,9.49762],[-68.89526,9.49437],[-68.89575,9.49154],[-68.89933,9.48943],[-68.90259,9.48427],[-68.89777,9.47545],[-68.89535,9.46757],[-68.89162,9.46439],[-68.89173,9.45966],[-68.89491,9.45253],[-68.89405,9.44738],[-68.89587,9.43739],[-68.89267,9.42888],[-68.8862,9.42274],[-68.8858,9.42088],[-68.88789,9.41759],[-68.88498,9.41292],[-68.88671,9.40514],[-68.88394,9.40156],[-68.88301,9.40421],[-68.88021,9.40406],[-68.88223,9.39998],[-68.88137,9.39852],[-68.87902,9.39959],[-68.87729,9.40493],[-68.86713,9.40924],[-68.86551,9.40858],[-68.86409,9.4071],[-68.86528,9.40274],[-68.86165,9.4015],[-68.86758,9.39662],[-68.86762,9.39074],[-68.86469,9.38711],[-68.85932,9.38573],[-68.85218,9.37228],[-68.83658,9.35903],[-68.82669,9.35668],[-68.81065,9.34563],[-68.80299,9.34575],[-68.80271,9.34297],[-68.80053,9.34403],[-68.80173,9.34186],[-68.79629,9.34092],[-68.79647,9.3383],[-68.79852,9.33983],[-68.79583,9.33505],[-68.79516,9.33712],[-68.79228,9.33532],[-68.79007,9.33673],[-68.78883,9.33601],[-68.78617,9.3327],[-68.7868,9.32811],[-68.78875,9.32552],[-68.78651,9.32299],[-68.78201,9.32293],[-68.78332,9.31863],[-68.78259,9.31639],[-68.78159,9.31562],[-68.77859,9.32009],[-68.77857,9.31498],[-68.77295,9.3163],[-68.76882,9.31254],[-68.77072,9.30934],[-68.77029,9.30756],[-68.76345,9.31022],[-68.76261,9.30231],[-68.76099,9.29987],[-68.76574,9.29655],[-68.76426,9.29404],[-68.77895,9.28398],[-68.77657,9.27819],[-68.77422,9.27805],[-68.77873,9.27685],[-68.77883,9.27467],[-68.77461,9.27373],[-68.77207,9.27501],[-68.76913,9.27136],[-68.76908,9.27742],[-68.76797,9.27761],[-68.76627,9.27678],[-68.76529,9.27238],[-68.76059,9.27319],[-68.76204,9.27119],[-68.76086,9.26934],[-68.74772,9.26812],[-68.7476,9.26443],[-68.74465,9.26323],[-68.74326,9.25955],[-68.74144,9.26174],[-68.7386,9.25984],[-68.73299,9.26226],[-68.72854,9.2622],[-68.72681,9.25976],[-68.72772,9.25704],[-68.72092,9.25182],[-68.71342,9.25292],[-68.71242,9.24938],[-68.70879,9.25112],[-68.70511,9.248],[-68.70362,9.25049],[-68.70621,9.25291],[-68.70759,9.25744],[-68.70581,9.25791],[-68.70311,9.25589],[-68.69858,9.24764],[-68.6954,9.24679],[-68.69378,9.24409],[-68.69455,9.24133],[-68.68678,9.23664],[-68.68304,9.23226],[-68.6781,9.23452],[-68.67359,9.23207],[-68.67293,9.23022],[-68.66816,9.23036],[-68.66677,9.22744],[-68.6693,9.22554],[-68.66645,9.22549],[-68.66684,9.22175],[-68.66293,9.22194],[-68.66257,9.22916],[-68.65839,9.23165],[-68.6544,9.22693],[-68.65157,9.22974],[-68.64959,9.22921],[-68.64795,9.22346],[-68.64383,9.22005],[-68.64508,9.21605],[-68.64166,9.2171],[-68.64003,9.21973],[-68.64132,9.22178],[-68.6386,9.22336],[-68.63543,9.22098],[-68.63337,9.22386],[-68.63274,9.21774],[-68.62856,9.21953],[-68.6639,8.98442],[-68.6596,8.98524],[-68.65679,8.98263],[-68.65873,8.975],[-68.65577,8.97291],[-68.65459,8.96988],[-68.65791,8.96591],[-68.65814,8.9629],[-68.64842,8.95658],[-68.6468,8.95321],[-68.64025,8.95185],[-68.63366,8.94794],[-68.63032,8.94335],[-68.63215,8.93899],[-68.62748,8.93761],[-68.62488,8.93497],[-68.62435,8.93053],[-68.62143,8.92932],[-68.62129,8.92631],[-68.61893,8.92461],[-68.62168,8.92162],[-68.62006,8.91937],[-68.62015,8.91793],[-68.62219,8.9177],[-68.62024,8.91448],[-68.62167,8.91145],[-68.6191,8.91046],[-68.61931,8.90605],[-68.61605,8.90481],[-68.61782,8.90217],[-68.61576,8.89717],[-68.61253,8.89735],[-68.61072,8.89918],[-68.60795,8.89698],[-68.60792,8.89528],[-68.60406,8.89473],[-68.60163,8.89121],[-68.60551,8.88651],[-68.60445,8.88529],[-68.60128,8.88781],[-68.5995,8.88405],[-68.59762,8.88568],[-68.59524,8.88549],[-68.5957,8.88035],[-68.59815,8.87743],[-68.59438,8.87569],[-68.59152,8.87814],[-68.58557,8.87364],[-68.58723,8.86905],[-68.58424,8.86452],[-68.58002,8.86617],[-68.57967,8.86232],[-68.57775,8.86268],[-68.57576,8.86052],[-68.57897,8.85575],[-68.5785,8.85226],[-68.57337,8.85297],[-68.57205,8.85235],[-68.57177,8.84934],[-68.56785,8.85169],[-68.56765,8.8464],[-68.56587,8.8452],[-68.5505,8.8401],[-68.55272,8.83737],[-68.55574,8.83803],[-68.55681,8.83532],[-68.5609,8.83307],[-68.57329,8.83802],[-68.58013,8.83655],[-68.58416,8.83416],[-68.58603,8.82231],[-68.58818,8.82279],[-68.58929,8.82879],[-68.59123,8.82883],[-68.59634,8.81965],[-68.60131,8.82043],[-68.60635,8.82507],[-68.60933,8.82328],[-68.60947,8.8162],[-68.61139,8.81607],[-68.61617,8.82029],[-68.61892,8.82013],[-68.62087,8.81646],[-68.61758,8.81099],[-68.61867,8.80743],[-68.62375,8.80785],[-68.62477,8.80536],[-68.62156,8.80415],[-68.62428,8.80173],[-68.62616,8.80334],[-68.62796,8.80128],[-68.63015,8.80114],[-68.63219,8.79795],[-68.63397,8.79811],[-68.63605,8.79501],[-68.64116,8.79331],[-68.64145,8.788],[-68.63997,8.78681],[-68.63995,8.78297],[-68.64307,8.77757],[-68.64882,8.775],[-68.64991,8.77704],[-68.65375,8.7778],[-68.65724,8.77541],[-68.65469,8.7742],[-68.65483,8.77192],[-68.65962,8.77105],[-68.6608,8.76857],[-68.66355,8.77004],[-68.66752,8.76749],[-68.66773,8.76448],[-68.67298,8.7679],[-68.67425,8.76749],[-68.67418,8.76483],[-68.67721,8.76588],[-68.68208,8.76299],[-68.68765,8.76263],[-68.68824,8.75851],[-68.69074,8.75601],[-68.68919,8.74949],[-68.69823,8.74251],[-68.70315,8.74217],[-68.70602,8.74404],[-68.71126,8.74439],[-68.7192,8.73775],[-68.72731,8.73919],[-68.72819,8.74022],[-68.72603,8.74195],[-68.72595,8.74379],[-68.72919,8.74658],[-68.73554,8.74338],[-68.73521,8.73781],[-68.72949,8.7291],[-68.72515,8.7297],[-68.72503,8.72754],[-68.7279,8.72419],[-68.71976,8.72446],[-68.71743,8.72594],[-68.71572,8.72442],[-68.71648,8.72178],[-68.7211,8.72123],[-68.72223,8.71769],[-68.7198,8.71537],[-68.71728,8.71512],[-68.71832,8.71319],[-68.71476,8.70632],[-68.70487,8.70448],[-68.69654,8.69837],[-68.69072,8.69685],[-68.68092,8.70005],[-68.67743,8.70586],[-68.66912,8.70822],[-68.6665,8.7107],[-68.66193,8.70985],[-68.65881,8.71139],[-68.65446,8.7071],[-68.65,8.70542],[-68.64933,8.7008],[-68.65259,8.6969],[-68.65018,8.69373],[-68.65145,8.69081],[-68.64983,8.68952],[-68.64808,8.69242],[-68.64609,8.68968],[-68.64764,8.68729],[-68.64736,8.68353],[-68.64495,8.67594],[-68.64805,8.66947],[-68.6456,8.6662],[-68.64312,8.66648],[-68.63448,8.66098],[-68.63613,8.65429],[-68.63443,8.65139],[-68.6469,8.64245],[-68.64749,8.64042],[-68.64368,8.63486],[-68.63451,8.63695],[-68.62715,8.63506],[-68.62268,8.63541],[-68.61887,8.63152],[-68.60847,8.62732],[-68.59645,8.62701],[-68.59568,8.63469],[-68.58817,8.63725],[-68.58295,8.63662],[-68.57969,8.63324],[-68.58193,8.63189],[-68.58316,8.62668],[-68.57687,8.61712],[-68.57186,8.6142],[-68.56021,8.61869],[-68.54743,8.61247],[-68.54794,8.60839],[-68.54212,8.60208],[-68.5347,8.59803],[-68.53202,8.59811],[-68.52823,8.60169],[-68.52104,8.60184],[-68.51492,8.60397],[-68.5127,8.60392],[-68.50515,8.59817],[-68.50142,8.59897],[-68.50109,8.60084],[-68.49576,8.60197],[-68.48801,8.5966],[-68.48035,8.5989],[-68.4729,8.59764],[-68.46885,8.60342],[-68.46733,8.60923],[-68.46506,8.60817],[-68.46294,8.60443],[-68.45981,8.60703],[-68.45219,8.60267],[-68.44601,8.60492],[-68.44373,8.6073],[-68.44078,8.60676],[-68.43651,8.60281],[-68.42987,8.60021],[-68.42507,8.59467],[-68.4207,8.59411],[-68.41615,8.60055],[-68.41321,8.59962],[-68.38613,8.60517],[-68.38373,8.60654],[-68.38329,8.61174],[-68.37967,8.6139],[-68.36582,8.60931],[-68.36202,8.60295],[-68.35936,8.60528],[-68.35691,8.60535],[-68.35655,8.60754],[-68.34804,8.60639],[-68.33846,8.60148],[-68.33348,8.59399],[-68.32832,8.59273],[-68.32468,8.59338],[-68.32727,8.59673],[-68.3244,8.60206],[-68.32384,8.6071],[-68.30987,8.60982],[-68.29896,8.59799],[-68.29982,8.59291],[-68.29341,8.59316],[-68.28279,8.58709],[-68.27471,8.59323],[-68.2635,8.59467],[-68.26504,8.59992],[-68.26381,8.60339],[-68.262,8.6041],[-68.26067,8.60191],[-68.25392,8.59994],[-68.24546,8.59968],[-68.23907,8.59265],[-68.23288,8.58911],[-68.232,8.59048],[-68.22197,8.59228],[-68.21517,8.59749],[-68.21451,8.59964],[-68.21141,8.59976],[-68.20577,8.60465],[-68.19902,8.59965],[-68.19646,8.59967],[-68.19261,8.60483],[-68.18666,8.60223],[-68.18584,8.6049],[-68.18155,8.60428],[-68.17912,8.60085],[-68.17674,8.6025],[-68.17164,8.60181],[-68.16932,8.6041],[-68.16023,8.60419],[-68.15755,8.59776],[-68.15226,8.59925],[-68.14707,8.59694],[-68.14441,8.59741],[-68.14619,8.60191],[-68.13989,8.59949],[-68.13806,8.59637],[-68.13554,8.59629],[-68.13131,8.59796],[-68.12662,8.60301],[-68.12547,8.59937],[-68.11873,8.59521],[-68.11649,8.59525],[-68.11569,8.59794],[-68.11723,8.60177],[-68.11396,8.60526],[-68.10791,8.60161],[-68.10435,8.60195],[-68.10797,8.59312],[-68.10555,8.59208],[-68.10406,8.59488],[-68.10315,8.59343],[-68.10185,8.59435],[-68.09808,8.59274],[-68.10181,8.58921],[-68.10087,8.58656],[-68.09799,8.58751],[-68.0936,8.58466],[-68.0887,8.58918],[-68.08644,8.58874],[-68.08552,8.5871],[-68.08961,8.58362],[-68.09007,8.57918],[-68.08869,8.5774],[-68.08264,8.57842],[-68.08214,8.58119],[-68.08,8.58313],[-68.07348,8.57516],[-68.06731,8.57166],[-68.06444,8.5719],[-68.05298,8.57786],[-68.05636,8.56339],[-68.0528,8.56157],[-68.04965,8.5619],[-68.05329,8.55068],[-68.05062,8.53818],[-68.04723,8.53367],[-68.04653,8.53479],[-68.04113,8.53292],[-68.02449,8.5345]]]}},{"type":"Feature","properties":{"shapeName":"Delta Amacuro","shapeISO":"VE-Y","shapeID":"42786344B20573203446638","shapeGroup":"VEN","shapeType":"ADM1"},"geometry":{"type":"Polygon","coordinates":[[[-60.27254,7.89362],[-60.26252,7.89616],[-60.25917,7.89959],[-60.25579,7.90946],[-60.25153,7.91322],[-60.24684,7.91227],[-60.24496,7.91985],[-60.23836,7.93039],[-60.23033,7.93321],[-60.23042,7.9377],[-60.23625,7.93785],[-60.23715,7.93936],[-60.23585,7.94498],[-60.22667,7.94918],[-60.22021,7.95661],[-60.21757,7.95786],[-60.20931,7.96068],[-60.20109,7.95947],[-60.19947,7.96118],[-60.20001,7.96567],[-60.19851,7.96785],[-60.19394,7.96666],[-60.187,7.96155],[-60.18329,7.96855],[-60.17983,7.97186],[-60.1702,7.97478],[-60.16265,7.97369],[-60.1548,7.98376],[-60.1315,8.00329],[-60.11485,8.02782],[-60.10603,8.02842],[-60.09343,8.03275],[-60.08808,8.03273],[-60.08523,8.02588],[-60.08271,8.02432],[-60.0783,8.02431],[-60.07514,8.02119],[-60.05969,8.01618],[-60.05403,8.01741],[-60.03127,8.03719],[-60.02198,8.04868],[-60.00806,8.07165],[-60.00457,8.10497],[-59.99645,8.12105],[-59.986,8.13024],[-59.99645,8.14632],[-59.99645,8.15551],[-59.98716,8.17849],[-59.98136,8.18653],[-59.95235,8.19112],[-59.94886,8.19687],[-59.94439,8.21376],[-59.83486,8.2335],[-59.7411,8.21984],[-59.7411,8.23133],[-59.75039,8.2566],[-59.76084,8.27153],[-59.79798,8.3014],[-59.84022,8.32053],[-59.85124,8.33149],[-59.85522,8.33953],[-59.88353,8.36893],[-59.8959,8.38859],[-59.92993,8.42626],[-59.95612,8.46193],[-59.97887,8.48361],[-60.00169,8.51272],[-60.02211,8.53039],[-60.03539,8.55046],[-60.03399,8.55426],[-60.04078,8.55888],[-60.04418,8.55889],[-60.04292,8.56558],[-60.04759,8.56978],[-60.05522,8.57064],[-60.05777,8.57232],[-60.05777,8.57441],[-60.05014,8.57481],[-60.04803,8.57648],[-60.05185,8.57859],[-60.0599,8.57903],[-60.06287,8.57652],[-60.07008,8.58156],[-60.08239,8.58369],[-60.10146,8.58038],[-60.13624,8.5855],[-60.16042,8.59142],[-60.16807,8.59814],[-60.18673,8.59944],[-60.19692,8.60491],[-60.21515,8.60747],[-60.24231,8.61884],[-60.26437,8.62141],[-60.34878,8.63837],[-60.3721,8.63424],[-60.39203,8.63262],[-60.41108,8.61843],[-60.40979,8.60963],[-60.41063,8.60545],[-60.41783,8.59835],[-60.41909,8.59291],[-60.42713,8.58623],[-60.4127,8.57614],[-60.40464,8.57403],[-60.39318,8.56856],[-60.39612,8.55642],[-60.40462,8.56273],[-60.41056,8.56483],[-60.41903,8.56318],[-60.44488,8.55403],[-60.44528,8.53938],[-60.44867,8.53646],[-60.4495,8.52934],[-60.45627,8.51931],[-60.46093,8.51681],[-60.47302,8.51493],[-60.48512,8.52818],[-60.49062,8.52317],[-60.49147,8.52066],[-60.49485,8.51899],[-60.49995,8.52444],[-60.50759,8.52865],[-60.51354,8.53411],[-60.52245,8.53706],[-60.54578,8.5388],[-60.59312,8.54946],[-60.58934,8.60944],[-60.58066,8.61341],[-60.58103,8.62311],[-60.58768,8.62609],[-60.59624,8.63707],[-60.62918,8.65487],[-60.66824,8.66882],[-60.68073,8.70437],[-60.67203,8.71846],[-60.66822,8.73335],[-60.65002,8.756],[-60.64744,8.76057],[-60.64638,8.76782],[-60.65304,8.76926],[-60.67904,8.79432],[-60.68167,8.79472],[-60.69061,8.80642],[-60.69216,8.81158],[-60.69802,8.81562],[-60.69977,8.82251],[-60.71017,8.83899],[-60.72679,8.88326],[-60.76113,8.93111],[-60.76921,8.96709],[-60.78328,8.98555],[-60.7127,9.0415],[-60.70587,9.04271],[-60.68167,9.05973],[-60.67685,9.06636],[-60.67435,9.07359],[-60.6752,9.08496],[-60.67923,9.09197],[-60.68535,9.11843],[-60.68415,9.13193],[-60.68118,9.13847],[-60.69117,9.1528],[-60.73941,9.19718],[-60.74297,9.20454],[-60.74451,9.21533],[-60.74721,9.22073],[-60.76082,9.23402],[-60.77003,9.24019],[-60.76206,9.26666],[-60.7623,9.27101],[-60.76973,9.28141],[-60.80139,9.35003],[-60.80887,9.35974],[-60.81418,9.3722],[-60.8256,9.39029],[-60.83579,9.40356],[-60.85045,9.41725],[-60.86225,9.4253],[-60.88221,9.44422],[-60.90867,9.46476],[-60.93146,9.47726],[-60.94935,9.47731],[-60.95178,9.47571],[-60.95178,9.4733],[-60.95763,9.46862],[-60.97478,9.4755],[-60.97683,9.47854],[-60.97561,9.47989],[-60.96823,9.47982],[-60.96924,9.49168],[-60.96269,9.49522],[-60.95876,9.50007],[-60.95485,9.51528],[-60.96109,9.51886],[-60.96701,9.5247],[-60.97786,9.5406],[-60.99297,9.55391],[-61.01003,9.55655],[-61.03104,9.56858],[-61.0445,9.57283],[-61.05007,9.57284],[-61.05957,9.56865],[-61.07303,9.57225],[-61.08156,9.57292],[-61.0868,9.56937],[-61.09795,9.57296],[-61.09794,9.56746],[-61.09958,9.56649],[-61.11106,9.56619],[-61.11533,9.56815],[-61.12877,9.56591],[-61.1291,9.56462],[-61.12647,9.56364],[-61.11466,9.56167],[-61.11466,9.55973],[-61.11728,9.55844],[-61.13827,9.55914],[-61.16157,9.56664],[-61.17018,9.57844],[-61.18073,9.58502],[-61.19596,9.58737],[-61.2026,9.59201],[-61.21744,9.59821],[-61.22095,9.5963],[-61.22446,9.59168],[-61.22093,9.58435],[-61.21037,9.5743],[-61.23104,9.56626],[-61.22949,9.56857],[-61.23223,9.57243],[-61.23926,9.57707],[-61.25956,9.57828],[-61.29433,9.59648],[-61.31308,9.60886],[-61.32285,9.61351],[-61.33104,9.61122],[-61.34354,9.61279],[-61.34822,9.61511],[-61.35331,9.62322],[-61.35722,9.62361],[-61.3545,9.63401],[-61.37601,9.65488],[-61.38304,9.65798],[-61.39592,9.65917],[-61.40764,9.66459],[-61.41311,9.67039],[-61.42055,9.68389],[-61.42759,9.68854],[-61.44362,9.70322],[-61.45419,9.72329],[-61.45968,9.73756],[-61.47141,9.74838],[-61.47807,9.7588],[-61.48353,9.76074],[-61.49059,9.77694],[-61.49061,9.78696],[-61.49413,9.79353],[-61.50351,9.8001],[-61.50665,9.8082],[-61.52252,9.82938],[-61.52857,9.84084],[-61.56061,9.86702],[-61.57476,9.87003],[-61.58218,9.86982],[-61.59053,9.87488],[-61.5954,9.87512],[-61.61605,9.88227],[-61.61768,9.88456],[-61.62625,9.88436],[-61.6309,9.88895],[-61.65037,9.889],[-61.65246,9.88786],[-61.65175,9.88007],[-61.64825,9.87113],[-61.64269,9.86837],[-61.64384,9.86494],[-61.6501,9.8677],[-61.64963,9.86404],[-61.64475,9.85831],[-61.63083,9.85346],[-61.62272,9.85344],[-61.61692,9.84977],[-61.60671,9.84768],[-61.60601,9.84653],[-61.61111,9.84288],[-61.60252,9.83851],[-61.60252,9.83577],[-61.61319,9.83968],[-61.61898,9.83855],[-61.6206,9.83696],[-61.62083,9.83329],[-61.61596,9.83214],[-61.60806,9.82433],[-61.60528,9.82593],[-61.59925,9.82431],[-61.59763,9.82522],[-61.59554,9.82362],[-61.59554,9.82156],[-61.59878,9.81859],[-61.59343,9.81262],[-61.59042,9.81261],[-61.59993,9.78021],[-61.61967,9.78079],[-61.64472,9.77693],[-61.76519,9.82242],[-61.80145,9.82823],[-61.81575,9.82357],[-61.82316,9.81666],[-61.82421,9.80695],[-61.82243,9.7952],[-61.81994,9.79099],[-61.82253,9.78894],[-61.83018,9.79461],[-61.84593,9.80219],[-61.84783,9.79937],[-61.85069,9.80032],[-61.85404,9.80362],[-61.85787,9.81116],[-61.86502,9.81448],[-61.86503,9.81919],[-61.91426,9.87817],[-61.92907,9.88904],[-61.94291,9.89896],[-61.99063,9.91603],[-62.004,9.92454],[-62.01499,9.93634],[-62.06942,9.97038],[-62.07753,9.97417],[-62.08994,9.97703],[-62.10282,9.98271],[-62.11857,9.9851],[-62.16201,10.00912],[-62.19876,10.018],[-62.20708,10.01458],[-62.2147,10.00775],[-62.22211,9.99501],[-62.29292,9.99403],[-62.30078,9.97231],[-62.30075,9.95766],[-62.28252,9.93824],[-62.29137,9.93353],[-62.30257,9.90828],[-62.31037,9.85678],[-62.31032,9.82984],[-62.31868,9.81947],[-62.32058,9.81309],[-62.31937,9.806],[-62.30019,9.78587],[-62.29562,9.77687],[-62.29415,9.7582],[-62.29629,9.74946],[-62.29531,9.73883],[-62.30021,9.73397],[-62.30253,9.73887],[-62.31176,9.72878],[-62.31899,9.71283],[-62.32495,9.72067],[-62.32593,9.71611],[-62.33911,9.70277],[-62.34208,9.70343],[-62.35165,9.70085],[-62.35989,9.69272],[-62.36021,9.68881],[-62.35291,9.67392],[-62.35404,9.66715],[-62.35058,9.65247],[-62.35057,9.64664],[-62.35513,9.63819],[-62.36578,9.63126],[-62.37091,9.62375],[-62.37586,9.62169],[-62.38691,9.62304],[-62.38956,9.61533],[-62.41408,9.5885],[-62.41445,9.58418],[-62.41197,9.58191],[-62.43962,9.5447],[-62.44417,9.5004],[-62.4423,9.49171],[-62.43627,9.48439],[-62.4284,9.48117],[-62.40619,9.4802],[-62.39832,9.47686],[-62.39803,9.47427],[-62.40181,9.47418],[-62.39901,9.46257],[-62.40842,9.4272],[-62.41073,9.41372],[-62.40893,9.40808],[-62.39405,9.39892],[-62.36768,9.38785],[-62.36077,9.3868],[-62.34901,9.38243],[-62.34377,9.37644],[-62.33267,9.36898],[-62.32713,9.36269],[-62.3231,9.35386],[-62.32543,9.34584],[-62.33773,9.33435],[-62.34098,9.3282],[-62.33988,9.3176],[-62.32811,9.29712],[-62.32165,9.29435],[-62.3256,9.28059],[-62.32673,9.27071],[-62.32628,9.26199],[-62.32433,9.25608],[-62.30933,9.23486],[-62.3019,9.23117],[-62.29886,9.22558],[-62.30084,9.2214],[-62.30608,9.21652],[-62.30719,9.21155],[-62.30296,9.19891],[-62.30196,9.19022],[-62.30485,9.18245],[-62.30934,9.17897],[-62.32187,9.1773],[-62.32264,9.1658],[-62.32639,9.14816],[-62.32665,9.13185],[-62.32067,9.12794],[-62.30074,9.13514],[-62.29246,9.13415],[-62.27086,9.13516],[-62.26307,9.13093],[-62.26408,9.11761],[-62.25853,9.11006],[-62.25125,9.10395],[-62.24038,9.09833],[-62.23437,9.0913],[-62.22866,9.08931],[-62.22374,9.08435],[-62.22188,9.08034],[-62.2238,9.07507],[-62.2244,9.06016],[-62.22214,9.05904],[-62.21936,9.05835],[-62.2092,9.06345],[-62.19475,9.06521],[-62.19056,9.06895],[-62.18783,9.08518],[-62.183,9.08731],[-62.16658,9.08807],[-62.16283,9.09506],[-62.16325,9.10323],[-62.16008,9.10615],[-62.15379,9.10585],[-62.14895,9.10252],[-62.14667,9.09035],[-62.14736,9.06684],[-62.14437,9.06206],[-62.13349,9.05328],[-62.12362,9.04827],[-62.11676,9.04831],[-62.11345,9.05311],[-62.11173,9.06765],[-62.10164,9.07685],[-62.09085,9.07243],[-62.0746,9.06062],[-62.06557,9.0575],[-62.06049,9.0588],[-62.05538,9.03952],[-62.06492,9.01496],[-62.07231,9.00261],[-62.08168,8.9911],[-62.08907,8.97763],[-62.09049,8.96753],[-62.08964,8.96107],[-62.08396,8.94619],[-62.07117,8.92879],[-62.06776,8.92093],[-62.06407,8.91757],[-62.06311,8.90065],[-62.05835,8.88822],[-62.05154,8.88049],[-62.0444,8.87713],[-62.03896,8.87646],[-62.03114,8.88217],[-62.00903,8.89125],[-62.00087,8.89057],[-61.99713,8.88654],[-61.99679,8.87613],[-62.00699,8.86067],[-62.01992,8.84756],[-62.041,8.83009],[-62.05868,8.81934],[-62.06209,8.81027],[-62.0597,8.78439],[-62.06447,8.77028],[-62.07093,8.75684],[-62.12281,8.71845],[-62.14242,8.70625],[-62.18118,8.69865],[-62.20334,8.68137],[-62.21868,8.65524],[-62.2289,8.63123],[-62.23061,8.61858],[-62.22762,8.611],[-62.22215,8.60605],[-62.25592,8.59775],[-62.27387,8.59119],[-62.29222,8.58115],[-62.30355,8.5769],[-62.34063,8.56995],[-62.3543,8.56571],[-62.39178,8.5437],[-62.46641,8.5129],[-62.46994,8.51211],[-62.47235,8.51786],[-62.48758,8.52204],[-62.4935,8.52151],[-62.49942,8.51884],[-62.53118,8.49436],[-62.54625,8.48797],[-62.57492,8.4818],[-62.58213,8.46366],[-62.58931,8.46278],[-62.60352,8.45032],[-62.61161,8.44099],[-62.60639,8.43724],[-62.59999,8.43516],[-62.50165,8.38683],[-62.40415,8.32432],[-62.37252,8.31971],[-62.30957,8.28204],[-62.25002,8.29968],[-61.70043,8.44338],[-61.70115,8.43458],[-61.70511,8.43065],[-61.70922,8.42901],[-61.7104,8.4212],[-61.7018,8.40958],[-61.70254,8.40269],[-61.69748,8.39047],[-61.69961,8.38598],[-61.69924,8.38312],[-61.68852,8.37679],[-61.68672,8.36809],[-61.68253,8.36147],[-61.68603,8.3572],[-61.68711,8.35066],[-61.68496,8.34197],[-61.69609,8.33224],[-61.70121,8.32957],[-61.70664,8.3121],[-61.72024,8.29777],[-61.73397,8.2972],[-61.76549,8.28857],[-61.76844,8.28625],[-61.77441,8.28723],[-61.78776,8.28311],[-61.78634,8.27865],[-61.79335,8.27011],[-61.79048,8.26899],[-61.79228,8.2661],[-61.79188,8.26095],[-61.79721,8.25609],[-61.79471,8.24705],[-61.79113,8.24433],[-61.78896,8.24447],[-61.7901,8.23322],[-61.78266,8.22262],[-61.7792,8.22013],[-61.77404,8.2086],[-61.76771,8.20532],[-61.76038,8.2047],[-61.75964,8.20035],[-61.76093,8.19151],[-61.7562,8.18811],[-61.74739,8.17798],[-61.74314,8.17676],[-61.73863,8.16143],[-61.73402,8.15815],[-61.72738,8.14708],[-61.72057,8.14152],[-61.71575,8.14007],[-61.7132,8.13699],[-61.70768,8.13452],[-61.7056,8.12204],[-61.69844,8.10479],[-61.698,8.09528],[-61.70022,8.08861],[-61.69926,8.0838],[-61.69628,8.08337],[-61.69234,8.0787],[-61.6909,8.07287],[-61.68767,8.07003],[-61.67606,8.06485],[-61.66493,8.06207],[-61.66112,8.05889],[-61.65682,8.04082],[-61.65694,8.02993],[-61.65346,8.02617],[-61.65239,8.02205],[-61.65312,8.01517],[-61.65014,8.00316],[-61.65033,7.9988],[-61.65457,7.99252],[-61.65714,7.97633],[-61.65949,7.97303],[-61.65971,7.96704],[-61.65482,7.95867],[-61.65527,7.94612],[-61.65185,7.94515],[-61.64485,7.94664],[-61.63879,7.94608],[-61.63742,7.93949],[-61.61663,7.92463],[-61.61195,7.91085],[-61.60131,7.91136],[-61.59575,7.90827],[-61.59365,7.90432],[-61.58429,7.9029],[-61.57557,7.89181],[-61.5722,7.88173],[-61.56911,7.88145],[-61.56233,7.87696],[-61.55808,7.8519],[-61.55561,7.84955],[-61.5462,7.85112],[-61.54315,7.85544],[-61.53969,7.85665],[-61.53507,7.85289],[-61.53389,7.84837],[-61.51937,7.84156],[-61.51451,7.83181],[-61.49025,7.81044],[-61.46269,7.79878],[-61.45072,7.81576],[-61.45388,7.82612],[-61.45832,7.83109],[-61.4712,7.83908],[-61.47232,7.84404],[-61.46129,7.8548],[-61.44398,7.86474],[-61.4419,7.86852],[-61.43776,7.89819],[-61.43383,7.90818],[-61.42612,7.91608],[-61.40225,7.93186],[-61.38094,7.94039],[-61.3541,7.95476],[-61.32888,7.96581],[-61.28969,7.97713],[-61.28877,7.97878],[-61.243,7.90303],[-60.97385,7.75345],[-60.89932,7.75488],[-60.83855,7.8379],[-60.8356,7.8795],[-60.66731,7.83845],[-60.3226,7.88096],[-60.27254,7.89362]]]}},{"type":"Feature","properties":{"shapeName":"Distrito Capital","shapeISO":"VE-A","shapeID":"42786344B65702840901799","shapeGroup":"VEN","shapeType":"ADM1"},"geometry":{"type":"Polygon","coordinates":[[[-66.87271,10.54607],[-66.87808,10.54183],[-66.88339,10.54185],[-66.89391,10.54833],[-66.90328,10.55133],[-66.91732,10.55265],[-66.93428,10.54928],[-66.94409,10.54322],[-66.95213,10.54346],[-66.98423,10.55931],[-67.00205,10.56245],[-67.00868,10.5624],[-67.00961,10.56131],[-67.01422,10.56255],[-67.01953,10.55867],[-67.02294,10.55385],[-67.03078,10.54978],[-67.0277,10.53272],[-67.03515,10.53284],[-67.04648,10.52725],[-67.04906,10.52815],[-67.05057,10.52666],[-67.05043,10.52139],[-67.05249,10.52054],[-67.05305,10.51799],[-67.06419,10.51939],[-67.0668,10.51641],[-67.06586,10.51202],[-67.05572,10.50153],[-67.05982,10.48627],[-67.05982,10.48364],[-67.05709,10.48277],[-67.05567,10.48034],[-67.05856,10.4674],[-67.06563,10.46251],[-67.07295,10.46049],[-67.07517,10.46196],[-67.07886,10.46066],[-67.08211,10.46194],[-67.08526,10.45977],[-67.08715,10.46021],[-67.08832,10.45838],[-67.09366,10.45959],[-67.0969,10.45845],[-67.1011,10.46096],[-67.10632,10.45696],[-67.1132,10.45977],[-67.11639,10.45815],[-67.12237,10.45822],[-67.13131,10.45362],[-67.14399,10.44962],[-67.15073,10.44212],[-67.1608,10.43955],[-67.16279,10.43679],[-67.15898,10.43347],[-67.1595,10.4275],[-67.1583,10.42548],[-67.16225,10.42104],[-67.16338,10.41413],[-67.15979,10.4131],[-67.1532,10.41613],[-67.14857,10.41168],[-67.14169,10.40912],[-67.13784,10.41113],[-67.12202,10.4075],[-67.11942,10.40527],[-67.10899,10.40566],[-67.1064,10.40389],[-67.09467,10.40609],[-67.09067,10.40493],[-67.07973,10.39301],[-67.07074,10.39428],[-67.06433,10.39135],[-67.05709,10.3898],[-67.0554,10.39058],[-67.04545,10.38586],[-67.03616,10.39094],[-67.03181,10.39167],[-67.02143,10.38945],[-67.01737,10.38648],[-67.01627,10.38348],[-67.01455,10.38318],[-66.99885,10.38741],[-66.99394,10.39373],[-66.98806,10.39551],[-66.98124,10.40079],[-66.97928,10.4001],[-66.96511,10.4111],[-66.9577,10.41434],[-66.95548,10.42037],[-66.95009,10.42457],[-66.9417,10.42288],[-66.94051,10.42047],[-66.93102,10.41366],[-66.92339,10.41526],[-66.91523,10.41119],[-66.91456,10.41256],[-66.90947,10.40887],[-66.90018,10.40871],[-66.89568,10.41203],[-66.89564,10.41972],[-66.89929,10.42332],[-66.90009,10.42715],[-66.89822,10.43412],[-66.89638,10.43562],[-66.89649,10.44795],[-66.89464,10.45039],[-66.89572,10.45164],[-66.8922,10.45643],[-66.89102,10.46449],[-66.88348,10.47134],[-66.88097,10.47208],[-66.8818,10.47592],[-66.8835,10.47653],[-66.88331,10.4799],[-66.88202,10.48077],[-66.88301,10.48159],[-66.88155,10.48273],[-66.88332,10.48649],[-66.88003,10.48736],[-66.88039,10.49074],[-66.87362,10.48734],[-66.869,10.48751],[-66.87061,10.49387],[-66.86939,10.49828],[-66.86141,10.51192],[-66.86159,10.51385],[-66.86392,10.51476],[-66.86335,10.52096],[-66.87159,10.53551],[-66.87271,10.54607]]]}},{"type":"Feature","properties":{"shapeName":"Falcón","shapeISO":"VE-I","shapeID":"42786344B50141382807972","shapeGroup":"VEN","shapeType":"ADM1"},"geometry":{"type":"Polygon","coordinates":[[[-68.23548,10.5777],[-68.26514,10.61912],[-68.28834,10.66182],[-68.3168,10.73864],[-68.32328,10.76292],[-68.32375,10.78162],[-68.32054,10.78695],[-68.31344,10.79271],[-68.31967,10.79934],[-68.32372,10.80741],[-68.32389,10.81866],[-68.32232,10.82242],[-68.31669,10.81713],[-68.31308,10.81721],[-68.30806,10.81279],[-68.30399,10.81551],[-68.30316,10.82157],[-68.30646,10.82574],[-68.31506,10.8273],[-68.3174,10.83122],[-68.32474,10.83202],[-68.32424,10.83414],[-68.3168,10.83517],[-68.30485,10.8282],[-68.29673,10.82127],[-68.29424,10.82306],[-68.29264,10.82681],[-68.29881,10.83741],[-68.30424,10.84029],[-68.30161,10.84132],[-68.30214,10.84228],[-68.31173,10.83969],[-68.30694,10.84331],[-68.30723,10.84434],[-68.31404,10.84299],[-68.31497,10.84369],[-68.3129,10.84603],[-68.31708,10.84764],[-68.32096,10.84735],[-68.32057,10.84974],[-68.32424,10.84936],[-68.32558,10.85354],[-68.32211,10.85334],[-68.32218,10.85527],[-68.31935,10.85197],[-68.31523,10.85119],[-68.31454,10.85259],[-68.31678,10.85294],[-68.31741,10.85605],[-68.31365,10.85682],[-68.31284,10.85018],[-68.30446,10.84717],[-68.30907,10.85294],[-68.30928,10.8548],[-68.30772,10.85509],[-68.30352,10.84903],[-68.30091,10.84844],[-68.29637,10.84303],[-68.2924,10.8418],[-68.29034,10.84308],[-68.2907,10.84448],[-68.2871,10.84488],[-68.2859,10.84822],[-68.28816,10.84856],[-68.29296,10.84432],[-68.29499,10.84526],[-68.30215,10.8517],[-68.30287,10.85685],[-68.29781,10.85842],[-68.29344,10.8569],[-68.28809,10.85924],[-68.28502,10.85641],[-68.28093,10.85778],[-68.27612,10.85352],[-68.27793,10.8527],[-68.27664,10.85145],[-68.27992,10.84832],[-68.27436,10.8467],[-68.27201,10.84679],[-68.27289,10.84894],[-68.26586,10.85426],[-68.25789,10.85067],[-68.25097,10.855],[-68.24643,10.85146],[-68.24412,10.85094],[-68.24278,10.85223],[-68.24029,10.85003],[-68.23561,10.852],[-68.22747,10.85258],[-68.22371,10.85388],[-68.22737,10.85423],[-68.22668,10.85892],[-68.22325,10.85716],[-68.21785,10.85755],[-68.22059,10.85973],[-68.222,10.86355],[-68.22009,10.8659],[-68.22327,10.86748],[-68.2271,10.86386],[-68.23112,10.86335],[-68.22853,10.86782],[-68.22706,10.86673],[-68.22592,10.86784],[-68.22586,10.86894],[-68.2282,10.86961],[-68.2274,10.8714],[-68.225,10.87124],[-68.22402,10.86839],[-68.2221,10.86934],[-68.22626,10.87751],[-68.22702,10.87372],[-68.22688,10.88186],[-68.23217,10.88493],[-68.22784,10.88511],[-68.22566,10.88277],[-68.22423,10.88436],[-68.22514,10.88692],[-68.23533,10.88717],[-68.24072,10.89049],[-68.24633,10.90194],[-68.24857,10.90199],[-68.25088,10.90515],[-68.25122,10.90982],[-68.24738,10.91286],[-68.24829,10.91524],[-68.25291,10.91916],[-68.25774,10.92079],[-68.26082,10.91867],[-68.25484,10.91362],[-68.25329,10.90962],[-68.25472,10.90555],[-68.25126,10.90368],[-68.2533,10.90258],[-68.25432,10.89943],[-68.25353,10.89419],[-68.25514,10.89791],[-68.25698,10.89711],[-68.25744,10.89429],[-68.26515,10.89504],[-68.28337,10.89879],[-68.2937,10.90338],[-68.31451,10.9085],[-68.31628,10.90949],[-68.31645,10.91208],[-68.31937,10.91315],[-68.32076,10.91543],[-68.33175,10.91312],[-68.33923,10.90869],[-68.34829,10.90578],[-68.35125,10.90727],[-68.34916,10.90749],[-68.34862,10.90943],[-68.35515,10.91369],[-68.35689,10.91799],[-68.3629,10.91786],[-68.36439,10.9236],[-68.36131,10.92761],[-68.36398,10.92956],[-68.36362,10.93101],[-68.35312,10.93306],[-68.34441,10.92998],[-68.34043,10.93289],[-68.33357,10.93355],[-68.3302,10.932],[-68.31795,10.93698],[-68.31573,10.93616],[-68.31576,10.93407],[-68.31147,10.93315],[-68.30945,10.93104],[-68.30482,10.93145],[-68.28592,10.92427],[-68.28918,10.91649],[-68.29069,10.9185],[-68.29351,10.91881],[-68.29582,10.91698],[-68.29304,10.91602],[-68.29264,10.91786],[-68.28975,10.91266],[-68.28257,10.90904],[-68.2795,10.90382],[-68.27653,10.9025],[-68.27187,10.90424],[-68.26496,10.90453],[-68.2631,10.90501],[-68.26189,10.90741],[-68.26452,10.90997],[-68.26884,10.90947],[-68.27243,10.91278],[-68.27436,10.91733],[-68.2736,10.92357],[-68.26921,10.92499],[-68.26762,10.92732],[-68.27058,10.9351],[-68.28168,10.94481],[-68.3103,10.98733],[-68.31547,10.99654],[-68.32877,11.02943],[-68.3393,11.0605],[-68.34508,11.0711],[-68.37278,11.11011],[-68.38098,11.12429],[-68.38494,11.13414],[-68.39161,11.14432],[-68.39264,11.14985],[-68.39162,11.15701],[-68.38681,11.16147],[-68.38212,11.15884],[-68.37962,11.16062],[-68.38517,11.16579],[-68.39424,11.17846],[-68.40526,11.18826],[-68.41058,11.19014],[-68.4113,11.18891],[-68.40829,11.18491],[-68.40838,11.17973],[-68.41005,11.17606],[-68.41552,11.17184],[-68.43638,11.17269],[-68.44879,11.17551],[-68.46786,11.19438],[-68.48399,11.20631],[-68.49506,11.21822],[-68.51154,11.23979],[-68.5123,11.24388],[-68.51643,11.24763],[-68.51798,11.25225],[-68.52554,11.25778],[-68.53151,11.26468],[-68.53964,11.26812],[-68.5423,11.26541],[-68.54609,11.26567],[-68.55366,11.26993],[-68.55858,11.27465],[-68.5655,11.2743],[-68.57175,11.27201],[-68.57759,11.27489],[-68.58549,11.27555],[-68.59286,11.28185],[-68.5988,11.28044],[-68.60225,11.28224],[-68.61764,11.29717],[-68.65358,11.34056],[-68.66492,11.34861],[-68.67121,11.34681],[-68.67981,11.35188],[-68.68945,11.35533],[-68.69146,11.35377],[-68.69093,11.34554],[-68.69326,11.34224],[-68.70455,11.34085],[-68.71989,11.34573],[-68.73296,11.3554],[-68.73424,11.35389],[-68.73378,11.35481],[-68.74424,11.36546],[-68.74805,11.367],[-68.75173,11.36648],[-68.76093,11.37243],[-68.76633,11.37307],[-68.78268,11.38968],[-68.79232,11.39576],[-68.80895,11.41462],[-68.83026,11.44343],[-68.83498,11.4421],[-68.83812,11.43885],[-68.84188,11.43858],[-68.85066,11.44276],[-68.85908,11.45043],[-68.87278,11.4488],[-68.87534,11.44585],[-68.88379,11.44944],[-68.88693,11.44773],[-68.8852,11.4459],[-68.8861,11.443],[-68.89122,11.44126],[-68.90977,11.44755],[-68.92227,11.44428],[-68.92962,11.44535],[-68.93369,11.44433],[-68.94697,11.45034],[-68.95914,11.44668],[-68.96505,11.44231],[-68.96872,11.44138],[-68.96795,11.43978],[-68.96937,11.43815],[-68.98022,11.43922],[-68.98448,11.43708],[-68.98725,11.43378],[-68.99565,11.43598],[-69.00885,11.44234],[-69.01482,11.43908],[-69.01795,11.43913],[-69.01934,11.43659],[-69.02322,11.43529],[-69.02957,11.43638],[-69.03947,11.44198],[-69.04592,11.44196],[-69.05086,11.43933],[-69.05363,11.43978],[-69.05932,11.44263],[-69.0691,11.45096],[-69.0872,11.47138],[-69.09782,11.4859],[-69.10763,11.49325],[-69.11226,11.49103],[-69.11071,11.48861],[-69.11228,11.48538],[-69.11913,11.48462],[-69.1255,11.48602],[-69.13331,11.49099],[-69.14095,11.49026],[-69.14515,11.49214],[-69.15561,11.49243],[-69.16678,11.4986],[-69.17642,11.50776],[-69.18435,11.51117],[-69.18716,11.50968],[-69.19585,11.50997],[-69.2001,11.50354],[-69.20279,11.50332],[-69.2107,11.50535],[-69.2208,11.51044],[-69.22229,11.51074],[-69.22331,11.50838],[-69.2272,11.50908],[-69.23777,11.51366],[-69.25467,11.5279],[-69.26612,11.53476],[-69.27068,11.53388],[-69.28242,11.53486],[-69.28621,11.52717],[-69.29388,11.52535],[-69.30359,11.51885],[-69.32029,11.51166],[-69.32705,11.50736],[-69.33232,11.50116],[-69.3487,11.49289],[-69.35473,11.49146],[-69.3567,11.48801],[-69.36853,11.48262],[-69.38108,11.48291],[-69.38847,11.48502],[-69.39198,11.48356],[-69.39642,11.48428],[-69.42599,11.49364],[-69.44052,11.49382],[-69.45919,11.50113],[-69.48348,11.50167],[-69.49485,11.50505],[-69.5088,11.50426],[-69.51525,11.50598],[-69.52539,11.50343],[-69.5332,11.49922],[-69.53824,11.49437],[-69.55852,11.48086],[-69.56654,11.47248],[-69.57125,11.4585],[-69.57467,11.45584],[-69.5907,11.45513],[-69.60052,11.45766],[-69.61073,11.46096],[-69.62809,11.47042],[-69.63847,11.47909],[-69.6544,11.49607],[-69.68838,11.54221],[-69.71883,11.59502],[-69.75531,11.68357],[-69.78478,11.76565],[-69.79096,11.78626],[-69.79952,11.81874],[-69.81245,11.88243],[-69.81414,11.91061],[-69.81245,11.9202],[-69.80856,11.93408],[-69.80626,11.93787],[-69.80214,11.94062],[-69.79645,11.936],[-69.7967,11.93955],[-69.79955,11.94487],[-69.80271,11.94734],[-69.80431,11.94301],[-69.80959,11.9449],[-69.81473,11.95444],[-69.81982,11.97137],[-69.8199,11.98603],[-69.82273,11.99346],[-69.82181,11.99856],[-69.82401,12.00275],[-69.82974,12.00584],[-69.83389,12.01071],[-69.83248,12.01304],[-69.83424,12.01535],[-69.83264,12.01784],[-69.83319,12.02046],[-69.83772,12.02391],[-69.83613,12.02907],[-69.84207,12.03539],[-69.84511,12.03557],[-69.84595,12.04033],[-69.85179,12.04495],[-69.85279,12.04861],[-69.85098,12.05122],[-69.85259,12.05646],[-69.85572,12.0599],[-69.85478,12.06238],[-69.86737,12.07967],[-69.86775,12.08275],[-69.87558,12.0855],[-69.87275,12.09175],[-69.87674,12.09302],[-69.87913,12.10026],[-69.88254,12.10081],[-69.88375,12.10474],[-69.88234,12.10751],[-69.88577,12.11277],[-69.8932,12.13504],[-69.899,12.14326],[-69.9244,12.16533],[-69.93493,12.17271],[-69.93751,12.17045],[-69.94664,12.17532],[-69.95999,12.17523],[-69.96666,12.17285],[-69.97261,12.17451],[-69.98727,12.18165],[-70.00146,12.19507],[-70.00592,12.19174],[-70.00829,12.19156],[-70.01368,12.1938],[-70.0257,12.19373],[-70.02674,12.1899],[-70.03529,12.18737],[-70.03912,12.18354],[-70.05461,12.17798],[-70.05972,12.17229],[-70.06438,12.17054],[-70.07064,12.17088],[-70.0684,12.16747],[-70.06919,12.16484],[-70.08382,12.1575],[-70.09225,12.15043],[-70.09881,12.14799],[-70.10401,12.14122],[-70.11627,12.13443],[-70.12062,12.1298],[-70.1219,12.12385],[-70.12588,12.11992],[-70.13783,12.11183],[-70.14626,12.1095],[-70.1463,12.10672],[-70.14969,12.10408],[-70.17394,12.10027],[-70.17908,12.10042],[-70.18785,12.10368],[-70.20019,12.10182],[-70.21011,12.09656],[-70.21232,12.09301],[-70.21618,12.09089],[-70.215,12.08809],[-70.21944,12.08042],[-70.21313,12.0773],[-70.2105,12.07437],[-70.20982,12.06498],[-70.21539,12.05337],[-70.21761,12.0435],[-70.2356,12.01999],[-70.2466,11.997],[-70.24869,11.99562],[-70.25685,11.98205],[-70.25909,11.96962],[-70.25664,11.96502],[-70.25718,11.96117],[-70.26208,11.9546],[-70.26209,11.95233],[-70.26997,11.94421],[-70.27,11.93967],[-70.27383,11.93282],[-70.28138,11.92588],[-70.28313,11.92195],[-70.28491,11.91339],[-70.28929,11.90715],[-70.29119,11.90137],[-70.29186,11.88937],[-70.28919,11.87157],[-70.30054,11.85373],[-70.29881,11.85377],[-70.29649,11.85832],[-70.292,11.86121],[-70.28833,11.86135],[-70.28364,11.85842],[-70.28035,11.84989],[-70.28256,11.83628],[-70.27753,11.82578],[-70.27706,11.81785],[-70.27876,11.814],[-70.27321,11.81999],[-70.26657,11.82028],[-70.2611,11.81778],[-70.25798,11.81131],[-70.25314,11.79108],[-70.25024,11.79002],[-70.24544,11.7735],[-70.24271,11.77355],[-70.24081,11.76978],[-70.23904,11.75677],[-70.23682,11.75714],[-70.23635,11.75963],[-70.23317,11.7602],[-70.23179,11.76247],[-70.23287,11.76592],[-70.23879,11.76932],[-70.23793,11.77695],[-70.23016,11.78089],[-70.22637,11.7814],[-70.2197,11.77871],[-70.22076,11.77848],[-70.21738,11.77806],[-70.21708,11.77946],[-70.21709,11.77817],[-70.21465,11.77807],[-70.20999,11.77228],[-70.20544,11.76256],[-70.20453,11.75521],[-70.21196,11.7479],[-70.2124,11.74478],[-70.2097,11.74508],[-70.20191,11.74053],[-70.20099,11.73394],[-70.20414,11.72729],[-70.21002,11.72543],[-70.21219,11.73394],[-70.21967,11.72715],[-70.22314,11.72847],[-70.22714,11.73566],[-70.22588,11.74393],[-70.22968,11.73934],[-70.23508,11.73803],[-70.23048,11.73233],[-70.22768,11.73241],[-70.2262,11.73075],[-70.22539,11.7225],[-70.22254,11.72123],[-70.22163,11.71389],[-70.21921,11.71329],[-70.2182,11.71756],[-70.21539,11.71852],[-70.21156,11.71445],[-70.20975,11.70723],[-70.2125,11.69836],[-70.21819,11.69532],[-70.22086,11.69637],[-70.2218,11.69834],[-70.22374,11.69641],[-70.22284,11.69351],[-70.22115,11.69465],[-70.21876,11.6924],[-70.21893,11.68535],[-70.21534,11.67843],[-70.2142,11.671],[-70.21598,11.66968],[-70.21512,11.667],[-70.22104,11.66348],[-70.22746,11.64853],[-70.23316,11.64199],[-70.23707,11.63387],[-70.23633,11.62986],[-70.23098,11.62301],[-70.23066,11.61889],[-70.2261,11.61808],[-70.22468,11.61444],[-70.22544,11.60827],[-70.22127,11.60782],[-70.21983,11.60566],[-70.215,11.60643],[-70.20613,11.60339],[-70.19534,11.60327],[-70.18941,11.60605],[-70.18517,11.60401],[-70.17693,11.60839],[-70.15806,11.61306],[-70.15385,11.61222],[-70.14083,11.6175],[-70.12861,11.61618],[-70.11086,11.61975],[-70.10328,11.62297],[-70.09152,11.62552],[-70.08886,11.62758],[-70.08404,11.62736],[-70.07332,11.63249],[-70.05993,11.63485],[-70.05265,11.63809],[-70.05148,11.63823],[-70.05263,11.63713],[-70.05163,11.6371],[-70.04126,11.6422],[-70.04164,11.64036],[-70.04006,11.64011],[-70.03037,11.64429],[-70.02337,11.64482],[-70.00731,11.65182],[-69.99853,11.65727],[-69.9882,11.65831],[-69.98631,11.657],[-69.98415,11.65814],[-69.98108,11.65725],[-69.97757,11.65838],[-69.97646,11.66033],[-69.96969,11.66227],[-69.96549,11.66086],[-69.96123,11.6665],[-69.9588,11.66648],[-69.95546,11.66304],[-69.95249,11.66396],[-69.95069,11.66714],[-69.94737,11.667],[-69.9403,11.67111],[-69.93849,11.66994],[-69.93975,11.6683],[-69.93282,11.66214],[-69.93675,11.66263],[-69.94765,11.66026],[-69.94041,11.65491],[-69.92986,11.6531],[-69.9254,11.64749],[-69.92214,11.64926],[-69.9125,11.66126],[-69.90636,11.66188],[-69.90329,11.66636],[-69.89909,11.66879],[-69.89826,11.6719],[-69.89181,11.67275],[-69.8978,11.66818],[-69.89731,11.66635],[-69.88843,11.66737],[-69.87813,11.6653],[-69.87503,11.6677],[-69.87087,11.66221],[-69.86609,11.66972],[-69.86134,11.67099],[-69.86599,11.67103],[-69.86633,11.67236],[-69.86407,11.67835],[-69.8599,11.68303],[-69.85175,11.68321],[-69.84726,11.68645],[-69.84567,11.68993],[-69.84112,11.69239],[-69.83335,11.6888],[-69.83336,11.68527],[-69.83671,11.68828],[-69.83456,11.68422],[-69.82973,11.68292],[-69.82903,11.68061],[-69.82481,11.6771],[-69.82159,11.67713],[-69.81593,11.68027],[-69.81159,11.68825],[-69.80713,11.69307],[-69.80079,11.68906],[-69.80354,11.68492],[-69.798,11.67876],[-69.79908,11.67306],[-69.79385,11.66726],[-69.78973,11.65485],[-69.78497,11.65116],[-69.78503,11.64466],[-69.77834,11.63851],[-69.77912,11.63607],[-69.77724,11.63258],[-69.77882,11.63012],[-69.77407,11.62128],[-69.77138,11.6193],[-69.77207,11.61596],[-69.76635,11.61189],[-69.76415,11.59677],[-69.76075,11.58995],[-69.76208,11.58114],[-69.76601,11.57691],[-69.7661,11.57403],[-69.76286,11.57158],[-69.7621,11.56638],[-69.75813,11.56171],[-69.75052,11.55902],[-69.75165,11.55514],[-69.75027,11.54915],[-69.75538,11.54037],[-69.74496,11.53141],[-69.7442,11.52728],[-69.74557,11.52428],[-69.73925,11.52038],[-69.73639,11.51337],[-69.72498,11.51135],[-69.73296,11.50334],[-69.72536,11.50301],[-69.73369,11.49628],[-69.72385,11.49433],[-69.72583,11.49095],[-69.72341,11.49028],[-69.72791,11.48649],[-69.74022,11.48112],[-69.73847,11.48128],[-69.73647,11.47847],[-69.73308,11.4784],[-69.74882,11.46837],[-69.74429,11.46802],[-69.74499,11.46666],[-69.75098,11.46188],[-69.76627,11.4567],[-69.76699,11.45501],[-69.7652,11.4555],[-69.76602,11.45423],[-69.77671,11.44987],[-69.77694,11.44805],[-69.7858,11.44429],[-69.789,11.43697],[-69.78557,11.43451],[-69.78513,11.43174],[-69.792,11.42599],[-69.80416,11.42607],[-69.80911,11.42138],[-69.8158,11.41953],[-69.82773,11.42374],[-69.8296,11.42245],[-69.83408,11.42399],[-69.838,11.42217],[-69.84204,11.42351],[-69.84585,11.42246],[-69.85413,11.42799],[-69.86234,11.42901],[-69.87839,11.43554],[-69.88863,11.44448],[-69.89641,11.45369],[-69.89749,11.45985],[-69.89451,11.46749],[-69.89454,11.47939],[-69.89102,11.48679],[-69.88744,11.4893],[-69.88633,11.49407],[-69.8875,11.49862],[-69.88997,11.50136],[-69.88909,11.50445],[-69.89289,11.5082],[-69.89787,11.50698],[-69.90086,11.50161],[-69.91197,11.49405],[-69.9181,11.49494],[-69.91636,11.50241],[-69.91937,11.50668],[-69.92112,11.50679],[-69.92883,11.50382],[-69.93394,11.49927],[-69.93353,11.49427],[-69.93488,11.49267],[-69.94393,11.49067],[-69.95294,11.48656],[-69.95507,11.48827],[-69.96587,11.48478],[-69.97051,11.48999],[-69.97069,11.49345],[-69.97273,11.49415],[-69.98003,11.49094],[-69.98172,11.4925],[-69.99297,11.51462],[-69.9985,11.51281],[-70.00472,11.51832],[-70.01279,11.51538],[-70.01759,11.51574],[-70.02835,11.51158],[-70.04101,11.51021],[-70.04708,11.5111],[-70.05718,11.51829],[-70.06307,11.5207],[-70.0643,11.52322],[-70.07383,11.53107],[-70.09688,11.53967],[-70.1113,11.54917],[-70.12453,11.56116],[-70.13305,11.56525],[-70.13937,11.56642],[-70.13525,11.56461],[-70.13781,11.56411],[-70.1366,11.56331],[-70.13728,11.5619],[-70.13453,11.56148],[-70.12935,11.55486],[-70.12265,11.55231],[-70.12093,11.54987],[-70.11834,11.55078],[-70.12,11.54924],[-70.11545,11.54955],[-70.11879,11.54811],[-70.11905,11.54676],[-70.11184,11.54038],[-70.1044,11.5408],[-70.09733,11.53579],[-70.09568,11.5362],[-70.09556,11.53428],[-70.08877,11.53146],[-70.08094,11.53107],[-70.08696,11.52844],[-70.09835,11.52932],[-70.10451,11.52796],[-70.10849,11.5305],[-70.11462,11.52939],[-70.11741,11.53043],[-70.1212,11.52694],[-70.11796,11.52511],[-70.11704,11.52168],[-70.11902,11.51987],[-70.12336,11.5199],[-70.11066,11.51725],[-70.1018,11.51978],[-70.08882,11.51857],[-70.08724,11.51978],[-70.08062,11.52002],[-70.07821,11.52183],[-70.0806,11.51859],[-70.08377,11.51747],[-70.08656,11.51331],[-70.08595,11.51207],[-70.08173,11.51203],[-70.07989,11.51288],[-70.07944,11.51536],[-70.07368,11.51818],[-70.06797,11.51892],[-70.07329,11.51565],[-70.0754,11.51227],[-70.08067,11.50993],[-70.07986,11.50639],[-70.07599,11.50654],[-70.0708,11.51239],[-70.05463,11.51311],[-70.05254,11.51124],[-70.04481,11.50923],[-70.04388,11.50819],[-70.0469,11.50231],[-70.04602,11.49879],[-70.04899,11.4894],[-70.04589,11.48923],[-70.04047,11.49219],[-70.02957,11.49261],[-70.02883,11.48996],[-70.02576,11.48786],[-70.01928,11.48819],[-70.01917,11.48653],[-70.0216,11.48449],[-70.01953,11.48298],[-70.02027,11.47691],[-70.01732,11.47499],[-70.01869,11.46756],[-70.03292,11.47738],[-70.04007,11.4778],[-70.04279,11.47382],[-70.04709,11.47803],[-70.05117,11.47707],[-70.05273,11.47487],[-70.05216,11.47206],[-70.05445,11.46941],[-70.05437,11.46585],[-70.04882,11.46578],[-70.04683,11.46847],[-70.04993,11.46793],[-70.04874,11.46972],[-70.04336,11.47053],[-70.04236,11.4691],[-70.0356,11.46894],[-70.03493,11.4674],[-70.03666,11.46646],[-70.03505,11.46561],[-70.03567,11.45999],[-70.03143,11.46221],[-70.02928,11.46156],[-70.03495,11.45907],[-70.03681,11.45182],[-70.04556,11.44211],[-70.04671,11.43652],[-70.04986,11.43678],[-70.05302,11.43907],[-70.05873,11.44556],[-70.06323,11.45406],[-70.07221,11.45043],[-70.08549,11.4492],[-70.08939,11.44765],[-70.08548,11.44625],[-70.08293,11.44247],[-70.08333,11.44084],[-70.08723,11.43441],[-70.09749,11.42465],[-70.10058,11.42563],[-70.10911,11.43398],[-70.13712,11.467],[-70.14881,11.46919],[-70.16522,11.46804],[-70.16737,11.46378],[-70.16348,11.46679],[-70.16136,11.46545],[-70.15879,11.4674],[-70.15385,11.4681],[-70.15264,11.46784],[-70.15341,11.466],[-70.14919,11.46728],[-70.14768,11.46461],[-70.1399,11.46595],[-70.14042,11.46141],[-70.14369,11.45864],[-70.14247,11.45463],[-70.13591,11.45806],[-70.13629,11.45634],[-70.14084,11.45421],[-70.13735,11.4525],[-70.13273,11.45453],[-70.13651,11.45121],[-70.13507,11.44998],[-70.1322,11.45064],[-70.13314,11.44659],[-70.13426,11.44862],[-70.13617,11.4469],[-70.13923,11.45209],[-70.14329,11.44996],[-70.14538,11.44547],[-70.14687,11.43459],[-70.14253,11.43635],[-70.14109,11.43821],[-70.1422,11.43852],[-70.13518,11.44107],[-70.14142,11.43642],[-70.14904,11.42691],[-70.14725,11.42322],[-70.14285,11.42408],[-70.14806,11.41747],[-70.14903,11.41179],[-70.15398,11.40761],[-70.1584,11.40661],[-70.16059,11.40869],[-70.16346,11.40733],[-70.16432,11.40506],[-70.16333,11.4019],[-70.16633,11.39503],[-70.16763,11.38539],[-70.17238,11.37812],[-70.17552,11.37763],[-70.17879,11.3746],[-70.18093,11.36938],[-70.18059,11.3647],[-70.18336,11.36243],[-70.19117,11.36003],[-70.1947,11.35684],[-70.2066,11.35521],[-70.21241,11.35056],[-70.24175,11.34116],[-70.24804,11.3409],[-70.26951,11.35099],[-70.2789,11.35151],[-70.28487,11.34879],[-70.28464,11.34662],[-70.28991,11.34261],[-70.3062,11.33512],[-70.31005,11.32981],[-70.31927,11.32227],[-70.32109,11.31732],[-70.32112,11.32219],[-70.32252,11.32441],[-70.32849,11.32256],[-70.33446,11.31768],[-70.3385,11.31618],[-70.35187,11.31514],[-70.35562,11.31141],[-70.36156,11.30841],[-70.37739,11.30833],[-70.38805,11.30475],[-70.39579,11.29971],[-70.40112,11.29282],[-70.40923,11.2899],[-70.41432,11.28434],[-70.4228,11.2799],[-70.43463,11.27839],[-70.44258,11.2789],[-70.46323,11.28522],[-70.46841,11.28515],[-70.47117,11.28328],[-70.47477,11.28724],[-70.48819,11.28488],[-70.49641,11.27534],[-70.50192,11.27342],[-70.51253,11.26655],[-70.51388,11.26389],[-70.51351,11.25977],[-70.51276,11.26198],[-70.51109,11.26036],[-70.51143,11.26384],[-70.51039,11.25956],[-70.50919,11.26107],[-70.51265,11.24988],[-70.51345,11.25525],[-70.51194,11.25806],[-70.51441,11.25396],[-70.51252,11.24232],[-70.51173,11.25011],[-70.50833,11.25497],[-70.50711,11.26295],[-70.50366,11.26799],[-70.4973,11.27064],[-70.49394,11.27551],[-70.48672,11.27994],[-70.49661,11.26919],[-70.49749,11.26456],[-70.49593,11.26462],[-70.4892,11.27311],[-70.48459,11.27601],[-70.48622,11.27248],[-70.4813,11.2765],[-70.4857,11.2689],[-70.49164,11.26412],[-70.48862,11.26794],[-70.49151,11.26672],[-70.49703,11.2596],[-70.50039,11.25227],[-70.50341,11.25285],[-70.50673,11.2448],[-70.51457,11.23764],[-70.532,11.23084],[-70.55107,11.22903],[-70.58389,11.23276],[-70.60085,11.22633],[-70.61594,11.2239],[-70.63931,11.22542],[-70.66424,11.23075],[-70.67327,11.22636],[-70.68906,11.2278],[-70.69045,11.22602],[-70.69596,11.22479],[-70.71336,11.22638],[-70.72743,11.22062],[-70.7312,11.21777],[-70.7589,11.21318],[-70.76883,11.20594],[-70.78393,11.20181],[-70.79606,11.20155],[-70.82012,11.1969],[-70.83679,11.19666],[-70.84417,11.19457],[-70.85146,11.19166],[-70.85467,11.18794],[-70.86152,11.186],[-70.88077,11.17523],[-70.88439,11.17193],[-70.91008,11.15887],[-70.9272,11.14676],[-70.93261,11.14529],[-70.94144,11.13823],[-70.94451,11.13313],[-70.94902,11.1303],[-70.98731,11.11488],[-70.99288,11.11069],[-71.00406,11.10749],[-71.01029,11.10151],[-71.03689,11.08816],[-71.04684,11.08043],[-71.06712,11.07222],[-71.07295,11.06732],[-71.07444,11.061],[-71.0734,11.06275],[-71.06793,11.06475],[-71.07053,11.06108],[-71.07404,11.05911],[-71.0972,11.054],[-71.11196,11.0491],[-71.1225,11.04241],[-71.12918,11.04113],[-71.13521,11.0374],[-71.15061,11.02458],[-71.16218,11.01928],[-71.17532,11.01539],[-71.18678,11.00736],[-71.21074,11.00237],[-71.23095,10.99109],[-71.23982,10.98987],[-71.24693,10.98656],[-71.25275,10.98663],[-71.25477,10.98471],[-71.26721,10.98125],[-71.27792,10.9802],[-71.29401,10.97511],[-71.29899,10.97217],[-71.30972,10.97022],[-71.31501,10.96345],[-71.30125,10.96299],[-71.28846,10.96888],[-71.28518,10.96629],[-71.28248,10.9666],[-71.27825,10.96851],[-71.27365,10.97425],[-71.27027,10.97512],[-71.26891,10.96474],[-71.27159,10.95672],[-71.26773,10.95024],[-71.26804,10.9486],[-71.26534,10.94575],[-71.25607,10.94498],[-71.25203,10.94089],[-71.24556,10.94179],[-71.23497,10.93683],[-71.22762,10.93634],[-71.22097,10.93252],[-71.22013,10.92862],[-71.22323,10.92262],[-71.21726,10.91585],[-71.21689,10.90148],[-71.2094,10.89289],[-71.20943,10.88705],[-71.20396,10.8837],[-71.20196,10.87704],[-71.19829,10.87124],[-71.19847,10.86884],[-71.20119,10.86568],[-71.19917,10.85746],[-71.1973,10.85702],[-71.19511,10.84925],[-71.19027,10.846],[-71.18832,10.83778],[-71.18308,10.83046],[-71.17688,10.82781],[-71.17286,10.82271],[-71.16872,10.82323],[-71.16762,10.81983],[-71.16127,10.81514],[-71.15204,10.81345],[-71.14883,10.80873],[-71.14463,10.80966],[-71.14363,10.81147],[-71.14162,10.81071],[-71.1317,10.8032],[-71.12948,10.79344],[-71.12709,10.79453],[-71.12453,10.79378],[-71.11313,10.78071],[-71.10989,10.78126],[-71.10927,10.77981],[-71.10258,10.77743],[-71.10127,10.77292],[-71.09745,10.77071],[-71.09774,10.76349],[-71.09936,10.75955],[-71.09758,10.7576],[-71.09854,10.75604],[-71.09505,10.75217],[-71.1008,10.74591],[-71.09481,10.74033],[-71.09479,10.73743],[-71.09711,10.73604],[-71.09528,10.73591],[-71.09495,10.72994],[-71.09271,10.72781],[-71.09357,10.72368],[-71.0925,10.72108],[-71.09274,10.71682],[-71.09598,10.71179],[-71.09602,10.70797],[-71.09363,10.70359],[-71.08972,10.70353],[-71.09103,10.70007],[-71.0885,10.69461],[-71.0965,10.69058],[-71.0952,10.68546],[-71.09669,10.68061],[-71.09479,10.67676],[-71.0873,10.67251],[-71.08798,10.66833],[-71.08543,10.66302],[-71.0835,10.66249],[-71.0833,10.65272],[-71.08111,10.65047],[-71.08308,10.64761],[-71.0806,10.64483],[-71.08192,10.6398],[-71.08548,10.63727],[-71.08678,10.62565],[-71.08375,10.62364],[-71.08321,10.62156],[-71.08459,10.62006],[-71.08281,10.61676],[-71.08131,10.61527],[-71.07747,10.61677],[-71.07513,10.61027],[-71.06801,10.6119],[-71.06582,10.60477],[-71.05438,10.60386],[-71.05334,10.59915],[-71.04849,10.5935],[-71.04722,10.58897],[-71.04849,10.58643],[-71.04768,10.58282],[-71.04004,10.57817],[-71.03829,10.57492],[-71.025,10.5744],[-71.02507,10.5674],[-71.02814,10.56272],[-71.0276,10.55907],[-71.02341,10.55698],[-71.02342,10.5508],[-71.02002,10.54523],[-71.02233,10.53793],[-71.02069,10.5367],[-71.02036,10.52995],[-71.01751,10.52381],[-71.02051,10.51544],[-71.01955,10.51199],[-71.01726,10.51051],[-71.01699,10.50681],[-71.01239,10.50524],[-71.00691,10.50716],[-71.00115,10.50454],[-70.99974,10.50544],[-71.00026,10.50916],[-70.9983,10.51173],[-70.99127,10.5074],[-70.99071,10.50315],[-70.98608,10.50014],[-70.97811,10.50177],[-70.97132,10.50021],[-70.97015,10.49575],[-70.97152,10.49515],[-70.96854,10.49007],[-70.97115,10.48826],[-70.969,10.48698],[-70.96543,10.4874],[-70.963,10.48369],[-70.9573,10.48343],[-70.9585,10.48109],[-70.95662,10.47985],[-70.95626,10.4761],[-70.95823,10.47215],[-70.95724,10.47184],[-70.95788,10.46957],[-70.95259,10.46491],[-70.93992,10.46837],[-70.9295,10.46725],[-70.92696,10.46577],[-70.91512,10.46778],[-70.90899,10.46512],[-70.90323,10.46671],[-70.89194,10.462],[-70.88723,10.45782],[-70.88484,10.45115],[-70.87815,10.44913],[-70.86904,10.45191],[-70.8656,10.45898],[-70.86313,10.46099],[-70.85224,10.45851],[-70.84286,10.45256],[-70.83857,10.45892],[-70.83271,10.46251],[-70.81184,10.46594],[-70.80672,10.47164],[-70.80229,10.46975],[-70.79835,10.46463],[-70.79114,10.44493],[-70.78427,10.43535],[-70.78224,10.42926],[-70.77309,10.42207],[-70.77231,10.40975],[-70.76799,10.40439],[-70.7623,10.40029],[-70.75762,10.39355],[-70.75895,10.38932],[-70.75856,10.37728],[-70.76042,10.37275],[-70.76576,10.36655],[-70.76804,10.35998],[-70.76362,10.35656],[-70.76075,10.35195],[-70.76097,10.33677],[-70.76409,10.33289],[-70.76259,10.33006],[-70.75796,10.32581],[-70.74763,10.32362],[-70.74222,10.32027],[-70.72834,10.30482],[-70.71887,10.30333],[-70.69615,10.30316],[-70.69201,10.30113],[-70.68066,10.30119],[-70.66236,10.31682],[-70.65405,10.31593],[-70.64642,10.32209],[-70.62354,10.32998],[-70.6041,10.32928],[-70.58142,10.32278],[-70.57471,10.32367],[-70.5691,10.32709],[-70.56009,10.34031],[-70.55412,10.34655],[-70.55364,10.35519],[-70.54415,10.36508],[-70.53566,10.39829],[-70.5356,10.40242],[-70.53786,10.40809],[-70.53724,10.41168],[-70.52701,10.4231],[-70.52383,10.43634],[-70.52068,10.44302],[-70.50154,10.45289],[-70.49349,10.46196],[-70.48643,10.46215],[-70.48226,10.45859],[-70.47917,10.45854],[-70.47285,10.46547],[-70.46159,10.46948],[-70.45708,10.46737],[-70.4547,10.46166],[-70.45151,10.45889],[-70.43501,10.45171],[-70.43167,10.45239],[-70.42714,10.45653],[-70.42433,10.4629],[-70.41766,10.46521],[-70.41378,10.4729],[-70.40971,10.47661],[-70.40324,10.47837],[-70.39755,10.4855],[-70.39671,10.49702],[-70.38969,10.51097],[-70.39559,10.52157],[-70.39526,10.52442],[-70.38618,10.53195],[-70.38154,10.53306],[-70.37875,10.53225],[-70.37611,10.53395],[-70.37047,10.54459],[-70.36365,10.54397],[-70.35553,10.54618],[-70.34746,10.54568],[-70.34281,10.54764],[-70.34117,10.55229],[-70.34138,10.56132],[-70.34308,10.56523],[-70.34208,10.56795],[-70.33426,10.56569],[-70.32648,10.56875],[-70.32122,10.57287],[-70.3209,10.57735],[-70.31883,10.57952],[-70.31297,10.58098],[-70.31156,10.5803],[-70.30965,10.57333],[-70.30562,10.57008],[-70.29592,10.57039],[-70.28651,10.56472],[-70.27948,10.56338],[-70.27846,10.56128],[-70.27547,10.56216],[-70.25336,10.57298],[-70.25113,10.57759],[-70.24542,10.58103],[-70.24494,10.58539],[-70.24147,10.58767],[-70.23559,10.58933],[-70.23081,10.58803],[-70.2218,10.59416],[-70.21792,10.59438],[-70.20457,10.60139],[-70.20242,10.60552],[-70.19901,10.60823],[-70.1885,10.60983],[-70.18227,10.6148],[-70.17686,10.61585],[-70.175,10.61928],[-70.17997,10.6221],[-70.18217,10.62639],[-70.17848,10.63275],[-70.17737,10.64269],[-70.17222,10.64542],[-70.16665,10.64594],[-70.16117,10.65032],[-70.15898,10.65473],[-70.14712,10.6579],[-70.14484,10.6614],[-70.14149,10.66297],[-70.13342,10.66306],[-70.13126,10.66062],[-70.12579,10.65958],[-70.12296,10.65501],[-70.11717,10.64998],[-70.11294,10.653],[-70.1063,10.65247],[-70.09965,10.65507],[-70.09481,10.6536],[-70.08567,10.65549],[-70.08044,10.64659],[-70.0806,10.64163],[-70.07449,10.63888],[-70.0585,10.6412],[-70.05043,10.64472],[-70.0463,10.65277],[-70.04299,10.65475],[-70.03418,10.65428],[-70.02586,10.66062],[-70.01884,10.66361],[-70.01489,10.67217],[-70.01084,10.6719],[-70.00559,10.67487],[-69.9942,10.6752],[-69.98759,10.67956],[-69.98151,10.68128],[-69.97579,10.68789],[-69.96469,10.69612],[-69.95072,10.70171],[-69.94376,10.69013],[-69.94018,10.68839],[-69.93827,10.68776],[-69.92758,10.69254],[-69.92025,10.68943],[-69.91732,10.69013],[-69.90865,10.69666],[-69.89299,10.7049],[-69.88043,10.70544],[-69.86755,10.71],[-69.86615,10.71241],[-69.86713,10.71937],[-69.85593,10.73073],[-69.8529,10.73182],[-69.84822,10.73058],[-69.84052,10.73128],[-69.83079,10.73501],[-69.81867,10.7426],[-69.81651,10.74169],[-69.81096,10.7303],[-69.81882,10.7282],[-69.82246,10.72555],[-69.82801,10.71729],[-69.82806,10.70865],[-69.82193,10.70396],[-69.81409,10.70512],[-69.80431,10.71104],[-69.79214,10.71255],[-69.78631,10.71534],[-69.78085,10.72166],[-69.76268,10.73326],[-69.75762,10.73431],[-69.75447,10.73717],[-69.73402,10.74534],[-69.72082,10.74466],[-69.69056,10.71949],[-69.68,10.72127],[-69.65752,10.73694],[-69.64964,10.73892],[-69.64407,10.73843],[-69.6229,10.72773],[-69.61752,10.7271],[-69.61147,10.73231],[-69.60881,10.73252],[-69.58948,10.72833],[-69.5776,10.73265],[-69.56715,10.7296],[-69.5641,10.73047],[-69.55717,10.73686],[-69.54505,10.74311],[-69.52844,10.74205],[-69.52192,10.74034],[-69.51611,10.74191],[-69.5147,10.73798],[-69.51746,10.73671],[-69.51799,10.73288],[-69.51565,10.7304],[-69.51579,10.72832],[-69.52237,10.71694],[-69.51857,10.70601],[-69.51832,10.69484],[-69.51516,10.68981],[-69.51448,10.6914],[-69.50464,10.69464],[-69.50212,10.69333],[-69.49425,10.69431],[-69.48909,10.69125],[-69.46483,10.68984],[-69.45836,10.69377],[-69.45415,10.69961],[-69.44843,10.6985],[-69.44522,10.70059],[-69.44069,10.69854],[-69.43513,10.70243],[-69.42417,10.70003],[-69.42182,10.70269],[-69.41489,10.70267],[-69.41003,10.70446],[-69.40823,10.70793],[-69.40423,10.70981],[-69.39735,10.70863],[-69.39346,10.70403],[-69.38835,10.70562],[-69.38258,10.70543],[-69.38123,10.70593],[-69.38083,10.71157],[-69.37974,10.71184],[-69.37578,10.70625],[-69.36534,10.7048],[-69.35783,10.70203],[-69.35346,10.70389],[-69.35013,10.70143],[-69.34501,10.7057],[-69.33745,10.69956],[-69.33403,10.70169],[-69.33408,10.69755],[-69.33036,10.69622],[-69.33045,10.7004],[-69.32578,10.70292],[-69.32375,10.70191],[-69.3242,10.69982],[-69.32229,10.69812],[-69.31994,10.69809],[-69.31519,10.70119],[-69.30617,10.69504],[-69.30575,10.70054],[-69.29968,10.70297],[-69.29661,10.70163],[-69.29391,10.69765],[-69.29098,10.69717],[-69.28579,10.69974],[-69.28021,10.69771],[-69.27767,10.69952],[-69.27333,10.6971],[-69.26974,10.69896],[-69.26381,10.69893],[-69.25816,10.70097],[-69.24891,10.69117],[-69.24204,10.69746],[-69.23481,10.69281],[-69.23018,10.69598],[-69.22609,10.69252],[-69.22222,10.69997],[-69.21656,10.70267],[-69.21222,10.69968],[-69.21143,10.69807],[-69.2129,10.69405],[-69.21011,10.69177],[-69.20706,10.69296],[-69.20468,10.69854],[-69.20122,10.69277],[-69.19627,10.69108],[-69.18978,10.69209],[-69.18747,10.69661],[-69.18577,10.69523],[-69.18603,10.69206],[-69.18443,10.69192],[-69.17996,10.69626],[-69.17873,10.6929],[-69.18317,10.69049],[-69.1838,10.68874],[-69.17939,10.68667],[-69.17557,10.68791],[-69.17319,10.69432],[-69.17124,10.6954],[-69.16941,10.68813],[-69.16673,10.6872],[-69.16357,10.68934],[-69.16094,10.68444],[-69.15313,10.68466],[-69.14951,10.69127],[-69.14866,10.68458],[-69.14569,10.68308],[-69.13375,10.68964],[-69.13284,10.68644],[-69.13471,10.68088],[-69.13304,10.67906],[-69.12622,10.68227],[-69.12749,10.68522],[-69.12682,10.68786],[-69.12284,10.68659],[-69.11848,10.68086],[-69.10861,10.68227],[-69.10313,10.67968],[-69.09956,10.68251],[-69.09566,10.68259],[-69.09484,10.68503],[-69.09174,10.68622],[-69.08377,10.68147],[-69.08499,10.67246],[-69.08095,10.66836],[-69.08349,10.66809],[-69.08435,10.66618],[-69.07885,10.66091],[-69.07736,10.66288],[-69.07236,10.66136],[-69.06413,10.67148],[-69.05717,10.6768],[-69.05424,10.67684],[-69.05389,10.67475],[-69.05194,10.67378],[-69.05115,10.67647],[-69.05319,10.68123],[-69.0493,10.67959],[-69.04553,10.68009],[-69.04188,10.68312],[-69.03639,10.6827],[-69.0355,10.68348],[-69.03655,10.68576],[-69.03218,10.68455],[-69.03087,10.68779],[-69.03512,10.68918],[-69.03317,10.68998],[-69.02949,10.6897],[-69.02471,10.68523],[-69.02417,10.69019],[-69.02326,10.69081],[-69.01957,10.68678],[-69.01808,10.68745],[-69.01874,10.6917],[-69.01432,10.69234],[-69.01015,10.69713],[-69.00704,10.69511],[-69.002,10.69516],[-69.00102,10.69209],[-68.99772,10.69794],[-68.99301,10.69662],[-68.99078,10.69354],[-68.98871,10.69699],[-68.97815,10.69701],[-68.97248,10.69425],[-68.96764,10.69751],[-68.96676,10.69706],[-68.96836,10.69123],[-68.96689,10.69066],[-68.96189,10.69354],[-68.96079,10.70095],[-68.95864,10.69975],[-68.95778,10.69661],[-68.95154,10.69952],[-68.94829,10.69644],[-68.94597,10.70331],[-68.94302,10.70484],[-68.9434,10.69764],[-68.942,10.69872],[-68.93554,10.69463],[-68.93007,10.69319],[-68.92817,10.69476],[-68.92229,10.69402],[-68.92049,10.69634],[-68.91306,10.69408],[-68.91092,10.69563],[-68.90956,10.69367],[-68.90663,10.69505],[-68.90342,10.69369],[-68.8913,10.67697],[-68.89234,10.67295],[-68.89037,10.66927],[-68.89107,10.66483],[-68.88965,10.66146],[-68.89078,10.65432],[-68.8824,10.64964],[-68.87486,10.6496],[-68.84348,10.6504],[-68.82867,10.66811],[-68.81885,10.68249],[-68.81091,10.68943],[-68.8098,10.69329],[-68.80437,10.69452],[-68.79876,10.69225],[-68.79385,10.6922],[-68.79208,10.6954],[-68.79356,10.70127],[-68.79259,10.70301],[-68.78332,10.70597],[-68.78077,10.7124],[-68.77302,10.71853],[-68.77807,10.72196],[-68.77996,10.72552],[-68.7789,10.72785],[-68.77244,10.72656],[-68.76637,10.72725],[-68.75442,10.72282],[-68.74292,10.72086],[-68.73208,10.72568],[-68.72568,10.72561],[-68.71407,10.72915],[-68.71068,10.7275],[-68.69892,10.72879],[-68.69339,10.72417],[-68.68829,10.73059],[-68.67936,10.73099],[-68.67668,10.73022],[-68.67322,10.72452],[-68.67013,10.72309],[-68.6556,10.73336],[-68.64021,10.75767],[-68.62737,10.76958],[-68.61815,10.77406],[-68.6518,10.61868],[-68.62873,10.61184],[-68.62865,10.615],[-68.62676,10.6126],[-68.62231,10.6146],[-68.62018,10.60601],[-68.61784,10.60578],[-68.61564,10.60886],[-68.61482,10.60641],[-68.6113,10.60548],[-68.61214,10.6085],[-68.60803,10.60672],[-68.60617,10.60368],[-68.60094,10.60254],[-68.60087,10.60096],[-68.59628,10.60423],[-68.59598,10.60336],[-68.59508,10.60609],[-68.58984,10.60374],[-68.58851,10.60461],[-68.58797,10.6006],[-68.58419,10.60095],[-68.58282,10.59791],[-68.58171,10.59899],[-68.58232,10.60217],[-68.57879,10.6023],[-68.57568,10.60036],[-68.57383,10.60254],[-68.5723,10.60181],[-68.57217,10.59885],[-68.56703,10.60118],[-68.5649,10.60515],[-68.56235,10.60355],[-68.5588,10.60464],[-68.55998,10.60326],[-68.5519,10.60048],[-68.54828,10.59624],[-68.5455,10.59818],[-68.53787,10.59757],[-68.53165,10.60048],[-68.52952,10.59991],[-68.52937,10.59656],[-68.24872,10.57863],[-68.24242,10.58353],[-68.23548,10.5777]]]}},{"type":"Feature","properties":{"shapeName":"Guárico","shapeISO":"VE-J","shapeID":"42786344B64923890567976","shapeGroup":"VEN","shapeType":"ADM1"},"geometry":{"type":"Polygon","coordinates":[[[-65.71771,9.96206],[-65.7452,9.95719],[-65.74637,9.95403],[-65.74516,9.94777],[-65.74785,9.947],[-65.74882,9.94517],[-65.74693,9.94184],[-65.74852,9.94046],[-65.75612,9.94054],[-65.75953,9.94966],[-65.76967,9.95261],[-65.77207,9.94915],[-65.77058,9.94489],[-65.7732,9.94287],[-65.77685,9.94582],[-65.77835,9.95054],[-65.78194,9.95515],[-65.78845,9.95521],[-65.79085,9.95661],[-65.7919,9.96066],[-65.7944,9.96085],[-65.80005,9.9559],[-65.80529,9.95591],[-65.80751,9.95421],[-65.8173,9.96],[-65.82515,9.96189],[-65.82815,9.96532],[-65.83472,9.9689],[-65.844,9.97018],[-65.85345,9.96761],[-65.85739,9.96981],[-65.87064,9.96822],[-65.87524,9.96904],[-65.88034,9.96595],[-65.89172,9.96796],[-65.89645,9.96523],[-65.90506,9.95659],[-65.90737,9.95001],[-65.91108,9.94922],[-65.9184,9.94458],[-65.93255,9.9452],[-65.93711,9.9426],[-65.94054,9.94553],[-65.94343,9.94388],[-65.95062,9.93511],[-65.96975,9.94237],[-65.98171,9.93732],[-65.98826,9.93777],[-65.99477,9.9424],[-66.00344,9.93879],[-66.02634,9.95115],[-66.03067,9.95066],[-66.0464,9.95572],[-66.06043,9.95675],[-66.06302,9.96864],[-66.07542,9.96773],[-66.0778,9.97033],[-66.08249,9.9694],[-66.08776,9.97119],[-66.08779,9.96696],[-66.09196,9.95849],[-66.09924,9.95228],[-66.10712,9.95574],[-66.11136,9.95541],[-66.1145,9.95691],[-66.12158,9.95518],[-66.12569,9.95637],[-66.12936,9.96562],[-66.13296,9.96394],[-66.14632,9.97698],[-66.15144,9.97313],[-66.15436,9.96556],[-66.15456,9.9609],[-66.15769,9.95789],[-66.15769,9.95229],[-66.16164,9.9479],[-66.16691,9.94695],[-66.17866,9.9493],[-66.18927,9.95638],[-66.1896,9.96012],[-66.19302,9.95638],[-66.20044,9.95658],[-66.20765,9.95097],[-66.21103,9.95675],[-66.22036,9.96057],[-66.22385,9.96543],[-66.22423,9.96922],[-66.23395,9.96926],[-66.23759,9.97832],[-66.24444,9.98799],[-66.26047,9.98312],[-66.26516,9.98448],[-66.26814,9.98297],[-66.27634,9.98518],[-66.28075,9.98267],[-66.28349,9.97783],[-66.2901,9.97883],[-66.2943,9.98399],[-66.31034,9.9945],[-66.31729,10.00294],[-66.32637,10.00279],[-66.33106,9.99893],[-66.33566,9.99867],[-66.3381,10.00412],[-66.33581,10.01017],[-66.3362,10.01364],[-66.33993,10.01925],[-66.34843,10.02557],[-66.35664,10.0281],[-66.36438,10.02769],[-66.37821,10.03903],[-66.38569,10.04053],[-66.39704,10.0375],[-66.40692,10.03949],[-66.42158,10.03298],[-66.4311,10.03078],[-66.43354,10.02776],[-66.43412,10.01831],[-66.44128,10.01625],[-66.44581,10.01321],[-66.46278,10.01336],[-66.47262,10.0218],[-66.48163,10.02155],[-66.48543,10.01939],[-66.48772,10.01316],[-66.48905,10.002],[-66.48755,9.9963],[-66.49151,9.99246],[-66.5082,9.98035],[-66.52151,9.97992],[-66.53002,9.97402],[-66.53409,9.97429],[-66.54123,9.96733],[-66.5468,9.96648],[-66.55459,9.97103],[-66.56281,9.97904],[-66.56651,9.97942],[-66.57102,9.97717],[-66.58422,9.98311],[-66.59177,9.98009],[-66.59564,9.97614],[-66.60595,9.97607],[-66.61285,9.97249],[-66.61126,9.97177],[-66.61332,9.96625],[-66.61012,9.96009],[-66.61025,9.95438],[-66.60288,9.94823],[-66.6052,9.93665],[-66.60417,9.93057],[-66.60753,9.92489],[-66.60319,9.91789],[-66.60471,9.91196],[-66.60117,9.90924],[-66.60119,9.90048],[-66.5951,9.89162],[-66.59693,9.88829],[-66.60118,9.88623],[-66.59877,9.87067],[-66.6021,9.86609],[-66.59502,9.84835],[-66.58119,9.84059],[-66.57447,9.8405],[-66.57859,9.8378],[-66.57716,9.83369],[-66.58533,9.83304],[-66.58732,9.82755],[-66.59178,9.82703],[-66.59763,9.81799],[-66.59746,9.81528],[-66.59506,9.81455],[-66.59227,9.80992],[-66.58851,9.8101],[-66.58527,9.80676],[-66.58881,9.80472],[-66.599,9.80322],[-66.60268,9.80027],[-66.60369,9.79344],[-66.60001,9.79173],[-66.59999,9.78342],[-66.60426,9.77875],[-66.61008,9.77664],[-66.61072,9.77402],[-66.61641,9.77521],[-66.61815,9.7801],[-66.62143,9.77979],[-66.62406,9.77186],[-66.62281,9.76913],[-66.62507,9.76632],[-66.62229,9.76146],[-66.62089,9.76167],[-66.61885,9.75658],[-66.62091,9.7549],[-66.62655,9.75529],[-66.62763,9.75212],[-66.62412,9.74772],[-66.62484,9.74386],[-66.62386,9.74263],[-66.62431,9.73875],[-66.62727,9.73678],[-66.62659,9.73591],[-66.62465,9.73714],[-66.62137,9.73178],[-66.62279,9.72741],[-66.63225,9.72067],[-66.63124,9.71812],[-66.63323,9.71334],[-66.62845,9.71278],[-66.62785,9.71485],[-66.6269,9.71369],[-66.62349,9.7154],[-66.62244,9.70877],[-66.61626,9.7086],[-66.61358,9.71031],[-66.60992,9.70863],[-66.60704,9.70299],[-66.60455,9.70224],[-66.60249,9.69924],[-66.60279,9.69738],[-66.60022,9.69567],[-66.59749,9.69632],[-66.59736,9.6935],[-66.595,9.69086],[-66.59196,9.68996],[-66.57921,9.67963],[-66.57395,9.67744],[-66.57486,9.67298],[-66.57294,9.66663],[-66.56914,9.66697],[-66.56848,9.66476],[-66.56385,9.66236],[-66.55819,9.66166],[-66.55757,9.65706],[-66.55582,9.65566],[-66.55694,9.64665],[-66.55241,9.63888],[-66.54938,9.6366],[-66.55091,9.625],[-66.55355,9.62028],[-66.54858,9.61845],[-66.54614,9.613],[-66.55841,9.60526],[-66.55282,9.60185],[-66.55436,9.59557],[-66.56066,9.59326],[-66.56001,9.59057],[-66.56545,9.591],[-66.56274,9.58821],[-66.56403,9.58503],[-66.56106,9.58257],[-66.56792,9.57991],[-66.56925,9.57381],[-66.56816,9.56963],[-66.57471,9.55881],[-66.5723,9.5573],[-66.56963,9.55116],[-66.56685,9.54897],[-66.57393,9.544],[-66.57436,9.54695],[-66.57563,9.54728],[-66.57831,9.54392],[-66.57747,9.54097],[-66.58005,9.53746],[-66.58456,9.53632],[-66.58563,9.53718],[-66.58643,9.53569],[-66.58298,9.52652],[-66.57798,9.52633],[-66.58143,9.52156],[-66.5752,9.50996],[-66.56974,9.50347],[-66.56707,9.50459],[-66.56553,9.49895],[-66.5626,9.49781],[-66.56336,9.50254],[-66.55948,9.50061],[-66.55668,9.48928],[-66.55801,9.48331],[-66.5641,9.47879],[-66.56475,9.47357],[-66.5633,9.47264],[-66.56271,9.474],[-66.56201,9.47254],[-66.56287,9.46809],[-66.56672,9.4642],[-66.56813,9.46],[-66.56614,9.45535],[-66.5687,9.45214],[-66.56829,9.45004],[-66.57374,9.44612],[-66.57298,9.44212],[-66.57487,9.44373],[-66.57577,9.44115],[-66.56953,9.43947],[-66.56808,9.43775],[-66.57679,9.43629],[-66.57626,9.43185],[-66.5779,9.4295],[-66.57511,9.42566],[-66.58304,9.41324],[-66.58696,9.41087],[-66.58721,9.40826],[-66.58442,9.40705],[-66.58383,9.40355],[-66.58759,9.39761],[-66.59065,9.39817],[-66.59165,9.38909],[-66.59576,9.38823],[-66.59421,9.38367],[-66.59615,9.37882],[-66.60001,9.38027],[-66.60132,9.3773],[-66.60707,9.37551],[-66.60728,9.37365],[-66.60432,9.37203],[-66.60353,9.3695],[-66.60967,9.36314],[-66.60848,9.35688],[-66.61032,9.3561],[-66.61103,9.35969],[-66.61733,9.35553],[-66.62009,9.35633],[-66.6201,9.35079],[-66.62853,9.34883],[-66.63189,9.34481],[-66.63425,9.34417],[-66.63193,9.34154],[-66.63226,9.33982],[-66.63482,9.33675],[-66.63854,9.33795],[-66.63848,9.3349],[-66.63477,9.3335],[-66.63662,9.33158],[-66.63521,9.32802],[-66.63897,9.32464],[-66.64161,9.32459],[-66.6395,9.32134],[-66.64221,9.31986],[-66.64149,9.31442],[-66.64372,9.31702],[-66.64603,9.31654],[-66.64378,9.31364],[-66.64718,9.31315],[-66.64652,9.3053],[-66.6496,9.30516],[-66.65136,9.30357],[-66.6568,9.29049],[-66.66207,9.28941],[-66.66441,9.2848],[-66.66716,9.28598],[-66.66793,9.28414],[-66.66929,9.2844],[-66.67089,9.27986],[-66.67577,9.27675],[-66.67652,9.27767],[-66.67759,9.27541],[-66.67919,9.27621],[-66.68031,9.27354],[-66.67896,9.2719],[-66.68072,9.27105],[-66.67977,9.26883],[-66.6836,9.26589],[-66.68297,9.26292],[-66.6852,9.2629],[-66.6852,9.26148],[-66.70277,9.25231],[-66.70698,9.25179],[-66.71513,9.25918],[-66.7197,9.26702],[-66.7278,9.27348],[-66.72852,9.27682],[-66.75608,9.30304],[-66.76567,9.29938],[-66.7681,9.29655],[-66.77676,9.29515],[-66.81597,9.31421],[-66.81624,9.31597],[-66.83371,9.32877],[-66.83703,9.33916],[-66.85137,9.3443],[-66.86052,9.33713],[-66.89328,9.33732],[-66.98281,9.43637],[-66.99953,9.41225],[-67.00127,9.41414],[-67.00338,9.41418],[-67.00627,9.40985],[-67.00633,9.41458],[-67.00865,9.4134],[-67.01396,9.41564],[-67.01056,9.42093],[-67.01336,9.4197],[-67.01502,9.42202],[-67.01283,9.42646],[-67.01048,9.42801],[-67.00871,9.43487],[-67.01145,9.43379],[-67.01559,9.43749],[-67.01514,9.43906],[-67.01353,9.43744],[-67.00935,9.44052],[-67.00902,9.44211],[-67.01148,9.44419],[-67.00984,9.44942],[-67.00471,9.44522],[-67.00363,9.44963],[-67.00041,9.45175],[-67.00006,9.45534],[-67.00344,9.46116],[-67.00266,9.46846],[-66.99866,9.47379],[-66.99609,9.47187],[-66.99721,9.46824],[-66.99375,9.47123],[-66.99108,9.47116],[-66.99124,9.47684],[-66.98296,9.48016],[-66.98371,9.48331],[-66.98177,9.48576],[-66.98414,9.48835],[-66.98131,9.49037],[-66.9806,9.49317],[-66.97559,9.49423],[-66.97845,9.49972],[-66.98008,9.50067],[-66.98292,9.49963],[-66.98571,9.50457],[-66.98639,9.50582],[-66.98386,9.50896],[-66.98068,9.51083],[-66.97695,9.51034],[-66.97587,9.51541],[-66.97388,9.51592],[-66.9707,9.51332],[-66.96791,9.51408],[-66.96715,9.51839],[-66.97064,9.51852],[-66.9683,9.52269],[-66.96306,9.51985],[-66.96054,9.52027],[-66.95701,9.52356],[-66.95458,9.52986],[-66.94742,9.5317],[-66.94723,9.53337],[-66.95005,9.53495],[-66.95063,9.53712],[-66.9451,9.5426],[-66.94429,9.54025],[-66.94052,9.53857],[-66.94005,9.5359],[-66.9369,9.53396],[-66.93528,9.53391],[-66.93459,9.5382],[-66.93034,9.53991],[-66.91852,9.53685],[-66.91527,9.53803],[-66.91344,9.5422],[-66.91177,9.54231],[-66.91166,9.53853],[-66.91011,9.53841],[-66.90671,9.53938],[-66.90338,9.5437],[-66.89827,9.53578],[-66.89245,9.53799],[-66.87947,9.55162],[-66.87052,9.56826],[-66.86676,9.57904],[-66.85949,9.58988],[-66.85954,9.59256],[-66.86153,9.59469],[-66.85635,9.59575],[-66.8568,9.60106],[-66.85313,9.5995],[-66.84599,9.60791],[-66.84883,9.61175],[-66.84832,9.61368],[-66.84213,9.61573],[-66.83961,9.61811],[-66.84465,9.61925],[-66.84517,9.62674],[-66.84413,9.62757],[-66.84721,9.63185],[-66.84675,9.6343],[-66.84862,9.6355],[-66.85109,9.64321],[-66.85405,9.64282],[-66.85305,9.64754],[-66.84828,9.64917],[-66.84858,9.65403],[-66.84577,9.65742],[-66.84785,9.65953],[-66.8525,9.65857],[-66.85291,9.66049],[-66.85028,9.66518],[-66.86169,9.66886],[-66.87464,9.67801],[-66.87879,9.67954],[-66.89576,9.67632],[-66.90065,9.67679],[-66.90923,9.67949],[-66.91542,9.68563],[-66.92903,9.68671],[-66.93774,9.68495],[-66.94228,9.69127],[-66.94661,9.69353],[-66.96346,9.69387],[-66.95977,9.70879],[-66.95842,9.72127],[-66.96097,9.72427],[-66.96416,9.72544],[-66.96563,9.74073],[-66.97139,9.74611],[-66.97294,9.75223],[-66.98146,9.75894],[-66.98615,9.75523],[-66.99211,9.75305],[-66.99746,9.75638],[-67.00207,9.75543],[-67.00839,9.75821],[-67.0151,9.75888],[-67.0221,9.76228],[-67.02738,9.76223],[-67.03362,9.76901],[-67.03376,9.77386],[-67.03729,9.77916],[-67.03612,9.78595],[-67.04012,9.79154],[-67.04598,9.79386],[-67.05501,9.78753],[-67.05806,9.7879],[-67.06549,9.79335],[-67.07032,9.7938],[-67.08157,9.78572],[-67.08417,9.78678],[-67.08803,9.78589],[-67.0929,9.78853],[-67.10026,9.7842],[-67.10558,9.78691],[-67.11232,9.79572],[-67.11492,9.80329],[-67.11311,9.80599],[-67.11389,9.81215],[-67.10698,9.81758],[-67.10676,9.82007],[-67.11145,9.82369],[-67.11305,9.82851],[-67.12152,9.8298],[-67.13075,9.82824],[-67.13997,9.83009],[-67.14319,9.83148],[-67.15012,9.84088],[-67.1503,9.84872],[-67.14708,9.85829],[-67.1479,9.86173],[-67.15255,9.86785],[-67.15859,9.87002],[-67.1598,9.8765],[-67.15839,9.89092],[-67.16362,9.9012],[-67.16886,9.90361],[-67.16954,9.90641],[-67.1623,9.91076],[-67.16161,9.91299],[-67.16495,9.91784],[-67.16322,9.9295],[-67.1653,9.92984],[-67.16725,9.92757],[-67.17192,9.9266],[-67.18019,9.93103],[-67.18688,9.92893],[-67.19177,9.93028],[-67.19348,9.93293],[-67.19559,9.93068],[-67.20973,9.93089],[-67.21323,9.93162],[-67.21618,9.93469],[-67.22045,9.92805],[-67.22278,9.93032],[-67.23099,9.92274],[-67.23323,9.92297],[-67.23318,9.92187],[-67.23728,9.92132],[-67.23866,9.91971],[-67.24111,9.92016],[-67.24768,9.91701],[-67.25027,9.9141],[-67.2555,9.91675],[-67.25782,9.91227],[-67.2623,9.91226],[-67.26254,9.90816],[-67.26498,9.90625],[-67.27447,9.91525],[-67.2713,9.92718],[-67.27307,9.93492],[-67.27768,9.93519],[-67.27978,9.93671],[-67.28718,9.93547],[-67.28859,9.93388],[-67.29094,9.93624],[-67.2996,9.93626],[-67.30209,9.93734],[-67.30289,9.93974],[-67.30584,9.9368],[-67.31062,9.9395],[-67.31373,9.93732],[-67.31452,9.93333],[-67.32042,9.93217],[-67.32426,9.92859],[-67.32771,9.92987],[-67.32841,9.92815],[-67.3345,9.92621],[-67.33687,9.92722],[-67.33622,9.92937],[-67.33857,9.9327],[-67.34409,9.93442],[-67.34711,9.93764],[-67.35087,9.93632],[-67.35555,9.94303],[-67.35696,9.94247],[-67.35849,9.94444],[-67.36408,9.94209],[-67.36301,9.94625],[-67.36426,9.95036],[-67.37616,9.95462],[-67.37839,9.96103],[-67.38598,9.96892],[-67.39257,9.97059],[-67.40319,9.97669],[-67.40647,9.97722],[-67.40717,9.98003],[-67.41124,9.98029],[-67.43074,9.99404],[-67.43807,9.99167],[-67.44046,9.98504],[-67.44339,9.98245],[-67.44692,9.98223],[-67.44915,9.97712],[-67.45391,9.97684],[-67.46,9.98036],[-67.46564,9.97971],[-67.47711,9.97166],[-67.47765,9.96639],[-67.48045,9.96527],[-67.4881,9.96844],[-67.49198,9.96837],[-67.49459,9.9656],[-67.4982,9.96511],[-67.50329,9.96126],[-67.50591,9.9586],[-67.50595,9.95589],[-67.50911,9.95474],[-67.5143,9.95526],[-67.52284,9.95065],[-67.53458,9.95468],[-67.51732,9.87716],[-67.52178,9.88233],[-67.52426,9.88326],[-67.53448,9.8833],[-67.54425,9.88534],[-67.54944,9.88926],[-67.5491,9.89537],[-67.55889,9.89884],[-67.56509,9.90477],[-67.56864,9.90371],[-67.57656,9.90029],[-67.57764,9.89706],[-67.57403,9.8917],[-67.57474,9.88838],[-67.58553,9.87739],[-67.58492,9.86815],[-67.5892,9.86071],[-67.59067,9.85412],[-67.58985,9.84938],[-67.59212,9.84636],[-67.59692,9.84371],[-67.59985,9.84419],[-67.60411,9.84952],[-67.61166,9.85047],[-67.62082,9.85795],[-67.62981,9.86165],[-67.642,9.85007],[-67.64326,9.84672],[-67.64721,9.84582],[-67.65697,9.84842],[-67.66428,9.846],[-67.67972,9.82536],[-67.68337,9.82282],[-67.68698,9.82262],[-67.70754,9.8333],[-67.71156,9.83665],[-67.70923,9.84332],[-67.70299,9.84965],[-67.7037,9.85182],[-67.71031,9.85495],[-67.71179,9.85889],[-67.7112,9.87057],[-67.71244,9.87394],[-67.7247,9.87936],[-67.7309,9.8802],[-67.73603,9.89268],[-67.74478,9.89586],[-67.75158,9.90314],[-67.76307,9.90531],[-67.76551,9.90701],[-67.76818,9.9156],[-67.78234,9.92342],[-67.7998,9.9248],[-67.80483,9.92984],[-67.80803,9.92549],[-67.81175,9.91264],[-67.80906,9.90051],[-67.81351,9.89199],[-67.81301,9.88061],[-67.81492,9.87424],[-67.81011,9.86116],[-67.80637,9.85801],[-67.80538,9.849],[-67.80239,9.83784],[-67.79791,9.83185],[-67.7991,9.82553],[-67.80261,9.8192],[-67.7996,9.81256],[-67.79732,9.80086],[-67.79743,9.78077],[-67.78633,9.77227],[-67.78256,9.76488],[-67.77877,9.76374],[-67.77224,9.76427],[-67.76292,9.7616],[-67.76501,9.75742],[-67.76683,9.74295],[-67.76377,9.7398],[-67.76329,9.7378],[-67.76482,9.73571],[-67.76091,9.72642],[-67.75896,9.72632],[-67.75682,9.72292],[-67.76142,9.71896],[-67.76122,9.71536],[-67.75274,9.70289],[-67.7559,9.68967],[-67.75478,9.68331],[-67.75766,9.68284],[-67.76506,9.67774],[-67.76789,9.67787],[-67.77082,9.67384],[-67.7796,9.67006],[-67.78283,9.66437],[-67.78772,9.66193],[-67.78829,9.66044],[-67.78633,9.65754],[-67.78739,9.65626],[-67.79091,9.65719],[-67.79513,9.65201],[-67.79707,9.65365],[-67.80608,9.65142],[-67.80546,9.64717],[-67.80655,9.6453],[-67.81086,9.64548],[-67.81291,9.64238],[-67.81249,9.64081],[-67.81578,9.63975],[-67.81477,9.63187],[-67.81604,9.63045],[-67.81934,9.63241],[-67.82137,9.62965],[-67.82597,9.62951],[-67.8287,9.62575],[-67.83382,9.62493],[-67.83623,9.62858],[-67.84132,9.62334],[-67.84544,9.62444],[-67.84801,9.62359],[-67.85167,9.6185],[-67.8575,9.62126],[-67.85806,9.61866],[-67.86424,9.61508],[-67.86988,9.61755],[-67.87132,9.61448],[-67.87425,9.61765],[-67.87571,9.61287],[-67.88282,9.60961],[-67.88408,9.61334],[-67.88745,9.61603],[-67.88785,9.61923],[-67.89176,9.62028],[-67.90152,9.61876],[-67.90414,9.61574],[-67.9084,9.61684],[-67.91731,9.61506],[-67.92059,9.61045],[-67.92312,9.61015],[-67.9234,9.60422],[-67.92676,9.60362],[-67.92541,9.60167],[-67.92615,9.60038],[-67.93246,9.59919],[-67.93817,9.6006],[-67.93563,9.59465],[-67.93631,9.58892],[-67.93409,9.58084],[-67.93577,9.57797],[-67.92823,9.57078],[-67.9269,9.56216],[-67.92995,9.56014],[-67.93963,9.56033],[-67.93784,9.55675],[-67.93393,9.55474],[-67.9375,9.55211],[-67.94562,9.55163],[-67.95055,9.54903],[-67.95467,9.54996],[-67.95598,9.5471],[-67.96382,9.54273],[-67.97226,9.54053],[-67.97139,9.53837],[-67.97257,9.53624],[-67.96822,9.52991],[-67.96209,9.53082],[-67.96051,9.52979],[-67.95837,9.53134],[-67.95716,9.53049],[-67.95678,9.52725],[-67.95991,9.52582],[-67.95849,9.52015],[-67.96116,9.51859],[-67.96095,9.51432],[-67.95753,9.51502],[-67.95622,9.51385],[-67.95599,9.51123],[-67.95471,9.51084],[-67.95381,9.499],[-67.95163,9.49565],[-67.94712,9.49292],[-67.94687,9.49462],[-67.94315,9.4939],[-67.9412,9.48998],[-67.93702,9.48804],[-67.93486,9.48858],[-67.93412,9.48564],[-67.93033,9.48495],[-67.92645,9.48163],[-67.92618,9.47676],[-67.92789,9.47568],[-67.92783,9.47371],[-67.92692,9.47032],[-67.92352,9.46837],[-67.92587,9.46592],[-67.92315,9.46146],[-67.92495,9.45912],[-67.9203,9.45424],[-67.92049,9.4533],[-67.92497,9.45535],[-67.92595,9.45462],[-67.92497,9.44706],[-67.9211,9.44317],[-67.9211,9.44089],[-67.91921,9.44046],[-67.91871,9.43825],[-67.92112,9.43404],[-67.91827,9.42391],[-67.91987,9.42164],[-67.9171,9.4159],[-67.91818,9.41476],[-67.91399,9.41218],[-67.91612,9.40864],[-67.91319,9.406],[-67.91447,9.40508],[-67.91529,9.39971],[-67.91613,9.39888],[-67.91714,9.40021],[-67.92036,9.39747],[-67.91942,9.39475],[-67.92093,9.39293],[-67.91976,9.3908],[-67.92083,9.38761],[-67.9175,9.38759],[-67.92093,9.38259],[-67.92231,9.38245],[-67.92081,9.37557],[-67.92344,9.37358],[-67.9206,9.37056],[-67.92235,9.36896],[-67.9221,9.36647],[-67.92534,9.35961],[-67.92436,9.35787],[-67.92231,9.35887],[-67.92217,9.35352],[-67.92355,9.35365],[-67.92483,9.3504],[-67.92897,9.34635],[-67.92898,9.34425],[-67.93302,9.34488],[-67.93334,9.3425],[-67.93545,9.34212],[-67.93488,9.33838],[-67.94016,9.33746],[-67.94095,9.33413],[-67.94201,9.33443],[-67.94351,9.33198],[-67.94263,9.32972],[-67.94409,9.32697],[-67.94681,9.32638],[-67.94658,9.32297],[-67.94458,9.32135],[-67.94592,9.31918],[-67.94376,9.31982],[-67.94227,9.31574],[-67.93764,9.31574],[-67.93963,9.311],[-67.93788,9.30972],[-67.94035,9.30745],[-67.93586,9.30037],[-67.93333,9.2984],[-67.92977,9.29797],[-67.93003,9.29485],[-67.9247,9.29257],[-67.91968,9.28432],[-67.91301,9.28294],[-67.91244,9.28195],[-67.91528,9.28009],[-67.91541,9.27816],[-67.91235,9.27308],[-67.90822,9.27256],[-67.90653,9.26944],[-67.9048,9.26924],[-67.90404,9.2602],[-67.8972,9.24678],[-67.89244,9.24524],[-67.88741,9.24627],[-67.88457,9.24388],[-67.88011,9.22697],[-67.87749,9.2223],[-67.87874,9.21501],[-67.87743,9.21396],[-67.87688,9.20789],[-67.87854,9.20324],[-67.87757,9.19847],[-67.8727,9.18939],[-67.8734,9.18283],[-67.872,9.17728],[-67.86958,9.17562],[-67.86507,9.16533],[-67.86073,9.162],[-67.85979,9.15857],[-67.85871,9.15008],[-67.86135,9.1447],[-67.85946,9.136],[-67.85815,9.13514],[-67.85844,9.12834],[-67.8564,9.12646],[-67.85657,9.11738],[-67.86294,9.11101],[-67.8604,9.10591],[-67.85647,9.10506],[-67.85408,9.09635],[-67.85038,9.09335],[-67.85244,9.08283],[-67.8567,9.07708],[-67.85895,9.06844],[-67.86124,9.06667],[-67.86507,9.05202],[-67.87087,9.04449],[-67.8727,9.03911],[-67.88066,9.03308],[-67.88383,9.02755],[-67.88535,9.01805],[-67.8905,9.01102],[-67.89614,9.00857],[-67.89841,8.99816],[-67.9035,8.99124],[-67.90375,8.98546],[-67.90494,8.9846],[-67.90499,8.97982],[-67.90283,8.97728],[-67.90465,8.96895],[-67.90963,8.9586],[-67.91376,8.95778],[-67.91542,8.9553],[-67.91819,8.94988],[-67.91906,8.94356],[-67.92329,8.94132],[-67.92512,8.93802],[-67.92752,8.93574],[-67.92944,8.936],[-67.93069,8.93385],[-67.93377,8.93419],[-67.93474,8.9358],[-67.93829,8.9351],[-67.94183,8.93107],[-67.94467,8.93051],[-67.9479,8.93351],[-67.95257,8.92788],[-67.95342,8.92925],[-67.95951,8.9302],[-67.96627,8.92634],[-67.96663,8.92425],[-67.96847,8.92329],[-67.9742,8.92401],[-67.97513,8.92111],[-67.97701,8.92007],[-67.97538,8.91899],[-67.97559,8.91695],[-67.97925,8.9109],[-67.97919,8.90626],[-67.98153,8.89945],[-67.97885,8.8939],[-67.9788,8.88661],[-67.97401,8.88319],[-67.96501,8.88331],[-67.9634,8.8825],[-67.96361,8.87901],[-67.96662,8.87519],[-67.96819,8.86609],[-67.97254,8.8626],[-67.97161,8.85711],[-67.97761,8.85069],[-67.97863,8.84593],[-67.98341,8.84163],[-67.98926,8.83946],[-67.99036,8.83718],[-67.98743,8.83588],[-67.98594,8.83316],[-67.98864,8.82891],[-67.99086,8.82909],[-67.99403,8.8261],[-67.99195,8.81855],[-67.99536,8.81771],[-67.99345,8.81308],[-67.99502,8.80797],[-68.00171,8.80334],[-68.0015,8.79691],[-68.00591,8.79299],[-68.00771,8.7892],[-68.00573,8.78663],[-68.0085,8.78476],[-68.01166,8.77856],[-68.01461,8.77718],[-68.02143,8.76721],[-68.02307,8.76631],[-68.02664,8.76851],[-68.0261,8.76614],[-68.02197,8.76186],[-68.02331,8.76121],[-68.02617,8.76403],[-68.0246,8.75797],[-68.02173,8.75633],[-68.01836,8.75929],[-68.01674,8.75835],[-68.01474,8.75262],[-68.01685,8.74667],[-68.01333,8.74704],[-68.01042,8.74509],[-68.00801,8.74613],[-68.00667,8.74347],[-68.0092,8.73963],[-68.01278,8.73873],[-68.01333,8.73662],[-68.01746,8.73374],[-68.0211,8.73762],[-68.01903,8.74063],[-68.02629,8.74043],[-68.02785,8.73669],[-68.02371,8.73417],[-68.0243,8.73247],[-68.02668,8.73031],[-68.02889,8.73465],[-68.03019,8.72959],[-68.02256,8.72669],[-68.02208,8.7317],[-68.01951,8.73106],[-68.01936,8.72674],[-68.02091,8.72394],[-68.02004,8.71983],[-68.01686,8.71618],[-68.01935,8.71368],[-68.01764,8.71168],[-68.01385,8.71171],[-68.01169,8.70871],[-68.01184,8.7063],[-68.01463,8.70287],[-68.016,8.702],[-68.01785,8.70331],[-68.01754,8.70039],[-68.01476,8.69886],[-68.01097,8.70013],[-68.00688,8.69864],[-68.00602,8.69988],[-68.00495,8.69674],[-68.0038,8.69977],[-68.00279,8.69899],[-68.004,8.69564],[-68.00993,8.69099],[-68.00902,8.68764],[-68.01574,8.68311],[-68.01646,8.68632],[-68.01921,8.68508],[-68.01733,8.68178],[-68.01287,8.6805],[-68.01324,8.67331],[-68.01044,8.67132],[-68.01012,8.6648],[-68.01168,8.66076],[-68.01389,8.66042],[-68.01355,8.65914],[-68.00725,8.65692],[-68.00772,8.65368],[-68.00492,8.65287],[-68.00317,8.65448],[-68.00142,8.65343],[-68.00319,8.64221],[-68.00483,8.63898],[-68.00827,8.638],[-68.00228,8.63249],[-68.00859,8.62625],[-68.01638,8.62523],[-68.01921,8.622],[-68.01386,8.61562],[-68.01281,8.61191],[-68.0162,8.61227],[-68.01527,8.60903],[-68.01376,8.60729],[-68.01195,8.60951],[-68.0106,8.60982],[-68.0106,8.60878],[-68.01084,8.60728],[-68.01259,8.6059],[-68.01496,8.60642],[-68.01757,8.60299],[-68.01342,8.59826],[-68.01366,8.59606],[-68.02101,8.59307],[-68.02055,8.59191],[-68.01278,8.59071],[-68.01158,8.58726],[-68.01011,8.58814],[-68.01017,8.59387],[-68.00825,8.59449],[-68.0068,8.59228],[-68.00702,8.58979],[-68.01211,8.58466],[-68.01533,8.57639],[-68.01262,8.57474],[-68.00892,8.57498],[-68.00103,8.58255],[-67.99799,8.58139],[-67.99928,8.57735],[-67.99707,8.57368],[-67.99869,8.5684],[-68.00343,8.56532],[-68.00378,8.56223],[-68.0015,8.55939],[-68.0008,8.5545],[-68.00347,8.55332],[-68.00883,8.55495],[-68.01127,8.56029],[-68.01431,8.56006],[-68.01105,8.55496],[-68.01095,8.54859],[-68.01386,8.54953],[-68.01561,8.54838],[-68.01573,8.54606],[-68.01375,8.54482],[-68.01527,8.54097],[-68.01854,8.54283],[-68.02309,8.54099],[-68.02053,8.53612],[-68.02449,8.5345],[-68.02214,8.52926],[-68.02023,8.50784],[-68.01722,8.50697],[-68.01589,8.50464],[-68.0174,8.49214],[-68.01453,8.49034],[-68.00112,8.48821],[-68.00076,8.48543],[-68.00739,8.47669],[-68.00758,8.47431],[-68.00203,8.46717],[-67.99875,8.46529],[-67.98221,8.46651],[-67.9733,8.46872],[-67.97129,8.45392],[-67.97652,8.44934],[-67.98902,8.44525],[-67.99035,8.43874],[-67.97955,8.43535],[-67.97313,8.43168],[-67.96583,8.42282],[-67.95734,8.41931],[-67.95943,8.41396],[-67.9635,8.41101],[-67.95082,8.39418],[-67.94915,8.39284],[-67.94445,8.39274],[-67.93861,8.38695],[-67.93575,8.37807],[-67.93857,8.37394],[-67.93716,8.3729],[-67.92507,8.37257],[-67.90597,8.37989],[-67.90083,8.37946],[-67.89858,8.37799],[-67.8986,8.37597],[-67.90397,8.3724],[-67.9041,8.36914],[-67.9019,8.36597],[-67.89427,8.35752],[-67.88709,8.34661],[-67.88525,8.34502],[-67.87358,8.3439],[-67.87079,8.33779],[-67.86888,8.33833],[-67.86548,8.34696],[-67.862,8.35057],[-67.85705,8.35209],[-67.85476,8.35018],[-67.85202,8.34342],[-67.85262,8.33454],[-67.86956,8.31637],[-67.87785,8.3108],[-67.88045,8.30554],[-67.87988,8.30155],[-67.87839,8.30068],[-67.87394,8.30508],[-67.86098,8.30851],[-67.85893,8.31841],[-67.84353,8.30904],[-67.84182,8.30384],[-67.8422,8.28808],[-67.83484,8.28985],[-67.82936,8.28347],[-67.82798,8.26611],[-67.83255,8.26054],[-67.82951,8.25828],[-67.8246,8.25842],[-67.81868,8.25629],[-67.81471,8.26195],[-67.81095,8.26155],[-67.79567,8.25384],[-67.79146,8.25601],[-67.79324,8.27043],[-67.79135,8.27191],[-67.78881,8.27118],[-67.7859,8.26629],[-67.78424,8.25306],[-67.77723,8.24487],[-67.77555,8.24006],[-67.77421,8.22208],[-67.76965,8.21827],[-67.76401,8.21723],[-67.7574,8.22052],[-67.75378,8.22498],[-67.75184,8.23102],[-67.74972,8.232],[-67.72658,8.22821],[-67.70761,8.22863],[-67.69974,8.21398],[-67.69722,8.20426],[-67.68915,8.20007],[-67.68068,8.20155],[-67.67875,8.19779],[-67.67913,8.18992],[-67.6779,8.18779],[-67.66809,8.18292],[-67.66688,8.18077],[-67.66924,8.16289],[-67.67475,8.15273],[-67.67417,8.15119],[-67.66725,8.15145],[-67.6641,8.14885],[-67.66312,8.13662],[-67.63777,8.1286],[-67.6312,8.12516],[-67.62725,8.12029],[-67.62376,8.1078],[-67.61642,8.09846],[-67.6182,8.09385],[-67.62902,8.09199],[-67.62937,8.08947],[-67.61434,8.08771],[-67.61177,8.09077],[-67.60951,8.1009],[-67.60736,8.09953],[-67.60401,8.09312],[-67.59318,8.09027],[-67.58755,8.09031],[-67.58151,8.08616],[-67.58007,8.0807],[-67.57559,8.07437],[-67.57641,8.06702],[-67.58145,8.05824],[-67.58723,8.05533],[-67.58527,8.0505],[-67.57661,8.04837],[-67.5748,8.04677],[-67.57474,8.04443],[-67.58184,8.04179],[-67.58539,8.0424],[-67.59234,8.049],[-67.59807,8.05004],[-67.60104,8.04945],[-67.60276,8.04738],[-67.60437,8.03999],[-67.59893,8.03723],[-67.58868,8.035],[-67.58873,8.03131],[-67.59437,8.02846],[-67.587,8.02567],[-67.58662,8.01826],[-67.58061,8.02418],[-67.57832,8.02359],[-67.57228,8.0087],[-67.56925,8.00743],[-67.56267,8.01091],[-67.56037,8.00888],[-67.56019,8.00306],[-67.56275,7.99878],[-67.57183,7.99111],[-67.56736,7.98743],[-67.55966,7.98511],[-67.5529,7.98108],[-67.553,7.97743],[-67.55754,7.96843],[-67.55648,7.96579],[-67.55367,7.96652],[-67.55042,7.9743],[-67.54697,7.97638],[-67.54069,7.97524],[-67.537,7.97133],[-67.53303,7.97714],[-67.52856,7.97819],[-67.52026,7.97419],[-67.51294,7.97329],[-67.5083,7.96936],[-67.50172,7.95872],[-67.50114,7.95436],[-67.5032,7.9521],[-67.51992,7.95082],[-67.5325,7.94658],[-67.53554,7.94428],[-67.52439,7.93389],[-67.5218,7.92836],[-67.5207,7.91655],[-67.51552,7.9127],[-67.51287,7.91289],[-67.51539,7.91595],[-67.51109,7.91915],[-67.51232,7.91999],[-67.51575,7.91849],[-67.51591,7.91957],[-67.51,7.92302],[-67.50652,7.92235],[-67.50745,7.92475],[-67.50425,7.92059],[-67.50083,7.9099],[-67.50086,7.906],[-67.49819,7.9026],[-67.48746,7.90095],[-67.48867,7.90278],[-67.4842,7.90382],[-67.47991,7.90144],[-67.46476,7.90146],[-67.43633,7.88577],[-67.43308,7.88596],[-67.43016,7.89098],[-67.42496,7.89164],[-67.42135,7.89457],[-67.41811,7.9059],[-67.41496,7.90903],[-67.40197,7.9126],[-67.39903,7.91142],[-67.39687,7.90849],[-67.39547,7.90953],[-67.39709,7.91395],[-67.38508,7.90637],[-67.38132,7.90052],[-67.37254,7.9008],[-67.36677,7.89503],[-67.36402,7.89413],[-67.36601,7.89153],[-67.3663,7.88777],[-67.36382,7.88327],[-67.35998,7.88137],[-67.35756,7.88141],[-67.3563,7.88317],[-67.35468,7.89346],[-67.34892,7.89269],[-67.34685,7.88991],[-67.3524,7.88264],[-67.35143,7.88084],[-67.34876,7.8802],[-67.34117,7.89024],[-67.33659,7.89274],[-67.33721,7.88722],[-67.33345,7.88904],[-67.32688,7.88096],[-67.31954,7.88134],[-67.32989,7.8677],[-67.32614,7.8628],[-67.32799,7.85668],[-67.32567,7.854],[-67.32503,7.84754],[-67.30844,7.83777],[-67.30538,7.83453],[-67.30235,7.82589],[-67.299,7.83173],[-67.29294,7.82701],[-67.28587,7.82439],[-67.27642,7.83113],[-67.26598,7.82832],[-67.25885,7.83088],[-67.25597,7.81873],[-67.25177,7.81417],[-67.24261,7.80879],[-67.2468,7.80401],[-67.24589,7.80035],[-67.24438,7.79969],[-67.24032,7.80542],[-67.23931,7.80488],[-67.23674,7.79815],[-67.22647,7.79416],[-67.22612,7.7872],[-67.22089,7.77854],[-67.21163,7.77716],[-67.20898,7.77343],[-67.20698,7.77635],[-67.20509,7.7767],[-67.19292,7.77395],[-67.18558,7.78],[-67.1823,7.78047],[-67.17026,7.78046],[-67.1652,7.77566],[-67.15869,7.78002],[-67.15597,7.77999],[-67.154,7.77838],[-67.15418,7.77662],[-67.15977,7.77037],[-67.16022,7.76169],[-67.15879,7.76],[-67.14934,7.75885],[-67.13874,7.7644],[-67.13269,7.76122],[-67.12455,7.76444],[-67.1162,7.76306],[-67.10948,7.76513],[-67.09696,7.7649],[-67.0954,7.76649],[-67.09549,7.77455],[-67.09328,7.77583],[-67.06757,7.78097],[-67.06522,7.78269],[-67.06002,7.78156],[-67.05749,7.78268],[-67.05211,7.78925],[-67.04941,7.78881],[-67.03871,7.77951],[-67.03027,7.77595],[-67.02705,7.76954],[-67.02316,7.76633],[-67.00823,7.75822],[-67.00799,7.76616],[-67.00556,7.76882],[-66.99892,7.76722],[-66.99149,7.76745],[-66.98223,7.76421],[-66.97541,7.76415],[-66.96962,7.76175],[-66.9679,7.75956],[-66.96986,7.7486],[-66.96634,7.7471],[-66.96517,7.75206],[-66.96021,7.74697],[-66.95603,7.74788],[-66.95038,7.7467],[-66.93765,7.74156],[-66.92856,7.74974],[-66.9219,7.74979],[-66.91022,7.75498],[-66.89957,7.7518],[-66.89454,7.74795],[-66.88967,7.74642],[-66.88885,7.7447],[-66.89024,7.73986],[-66.88402,7.73154],[-66.88375,7.72762],[-66.87819,7.72845],[-66.86986,7.72418],[-66.86405,7.7243],[-66.85236,7.72172],[-66.84768,7.72453],[-66.84793,7.734],[-66.84686,7.73567],[-66.83705,7.73427],[-66.83304,7.73051],[-66.81577,7.73147],[-66.7971,7.71318],[-66.79456,7.7069],[-66.78989,7.70296],[-66.78897,7.7042],[-66.79031,7.70997],[-66.78922,7.71203],[-66.78685,7.71113],[-66.78359,7.70694],[-66.78254,7.71011],[-66.77747,7.71009],[-66.77616,7.70921],[-66.77641,7.70317],[-66.77487,7.70124],[-66.76304,7.70164],[-66.76166,7.70092],[-66.76096,7.69688],[-66.75895,7.69605],[-66.75187,7.69773],[-66.74918,7.69565],[-66.7444,7.69803],[-66.73454,7.69471],[-66.73094,7.68946],[-66.72477,7.68673],[-66.72389,7.68813],[-66.72497,7.69066],[-66.7287,7.69185],[-66.72726,7.69359],[-66.71931,7.69547],[-66.71753,7.69491],[-66.71566,7.68995],[-66.70852,7.69323],[-66.70542,7.69788],[-66.69056,7.70253],[-66.68904,7.70461],[-66.68905,7.7147],[-66.68657,7.72043],[-66.6847,7.72125],[-66.68099,7.71965],[-66.67891,7.71414],[-66.6795,7.70339],[-66.68135,7.70091],[-66.68564,7.69969],[-66.68449,7.69791],[-66.68299,7.69722],[-66.67048,7.70501],[-66.66433,7.70224],[-66.66631,7.69459],[-66.66447,7.69371],[-66.65923,7.69781],[-66.65383,7.69752],[-66.65065,7.69907],[-66.64585,7.7093],[-66.64214,7.71379],[-66.63957,7.72442],[-66.63584,7.73044],[-66.63759,7.73098],[-66.646,7.72687],[-66.64832,7.72862],[-66.6506,7.73782],[-66.65583,7.73963],[-66.65612,7.74087],[-66.65104,7.74237],[-66.64993,7.74489],[-66.65185,7.75089],[-66.65609,7.75063],[-66.65908,7.74593],[-66.66187,7.7453],[-66.66516,7.75417],[-66.6644,7.75629],[-66.65869,7.75836],[-66.6557,7.76386],[-66.65615,7.7677],[-66.65043,7.76846],[-66.64486,7.76605],[-66.63914,7.7614],[-66.63673,7.76345],[-66.63487,7.76914],[-66.63094,7.77334],[-66.62835,7.77386],[-66.6187,7.76424],[-66.61501,7.76426],[-66.60989,7.76681],[-66.60688,7.76317],[-66.59658,7.76776],[-66.5936,7.77055],[-66.59105,7.77603],[-66.5848,7.77497],[-66.58437,7.77954],[-66.58162,7.7807],[-66.56637,7.77783],[-66.55266,7.78345],[-66.55089,7.78276],[-66.5511,7.78078],[-66.55473,7.77735],[-66.55481,7.77512],[-66.55301,7.77401],[-66.54754,7.77801],[-66.54401,7.78613],[-66.55163,7.8026],[-66.54235,7.80645],[-66.53428,7.81251],[-66.52927,7.81344],[-66.52538,7.80676],[-66.52254,7.79329],[-66.51459,7.79244],[-66.51471,7.78348],[-66.51213,7.77856],[-66.50584,7.77555],[-66.49973,7.77464],[-66.47998,7.764],[-66.4766,7.75996],[-66.47545,7.7542],[-66.47718,7.74817],[-66.48669,7.73757],[-66.48625,7.7341],[-66.48387,7.7321],[-66.46892,7.72974],[-66.46041,7.72508],[-66.45096,7.72218],[-66.44493,7.71802],[-66.43692,7.71635],[-66.42281,7.7168],[-66.40524,7.71067],[-66.3975,7.71132],[-66.38273,7.71748],[-66.37262,7.71984],[-66.36549,7.72562],[-66.35995,7.72583],[-66.35635,7.72351],[-66.33901,7.69014],[-66.32843,7.68663],[-66.32878,7.68264],[-66.33609,7.67014],[-66.33013,7.64682],[-66.31894,7.64846],[-66.30231,7.6546],[-66.28797,7.64735],[-66.27765,7.64523],[-66.27315,7.64273],[-66.26454,7.63104],[-66.25542,7.62336],[-66.2438,7.62328],[-66.23838,7.62397],[-66.22093,7.63127],[-66.19917,7.6527],[-66.19393,7.65466],[-66.18196,7.6631],[-66.14674,7.67416],[-66.13965,7.68073],[-66.12577,7.68884],[-66.06626,7.68591],[-66.01624,7.68745],[-65.92305,7.67289],[-65.89981,7.67415],[-65.8629,7.68707],[-65.83917,7.70686],[-65.81177,7.73732],[-65.79161,7.75642],[-65.76098,7.78899],[-65.74253,7.81666],[-65.71906,7.84714],[-65.65828,7.89193],[-65.63712,7.90114],[-65.58873,7.89321],[-65.52844,7.88853],[-65.41659,7.85614],[-65.36684,7.85652],[-65.37174,7.87158],[-65.37125,7.87394],[-65.3766,7.88187],[-65.38381,7.88837],[-65.38993,7.89721],[-65.40206,7.90448],[-65.40982,7.90582],[-65.41115,7.90814],[-65.41016,7.9106],[-65.42154,7.91644],[-65.43715,7.91761],[-65.43972,7.91628],[-65.44747,7.9165],[-65.45641,7.91858],[-65.46109,7.91654],[-65.46457,7.91857],[-65.47328,7.91882],[-65.47397,7.92076],[-65.47026,7.92293],[-65.47138,7.92415],[-65.47582,7.92324],[-65.48265,7.91756],[-65.49161,7.91694],[-65.49537,7.91922],[-65.49494,7.92272],[-65.49709,7.9273],[-65.50336,7.92991],[-65.50407,7.93886],[-65.50048,7.94416],[-65.49985,7.95323],[-65.50179,7.95518],[-65.49964,7.95536],[-65.4979,7.95865],[-65.49953,7.96021],[-65.49912,7.96271],[-65.49231,7.96212],[-65.49105,7.96479],[-65.48869,7.96467],[-65.48764,7.96709],[-65.49046,7.9682],[-65.48984,7.97359],[-65.49498,7.97324],[-65.49424,7.9778],[-65.492,7.97771],[-65.4926,7.9799],[-65.49077,7.98079],[-65.49389,7.9843],[-65.49391,7.98822],[-65.49736,7.99001],[-65.49627,7.9938],[-65.48846,8.00062],[-65.48576,8.00415],[-65.48712,8.00561],[-65.48263,8.00966],[-65.48342,8.01798],[-65.48878,8.02149],[-65.48779,8.02406],[-65.48956,8.02646],[-65.48527,8.02888],[-65.48076,8.02787],[-65.47752,8.03001],[-65.47979,8.04403],[-65.47397,8.04894],[-65.46942,8.04871],[-65.46089,8.05278],[-65.4601,8.04958],[-65.4568,8.04637],[-65.4545,8.04977],[-65.44911,8.05209],[-65.43931,8.06826],[-65.43431,8.08298],[-65.4275,8.08853],[-65.42489,8.09589],[-65.42128,8.10006],[-65.42103,8.10589],[-65.41819,8.10908],[-65.41075,8.10788],[-65.39824,8.11678],[-65.39839,8.12362],[-65.40003,8.12587],[-65.39563,8.12981],[-65.39108,8.12988],[-65.39272,8.13475],[-65.38772,8.13688],[-65.38225,8.14985],[-65.37585,8.15745],[-65.3777,8.1603],[-65.38486,8.16377],[-65.3878,8.16742],[-65.38849,8.17177],[-65.38601,8.17397],[-65.38374,8.16787],[-65.38263,8.16783],[-65.38245,8.17334],[-65.3812,8.17335],[-65.37682,8.16853],[-65.37641,8.17172],[-65.37332,8.17445],[-65.36863,8.17491],[-65.36565,8.17723],[-65.36644,8.18076],[-65.36903,8.18326],[-65.37259,8.18111],[-65.37488,8.1815],[-65.37712,8.1841],[-65.37367,8.18824],[-65.37225,8.18933],[-65.37027,8.18824],[-65.36648,8.19259],[-65.36548,8.18923],[-65.3632,8.18975],[-65.36303,8.19448],[-65.36636,8.1983],[-65.36597,8.20108],[-65.35905,8.20716],[-65.35706,8.20394],[-65.35401,8.20438],[-65.35312,8.19966],[-65.35113,8.20239],[-65.34607,8.20143],[-65.34596,8.2028],[-65.35136,8.20702],[-65.35172,8.20915],[-65.34625,8.20686],[-65.34153,8.20814],[-65.34279,8.20992],[-65.34564,8.21035],[-65.34435,8.21424],[-65.34087,8.21728],[-65.33739,8.21552],[-65.33645,8.21927],[-65.33267,8.21944],[-65.33591,8.2235],[-65.33541,8.22483],[-65.33377,8.22395],[-65.33094,8.22512],[-65.3298,8.2225],[-65.32495,8.2221],[-65.32606,8.22512],[-65.32353,8.22572],[-65.32854,8.23093],[-65.32811,8.23274],[-65.31949,8.23429],[-65.31268,8.23242],[-65.30944,8.23385],[-65.30789,8.23598],[-65.31048,8.24196],[-65.31091,8.24958],[-65.30631,8.24868],[-65.30216,8.25298],[-65.3034,8.2568],[-65.29811,8.2571],[-65.29787,8.26672],[-65.29134,8.26772],[-65.28938,8.27037],[-65.29077,8.27426],[-65.2885,8.2763],[-65.28632,8.27742],[-65.28337,8.27595],[-65.28019,8.27692],[-65.28082,8.27988],[-65.28277,8.28103],[-65.28542,8.28032],[-65.28069,8.28949],[-65.2784,8.29926],[-65.26808,8.29805],[-65.26963,8.30393],[-65.27457,8.31104],[-65.27142,8.31605],[-65.2675,8.31425],[-65.26701,8.31909],[-65.26238,8.31998],[-65.26343,8.3242],[-65.25809,8.32711],[-65.25739,8.33097],[-65.25567,8.33243],[-65.25349,8.3294],[-65.25016,8.33182],[-65.24822,8.33105],[-65.24918,8.32767],[-65.24819,8.32754],[-65.24316,8.3304],[-65.23662,8.33163],[-65.2356,8.33876],[-65.23232,8.34054],[-65.22905,8.33862],[-65.22612,8.34343],[-65.22762,8.3481],[-65.2262,8.35758],[-65.22451,8.35867],[-65.22011,8.35649],[-65.21702,8.357],[-65.21595,8.36553],[-65.21333,8.36982],[-65.21045,8.36535],[-65.20718,8.36566],[-65.20316,8.36916],[-65.20316,8.37447],[-65.20613,8.37901],[-65.20134,8.38219],[-65.19629,8.39012],[-65.19797,8.39173],[-65.20263,8.39224],[-65.2045,8.39436],[-65.20223,8.39862],[-65.20319,8.4031],[-65.1984,8.40596],[-65.20039,8.41172],[-65.19525,8.41175],[-65.19599,8.41447],[-65.19438,8.41551],[-65.19561,8.42144],[-65.18816,8.42852],[-65.18633,8.43287],[-65.18141,8.43158],[-65.17939,8.43362],[-65.18128,8.43812],[-65.18352,8.43585],[-65.1851,8.4393],[-65.18797,8.44014],[-65.18715,8.44182],[-65.18181,8.44293],[-65.18189,8.44646],[-65.17798,8.44826],[-65.178,8.45506],[-65.18383,8.45412],[-65.18314,8.45898],[-65.17838,8.46102],[-65.17595,8.46755],[-65.17614,8.47074],[-65.17919,8.46858],[-65.18228,8.47127],[-65.18193,8.47841],[-65.17983,8.48026],[-65.17797,8.47915],[-65.17674,8.48329],[-65.17783,8.48617],[-65.16949,8.49195],[-65.17044,8.49524],[-65.16943,8.50383],[-65.161,8.50972],[-65.15815,8.51346],[-65.15966,8.51927],[-65.16256,8.52119],[-65.16243,8.52475],[-65.16028,8.52947],[-65.1553,8.52937],[-65.15135,8.53177],[-65.15128,8.53477],[-65.15562,8.53648],[-65.15763,8.5421],[-65.15616,8.54312],[-65.15121,8.54213],[-65.14842,8.54482],[-65.14802,8.55073],[-65.15199,8.55074],[-65.15388,8.55293],[-65.14686,8.55819],[-65.14907,8.55957],[-65.14734,8.5672],[-65.15037,8.57068],[-65.14482,8.57378],[-65.14413,8.57665],[-65.14455,8.58224],[-65.1484,8.58401],[-65.15061,8.58848],[-65.14887,8.59072],[-65.15056,8.59305],[-65.14621,8.59923],[-65.14842,8.59898],[-65.15342,8.60345],[-65.14777,8.60582],[-65.14713,8.60942],[-65.14906,8.61048],[-65.14974,8.61437],[-65.15625,8.61963],[-65.15818,8.6233],[-65.16361,8.62678],[-65.1632,8.63015],[-65.16555,8.63201],[-65.16377,8.6337],[-65.16517,8.63756],[-65.17069,8.64338],[-65.16888,8.64963],[-65.17212,8.65088],[-65.17039,8.65255],[-65.17151,8.65474],[-65.16949,8.65781],[-65.17132,8.66104],[-65.17024,8.66103],[-65.17058,8.66284],[-65.16771,8.66351],[-65.16912,8.66578],[-65.16656,8.66751],[-65.16601,8.67135],[-65.16195,8.67037],[-65.16082,8.67315],[-65.1614,8.67485],[-65.16849,8.67661],[-65.16903,8.6802],[-65.16689,8.68388],[-65.16904,8.68574],[-65.16756,8.68896],[-65.17052,8.69084],[-65.169,8.69329],[-65.17057,8.69425],[-65.16815,8.69936],[-65.17146,8.70301],[-65.16887,8.70179],[-65.16395,8.71132],[-65.15785,8.71062],[-65.15721,8.71255],[-65.15913,8.71492],[-65.1574,8.71609],[-65.15611,8.72044],[-65.15496,8.72118],[-65.1523,8.71976],[-65.14944,8.72135],[-65.15136,8.72514],[-65.14763,8.73138],[-65.15047,8.73455],[-65.14655,8.7334],[-65.1454,8.73773],[-65.13325,8.7489],[-65.12678,8.74757],[-65.12743,8.74955],[-65.12371,8.7494],[-65.12167,8.74439],[-65.12038,8.74669],[-65.11747,8.74494],[-65.11646,8.74729],[-65.11392,8.74711],[-65.11263,8.75008],[-65.10732,8.74779],[-65.10026,8.75228],[-65.09869,8.75596],[-65.0974,8.7553],[-65.09112,8.76048],[-65.08941,8.75977],[-65.08872,8.76152],[-65.08778,8.76072],[-65.08004,8.76452],[-65.07577,8.75917],[-65.07184,8.76102],[-65.06847,8.75828],[-65.06425,8.76075],[-65.06027,8.75609],[-65.05911,8.75179],[-65.05678,8.75214],[-65.05664,8.74991],[-65.05266,8.74672],[-65.04619,8.74541],[-65.04331,8.74673],[-65.04254,8.74422],[-65.03545,8.74287],[-65.03471,8.74117],[-65.0291,8.743],[-65.02023,8.73843],[-65.01663,8.74228],[-65.01331,8.74118],[-65.01102,8.74238],[-65.00927,8.74576],[-64.99818,8.74644],[-64.99751,8.74488],[-64.98137,8.75056],[-64.97743,8.74747],[-64.97461,8.74711],[-64.97038,8.75091],[-64.96669,8.74936],[-64.9611,8.74993],[-64.95775,8.74923],[-64.95551,8.74512],[-64.94181,8.74467],[-64.9377,8.74288],[-64.92558,8.74768],[-64.91846,8.74688],[-64.91125,8.74264],[-64.90992,8.73939],[-64.91167,8.73645],[-64.91111,8.73428],[-64.90612,8.72937],[-64.9037,8.72342],[-64.89831,8.72053],[-64.89498,8.71425],[-64.88752,8.71359],[-64.88147,8.71019],[-64.87547,8.71035],[-64.87228,8.70326],[-64.86659,8.70242],[-64.86504,8.70014],[-64.86025,8.69994],[-64.85641,8.69699],[-64.85033,8.6965],[-64.84806,8.698],[-64.78062,8.81344],[-64.78143,8.8177],[-64.77439,8.83752],[-64.77461,8.8457],[-64.77824,8.84964],[-64.77885,8.85561],[-64.78108,8.85821],[-64.78056,8.86366],[-64.77737,8.86618],[-64.7767,8.87004],[-64.77781,8.87272],[-64.78401,8.877],[-64.79146,8.87823],[-64.79878,8.89539],[-64.80847,8.89963],[-64.81214,8.90803],[-64.81626,8.9084],[-64.81957,8.91353],[-64.82692,8.91405],[-64.83185,8.92057],[-64.84407,8.92432],[-64.84761,8.92964],[-64.85119,8.93105],[-64.85223,8.93543],[-64.85486,8.93303],[-64.86018,8.93952],[-64.8658,8.93841],[-64.86703,8.93665],[-64.87523,8.94032],[-64.87482,8.94302],[-64.87746,8.94313],[-64.8749,8.94596],[-64.87665,8.9472],[-64.87626,8.94951],[-64.88056,8.9561],[-64.88308,8.9567],[-64.88235,8.96178],[-64.88458,8.95997],[-64.88615,8.96043],[-64.88774,8.96395],[-64.8876,8.96816],[-64.89035,8.96813],[-64.88985,8.97326],[-64.89402,8.97218],[-64.89466,8.97082],[-64.89595,8.97278],[-64.89665,8.97172],[-64.90219,8.98082],[-64.90442,8.9797],[-64.90791,8.9866],[-64.90842,8.98434],[-64.91915,8.98758],[-64.92398,8.98311],[-64.92332,8.98831],[-64.92533,8.98546],[-64.92706,8.98788],[-64.93119,8.98951],[-64.93384,8.98836],[-64.93424,8.9932],[-64.9375,8.99569],[-64.9351,8.9972],[-64.9398,8.99838],[-64.94083,9.0004],[-64.93983,9.00362],[-64.94467,9.00658],[-64.94296,9.0073],[-64.94378,9.00978],[-64.94254,9.01015],[-64.94435,9.01136],[-64.94817,9.00773],[-64.95166,9.01014],[-64.95744,9.00976],[-64.95588,9.01942],[-64.95677,9.02047],[-64.95169,9.02241],[-64.94667,9.03231],[-64.94895,9.03698],[-64.94222,9.04256],[-64.94115,9.04592],[-64.9465,9.04531],[-64.94643,9.05331],[-64.94757,9.0547],[-64.9452,9.05602],[-64.9457,9.05912],[-64.95509,9.05775],[-64.96123,9.06203],[-64.95911,9.06365],[-64.96067,9.07207],[-64.96206,9.06929],[-64.96455,9.0701],[-64.96585,9.07089],[-64.96396,9.07242],[-64.96732,9.07254],[-64.96709,9.07656],[-64.96937,9.07519],[-64.9713,9.07619],[-64.96978,9.07822],[-64.97229,9.08353],[-64.9673,9.08529],[-64.96639,9.08683],[-64.96854,9.09403],[-64.97109,9.09842],[-64.97542,9.09938],[-64.97572,9.10227],[-64.97999,9.10363],[-64.97583,9.10565],[-64.97616,9.10684],[-64.97844,9.10701],[-64.98402,9.11146],[-64.98502,9.11515],[-64.99319,9.11429],[-64.99694,9.11753],[-64.99999,9.1171],[-65.00129,9.11449],[-65.00661,9.11482],[-65.01245,9.11898],[-65.01283,9.1199],[-65.01005,9.12086],[-65.01339,9.12267],[-65.01669,9.11947],[-65.02071,9.12],[-65.02415,9.12327],[-65.02465,9.12932],[-65.02626,9.13052],[-65.02826,9.12929],[-65.03011,9.13507],[-65.03715,9.13498],[-65.03891,9.13643],[-65.04178,9.13443],[-65.04445,9.1366],[-65.0457,9.13402],[-65.04617,9.13668],[-65.05531,9.14058],[-65.05769,9.14402],[-65.05904,9.14224],[-65.06261,9.14498],[-65.06302,9.14871],[-65.06959,9.14963],[-65.07025,9.15286],[-65.0726,9.14896],[-65.07384,9.15],[-65.07118,9.15501],[-65.07406,9.15622],[-65.07705,9.15394],[-65.07529,9.16066],[-65.07836,9.15971],[-65.08012,9.16175],[-65.08447,9.16288],[-65.08508,9.16386],[-65.08249,9.16708],[-65.08447,9.16712],[-65.08755,9.17184],[-65.09234,9.17124],[-65.09753,9.1725],[-65.09917,9.16982],[-65.10127,9.17308],[-65.10247,9.17297],[-65.10154,9.17034],[-65.10674,9.17057],[-65.10839,9.16908],[-65.10745,9.16606],[-65.11193,9.16572],[-65.11613,9.16689],[-65.11689,9.17046],[-65.12001,9.16761],[-65.12352,9.16856],[-65.12579,9.16633],[-65.13054,9.17059],[-65.13247,9.17055],[-65.13718,9.16635],[-65.13613,9.17086],[-65.13962,9.17137],[-65.13886,9.16727],[-65.14084,9.1662],[-65.14099,9.17191],[-65.14353,9.17303],[-65.14903,9.17153],[-65.15122,9.1679],[-65.15479,9.16977],[-65.15384,9.16537],[-65.15593,9.16432],[-65.16242,9.1665],[-65.1619,9.16919],[-65.16353,9.17002],[-65.16585,9.17009],[-65.16924,9.16695],[-65.171,9.16902],[-65.17282,9.16529],[-65.17487,9.16625],[-65.17555,9.16886],[-65.17824,9.16879],[-65.18044,9.17129],[-65.18539,9.17227],[-65.18874,9.17134],[-65.18674,9.1754],[-65.18769,9.17917],[-65.19072,9.17485],[-65.19114,9.18127],[-65.19339,9.18136],[-65.1962,9.17929],[-65.1942,9.18326],[-65.19197,9.183],[-65.19266,9.18476],[-65.19416,9.18661],[-65.19876,9.18523],[-65.19963,9.19327],[-65.20123,9.19479],[-65.20427,9.19345],[-65.20579,9.19474],[-65.20742,9.2023],[-65.20491,9.20372],[-65.206,9.20807],[-65.20548,9.20927],[-65.20242,9.20742],[-65.20073,9.2096],[-65.20472,9.21387],[-65.21019,9.21599],[-65.21277,9.22103],[-65.21703,9.22275],[-65.21774,9.22446],[-65.21335,9.2238],[-65.21688,9.22833],[-65.2217,9.22605],[-65.21973,9.23048],[-65.22055,9.23148],[-65.22342,9.23058],[-65.22343,9.23227],[-65.22171,9.23351],[-65.21739,9.23298],[-65.21802,9.23575],[-65.22459,9.23591],[-65.23033,9.23103],[-65.23146,9.23698],[-65.23337,9.23774],[-65.23495,9.23323],[-65.23785,9.23354],[-65.23668,9.23952],[-65.23758,9.24297],[-65.2345,9.24374],[-65.23458,9.24493],[-65.24101,9.24567],[-65.23843,9.2493],[-65.23447,9.25152],[-65.24052,9.25799],[-65.23879,9.26106],[-65.24193,9.26433],[-65.24693,9.26125],[-65.24894,9.26483],[-65.25531,9.25992],[-65.25716,9.26004],[-65.25508,9.2646],[-65.2595,9.2663],[-65.26043,9.26824],[-65.26339,9.26768],[-65.26437,9.27035],[-65.26293,9.27275],[-65.26477,9.27501],[-65.26996,9.27713],[-65.27024,9.28185],[-65.27289,9.28446],[-65.27072,9.28561],[-65.26825,9.28403],[-65.26928,9.2912],[-65.2622,9.29332],[-65.26173,9.29479],[-65.26646,9.29504],[-65.26804,9.3037],[-65.27376,9.30278],[-65.27468,9.30404],[-65.27535,9.30662],[-65.27123,9.30914],[-65.2763,9.31014],[-65.27731,9.31594],[-65.2764,9.3176],[-65.27961,9.32523],[-65.27894,9.32929],[-65.28303,9.32778],[-65.28522,9.33206],[-65.28636,9.33196],[-65.28626,9.329],[-65.28814,9.32894],[-65.2882,9.33339],[-65.29355,9.33006],[-65.29671,9.33226],[-65.2944,9.33598],[-65.29813,9.341],[-65.3118,9.34197],[-65.3136,9.34303],[-65.3139,9.3464],[-65.31159,9.3497],[-65.30302,9.35369],[-65.29974,9.35374],[-65.29424,9.34988],[-65.29094,9.34945],[-65.28749,9.35177],[-65.28773,9.35354],[-65.29323,9.35709],[-65.29772,9.36782],[-65.30326,9.36865],[-65.30693,9.36697],[-65.3098,9.36938],[-65.309,9.37097],[-65.3033,9.37317],[-65.2983,9.37727],[-65.29151,9.3709],[-65.28952,9.37162],[-65.28626,9.3753],[-65.28647,9.38179],[-65.28488,9.38258],[-65.27259,9.37896],[-65.26968,9.38185],[-65.26683,9.39062],[-65.25849,9.39465],[-65.25575,9.39431],[-65.24908,9.38876],[-65.24726,9.39261],[-65.2535,9.39884],[-65.2512,9.40159],[-65.24439,9.40123],[-65.23957,9.39636],[-65.23557,9.40273],[-65.23076,9.40191],[-65.22996,9.40298],[-65.23131,9.40629],[-65.23839,9.41151],[-65.23636,9.41554],[-65.23254,9.41555],[-65.2289,9.41826],[-65.2258,9.42776],[-65.22368,9.42895],[-65.21869,9.42619],[-65.2131,9.42534],[-65.20809,9.4329],[-65.20847,9.4351],[-65.2101,9.43587],[-65.21457,9.43561],[-65.21415,9.43735],[-65.20833,9.43999],[-65.20383,9.43631],[-65.2016,9.43683],[-65.20498,9.4508],[-65.20351,9.45811],[-65.20482,9.45959],[-65.21187,9.4602],[-65.20983,9.46286],[-65.2039,9.46377],[-65.20472,9.46492],[-65.21124,9.46565],[-65.20908,9.46768],[-65.2023,9.46987],[-65.20188,9.47554],[-65.20406,9.47605],[-65.20558,9.4748],[-65.20959,9.46837],[-65.21277,9.46901],[-65.21433,9.48694],[-65.21488,9.48852],[-65.22081,9.48895],[-65.2241,9.50123],[-65.22694,9.50253],[-65.2291,9.49942],[-65.23176,9.49871],[-65.23441,9.50002],[-65.23595,9.49817],[-65.23971,9.49936],[-65.24601,9.51069],[-65.25685,9.51272],[-65.2594,9.51476],[-65.26474,9.5132],[-65.2712,9.51575],[-65.28002,9.51384],[-65.28557,9.51487],[-65.29379,9.51387],[-65.29957,9.51761],[-65.30474,9.5174],[-65.30916,9.51358],[-65.31638,9.51811],[-65.32475,9.53014],[-65.33148,9.53348],[-65.33667,9.5339],[-65.34448,9.54785],[-65.34684,9.54923],[-65.35013,9.54891],[-65.35594,9.55379],[-65.36133,9.55496],[-65.36345,9.55692],[-65.37322,9.56652],[-65.37731,9.57566],[-65.38375,9.58286],[-65.38825,9.58434],[-65.39614,9.59253],[-65.40479,9.59585],[-65.40485,9.60005],[-65.41043,9.60544],[-65.40812,9.61191],[-65.41015,9.61574],[-65.41033,9.62281],[-65.42085,9.63339],[-65.42667,9.65204],[-65.43017,9.6543],[-65.49536,9.56473],[-65.49983,9.56187],[-65.50159,9.55842],[-65.64702,9.56],[-65.64765,9.63282],[-65.69791,9.68727],[-65.67071,9.77363],[-65.6723,9.77449],[-65.67329,9.77783],[-65.67592,9.77838],[-65.67868,9.78947],[-65.67737,9.79082],[-65.67808,9.79902],[-65.68778,9.80282],[-65.69091,9.81067],[-65.70097,9.81863],[-65.70252,9.82076],[-65.70227,9.8241],[-65.70764,9.83271],[-65.71201,9.83386],[-65.71296,9.83726],[-65.713,9.84006],[-65.70551,9.84265],[-65.70628,9.85855],[-65.7167,9.86419],[-65.72195,9.87503],[-65.72101,9.88364],[-65.72348,9.89],[-65.7223,9.90061],[-65.71885,9.90212],[-65.71822,9.90386],[-65.71768,9.91278],[-65.71306,9.91462],[-65.717,9.92428],[-65.71771,9.96206]]]}},{"type":"Feature","properties":{"shapeName":"La Guaira","shapeISO":"VE-X","shapeID":"42786344B94533756407676","shapeGroup":"VEN","shapeType":"ADM1"},"geometry":{"type":"Polygon","coordinates":[[[-67.22024,10.4104],[-67.22051,10.41429],[-67.21792,10.41682],[-67.21444,10.4173],[-67.2105,10.4151],[-67.2095,10.41628],[-67.2104,10.42237],[-67.20663,10.42104],[-67.20078,10.42445],[-67.19122,10.4258],[-67.1887,10.42831],[-67.18328,10.42881],[-67.16279,10.43679],[-67.1608,10.43955],[-67.15073,10.44212],[-67.14399,10.44962],[-67.13131,10.45362],[-67.12237,10.45822],[-67.11639,10.45815],[-67.1132,10.45977],[-67.10632,10.45696],[-67.1011,10.46096],[-67.0969,10.45845],[-67.09366,10.45959],[-67.08832,10.45838],[-67.08715,10.46021],[-67.08526,10.45977],[-67.08211,10.46194],[-67.07886,10.46066],[-67.07517,10.46196],[-67.07295,10.46049],[-67.06563,10.46251],[-67.05856,10.4674],[-67.05567,10.48034],[-67.05709,10.48277],[-67.05982,10.48364],[-67.05982,10.48627],[-67.05572,10.50153],[-67.06586,10.51202],[-67.0668,10.51641],[-67.06419,10.51939],[-67.05305,10.51799],[-67.05249,10.52054],[-67.05043,10.52139],[-67.05057,10.52666],[-67.04906,10.52815],[-67.04648,10.52725],[-67.03515,10.53284],[-67.0277,10.53272],[-67.03078,10.54978],[-67.02294,10.55385],[-67.01953,10.55867],[-67.01422,10.56255],[-67.00961,10.56131],[-67.00868,10.5624],[-67.00205,10.56245],[-66.98423,10.55931],[-66.95213,10.54346],[-66.94409,10.54322],[-66.93428,10.54928],[-66.91732,10.55265],[-66.90328,10.55133],[-66.89391,10.54833],[-66.88339,10.54185],[-66.87808,10.54183],[-66.87271,10.54607],[-66.86644,10.5508],[-66.8624,10.54896],[-66.85145,10.53915],[-66.84712,10.53799],[-66.84012,10.53908],[-66.83542,10.54477],[-66.82277,10.54874],[-66.81582,10.54854],[-66.80834,10.54128],[-66.80112,10.54035],[-66.79266,10.54024],[-66.78789,10.54331],[-66.78168,10.5445],[-66.77902,10.54705],[-66.7658,10.5472],[-66.75766,10.54495],[-66.75107,10.5411],[-66.74833,10.54157],[-66.74111,10.54655],[-66.73438,10.54614],[-66.72773,10.54777],[-66.72131,10.54675],[-66.71562,10.54119],[-66.71019,10.54055],[-66.70014,10.54327],[-66.67846,10.54563],[-66.6738,10.54324],[-66.65302,10.54204],[-66.64328,10.53853],[-66.63288,10.54185],[-66.62488,10.54043],[-66.61561,10.54126],[-66.60619,10.53851],[-66.60276,10.53976],[-66.6014,10.54578],[-66.59316,10.55295],[-66.58308,10.55695],[-66.56991,10.55056],[-66.55138,10.54677],[-66.54058,10.54738],[-66.5382,10.55166],[-66.53303,10.55351],[-66.52844,10.55288],[-66.52512,10.55066],[-66.51626,10.55059],[-66.51123,10.54799],[-66.50629,10.54846],[-66.49888,10.54434],[-66.496,10.53884],[-66.48007,10.53609],[-66.47219,10.53205],[-66.4678,10.5357],[-66.46191,10.53607],[-66.45599,10.54085],[-66.45041,10.53683],[-66.44528,10.52994],[-66.44042,10.53298],[-66.43055,10.53454],[-66.42613,10.54099],[-66.42086,10.54259],[-66.41488,10.54305],[-66.40261,10.53612],[-66.39978,10.5371],[-66.39114,10.53511],[-66.37857,10.53873],[-66.37025,10.53779],[-66.36019,10.54056],[-66.35164,10.5363],[-66.34685,10.52556],[-66.33523,10.52617],[-66.33021,10.52316],[-66.31581,10.52962],[-66.31379,10.53199],[-66.31627,10.54227],[-66.32189,10.5485],[-66.3198,10.56363],[-66.31497,10.56785],[-66.3126,10.5783],[-66.30967,10.58395],[-66.30948,10.58872],[-66.3127,10.59221],[-66.31073,10.59669],[-66.31237,10.59827],[-66.31235,10.60359],[-66.30982,10.61522],[-66.31353,10.61893],[-66.31589,10.61684],[-66.32723,10.61522],[-66.33245,10.61165],[-66.3409,10.61021],[-66.34917,10.60661],[-66.36637,10.61047],[-66.38391,10.62168],[-66.39178,10.62215],[-66.40974,10.63011],[-66.41482,10.63109],[-66.42054,10.62822],[-66.4308,10.62883],[-66.43943,10.62569],[-66.45136,10.63004],[-66.45541,10.63029],[-66.45973,10.62825],[-66.46941,10.63153],[-66.47917,10.62876],[-66.48476,10.63107],[-66.4872,10.63014],[-66.49496,10.63219],[-66.49755,10.63091],[-66.50311,10.63059],[-66.50506,10.63171],[-66.51086,10.63002],[-66.51976,10.63108],[-66.52681,10.62892],[-66.53808,10.62972],[-66.56205,10.62692],[-66.56924,10.62961],[-66.57673,10.62748],[-66.59039,10.62863],[-66.60849,10.62553],[-66.62656,10.62678],[-66.66695,10.62174],[-66.68242,10.62397],[-66.70745,10.62119],[-66.71186,10.62408],[-66.71689,10.62382],[-66.71761,10.62505],[-66.71982,10.62431],[-66.71843,10.62284],[-66.71902,10.62099],[-66.7249,10.61885],[-66.73203,10.62095],[-66.73419,10.62338],[-66.73394,10.62204],[-66.73509,10.6219],[-66.73508,10.62322],[-66.73589,10.62224],[-66.73666,10.62362],[-66.73545,10.62393],[-66.73773,10.62367],[-66.73824,10.62515],[-66.7437,10.62229],[-66.74634,10.62311],[-66.74843,10.62078],[-66.74616,10.62133],[-66.74638,10.62254],[-66.74464,10.62178],[-66.74467,10.62008],[-66.74653,10.61954],[-66.74597,10.61823],[-66.74889,10.61594],[-66.75944,10.61456],[-66.76656,10.61637],[-66.76923,10.61382],[-66.77623,10.61408],[-66.77915,10.61263],[-66.79602,10.6105],[-66.80261,10.61123],[-66.80548,10.60984],[-66.8177,10.61263],[-66.8192,10.6108],[-66.82389,10.61375],[-66.83113,10.61332],[-66.83773,10.61653],[-66.8391,10.61796],[-66.83856,10.61966],[-66.84059,10.61977],[-66.84142,10.62161],[-66.84361,10.62159],[-66.8449,10.62119],[-66.84385,10.61865],[-66.84199,10.61846],[-66.84284,10.61793],[-66.84076,10.61649],[-66.84311,10.61687],[-66.84504,10.62051],[-66.84925,10.61926],[-66.84948,10.621],[-66.85124,10.61911],[-66.85743,10.61832],[-66.86452,10.61221],[-66.86783,10.61173],[-66.86852,10.61311],[-66.86838,10.61202],[-66.87018,10.61167],[-66.87111,10.61287],[-66.87119,10.61128],[-66.87484,10.61134],[-66.87405,10.61025],[-66.87635,10.60919],[-66.87712,10.61049],[-66.87835,10.60931],[-66.88671,10.61229],[-66.89413,10.60657],[-66.8956,10.60737],[-66.8956,10.60641],[-66.90526,10.6046],[-66.9075,10.60243],[-66.91684,10.60625],[-66.92793,10.60216],[-66.93875,10.60312],[-66.94741,10.60757],[-66.9512,10.60768],[-66.9472,10.60722],[-66.94527,10.6042],[-66.93469,10.60243],[-66.93527,10.6011],[-66.93822,10.60113],[-66.93568,10.60047],[-66.93627,10.59941],[-66.94463,10.59882],[-66.94242,10.60088],[-66.94581,10.59895],[-66.9467,10.60012],[-66.94471,10.60211],[-66.94764,10.60081],[-66.95363,10.60253],[-66.95269,10.60164],[-66.95918,10.59982],[-66.97125,10.60736],[-66.97594,10.60846],[-66.97712,10.60668],[-66.97906,10.60797],[-66.97992,10.60712],[-66.9816,10.6084],[-66.98119,10.60964],[-66.98233,10.6082],[-66.98117,10.61069],[-66.98243,10.60883],[-66.98415,10.60982],[-66.98341,10.61156],[-66.98552,10.61001],[-66.98686,10.6111],[-66.98579,10.61283],[-66.98717,10.61119],[-66.98916,10.61254],[-66.98814,10.61463],[-66.9896,10.61251],[-66.99555,10.61066],[-66.99804,10.61238],[-66.99737,10.61086],[-66.99883,10.6106],[-66.99927,10.61243],[-66.99997,10.61269],[-66.99921,10.61151],[-67.00056,10.61072],[-66.99908,10.6107],[-67.00246,10.60986],[-67.00102,10.61227],[-67.00291,10.61264],[-67.00224,10.61154],[-67.00402,10.61033],[-67.00526,10.61137],[-67.00383,10.61239],[-67.00681,10.61176],[-67.00752,10.61383],[-67.00749,10.61243],[-67.00912,10.61278],[-67.00856,10.61404],[-67.01194,10.61283],[-67.01206,10.6138],[-67.01333,10.61322],[-67.01479,10.61544],[-67.01712,10.61599],[-67.01494,10.61528],[-67.01489,10.61281],[-67.0172,10.61322],[-67.01631,10.61482],[-67.01795,10.61335],[-67.02305,10.61381],[-67.02767,10.61022],[-67.03049,10.60957],[-67.03093,10.61082],[-67.03861,10.60577],[-67.03779,10.60444],[-67.03898,10.60257],[-67.03988,10.60508],[-67.03887,10.6015],[-67.03989,10.60064],[-67.05108,10.59442],[-67.05516,10.59443],[-67.05508,10.59333],[-67.05637,10.59387],[-67.05908,10.5916],[-67.06807,10.58896],[-67.0738,10.58963],[-67.07655,10.58688],[-67.079,10.59035],[-67.07795,10.58837],[-67.08317,10.58868],[-67.08319,10.58488],[-67.09347,10.57944],[-67.09996,10.58154],[-67.1062,10.57675],[-67.10997,10.57655],[-67.11105,10.57477],[-67.11419,10.57385],[-67.11793,10.57431],[-67.12094,10.57173],[-67.12672,10.56995],[-67.13487,10.56816],[-67.142,10.56955],[-67.14182,10.56719],[-67.14319,10.56591],[-67.14853,10.56558],[-67.1523,10.56285],[-67.15558,10.5635],[-67.16367,10.5588],[-67.17157,10.56016],[-67.18108,10.55774],[-67.18555,10.55491],[-67.20761,10.55663],[-67.21059,10.55568],[-67.21182,10.55177],[-67.2142,10.55069],[-67.22872,10.55103],[-67.22978,10.55239],[-67.23517,10.5524],[-67.2371,10.55554],[-67.2392,10.55417],[-67.23951,10.55061],[-67.24342,10.5504],[-67.24459,10.54901],[-67.24871,10.54832],[-67.25277,10.55011],[-67.25578,10.54714],[-67.26216,10.54585],[-67.2876,10.54703],[-67.3001,10.54246],[-67.30527,10.5424],[-67.31133,10.54015],[-67.31596,10.54163],[-67.31945,10.54017],[-67.32761,10.54218],[-67.3299,10.54119],[-67.33341,10.54381],[-67.34211,10.54405],[-67.34179,10.54055],[-67.34326,10.5389],[-67.34686,10.54342],[-67.34969,10.54311],[-67.35635,10.53987],[-67.36965,10.53636],[-67.37221,10.53695],[-67.37684,10.53426],[-67.39327,10.53255],[-67.39787,10.53344],[-67.39822,10.53102],[-67.40045,10.52977],[-67.40659,10.52474],[-67.40672,10.51823],[-67.41287,10.51189],[-67.40964,10.51003],[-67.40979,10.50638],[-67.40593,10.50522],[-67.39882,10.49723],[-67.39464,10.49699],[-67.3915,10.49511],[-67.39166,10.4895],[-67.39335,10.48607],[-67.39126,10.48534],[-67.39103,10.48339],[-67.38736,10.48353],[-67.38366,10.48137],[-67.38317,10.47053],[-67.37709,10.45192],[-67.374,10.45169],[-67.37055,10.44515],[-67.36401,10.44413],[-67.36303,10.43859],[-67.36467,10.43623],[-67.36336,10.43338],[-67.36412,10.42595],[-67.36188,10.42167],[-67.36287,10.41622],[-67.36198,10.41279],[-67.36064,10.4098],[-67.35351,10.40618],[-67.34783,10.39956],[-67.3477,10.3876],[-67.3373,10.39858],[-67.33297,10.40579],[-67.31451,10.41096],[-67.29271,10.42438],[-67.28143,10.42072],[-67.27851,10.42277],[-67.27359,10.42166],[-67.26923,10.42325],[-67.26111,10.42296],[-67.25069,10.42687],[-67.24451,10.42428],[-67.24075,10.41919],[-67.23279,10.41626],[-67.22868,10.41151],[-67.22024,10.4104]]]}},{"type":"Feature","properties":{"shapeName":"Lara","shapeISO":"VE-K","shapeID":"42786344B49156049988670","shapeGroup":"VEN","shapeType":"ADM1"},"geometry":{"type":"Polygon","coordinates":[[[-68.97416,9.84264],[-68.97096,9.84426],[-68.97004,9.85378],[-68.97215,9.85585],[-68.9733,9.86114],[-68.9695,9.86507],[-68.97045,9.86756],[-68.96785,9.86878],[-68.96316,9.87572],[-68.96044,9.88359],[-68.9558,9.88732],[-68.9561,9.89176],[-68.95309,9.8915],[-68.94875,9.89571],[-68.94978,9.90351],[-68.9466,9.90814],[-68.95654,9.9132],[-68.95621,9.9175],[-68.96026,9.92243],[-68.96019,9.92514],[-68.95418,9.93264],[-68.95378,9.93766],[-68.96086,9.94723],[-68.96053,9.94843],[-68.95652,9.94886],[-68.95826,9.95211],[-68.95607,9.96216],[-68.96167,9.97047],[-68.95928,9.9735],[-68.96103,9.9784],[-68.95999,9.981],[-68.96182,9.98485],[-68.95986,9.99126],[-68.96234,9.99577],[-68.96143,9.99896],[-68.96438,10.00414],[-68.96362,10.01728],[-69.08588,9.95771],[-69.08861,9.86974],[-69.12464,9.87996],[-69.12876,9.88539],[-69.12869,9.89768],[-69.14447,9.91089],[-69.1455,9.91952],[-69.14922,9.93067],[-69.15774,9.93935],[-69.1595,9.94304],[-69.15706,9.95262],[-69.15424,9.95663],[-69.15459,9.96105],[-69.15065,9.97987],[-69.15136,9.98551],[-69.14995,9.99521],[-69.15388,10.00284],[-69.15129,10.01203],[-69.15246,10.02247],[-69.15773,10.02754],[-69.16073,10.03288],[-69.15942,10.03716],[-69.16165,10.04134],[-69.18457,10.03625],[-69.18726,10.03634],[-69.19267,10.0401],[-69.2034,10.06978],[-69.20829,10.08764],[-69.19684,10.13086],[-69.12153,10.13678],[-69.1205,10.13981],[-69.12295,10.15485],[-69.11833,10.16339],[-69.12045,10.17073],[-69.11402,10.18483],[-69.11539,10.18904],[-69.11188,10.19592],[-69.1056,10.1993],[-69.0995,10.20651],[-69.09092,10.23436],[-69.08951,10.23538],[-69.08177,10.23266],[-69.07817,10.23469],[-69.07599,10.23393],[-69.07872,10.22718],[-69.08234,10.22284],[-69.0801,10.22045],[-69.07434,10.21994],[-69.07043,10.22622],[-69.05867,10.23467],[-69.04985,10.23188],[-69.04786,10.23023],[-69.04854,10.22853],[-69.04506,10.22645],[-69.03536,10.23729],[-69.01809,10.23869],[-69.01513,10.24013],[-69.01573,10.24991],[-69.01008,10.26004],[-69.00988,10.27453],[-69.00756,10.28358],[-69.01621,10.29555],[-69.02712,10.30283],[-69.0293,10.38542],[-69.03261,10.41151],[-69.03655,10.41877],[-69.04169,10.41951],[-69.04836,10.41445],[-69.05035,10.40323],[-69.05514,10.40216],[-69.06137,10.40362],[-69.06874,10.40147],[-69.07459,10.4033],[-69.07888,10.41164],[-69.07802,10.42069],[-69.06679,10.4366],[-69.0652,10.44565],[-69.06685,10.45906],[-69.06868,10.45895],[-69.06916,10.46164],[-69.06497,10.46961],[-69.05893,10.47649],[-69.05296,10.47873],[-69.05004,10.48159],[-69.05108,10.48628],[-69.05007,10.49528],[-69.04646,10.50705],[-69.0476,10.50933],[-69.0552,10.50725],[-69.05637,10.50822],[-69.05538,10.51242],[-69.04929,10.52013],[-69.03246,10.52494],[-69.02824,10.52815],[-69.01583,10.52862],[-69.01119,10.53101],[-69.00817,10.5371],[-69.00016,10.54288],[-68.99386,10.55268],[-68.98992,10.55466],[-68.96206,10.55127],[-68.956,10.54594],[-68.95578,10.54077],[-68.94541,10.53885],[-68.94128,10.54054],[-68.93511,10.54612],[-68.92436,10.55039],[-68.9191,10.55585],[-68.91282,10.55791],[-68.90858,10.56182],[-68.90522,10.57185],[-68.8951,10.58164],[-68.89293,10.59056],[-68.8862,10.59409],[-68.88223,10.60047],[-68.8824,10.60901],[-68.87721,10.61443],[-68.87934,10.63374],[-68.8784,10.64131],[-68.87486,10.6496],[-68.8824,10.64964],[-68.89078,10.65432],[-68.88965,10.66146],[-68.89107,10.66483],[-68.89037,10.66927],[-68.89234,10.67295],[-68.8913,10.67697],[-68.90342,10.69369],[-68.90663,10.69505],[-68.90956,10.69367],[-68.91092,10.69563],[-68.91306,10.69408],[-68.92049,10.69634],[-68.92229,10.69402],[-68.92817,10.69476],[-68.93007,10.69319],[-68.93554,10.69463],[-68.942,10.69872],[-68.9434,10.69764],[-68.94302,10.70484],[-68.94597,10.70331],[-68.94829,10.69644],[-68.95154,10.69952],[-68.95778,10.69661],[-68.95864,10.69975],[-68.96079,10.70095],[-68.96189,10.69354],[-68.96689,10.69066],[-68.96836,10.69123],[-68.96676,10.69706],[-68.96764,10.69751],[-68.97248,10.69425],[-68.97815,10.69701],[-68.98871,10.69699],[-68.99078,10.69354],[-68.99301,10.69662],[-68.99772,10.69794],[-69.00102,10.69209],[-69.002,10.69516],[-69.00704,10.69511],[-69.01015,10.69713],[-69.01432,10.69234],[-69.01874,10.6917],[-69.01808,10.68745],[-69.01957,10.68678],[-69.02326,10.69081],[-69.02417,10.69019],[-69.02471,10.68523],[-69.02949,10.6897],[-69.03317,10.68998],[-69.03512,10.68918],[-69.03087,10.68779],[-69.03218,10.68455],[-69.03655,10.68576],[-69.0355,10.68348],[-69.03639,10.6827],[-69.04188,10.68312],[-69.04553,10.68009],[-69.0493,10.67959],[-69.05319,10.68123],[-69.05115,10.67647],[-69.05194,10.67378],[-69.05389,10.67475],[-69.05424,10.67684],[-69.05717,10.6768],[-69.06413,10.67148],[-69.07236,10.66136],[-69.07736,10.66288],[-69.07885,10.66091],[-69.08435,10.66618],[-69.08349,10.66809],[-69.08095,10.66836],[-69.08499,10.67246],[-69.08377,10.68147],[-69.09174,10.68622],[-69.09484,10.68503],[-69.09566,10.68259],[-69.09956,10.68251],[-69.10313,10.67968],[-69.10861,10.68227],[-69.11848,10.68086],[-69.12284,10.68659],[-69.12682,10.68786],[-69.12749,10.68522],[-69.12622,10.68227],[-69.13304,10.67906],[-69.13471,10.68088],[-69.13284,10.68644],[-69.13375,10.68964],[-69.14569,10.68308],[-69.14866,10.68458],[-69.14951,10.69127],[-69.15313,10.68466],[-69.16094,10.68444],[-69.16357,10.68934],[-69.16673,10.6872],[-69.16941,10.68813],[-69.17124,10.6954],[-69.17319,10.69432],[-69.17557,10.68791],[-69.17939,10.68667],[-69.1838,10.68874],[-69.18317,10.69049],[-69.17873,10.6929],[-69.17996,10.69626],[-69.18443,10.69192],[-69.18603,10.69206],[-69.18577,10.69523],[-69.18747,10.69661],[-69.18978,10.69209],[-69.19627,10.69108],[-69.20122,10.69277],[-69.20468,10.69854],[-69.20706,10.69296],[-69.21011,10.69177],[-69.2129,10.69405],[-69.21143,10.69807],[-69.21222,10.69968],[-69.21656,10.70267],[-69.22222,10.69997],[-69.22609,10.69252],[-69.23018,10.69598],[-69.23481,10.69281],[-69.24204,10.69746],[-69.24891,10.69117],[-69.25816,10.70097],[-69.26381,10.69893],[-69.26974,10.69896],[-69.27333,10.6971],[-69.27767,10.69952],[-69.28021,10.69771],[-69.28579,10.69974],[-69.29098,10.69717],[-69.29391,10.69765],[-69.29661,10.70163],[-69.29968,10.70297],[-69.30575,10.70054],[-69.30617,10.69504],[-69.31519,10.70119],[-69.31994,10.69809],[-69.32229,10.69812],[-69.3242,10.69982],[-69.32375,10.70191],[-69.32578,10.70292],[-69.33045,10.7004],[-69.33036,10.69622],[-69.33408,10.69755],[-69.33403,10.70169],[-69.33745,10.69956],[-69.34501,10.7057],[-69.35013,10.70143],[-69.35346,10.70389],[-69.35783,10.70203],[-69.36534,10.7048],[-69.37578,10.70625],[-69.37974,10.71184],[-69.38083,10.71157],[-69.38123,10.70593],[-69.38258,10.70543],[-69.38835,10.70562],[-69.39346,10.70403],[-69.39735,10.70863],[-69.40423,10.70981],[-69.40823,10.70793],[-69.41003,10.70446],[-69.41489,10.70267],[-69.42182,10.70269],[-69.42417,10.70003],[-69.43513,10.70243],[-69.44069,10.69854],[-69.44522,10.70059],[-69.44843,10.6985],[-69.45415,10.69961],[-69.45836,10.69377],[-69.46483,10.68984],[-69.48909,10.69125],[-69.49425,10.69431],[-69.50212,10.69333],[-69.50464,10.69464],[-69.51448,10.6914],[-69.51516,10.68981],[-69.51832,10.69484],[-69.51857,10.70601],[-69.52237,10.71694],[-69.51579,10.72832],[-69.51565,10.7304],[-69.51799,10.73288],[-69.51746,10.73671],[-69.5147,10.73798],[-69.51611,10.74191],[-69.52192,10.74034],[-69.52844,10.74205],[-69.54505,10.74311],[-69.55717,10.73686],[-69.5641,10.73047],[-69.56715,10.7296],[-69.5776,10.73265],[-69.58948,10.72833],[-69.60881,10.73252],[-69.61147,10.73231],[-69.61752,10.7271],[-69.6229,10.72773],[-69.64407,10.73843],[-69.64964,10.73892],[-69.65752,10.73694],[-69.68,10.72127],[-69.69056,10.71949],[-69.72082,10.74466],[-69.73402,10.74534],[-69.75447,10.73717],[-69.75762,10.73431],[-69.76268,10.73326],[-69.78085,10.72166],[-69.78631,10.71534],[-69.79214,10.71255],[-69.80431,10.71104],[-69.81409,10.70512],[-69.82193,10.70396],[-69.82806,10.70865],[-69.82801,10.71729],[-69.82246,10.72555],[-69.81882,10.7282],[-69.81096,10.7303],[-69.81651,10.74169],[-69.81867,10.7426],[-69.83079,10.73501],[-69.84052,10.73128],[-69.84822,10.73058],[-69.8529,10.73182],[-69.85593,10.73073],[-69.86713,10.71937],[-69.86615,10.71241],[-69.86755,10.71],[-69.88043,10.70544],[-69.89299,10.7049],[-69.90865,10.69666],[-69.91732,10.69013],[-69.92025,10.68943],[-69.92758,10.69254],[-69.93827,10.68776],[-69.94018,10.68839],[-69.94376,10.69013],[-69.95072,10.70171],[-69.96469,10.69612],[-69.97579,10.68789],[-69.98151,10.68128],[-69.98759,10.67956],[-69.9942,10.6752],[-70.00559,10.67487],[-70.01084,10.6719],[-70.01489,10.67217],[-70.01884,10.66361],[-70.02586,10.66062],[-70.03418,10.65428],[-70.04299,10.65475],[-70.0463,10.65277],[-70.05043,10.64472],[-70.0585,10.6412],[-70.07449,10.63888],[-70.0806,10.64163],[-70.08044,10.64659],[-70.08567,10.65549],[-70.09481,10.6536],[-70.09965,10.65507],[-70.1063,10.65247],[-70.11294,10.653],[-70.11717,10.64998],[-70.12296,10.65501],[-70.12579,10.65958],[-70.13126,10.66062],[-70.13342,10.66306],[-70.14149,10.66297],[-70.14484,10.6614],[-70.14712,10.6579],[-70.15898,10.65473],[-70.16117,10.65032],[-70.16665,10.64594],[-70.17222,10.64542],[-70.17737,10.64269],[-70.17848,10.63275],[-70.18217,10.62639],[-70.17997,10.6221],[-70.175,10.61928],[-70.17686,10.61585],[-70.18227,10.6148],[-70.1885,10.60983],[-70.19901,10.60823],[-70.20242,10.60552],[-70.20457,10.60139],[-70.21792,10.59438],[-70.2218,10.59416],[-70.23081,10.58803],[-70.23559,10.58933],[-70.24147,10.58767],[-70.24494,10.58539],[-70.24542,10.58103],[-70.25113,10.57759],[-70.25336,10.57298],[-70.27547,10.56216],[-70.27846,10.56128],[-70.27948,10.56338],[-70.28651,10.56472],[-70.29592,10.57039],[-70.30562,10.57008],[-70.30965,10.57333],[-70.31156,10.5803],[-70.31297,10.58098],[-70.31883,10.57952],[-70.3209,10.57735],[-70.32122,10.57287],[-70.32648,10.56875],[-70.33426,10.56569],[-70.34208,10.56795],[-70.34308,10.56523],[-70.34138,10.56132],[-70.34117,10.55229],[-70.34281,10.54764],[-70.34746,10.54568],[-70.35553,10.54618],[-70.36365,10.54397],[-70.37047,10.54459],[-70.37611,10.53395],[-70.37875,10.53225],[-70.38154,10.53306],[-70.38618,10.53195],[-70.39526,10.52442],[-70.39559,10.52157],[-70.38969,10.51097],[-70.39671,10.49702],[-70.39755,10.4855],[-70.40324,10.47837],[-70.40971,10.47661],[-70.41378,10.4729],[-70.41766,10.46521],[-70.42433,10.4629],[-70.42714,10.45653],[-70.43167,10.45239],[-70.43501,10.45171],[-70.45151,10.45889],[-70.4547,10.46166],[-70.45708,10.46737],[-70.46159,10.46948],[-70.47285,10.46547],[-70.47917,10.45854],[-70.48226,10.45859],[-70.48643,10.46215],[-70.49349,10.46196],[-70.50154,10.45289],[-70.52068,10.44302],[-70.52383,10.43634],[-70.52701,10.4231],[-70.53724,10.41168],[-70.53786,10.40809],[-70.5356,10.40242],[-70.53566,10.39829],[-70.54415,10.36508],[-70.55364,10.35519],[-70.55412,10.34655],[-70.56009,10.34031],[-70.5691,10.32709],[-70.57471,10.32367],[-70.58142,10.32278],[-70.6041,10.32928],[-70.62354,10.32998],[-70.64642,10.32209],[-70.65405,10.31593],[-70.66236,10.31682],[-70.68066,10.30119],[-70.69201,10.30113],[-70.68982,10.29367],[-70.69305,10.28647],[-70.6965,10.27181],[-70.69508,10.26179],[-70.6959,10.25561],[-70.70687,10.22954],[-70.70865,10.22177],[-70.70727,10.2161],[-70.70195,10.20734],[-70.70811,10.19877],[-70.71431,10.19544],[-70.71949,10.19525],[-70.72926,10.18466],[-70.73402,10.17157],[-70.7353,10.16309],[-70.73468,10.15547],[-70.73614,10.15325],[-70.74239,10.14682],[-70.76097,10.13357],[-70.77033,10.13431],[-70.77494,10.13309],[-70.77896,10.12798],[-70.78397,10.12522],[-70.78737,10.12123],[-70.83908,10.09823],[-70.84298,10.09187],[-70.84154,10.08425],[-70.84305,10.07576],[-70.84823,10.07131],[-70.86147,10.06854],[-70.87025,10.05901],[-70.87825,10.05678],[-70.8816,10.05212],[-70.8826,10.04805],[-70.79076,9.91899],[-70.78506,9.91825],[-70.76722,9.92119],[-70.7531,9.91702],[-70.74448,9.90994],[-70.7454,9.89966],[-70.73795,9.8929],[-70.70624,9.88293],[-70.70221,9.8836],[-70.69992,9.88355],[-70.69375,9.88932],[-70.69047,9.8951],[-70.69019,9.9086],[-70.69555,9.92283],[-70.69425,9.92521],[-70.69505,9.93342],[-70.69337,9.94007],[-70.69494,9.94468],[-70.69308,9.9494],[-70.6828,9.95867],[-70.68367,9.96755],[-70.67997,9.97181],[-70.68093,9.98041],[-70.68387,9.9875],[-70.68242,9.99699],[-70.6655,10.01682],[-70.64865,10.02793],[-70.64568,10.0361],[-70.64013,10.03917],[-70.63413,10.03771],[-70.62931,10.03151],[-70.62443,10.03085],[-70.62411,10.02844],[-70.61174,10.01849],[-70.61166,10.00894],[-70.60645,9.99746],[-70.59878,9.99474],[-70.59529,9.98687],[-70.5938,9.97868],[-70.59041,9.97102],[-70.58914,9.96308],[-70.59061,9.95879],[-70.58747,9.95377],[-70.58487,9.95202],[-70.57135,9.95307],[-70.56544,9.95561],[-70.55632,9.95575],[-70.55135,9.95193],[-70.54978,9.94847],[-70.5441,9.94568],[-70.53953,9.93327],[-70.54329,9.9225],[-70.53971,9.91178],[-70.53194,9.90179],[-70.51979,9.89214],[-70.51721,9.88653],[-70.50999,9.88447],[-70.50621,9.88098],[-70.50032,9.88329],[-70.49896,9.88733],[-70.49566,9.8903],[-70.49248,9.88871],[-70.48888,9.89004],[-70.48691,9.88562],[-70.48363,9.88425],[-70.4865,9.87444],[-70.48024,9.87007],[-70.46953,9.86574],[-70.45959,9.86872],[-70.4539,9.87855],[-70.43987,9.87634],[-70.43405,9.88045],[-70.4248,9.8895],[-70.42085,9.89881],[-70.41723,9.90116],[-70.4169,9.90455],[-70.39508,9.89983],[-70.3698,9.90472],[-70.36532,9.90368],[-70.36208,9.90196],[-70.36186,9.89942],[-70.35523,9.89347],[-70.33621,9.86277],[-70.32469,9.85184],[-70.32286,9.84425],[-70.32601,9.82828],[-70.32843,9.82275],[-70.28057,9.8231],[-70.24202,9.7604],[-70.23715,9.76517],[-70.23617,9.77715],[-70.23001,9.78922],[-70.22734,9.80002],[-70.22443,9.8033],[-70.22452,9.80985],[-70.23224,9.81608],[-70.23265,9.82216],[-70.2291,9.82462],[-70.22522,9.82415],[-70.22353,9.82248],[-70.21539,9.82916],[-70.21841,9.83238],[-70.21523,9.83585],[-70.21646,9.83583],[-70.21799,9.84091],[-70.21574,9.84264],[-70.21075,9.84104],[-70.20594,9.83259],[-70.20326,9.83071],[-70.20031,9.83103],[-70.19204,9.82412],[-70.1875,9.81281],[-70.18687,9.81014],[-70.18858,9.80365],[-70.18608,9.79887],[-70.1717,9.78998],[-70.16421,9.78883],[-70.15868,9.77779],[-70.14617,9.77165],[-70.14305,9.76266],[-70.12729,9.76143],[-70.12591,9.76302],[-70.12042,9.7641],[-70.11869,9.76605],[-70.11501,9.7661],[-70.11303,9.76813],[-70.10436,9.77138],[-70.0991,9.77032],[-70.09215,9.76577],[-70.08859,9.7616],[-70.07824,9.75995],[-70.07749,9.75839],[-70.07946,9.75175],[-70.07017,9.73163],[-70.06437,9.72942],[-70.06095,9.72308],[-70.05655,9.71891],[-70.0414,9.7185],[-70.03073,9.72157],[-70.0258,9.71671],[-70.02399,9.70879],[-70.02198,9.7063],[-70.00496,9.69452],[-70.00524,9.69104],[-70.00123,9.68199],[-69.99606,9.67906],[-69.99592,9.67679],[-69.99824,9.67766],[-70.01199,9.67384],[-70.01836,9.67362],[-70.02957,9.66781],[-70.03678,9.67198],[-70.04048,9.67166],[-70.04301,9.67329],[-70.05249,9.67257],[-70.05931,9.6679],[-70.06246,9.67479],[-70.06518,9.67662],[-70.07058,9.67753],[-70.08567,9.67654],[-70.09707,9.66392],[-70.09885,9.65213],[-70.10717,9.63352],[-70.11232,9.62706],[-70.11665,9.62522],[-70.12695,9.61132],[-70.12654,9.59947],[-70.11788,9.58193],[-70.11922,9.57246],[-70.12336,9.55987],[-70.12265,9.55819],[-70.1163,9.5555],[-70.112,9.544],[-70.1115,9.53245],[-70.11351,9.52812],[-70.10998,9.52366],[-70.10995,9.52097],[-70.10419,9.51623],[-70.10346,9.50507],[-70.10082,9.50107],[-70.09695,9.49854],[-70.08523,9.49799],[-70.07866,9.48815],[-70.07733,9.47901],[-70.08263,9.46395],[-70.082,9.45887],[-70.07935,9.45421],[-70.0856,9.43952],[-70.08456,9.43438],[-70.08017,9.43191],[-70.07718,9.42808],[-70.07421,9.42743],[-70.06183,9.43083],[-70.04962,9.42831],[-70.04397,9.4295],[-70.04254,9.42787],[-70.044,9.42427],[-70.03492,9.41508],[-70.02472,9.42258],[-70.02508,9.42608],[-70.01992,9.43081],[-70.00617,9.44303],[-69.99361,9.45102],[-69.99201,9.45384],[-69.99143,9.45825],[-69.99958,9.45861],[-70.00191,9.46545],[-70.00966,9.46474],[-70.01782,9.46593],[-70.01953,9.47036],[-70.01936,9.47641],[-70.0185,9.47948],[-70.01396,9.48342],[-70.0124,9.48886],[-70.01233,9.49827],[-70.00562,9.4999],[-70.00094,9.50276],[-69.99919,9.50643],[-69.99571,9.50694],[-69.9742,9.53943],[-69.96898,9.54146],[-69.94962,9.55478],[-69.94088,9.54999],[-69.92396,9.54446],[-69.91553,9.54403],[-69.9021,9.54695],[-69.88414,9.54585],[-69.87002,9.54709],[-69.86796,9.54815],[-69.86388,9.55533],[-69.85676,9.55991],[-69.85161,9.56527],[-69.83963,9.56782],[-69.83334,9.5659],[-69.83154,9.55615],[-69.82635,9.55241],[-69.82668,9.55032],[-69.83189,9.54657],[-69.83387,9.54333],[-69.83387,9.53062],[-69.83167,9.52306],[-69.83349,9.51462],[-69.85316,9.48527],[-69.85522,9.47768],[-69.8653,9.47654],[-69.8679,9.47121],[-69.87293,9.46697],[-69.87766,9.46577],[-69.89375,9.44391],[-69.89519,9.44076],[-69.89387,9.4341],[-69.89494,9.42761],[-69.89652,9.4221],[-69.90173,9.41556],[-69.89829,9.40818],[-69.8886,9.40767],[-69.88599,9.40953],[-69.88147,9.40922],[-69.87634,9.41304],[-69.87185,9.41],[-69.86737,9.41586],[-69.86188,9.41291],[-69.85714,9.405],[-69.84623,9.40611],[-69.83932,9.40195],[-69.83663,9.40176],[-69.83516,9.40375],[-69.82019,9.40605],[-69.81775,9.4094],[-69.81602,9.40984],[-69.81196,9.40767],[-69.80525,9.41001],[-69.78591,9.42383],[-69.75466,9.42575],[-69.75306,9.42733],[-69.7522,9.43779],[-69.74866,9.43998],[-69.73248,9.43661],[-69.72837,9.43414],[-69.72818,9.43026],[-69.73094,9.42494],[-69.73479,9.42131],[-69.7348,9.41814],[-69.73107,9.41509],[-69.72635,9.41391],[-69.7179,9.4072],[-69.70314,9.40579],[-69.69664,9.40701],[-69.68219,9.40558],[-69.67953,9.40644],[-69.67699,9.4052],[-69.67693,9.40173],[-69.67204,9.4027],[-69.67078,9.40482],[-69.66703,9.40155],[-69.66172,9.40474],[-69.6606,9.40718],[-69.65377,9.39919],[-69.65409,9.40318],[-69.65069,9.40815],[-69.64856,9.40755],[-69.64873,9.41023],[-69.64258,9.41792],[-69.64048,9.4314],[-69.63863,9.43228],[-69.63486,9.44066],[-69.63228,9.45156],[-69.62384,9.46274],[-69.623,9.47533],[-69.61996,9.48156],[-69.61946,9.49266],[-69.62642,9.51151],[-69.62084,9.53479],[-69.62209,9.54611],[-69.62113,9.55649],[-69.61816,9.55668],[-69.61263,9.55405],[-69.60326,9.54428],[-69.60325,9.53733],[-69.60103,9.53446],[-69.58941,9.52953],[-69.57851,9.5289],[-69.572,9.52375],[-69.56397,9.52884],[-69.56157,9.5338],[-69.5587,9.53563],[-69.55203,9.53625],[-69.54079,9.53396],[-69.53394,9.53741],[-69.52688,9.53684],[-69.52294,9.54069],[-69.51584,9.54047],[-69.51341,9.5424],[-69.50834,9.54133],[-69.50575,9.54949],[-69.50168,9.55257],[-69.49339,9.54559],[-69.48279,9.54375],[-69.47132,9.54666],[-69.46158,9.54635],[-69.44395,9.54942],[-69.44083,9.55557],[-69.44105,9.5616],[-69.43854,9.56194],[-69.44057,9.56453],[-69.43924,9.56555],[-69.43957,9.57569],[-69.44088,9.5771],[-69.43946,9.57842],[-69.44088,9.58127],[-69.4396,9.58825],[-69.4145,9.59749],[-69.39593,9.5935],[-69.3851,9.59271],[-69.38427,9.60145],[-69.3949,9.60808],[-69.39683,9.61594],[-69.39083,9.62498],[-69.37967,9.63143],[-69.37315,9.63753],[-69.37335,9.64486],[-69.3692,9.65134],[-69.36614,9.67264],[-69.37274,9.68419],[-69.37244,9.69194],[-69.36939,9.69575],[-69.36521,9.69454],[-69.35963,9.69847],[-69.35533,9.69816],[-69.35328,9.69946],[-69.35344,9.70594],[-69.35,9.70896],[-69.35102,9.71437],[-69.34755,9.72102],[-69.34447,9.72377],[-69.34338,9.72869],[-69.34576,9.73331],[-69.34566,9.73957],[-69.34737,9.74058],[-69.34978,9.74635],[-69.34867,9.75299],[-69.34713,9.75375],[-69.34617,9.75735],[-69.3424,9.75693],[-69.33559,9.7647],[-69.33521,9.77532],[-69.33344,9.77767],[-69.33047,9.77554],[-69.32691,9.77679],[-69.32275,9.77599],[-69.31827,9.77856],[-69.31795,9.7814],[-69.31539,9.78401],[-69.31254,9.78337],[-69.3128,9.78619],[-69.31007,9.78915],[-69.30918,9.7954],[-69.30471,9.80036],[-69.30558,9.80383],[-69.30463,9.80695],[-69.30119,9.81005],[-69.29656,9.81127],[-69.29507,9.81338],[-69.29219,9.83059],[-69.28576,9.83253],[-69.28559,9.84155],[-69.28254,9.84181],[-69.28387,9.84588],[-69.27782,9.84173],[-69.27554,9.83627],[-69.26899,9.83398],[-69.26646,9.82654],[-69.26775,9.82242],[-69.27412,9.81689],[-69.27371,9.8101],[-69.2777,9.81068],[-69.27771,9.80424],[-69.27636,9.79233],[-69.26754,9.78132],[-69.26403,9.77985],[-69.26139,9.76802],[-69.26266,9.76583],[-69.26178,9.76264],[-69.26343,9.76274],[-69.26568,9.75894],[-69.26915,9.76034],[-69.27025,9.75844],[-69.27474,9.75717],[-69.28109,9.75073],[-69.28122,9.74718],[-69.27448,9.74313],[-69.26765,9.71509],[-69.26445,9.71561],[-69.2622,9.7111],[-69.25477,9.71084],[-69.25307,9.70958],[-69.25355,9.7073],[-69.24829,9.69585],[-69.24899,9.69129],[-69.24577,9.69073],[-69.24354,9.68781],[-69.23818,9.68662],[-69.23702,9.68441],[-69.23316,9.68466],[-69.22495,9.68034],[-69.22014,9.68044],[-69.2177,9.67865],[-69.21075,9.67865],[-69.20837,9.67633],[-69.19812,9.67707],[-69.1927,9.67512],[-69.19022,9.67727],[-69.17976,9.67755],[-69.16495,9.68228],[-69.15652,9.68185],[-69.10042,9.69981],[-69.08911,9.71073],[-69.08422,9.70975],[-69.06406,9.712],[-69.05574,9.72047],[-69.05576,9.73448],[-69.05242,9.74207],[-69.04854,9.74407],[-69.0418,9.74411],[-69.03165,9.75176],[-69.02161,9.75489],[-69.01504,9.75933],[-68.99086,9.7661],[-68.9861,9.7701],[-68.98418,9.77825],[-68.98464,9.77965],[-68.98179,9.78154],[-68.98219,9.78322],[-68.98658,9.78609],[-68.98059,9.78494],[-68.97426,9.78643],[-68.97525,9.79032],[-68.97381,9.79987],[-68.97661,9.80365],[-68.97338,9.8085],[-68.97533,9.80772],[-68.97762,9.81112],[-68.97833,9.81878],[-68.97818,9.82233],[-68.97439,9.82187],[-68.97628,9.82447],[-68.9747,9.83164],[-68.97574,9.83546],[-68.97877,9.83671],[-68.97898,9.83843],[-68.97601,9.83862],[-68.97416,9.84264]]]}},{"type":"Feature","properties":{"shapeName":"Mérida","shapeISO":"VE-L","shapeID":"42786344B40280485548078","shapeGroup":"VEN","shapeType":"ADM1"},"geometry":{"type":"Polygon","coordinates":[[[-70.55233,8.9521],[-70.55511,8.9672],[-70.55373,8.9713],[-70.54843,8.97623],[-70.54675,8.99164],[-70.54383,9.00029],[-70.5462,9.00336],[-70.55503,9.00833],[-70.56711,9.01194],[-70.57699,9.01103],[-70.57959,9.01607],[-70.58201,9.02742],[-70.59159,9.02419],[-70.60162,9.0161],[-70.61866,9.01287],[-70.62227,9.0062],[-70.62808,9.00449],[-70.63219,8.99837],[-70.64084,8.9982],[-70.64088,8.99309],[-70.64296,8.99112],[-70.64992,8.9892],[-70.65192,8.98632],[-70.66339,8.98178],[-70.66508,8.97868],[-70.6732,8.97426],[-70.67503,8.97941],[-70.67933,8.98253],[-70.68718,8.99531],[-70.68921,8.99671],[-70.70457,8.9975],[-70.71127,9.00763],[-70.70584,9.01426],[-70.71114,9.02151],[-70.71917,9.02682],[-70.7228,9.03266],[-70.7302,9.05609],[-70.73365,9.05649],[-70.73921,9.05475],[-70.74356,9.05735],[-70.749,9.05742],[-70.75155,9.05256],[-70.76335,9.04899],[-70.76889,9.05343],[-70.77504,9.05445],[-70.77877,9.05892],[-70.78458,9.07467],[-70.78314,9.07779],[-70.78405,9.07866],[-70.78909,9.07227],[-70.80081,9.08001],[-70.80402,9.07564],[-70.80743,9.07423],[-70.81856,9.07991],[-70.82965,9.08784],[-70.84458,9.08907],[-70.84743,9.09285],[-70.8642,9.13548],[-70.86724,9.13892],[-70.86675,9.14323],[-70.86863,9.14571],[-70.86712,9.14869],[-70.868,9.15152],[-70.88009,9.15063],[-70.89046,9.15447],[-70.89287,9.1623],[-70.89056,9.16509],[-70.89776,9.1785],[-70.89645,9.18162],[-70.89822,9.19363],[-71.02956,9.08627],[-71.03139,9.08727],[-71.03423,9.09548],[-71.03736,9.09886],[-71.03899,9.09852],[-71.04226,9.10176],[-71.04829,9.10458],[-71.05691,9.10639],[-71.06707,9.11075],[-71.07567,9.11812],[-71.07936,9.12483],[-71.07938,9.13422],[-71.08331,9.14195],[-71.08835,9.14634],[-71.08938,9.14919],[-71.09169,9.14885],[-71.09486,9.15175],[-71.10743,9.15255],[-71.1106,9.15151],[-71.11208,9.15301],[-71.11827,9.1532],[-71.12127,9.15206],[-71.12665,9.15492],[-71.13272,9.15107],[-71.13501,9.15337],[-71.13661,9.15116],[-71.13851,9.1535],[-71.13858,9.15182],[-71.1437,9.14956],[-71.14601,9.15161],[-71.14784,9.15004],[-71.15349,9.15572],[-71.15538,9.15314],[-71.15796,9.15569],[-71.15922,9.15982],[-71.16175,9.15694],[-71.16043,9.161],[-71.16482,9.16302],[-71.16842,9.16169],[-71.16859,9.16424],[-71.1708,9.16321],[-71.17029,9.16783],[-71.17245,9.17352],[-71.17709,9.17438],[-71.17901,9.17906],[-71.18253,9.17839],[-71.18198,9.18091],[-71.18561,9.17977],[-71.18709,9.18201],[-71.18605,9.18383],[-71.18998,9.18289],[-71.18978,9.18458],[-71.19193,9.18435],[-71.19402,9.18618],[-71.19653,9.1848],[-71.19675,9.18677],[-71.20161,9.18911],[-71.20285,9.19117],[-71.2086,9.1897],[-71.21357,9.19558],[-71.2169,9.1956],[-71.21964,9.19788],[-71.21893,9.19378],[-71.22177,9.18645],[-71.21812,9.18687],[-71.22095,9.18598],[-71.22303,9.17674],[-71.21937,9.17452],[-71.21946,9.17114],[-71.22417,9.16327],[-71.21947,9.1629],[-71.21802,9.15938],[-71.21206,9.15513],[-71.20801,9.14577],[-71.20305,9.14108],[-71.20332,9.13513],[-71.2007,9.1344],[-71.19999,9.12899],[-71.19762,9.12821],[-71.19442,9.12409],[-71.19267,9.12442],[-71.19194,9.12094],[-71.18952,9.11896],[-71.18089,9.11663],[-71.17421,9.11855],[-71.17081,9.11556],[-71.16851,9.11864],[-71.16747,9.1154],[-71.16644,9.11681],[-71.16146,9.1165],[-71.15982,9.10973],[-71.15756,9.11228],[-71.15216,9.10972],[-71.15074,9.10635],[-71.14757,9.10582],[-71.14351,9.10095],[-71.14203,9.10228],[-71.13937,9.09936],[-71.13229,9.09779],[-71.13076,9.09394],[-71.12693,9.09447],[-71.11747,9.08459],[-71.11112,9.08194],[-71.10584,9.06936],[-71.10166,9.06497],[-71.09773,9.05742],[-71.09795,9.04961],[-71.10034,9.04598],[-71.09977,9.04359],[-71.30846,8.9023],[-71.30895,8.90697],[-71.31249,8.91125],[-71.32982,8.92069],[-71.34079,8.92004],[-71.34712,8.91434],[-71.35029,8.91512],[-71.356,8.91861],[-71.36218,8.9249],[-71.36391,8.92473],[-71.36604,8.92922],[-71.37019,8.93274],[-71.37089,8.93687],[-71.37493,8.9372],[-71.37776,8.93905],[-71.42036,8.90388],[-71.53651,8.81756],[-71.6734,8.70569],[-71.70168,8.67731],[-71.86511,8.67612],[-71.86937,8.67322],[-71.86947,8.66915],[-71.87321,8.6668],[-71.87252,8.6656],[-71.88888,8.65516],[-71.88861,8.65219],[-71.88985,8.65193],[-71.89033,8.64933],[-71.90857,8.64263],[-71.90992,8.63939],[-71.91228,8.63888],[-71.91506,8.63234],[-71.90994,8.63394],[-71.90492,8.6288],[-71.90067,8.62826],[-71.89662,8.62534],[-71.88953,8.61769],[-71.88938,8.61352],[-71.8844,8.61503],[-71.86633,8.60784],[-71.86488,8.60608],[-71.85859,8.60567],[-71.84913,8.59924],[-71.84396,8.60058],[-71.84185,8.59978],[-71.83806,8.59384],[-71.82333,8.58811],[-71.82216,8.58654],[-71.82283,8.58381],[-71.8213,8.58304],[-71.82244,8.58097],[-71.81934,8.58023],[-71.81686,8.57326],[-71.81504,8.57169],[-71.81542,8.57001],[-71.81144,8.56938],[-71.81138,8.56739],[-71.80861,8.56459],[-71.80949,8.5622],[-71.80704,8.55951],[-71.80719,8.55692],[-71.80212,8.54749],[-71.80063,8.53725],[-71.79397,8.53398],[-71.78401,8.5192],[-71.78464,8.51378],[-71.78004,8.50132],[-71.77584,8.4953],[-71.77411,8.48322],[-71.77611,8.47635],[-71.77467,8.46517],[-71.77898,8.4573],[-71.77937,8.45395],[-71.78259,8.44911],[-71.78548,8.44842],[-71.78518,8.44558],[-71.78735,8.44501],[-71.79704,8.43288],[-71.79909,8.4324],[-71.79846,8.42539],[-71.80142,8.42227],[-71.80176,8.41883],[-71.80987,8.41521],[-71.81385,8.41011],[-71.81221,8.40379],[-71.80347,8.39505],[-71.80208,8.38852],[-71.80388,8.38357],[-71.81812,8.37084],[-71.818,8.36168],[-71.81991,8.35758],[-71.82032,8.34821],[-71.81807,8.34326],[-71.80603,8.33262],[-71.80585,8.32427],[-71.80776,8.32147],[-71.81044,8.32135],[-71.81516,8.31601],[-71.82242,8.31156],[-71.82769,8.31349],[-71.83415,8.30678],[-71.83946,8.29751],[-71.84433,8.29601],[-71.85043,8.28161],[-71.85911,8.27623],[-71.86149,8.26625],[-71.86963,8.25707],[-71.87805,8.25044],[-71.88557,8.24055],[-71.89097,8.23658],[-71.89299,8.22793],[-71.90033,8.21424],[-71.90792,8.21053],[-71.91201,8.20011],[-71.91235,8.19057],[-71.90249,8.17618],[-71.90361,8.16383],[-71.89912,8.15866],[-71.89844,8.15564],[-71.89728,8.15599],[-71.89103,8.16284],[-71.87613,8.16395],[-71.87548,8.16828],[-71.87723,8.17776],[-71.87635,8.17971],[-71.87121,8.17697],[-71.86057,8.17794],[-71.85659,8.1797],[-71.85011,8.17211],[-71.84987,8.16727],[-71.84526,8.1667],[-71.84131,8.1618],[-71.83752,8.16027],[-71.82403,8.1584],[-71.82433,8.15641],[-71.82137,8.15066],[-71.81591,8.14593],[-71.81348,8.12794],[-71.80871,8.12569],[-71.80557,8.11929],[-71.7914,8.11855],[-71.78928,8.11738],[-71.78312,8.11184],[-71.78342,8.10751],[-71.78017,8.10403],[-71.77896,8.10013],[-71.77214,8.09901],[-71.76617,8.09179],[-71.76521,8.08983],[-71.76641,8.08436],[-71.7643,8.0823],[-71.76558,8.07692],[-71.75808,8.07367],[-71.75911,8.06695],[-71.75475,8.05762],[-71.74725,8.05322],[-71.74436,8.04965],[-71.74099,8.04909],[-71.73854,8.04589],[-71.72167,8.03866],[-71.71837,8.04093],[-71.71616,8.04038],[-71.71446,8.04249],[-71.70896,8.04341],[-71.70322,8.04097],[-71.70333,8.03814],[-71.70619,8.03604],[-71.7059,8.02808],[-71.70343,8.02602],[-71.69581,8.02665],[-71.69083,8.02064],[-71.68886,8.01552],[-71.68212,8.01217],[-71.67882,8.00793],[-71.67518,8.0059],[-71.66694,8.00512],[-71.66757,8.00928],[-71.6621,8.01433],[-71.66016,8.0184],[-71.65707,8.01973],[-71.65045,8.02805],[-71.64682,8.02894],[-71.64381,8.03169],[-71.63816,8.03886],[-71.63232,8.03975],[-71.62895,8.03879],[-71.62187,8.04349],[-71.62144,8.04632],[-71.61932,8.04844],[-71.61614,8.0503],[-71.61135,8.05058],[-71.60189,8.0574],[-71.58395,8.04443],[-71.57126,8.03932],[-71.57017,8.0319],[-71.56678,8.02492],[-71.57053,8.00404],[-71.55851,7.99218],[-71.55614,7.98392],[-71.55325,7.98273],[-71.54939,7.97726],[-71.54825,7.97645],[-71.53556,7.97885],[-71.52881,7.97321],[-71.52788,7.96483],[-71.51182,7.95254],[-71.51123,7.93107],[-71.50865,7.92241],[-71.51104,7.90918],[-71.51092,7.89251],[-71.50905,7.89069],[-71.51157,7.88739],[-71.51009,7.87585],[-71.51058,7.87441],[-71.517,7.87147],[-71.51861,7.86869],[-71.51893,7.86173],[-71.5162,7.85747],[-71.51758,7.85315],[-71.51643,7.85112],[-71.51966,7.8474],[-71.51295,7.84034],[-71.51427,7.83186],[-71.52318,7.81845],[-71.52301,7.80857],[-71.51759,7.80329],[-71.51444,7.79757],[-71.51593,7.79381],[-71.52239,7.78706],[-71.52467,7.76972],[-71.53396,7.75323],[-71.52049,7.74324],[-71.51373,7.73228],[-71.51293,7.72932],[-71.51475,7.71979],[-71.5095,7.71863],[-71.50663,7.71078],[-71.49955,7.70948],[-71.49806,7.70628],[-71.49673,7.68964],[-71.49296,7.67808],[-71.49254,7.66225],[-71.48455,7.66331],[-71.48578,7.66684],[-71.48454,7.67008],[-71.47766,7.66718],[-71.4768,7.67534],[-71.47457,7.67894],[-71.4636,7.67553],[-71.46059,7.68053],[-71.45961,7.68718],[-71.4436,7.6929],[-71.44263,7.69581],[-71.44372,7.70021],[-71.4544,7.71712],[-71.46546,7.72551],[-71.46359,7.74318],[-71.46607,7.74688],[-71.46539,7.74929],[-71.46892,7.75176],[-71.46383,7.75506],[-71.46315,7.75867],[-71.4593,7.76298],[-71.46363,7.76892],[-71.45397,7.78361],[-71.44963,7.78524],[-71.43943,7.7942],[-71.43574,7.79217],[-71.43374,7.79253],[-71.43073,7.79597],[-71.42853,7.79553],[-71.40733,7.80941],[-71.40026,7.81714],[-71.39296,7.82005],[-71.38568,7.82514],[-71.38419,7.82668],[-71.38238,7.83691],[-71.37701,7.84095],[-71.37494,7.84721],[-71.36724,7.85124],[-71.3557,7.85246],[-71.35216,7.86029],[-71.34456,7.86258],[-71.33426,7.87091],[-71.33098,7.87634],[-71.32131,7.88567],[-71.3145,7.88242],[-71.30989,7.88263],[-71.30591,7.88462],[-71.30202,7.89149],[-71.29402,7.89588],[-71.29443,7.90247],[-71.289,7.91396],[-71.28776,7.91459],[-71.28369,7.91022],[-71.28229,7.90504],[-71.27803,7.90741],[-71.27306,7.90712],[-71.27037,7.91064],[-71.26947,7.90619],[-71.26866,7.90526],[-71.26691,7.90629],[-71.26586,7.91003],[-71.26764,7.91224],[-71.26694,7.91834],[-71.26488,7.91682],[-71.26092,7.91738],[-71.26142,7.92105],[-71.25809,7.92366],[-71.25671,7.92287],[-71.25449,7.92675],[-71.25263,7.92504],[-71.25175,7.92951],[-71.2475,7.93121],[-71.24398,7.9389],[-71.23772,7.94057],[-71.23866,7.94585],[-71.23722,7.94754],[-71.23319,7.94246],[-71.23214,7.94294],[-71.23072,7.94962],[-71.23251,7.94952],[-71.23286,7.95261],[-71.23487,7.95309],[-71.23592,7.9567],[-71.23501,7.95807],[-71.23199,7.95708],[-71.2287,7.95999],[-71.22741,7.95777],[-71.22007,7.96594],[-71.19686,7.97772],[-71.18429,7.98838],[-71.17893,7.99556],[-71.17106,7.99518],[-71.16873,7.9968],[-71.17195,8.00537],[-71.16797,8.00809],[-71.16756,8.01202],[-71.16381,8.01264],[-71.16276,8.01476],[-71.16064,8.01244],[-71.15832,8.0128],[-71.1545,8.01524],[-71.15102,8.02017],[-71.14494,8.02002],[-71.14113,8.02358],[-71.13572,8.02259],[-71.12667,8.03853],[-71.12158,8.03889],[-71.11999,8.03553],[-71.11773,8.03462],[-71.11523,8.03916],[-71.10947,8.03705],[-71.10878,8.0381],[-71.11146,8.04091],[-71.1078,8.04412],[-71.10474,8.04282],[-71.10382,8.04369],[-71.10206,8.05567],[-71.09522,8.05923],[-71.0944,8.0739],[-71.09103,8.07008],[-71.08919,8.07042],[-71.08279,8.07313],[-71.07977,8.07715],[-71.0748,8.07909],[-71.07436,8.08279],[-71.06947,8.08934],[-71.0704,8.09077],[-71.06536,8.09247],[-71.05927,8.10125],[-71.05632,8.10165],[-71.05683,8.10602],[-71.0536,8.10658],[-71.05251,8.1098],[-71.04883,8.11051],[-71.04501,8.11597],[-71.04686,8.12426],[-71.0443,8.12559],[-71.04542,8.12767],[-71.04455,8.13114],[-71.04336,8.13121],[-71.04676,8.13537],[-71.0471,8.14427],[-71.04268,8.14834],[-71.04294,8.15316],[-71.03997,8.1566],[-71.0379,8.15702],[-71.03535,8.16243],[-71.02328,8.17004],[-71.01819,8.17615],[-71.0184,8.18048],[-71.01464,8.18105],[-71.0127,8.183],[-71.0144,8.18633],[-71.00946,8.19764],[-71.00997,8.20013],[-71.0227,8.2169],[-71.02114,8.22052],[-71.02686,8.22403],[-71.02384,8.23321],[-71.03014,8.24343],[-71.01833,8.24261],[-71.01443,8.24402],[-70.99493,8.26489],[-70.98467,8.26694],[-70.97514,8.26703],[-70.96927,8.26126],[-70.96655,8.24938],[-70.96361,8.2449],[-70.96019,8.24287],[-70.95067,8.24493],[-70.94164,8.24946],[-70.93579,8.25848],[-70.92628,8.2635],[-70.9087,8.26764],[-70.90675,8.2713],[-70.91068,8.27975],[-70.91142,8.28543],[-70.90778,8.29424],[-70.90828,8.29967],[-70.91097,8.30243],[-70.90535,8.31943],[-70.90683,8.32855],[-70.90948,8.33161],[-70.90742,8.35933],[-70.90549,8.36312],[-70.90167,8.36614],[-70.89551,8.37789],[-70.87874,8.38122],[-70.87339,8.38423],[-70.86569,8.39863],[-70.85606,8.41106],[-70.85148,8.41244],[-70.84402,8.43115],[-70.83366,8.43509],[-70.84595,8.44982],[-70.84132,8.45269],[-70.83866,8.45734],[-70.8387,8.47766],[-70.83072,8.49227],[-70.84561,8.5179],[-70.84682,8.52426],[-70.84154,8.54474],[-70.84872,8.56029],[-70.85052,8.58557],[-70.84503,8.58645],[-70.83577,8.59513],[-70.83001,8.59795],[-70.80865,8.59678],[-70.79826,8.60533],[-70.79255,8.60775],[-70.78008,8.60615],[-70.76294,8.61066],[-70.75046,8.62052],[-70.73078,8.62391],[-70.72352,8.63207],[-70.71766,8.64119],[-70.71542,8.6492],[-70.71534,8.66104],[-70.71411,8.66443],[-70.71164,8.66846],[-70.70755,8.67031],[-70.70702,8.67419],[-70.722,8.69112],[-70.72671,8.69884],[-70.73168,8.70185],[-70.74485,8.70394],[-70.74853,8.70796],[-70.75071,8.71733],[-70.75585,8.72194],[-70.75624,8.72574],[-70.74134,8.74276],[-70.7342,8.74871],[-70.7274,8.75248],[-70.72094,8.7532],[-70.71132,8.76338],[-70.70587,8.76571],[-70.70319,8.77359],[-70.69506,8.77828],[-70.68914,8.78669],[-70.68268,8.80154],[-70.67849,8.80495],[-70.666,8.81059],[-70.66266,8.81511],[-70.66392,8.82102],[-70.66146,8.82408],[-70.6594,8.83068],[-70.64948,8.83645],[-70.64186,8.84419],[-70.63121,8.84452],[-70.62435,8.83704],[-70.61215,8.8352],[-70.61171,8.83845],[-70.60721,8.84473],[-70.60053,8.84733],[-70.59453,8.84703],[-70.58375,8.84272],[-70.58211,8.84614],[-70.57801,8.84778],[-70.56802,8.85733],[-70.5676,8.85849],[-70.57217,8.86257],[-70.57343,8.86814],[-70.57559,8.86899],[-70.57753,8.87216],[-70.5763,8.88048],[-70.57858,8.89633],[-70.57522,8.90774],[-70.56864,8.91288],[-70.56044,8.92618],[-70.54704,8.93546],[-70.55336,8.94368],[-70.55233,8.9521]]]}},{"type":"Feature","properties":{"shapeName":"Miranda","shapeISO":"VE-M","shapeID":"42786344B65180575927800","shapeGroup":"VEN","shapeType":"ADM1"},"geometry":{"type":"Polygon","coordinates":[[[-65.43136,10.14052],[-65.44527,10.14251],[-65.48845,10.15519],[-65.49928,10.15706],[-65.51336,10.1625],[-65.59785,10.18679],[-65.6184,10.19534],[-65.63516,10.19951],[-65.67236,10.21523],[-65.68547,10.21999],[-65.68582,10.21876],[-65.68716,10.22054],[-65.77717,10.25621],[-65.82516,10.2783],[-65.87436,10.30486],[-65.87501,10.30236],[-65.87699,10.30675],[-65.91645,10.33184],[-65.92948,10.34324],[-65.94481,10.35328],[-65.98462,10.38766],[-65.98856,10.39087],[-65.99027,10.39058],[-65.99209,10.39363],[-66.05127,10.4306],[-66.07308,10.45146],[-66.09051,10.46984],[-66.09607,10.47972],[-66.09723,10.48626],[-66.09388,10.48873],[-66.09534,10.48886],[-66.09446,10.49002],[-66.09651,10.49193],[-66.09564,10.49004],[-66.09671,10.48881],[-66.10183,10.48861],[-66.11015,10.49991],[-66.11533,10.51578],[-66.11575,10.52245],[-66.1125,10.53117],[-66.10724,10.5312],[-66.10896,10.53328],[-66.11042,10.53254],[-66.11025,10.53522],[-66.11238,10.53422],[-66.11196,10.53609],[-66.11489,10.53355],[-66.11482,10.53585],[-66.11208,10.53683],[-66.11302,10.53812],[-66.11295,10.53676],[-66.1152,10.53679],[-66.11626,10.53477],[-66.11662,10.53639],[-66.11706,10.5348],[-66.1178,10.53593],[-66.11747,10.53485],[-66.11823,10.53561],[-66.11947,10.53405],[-66.11987,10.53044],[-66.11795,10.52584],[-66.12013,10.51656],[-66.11705,10.51544],[-66.12017,10.51472],[-66.11684,10.50594],[-66.11736,10.51235],[-66.116,10.51329],[-66.11716,10.51224],[-66.11642,10.50979],[-66.11523,10.50999],[-66.11631,10.50952],[-66.11583,10.50683],[-66.11433,10.50648],[-66.11266,10.50282],[-66.11574,10.50533],[-66.11489,10.50035],[-66.11357,10.49939],[-66.1123,10.50001],[-66.1125,10.5021],[-66.11181,10.50084],[-66.11185,10.50015],[-66.11307,10.49928],[-66.11462,10.4996],[-66.11708,10.50566],[-66.1164,10.49966],[-66.11113,10.49255],[-66.11106,10.49526],[-66.10918,10.4958],[-66.10759,10.49328],[-66.10938,10.49568],[-66.1108,10.49472],[-66.10805,10.49155],[-66.10864,10.49035],[-66.10649,10.49069],[-66.10709,10.49263],[-66.10629,10.49058],[-66.10821,10.48975],[-66.11068,10.49223],[-66.10913,10.48799],[-66.11151,10.48868],[-66.11308,10.49361],[-66.11502,10.49328],[-66.11524,10.49452],[-66.11345,10.49426],[-66.11479,10.49659],[-66.11581,10.49535],[-66.11669,10.49719],[-66.11544,10.49706],[-66.11798,10.49864],[-66.11823,10.50182],[-66.11937,10.50192],[-66.11875,10.50483],[-66.12169,10.50318],[-66.12277,10.50519],[-66.1258,10.50497],[-66.12252,10.50535],[-66.12112,10.50519],[-66.11806,10.50771],[-66.11915,10.50961],[-66.12085,10.5094],[-66.11913,10.51003],[-66.12036,10.51201],[-66.12308,10.50816],[-66.1226,10.50962],[-66.12309,10.50977],[-66.1239,10.5106],[-66.12566,10.51315],[-66.12503,10.51563],[-66.12518,10.51271],[-66.12345,10.51099],[-66.1232,10.50998],[-66.12211,10.50979],[-66.12086,10.51189],[-66.12233,10.51416],[-66.12082,10.51352],[-66.12073,10.52005],[-66.12135,10.52133],[-66.12208,10.52044],[-66.12239,10.52271],[-66.12355,10.52132],[-66.12466,10.52424],[-66.12688,10.52188],[-66.12687,10.51639],[-66.12714,10.52116],[-66.12646,10.52545],[-66.12684,10.52564],[-66.12471,10.52979],[-66.12556,10.53002],[-66.12218,10.5311],[-66.1237,10.53366],[-66.12112,10.53152],[-66.11985,10.53509],[-66.12565,10.53714],[-66.12542,10.53913],[-66.12249,10.54151],[-66.12025,10.5401],[-66.11892,10.54105],[-66.11926,10.53925],[-66.11758,10.53912],[-66.11509,10.5417],[-66.11647,10.54619],[-66.11328,10.54389],[-66.10914,10.54338],[-66.10807,10.54694],[-66.10652,10.5469],[-66.10768,10.54433],[-66.10487,10.5403],[-66.10603,10.5385],[-66.10483,10.53773],[-66.10341,10.54074],[-66.10372,10.54391],[-66.10242,10.54112],[-66.1031,10.53701],[-66.10008,10.53414],[-66.10176,10.53285],[-66.10172,10.53448],[-66.10366,10.53486],[-66.10146,10.53071],[-66.09922,10.52995],[-66.09591,10.53565],[-66.09414,10.53634],[-66.09643,10.53959],[-66.09759,10.53908],[-66.10121,10.54147],[-66.09859,10.5458],[-66.09691,10.54486],[-66.09699,10.54122],[-66.09578,10.54037],[-66.09329,10.545],[-66.09161,10.54479],[-66.09363,10.54071],[-66.09259,10.53527],[-66.091,10.53468],[-66.08419,10.53951],[-66.07957,10.54535],[-66.07761,10.54401],[-66.06419,10.54845],[-66.05589,10.55819],[-66.05439,10.56536],[-66.04672,10.56935],[-66.04925,10.58016],[-66.05411,10.58013],[-66.0552,10.58374],[-66.05798,10.58459],[-66.05887,10.58655],[-66.06409,10.5878],[-66.0615,10.57947],[-66.06514,10.5769],[-66.06868,10.57558],[-66.07598,10.57636],[-66.09689,10.58676],[-66.10087,10.58734],[-66.10421,10.59075],[-66.11704,10.59218],[-66.12993,10.60127],[-66.13626,10.59902],[-66.14595,10.60261],[-66.14861,10.60237],[-66.15109,10.60437],[-66.15258,10.60368],[-66.15346,10.60513],[-66.16174,10.60824],[-66.16408,10.60731],[-66.16993,10.61036],[-66.17326,10.60834],[-66.19371,10.62038],[-66.21872,10.63983],[-66.23589,10.64895],[-66.24141,10.64826],[-66.24708,10.64955],[-66.2537,10.64819],[-66.25842,10.64986],[-66.26542,10.64745],[-66.26929,10.64845],[-66.27251,10.64659],[-66.28325,10.64568],[-66.29287,10.64223],[-66.29382,10.64068],[-66.29928,10.64087],[-66.30497,10.63546],[-66.30549,10.63189],[-66.31041,10.62505],[-66.31433,10.62198],[-66.31353,10.61893],[-66.30982,10.61522],[-66.31235,10.60359],[-66.31237,10.59827],[-66.31073,10.59669],[-66.3127,10.59221],[-66.30948,10.58872],[-66.30967,10.58395],[-66.3126,10.5783],[-66.31497,10.56785],[-66.3198,10.56363],[-66.32189,10.5485],[-66.31627,10.54227],[-66.31379,10.53199],[-66.31581,10.52962],[-66.33021,10.52316],[-66.33523,10.52617],[-66.34685,10.52556],[-66.35164,10.5363],[-66.36019,10.54056],[-66.37025,10.53779],[-66.37857,10.53873],[-66.39114,10.53511],[-66.39978,10.5371],[-66.40261,10.53612],[-66.41488,10.54305],[-66.42086,10.54259],[-66.42613,10.54099],[-66.43055,10.53454],[-66.44042,10.53298],[-66.44528,10.52994],[-66.45041,10.53683],[-66.45599,10.54085],[-66.46191,10.53607],[-66.4678,10.5357],[-66.47219,10.53205],[-66.48007,10.53609],[-66.496,10.53884],[-66.49888,10.54434],[-66.50629,10.54846],[-66.51123,10.54799],[-66.51626,10.55059],[-66.52512,10.55066],[-66.52844,10.55288],[-66.53303,10.55351],[-66.5382,10.55166],[-66.54058,10.54738],[-66.55138,10.54677],[-66.56991,10.55056],[-66.58308,10.55695],[-66.59316,10.55295],[-66.6014,10.54578],[-66.60276,10.53976],[-66.60619,10.53851],[-66.61561,10.54126],[-66.62488,10.54043],[-66.63288,10.54185],[-66.64328,10.53853],[-66.65302,10.54204],[-66.6738,10.54324],[-66.67846,10.54563],[-66.70014,10.54327],[-66.71019,10.54055],[-66.71562,10.54119],[-66.72131,10.54675],[-66.72773,10.54777],[-66.73438,10.54614],[-66.74111,10.54655],[-66.74833,10.54157],[-66.75107,10.5411],[-66.75766,10.54495],[-66.7658,10.5472],[-66.77902,10.54705],[-66.78168,10.5445],[-66.78789,10.54331],[-66.79266,10.54024],[-66.80112,10.54035],[-66.80834,10.54128],[-66.81582,10.54854],[-66.82277,10.54874],[-66.83542,10.54477],[-66.84012,10.53908],[-66.84712,10.53799],[-66.85145,10.53915],[-66.8624,10.54896],[-66.86644,10.5508],[-66.87271,10.54607],[-66.87159,10.53551],[-66.86335,10.52096],[-66.86392,10.51476],[-66.86159,10.51385],[-66.86141,10.51192],[-66.86939,10.49828],[-66.87061,10.49387],[-66.869,10.48751],[-66.87362,10.48734],[-66.88039,10.49074],[-66.88003,10.48736],[-66.88332,10.48649],[-66.88155,10.48273],[-66.88301,10.48159],[-66.88202,10.48077],[-66.88331,10.4799],[-66.8835,10.47653],[-66.8818,10.47592],[-66.88097,10.47208],[-66.88348,10.47134],[-66.89102,10.46449],[-66.8922,10.45643],[-66.89572,10.45164],[-66.89464,10.45039],[-66.89649,10.44795],[-66.89638,10.43562],[-66.89822,10.43412],[-66.90009,10.42715],[-66.89929,10.42332],[-66.89564,10.41972],[-66.89568,10.41203],[-66.90018,10.40871],[-66.90947,10.40887],[-66.91456,10.41256],[-66.91523,10.41119],[-66.92339,10.41526],[-66.93102,10.41366],[-66.94051,10.42047],[-66.9417,10.42288],[-66.95009,10.42457],[-66.95548,10.42037],[-66.9577,10.41434],[-66.96511,10.4111],[-66.97928,10.4001],[-66.98124,10.40079],[-66.98806,10.39551],[-66.99394,10.39373],[-66.99885,10.38741],[-67.01455,10.38318],[-67.01627,10.38348],[-67.01737,10.38648],[-67.02143,10.38945],[-67.03181,10.39167],[-67.03616,10.39094],[-67.04545,10.38586],[-67.0554,10.39058],[-67.05709,10.3898],[-67.06433,10.39135],[-67.07074,10.39428],[-67.07973,10.39301],[-67.09067,10.40493],[-67.09467,10.40609],[-67.1064,10.40389],[-67.10899,10.40566],[-67.11942,10.40527],[-67.12202,10.4075],[-67.13784,10.41113],[-67.14169,10.40912],[-67.14857,10.41168],[-67.1532,10.41613],[-67.15979,10.4131],[-67.16338,10.41413],[-67.16225,10.42104],[-67.1583,10.42548],[-67.1595,10.4275],[-67.15898,10.43347],[-67.16279,10.43679],[-67.18328,10.42881],[-67.1887,10.42831],[-67.19122,10.4258],[-67.20078,10.42445],[-67.20663,10.42104],[-67.2104,10.42237],[-67.2095,10.41628],[-67.2105,10.4151],[-67.21444,10.4173],[-67.21792,10.41682],[-67.22051,10.41429],[-67.22024,10.4104],[-67.21815,10.40027],[-67.20507,10.39015],[-67.20302,10.38497],[-67.20413,10.381],[-67.20138,10.37874],[-67.20099,10.37273],[-67.19654,10.3671],[-67.19209,10.35778],[-67.18795,10.35388],[-67.17907,10.35149],[-67.17533,10.34874],[-67.16796,10.34735],[-67.16315,10.33842],[-67.16268,10.33297],[-67.1696,10.32965],[-67.16915,10.32821],[-67.18279,10.32478],[-67.18826,10.32527],[-67.18328,10.29884],[-67.16899,10.29793],[-67.15234,10.28869],[-67.1469,10.28352],[-67.11982,10.26459],[-67.09708,10.23791],[-67.09619,10.23362],[-67.09856,10.23229],[-67.102,10.22498],[-67.11211,10.21827],[-67.1127,10.21623],[-67.11413,10.21679],[-67.11455,10.21363],[-67.11683,10.2109],[-67.11242,10.20333],[-67.11072,10.19491],[-67.11257,10.1823],[-67.11974,10.17581],[-67.12457,10.17388],[-67.12924,10.16316],[-67.13766,10.15905],[-67.13978,10.15599],[-67.13881,10.15245],[-67.12898,10.14209],[-67.12615,10.13544],[-67.11888,10.12817],[-67.11733,10.11798],[-67.10467,10.10331],[-67.10598,10.09979],[-67.11133,10.09459],[-67.11192,10.09181],[-67.10988,10.08897],[-67.0981,10.08642],[-67.0913,10.08005],[-67.08156,10.07654],[-67.05661,10.05602],[-67.05069,10.05953],[-67.04119,10.06014],[-67.03383,10.06736],[-67.00826,10.06363],[-67.00465,10.06053],[-67.00157,10.06231],[-66.99806,10.06896],[-66.97569,10.0707],[-66.96927,10.06945],[-66.96414,10.05892],[-66.96045,10.04256],[-66.9586,10.03944],[-66.94726,10.03821],[-66.93862,10.03939],[-66.93589,10.03812],[-66.92506,10.02622],[-66.92724,10.02024],[-66.93226,10.01534],[-66.93304,10.01059],[-66.91955,10.01557],[-66.91192,10.0158],[-66.90426,10.02128],[-66.89145,10.01339],[-66.87926,10.00019],[-66.87276,9.99944],[-66.85615,10.00496],[-66.84922,10.01126],[-66.84119,10.0142],[-66.8332,10.02505],[-66.82863,10.02669],[-66.81617,10.02065],[-66.81292,10.01511],[-66.80715,10.01566],[-66.79124,10.01211],[-66.77768,10.01692],[-66.76967,10.00684],[-66.7674,10.00157],[-66.76424,9.99961],[-66.74757,9.9985],[-66.74208,9.98825],[-66.73723,9.99056],[-66.72137,9.99206],[-66.71725,9.98933],[-66.70884,9.98677],[-66.70327,9.98146],[-66.69516,9.98201],[-66.68706,9.98063],[-66.68178,9.97562],[-66.66159,9.9806],[-66.66107,9.97708],[-66.65455,9.97421],[-66.64961,9.9741],[-66.64469,9.96788],[-66.64075,9.96997],[-66.63388,9.97061],[-66.63102,9.96888],[-66.62464,9.96842],[-66.61938,9.97177],[-66.61285,9.97249],[-66.60595,9.97607],[-66.59564,9.97614],[-66.59177,9.98009],[-66.58422,9.98311],[-66.57102,9.97717],[-66.56651,9.97942],[-66.56281,9.97904],[-66.55459,9.97103],[-66.5468,9.96648],[-66.54123,9.96733],[-66.53409,9.97429],[-66.53002,9.97402],[-66.52151,9.97992],[-66.5082,9.98035],[-66.49151,9.99246],[-66.48755,9.9963],[-66.48905,10.002],[-66.48772,10.01316],[-66.48543,10.01939],[-66.48163,10.02155],[-66.47262,10.0218],[-66.46278,10.01336],[-66.44581,10.01321],[-66.44128,10.01625],[-66.43412,10.01831],[-66.43354,10.02776],[-66.4311,10.03078],[-66.42158,10.03298],[-66.40692,10.03949],[-66.39704,10.0375],[-66.38569,10.04053],[-66.37821,10.03903],[-66.36438,10.02769],[-66.35664,10.0281],[-66.34843,10.02557],[-66.33993,10.01925],[-66.3362,10.01364],[-66.33581,10.01017],[-66.3381,10.00412],[-66.33566,9.99867],[-66.33106,9.99893],[-66.32637,10.00279],[-66.31729,10.00294],[-66.31034,9.9945],[-66.2943,9.98399],[-66.2901,9.97883],[-66.28349,9.97783],[-66.28075,9.98267],[-66.27634,9.98518],[-66.26814,9.98297],[-66.26516,9.98448],[-66.26047,9.98312],[-66.24444,9.98799],[-66.23759,9.97832],[-66.23395,9.96926],[-66.22423,9.96922],[-66.22385,9.96543],[-66.22036,9.96057],[-66.21103,9.95675],[-66.20765,9.95097],[-66.20044,9.95658],[-66.19302,9.95638],[-66.1896,9.96012],[-66.18927,9.95638],[-66.17866,9.9493],[-66.16691,9.94695],[-66.16164,9.9479],[-66.15769,9.95229],[-66.15769,9.95789],[-66.15456,9.9609],[-66.15436,9.96556],[-66.15144,9.97313],[-66.14632,9.97698],[-66.13296,9.96394],[-66.12936,9.96562],[-66.12569,9.95637],[-66.12158,9.95518],[-66.1145,9.95691],[-66.11136,9.95541],[-66.10712,9.95574],[-66.09924,9.95228],[-66.09196,9.95849],[-66.08779,9.96696],[-66.08776,9.97119],[-66.08249,9.9694],[-66.0778,9.97033],[-66.07542,9.96773],[-66.06302,9.96864],[-66.06043,9.95675],[-66.0464,9.95572],[-66.03067,9.95066],[-66.02634,9.95115],[-66.00344,9.93879],[-65.99477,9.9424],[-65.98826,9.93777],[-65.98171,9.93732],[-65.96975,9.94237],[-65.95062,9.93511],[-65.94343,9.94388],[-65.94054,9.94553],[-65.93711,9.9426],[-65.93255,9.9452],[-65.9184,9.94458],[-65.91108,9.94922],[-65.90737,9.95001],[-65.90506,9.95659],[-65.89645,9.96523],[-65.89172,9.96796],[-65.88034,9.96595],[-65.87524,9.96904],[-65.87064,9.96822],[-65.85739,9.96981],[-65.85345,9.96761],[-65.844,9.97018],[-65.83472,9.9689],[-65.82815,9.96532],[-65.82515,9.96189],[-65.8173,9.96],[-65.80751,9.95421],[-65.80529,9.95591],[-65.80005,9.9559],[-65.7944,9.96085],[-65.7919,9.96066],[-65.79085,9.95661],[-65.78845,9.95521],[-65.78194,9.95515],[-65.77835,9.95054],[-65.77685,9.94582],[-65.7732,9.94287],[-65.77058,9.94489],[-65.77207,9.94915],[-65.76967,9.95261],[-65.75953,9.94966],[-65.75612,9.94054],[-65.74852,9.94046],[-65.74693,9.94184],[-65.74882,9.94517],[-65.74785,9.947],[-65.74516,9.94777],[-65.74637,9.95403],[-65.7452,9.95719],[-65.71771,9.96206],[-65.70823,9.97616],[-65.69158,9.97959],[-65.67244,9.96891],[-65.66913,9.96251],[-65.66986,9.95772],[-65.6661,9.9535],[-65.63659,9.95044],[-65.62724,9.95934],[-65.62874,9.96459],[-65.62702,9.96806],[-65.61379,9.97136],[-65.60722,9.97094],[-65.60215,9.97891],[-65.6029,9.9811],[-65.601,9.98478],[-65.60266,9.98865],[-65.59979,9.98971],[-65.60497,9.99522],[-65.60388,10.00197],[-65.60268,10.00082],[-65.59836,10.0016],[-65.58838,10.00522],[-65.58558,10.00828],[-65.58269,10.00638],[-65.58233,10.00801],[-65.57087,10.00504],[-65.56626,10.00752],[-65.562,10.00636],[-65.56091,10.00376],[-65.55907,10.00451],[-65.55447,10.00209],[-65.55266,10.00497],[-65.55315,10.0154],[-65.54324,10.02173],[-65.54114,10.02786],[-65.54261,10.02934],[-65.54049,10.03057],[-65.54192,10.03157],[-65.53885,10.03275],[-65.53889,10.03689],[-65.53552,10.03749],[-65.53694,10.04257],[-65.533,10.04423],[-65.52887,10.05364],[-65.52366,10.05278],[-65.52148,10.05749],[-65.52062,10.05557],[-65.51336,10.05858],[-65.51023,10.05833],[-65.51008,10.05997],[-65.50691,10.06183],[-65.51016,10.06473],[-65.50574,10.06689],[-65.50408,10.06549],[-65.50307,10.06698],[-65.50146,10.06458],[-65.49816,10.06756],[-65.49696,10.06374],[-65.49513,10.06299],[-65.49654,10.07195],[-65.49389,10.06945],[-65.49138,10.06958],[-65.48874,10.06768],[-65.4904,10.07238],[-65.4865,10.07438],[-65.48799,10.07634],[-65.49203,10.07742],[-65.49186,10.08015],[-65.48602,10.08064],[-65.47875,10.08592],[-65.47464,10.08404],[-65.46903,10.08832],[-65.46973,10.08999],[-65.46837,10.09137],[-65.46638,10.0914],[-65.46405,10.08848],[-65.4633,10.09177],[-65.45989,10.09165],[-65.4578,10.09357],[-65.45357,10.09235],[-65.45435,10.09542],[-65.45704,10.09495],[-65.45576,10.09862],[-65.45641,10.10367],[-65.45383,10.10687],[-65.45151,10.11487],[-65.44822,10.11888],[-65.44685,10.11476],[-65.43924,10.11652],[-65.44097,10.12053],[-65.43857,10.12245],[-65.43902,10.12396],[-65.43639,10.12225],[-65.43431,10.12293],[-65.43623,10.1264],[-65.43402,10.12527],[-65.42865,10.13049],[-65.42822,10.13799],[-65.43136,10.14052]]]}},{"type":"Feature","properties":{"shapeName":"Monagas","shapeISO":"VE-N","shapeID":"42786344B38668383698960","shapeGroup":"VEN","shapeType":"ADM1"},"geometry":{"type":"Polygon","coordinates":[[[-62.67983,8.38245],[-62.66358,8.39219],[-62.63089,8.41733],[-62.61161,8.44099],[-62.60352,8.45032],[-62.58931,8.46278],[-62.58213,8.46366],[-62.57492,8.4818],[-62.54625,8.48797],[-62.53118,8.49436],[-62.49942,8.51884],[-62.4935,8.52151],[-62.48758,8.52204],[-62.47235,8.51786],[-62.46994,8.51211],[-62.46641,8.5129],[-62.39178,8.5437],[-62.3543,8.56571],[-62.34063,8.56995],[-62.30355,8.5769],[-62.29222,8.58115],[-62.27387,8.59119],[-62.25592,8.59775],[-62.22215,8.60605],[-62.22762,8.611],[-62.23061,8.61858],[-62.2289,8.63123],[-62.21868,8.65524],[-62.20334,8.68137],[-62.18118,8.69865],[-62.14242,8.70625],[-62.12281,8.71845],[-62.07093,8.75684],[-62.06447,8.77028],[-62.0597,8.78439],[-62.06209,8.81027],[-62.05868,8.81934],[-62.041,8.83009],[-62.01992,8.84756],[-62.00699,8.86067],[-61.99679,8.87613],[-61.99713,8.88654],[-62.00087,8.89057],[-62.00903,8.89125],[-62.03114,8.88217],[-62.03896,8.87646],[-62.0444,8.87713],[-62.05154,8.88049],[-62.05835,8.88822],[-62.06311,8.90065],[-62.06407,8.91757],[-62.06776,8.92093],[-62.07117,8.92879],[-62.08396,8.94619],[-62.08964,8.96107],[-62.09049,8.96753],[-62.08907,8.97763],[-62.08168,8.9911],[-62.07231,9.00261],[-62.06492,9.01496],[-62.05538,9.03952],[-62.06049,9.0588],[-62.06557,9.0575],[-62.0746,9.06062],[-62.09085,9.07243],[-62.10164,9.07685],[-62.11173,9.06765],[-62.11345,9.05311],[-62.11676,9.04831],[-62.12362,9.04827],[-62.13349,9.05328],[-62.14437,9.06206],[-62.14736,9.06684],[-62.14667,9.09035],[-62.14895,9.10252],[-62.15379,9.10585],[-62.16008,9.10615],[-62.16325,9.10323],[-62.16283,9.09506],[-62.16658,9.08807],[-62.183,9.08731],[-62.18783,9.08518],[-62.19056,9.06895],[-62.19475,9.06521],[-62.2092,9.06345],[-62.21936,9.05835],[-62.22214,9.05904],[-62.2244,9.06016],[-62.2238,9.07507],[-62.22188,9.08034],[-62.22374,9.08435],[-62.22866,9.08931],[-62.23437,9.0913],[-62.24038,9.09833],[-62.25125,9.10395],[-62.25853,9.11006],[-62.26408,9.11761],[-62.26307,9.13093],[-62.27086,9.13516],[-62.29246,9.13415],[-62.30074,9.13514],[-62.32067,9.12794],[-62.32665,9.13185],[-62.32639,9.14816],[-62.32264,9.1658],[-62.32187,9.1773],[-62.30934,9.17897],[-62.30485,9.18245],[-62.30196,9.19022],[-62.30296,9.19891],[-62.30719,9.21155],[-62.30608,9.21652],[-62.30084,9.2214],[-62.29886,9.22558],[-62.3019,9.23117],[-62.30933,9.23486],[-62.32433,9.25608],[-62.32628,9.26199],[-62.32673,9.27071],[-62.3256,9.28059],[-62.32165,9.29435],[-62.32811,9.29712],[-62.33988,9.3176],[-62.34098,9.3282],[-62.33773,9.33435],[-62.32543,9.34584],[-62.3231,9.35386],[-62.32713,9.36269],[-62.33267,9.36898],[-62.34377,9.37644],[-62.34901,9.38243],[-62.36077,9.3868],[-62.36768,9.38785],[-62.39405,9.39892],[-62.40893,9.40808],[-62.41073,9.41372],[-62.40842,9.4272],[-62.39901,9.46257],[-62.40181,9.47418],[-62.39803,9.47427],[-62.39832,9.47686],[-62.40619,9.4802],[-62.4284,9.48117],[-62.43627,9.48439],[-62.4423,9.49171],[-62.44417,9.5004],[-62.43962,9.5447],[-62.41197,9.58191],[-62.41445,9.58418],[-62.41408,9.5885],[-62.38956,9.61533],[-62.38691,9.62304],[-62.37586,9.62169],[-62.37091,9.62375],[-62.36578,9.63126],[-62.35513,9.63819],[-62.35057,9.64664],[-62.35058,9.65247],[-62.35404,9.66715],[-62.35291,9.67392],[-62.36021,9.68881],[-62.35989,9.69272],[-62.35165,9.70085],[-62.34208,9.70343],[-62.33911,9.70277],[-62.32593,9.71611],[-62.32495,9.72067],[-62.31899,9.71283],[-62.31176,9.72878],[-62.30253,9.73887],[-62.30021,9.73397],[-62.29531,9.73883],[-62.29629,9.74946],[-62.29415,9.7582],[-62.29562,9.77687],[-62.30019,9.78587],[-62.31937,9.806],[-62.32058,9.81309],[-62.31868,9.81947],[-62.31032,9.82984],[-62.31037,9.85678],[-62.30257,9.90828],[-62.29137,9.93353],[-62.28252,9.93824],[-62.30075,9.95766],[-62.30078,9.97231],[-62.29292,9.99403],[-62.43476,9.99727],[-62.44042,10.02171],[-62.44963,10.03836],[-62.46072,10.05259],[-62.46229,10.07213],[-62.46687,10.09099],[-62.47998,10.12575],[-62.49031,10.16302],[-62.49756,10.17865],[-62.52434,10.20511],[-62.53916,10.21708],[-62.55477,10.22321],[-62.56886,10.23145],[-62.6,10.24274],[-62.6314,10.26743],[-62.63163,10.25914],[-62.63548,10.24085],[-62.63548,10.22154],[-62.63303,10.20118],[-62.6092,10.11909],[-62.6092,10.1115],[-62.61096,10.10632],[-62.61551,10.10115],[-62.62707,10.09597],[-62.6565,10.07183],[-62.67471,10.0632],[-62.68908,10.06286],[-62.70484,10.05803],[-62.72831,10.05872],[-62.73287,10.06079],[-62.73952,10.06803],[-62.74863,10.08321],[-62.75284,10.08459],[-62.76895,10.08183],[-62.77526,10.07769],[-62.78331,10.06941],[-62.78647,10.06286],[-62.78962,10.0532],[-62.78997,10.04458],[-62.78682,10.03492],[-62.78927,10.03319],[-62.82124,10.03406],[-62.82601,10.03672],[-62.83017,10.04009],[-62.83416,10.04666],[-62.83558,10.06782],[-62.83829,10.07213],[-62.84487,10.07662],[-62.84973,10.07763],[-62.85626,10.07369],[-62.85799,10.05801],[-62.86152,10.05266],[-62.86578,10.05028],[-62.87796,10.05061],[-62.89482,10.05519],[-62.89861,10.05755],[-62.899,10.06106],[-62.89367,10.07055],[-62.89228,10.07696],[-62.89689,10.09247],[-62.90019,10.09361],[-62.90742,10.09281],[-62.9188,10.08774],[-62.92938,10.07659],[-62.93304,10.07451],[-62.93573,10.07501],[-62.93781,10.07811],[-62.94068,10.08903],[-62.94687,10.09303],[-62.95426,10.09503],[-62.96687,10.09306],[-62.97106,10.0883],[-62.97186,10.0851],[-62.97057,10.07679],[-62.97167,10.07292],[-62.97386,10.07006],[-62.97729,10.06898],[-62.98137,10.06781],[-62.98534,10.06887],[-62.98871,10.07104],[-63.00032,10.08932],[-63.02075,10.09974],[-63.02845,10.10642],[-63.03243,10.11291],[-63.04072,10.1175],[-63.04505,10.12281],[-63.04448,10.14081],[-63.05287,10.15035],[-63.05666,10.15964],[-63.05326,10.17063],[-63.05483,10.17407],[-63.05982,10.17419],[-63.06534,10.17818],[-63.06571,10.1842],[-63.06301,10.19498],[-63.06578,10.19969],[-63.07033,10.20103],[-63.0802,10.20007],[-63.08425,10.19623],[-63.08736,10.18639],[-63.08975,10.18495],[-63.09885,10.18451],[-63.10548,10.18827],[-63.11299,10.19767],[-63.11956,10.21192],[-63.11829,10.22141],[-63.12313,10.22169],[-63.128,10.22421],[-63.13106,10.22394],[-63.13221,10.21736],[-63.13762,10.21313],[-63.13923,10.20093],[-63.14687,10.19256],[-63.14797,10.18922],[-63.14646,10.18015],[-63.14879,10.17927],[-63.15356,10.16569],[-63.15741,10.16135],[-63.17224,10.15724],[-63.18838,10.14404],[-63.19595,10.16202],[-63.21213,10.16275],[-63.22351,10.19164],[-63.25534,10.19151],[-63.25652,10.2024],[-63.28714,10.21174],[-63.33568,10.2126],[-63.35463,10.2445],[-63.38833,10.23902],[-63.40124,10.25916],[-63.4282,10.25536],[-63.41145,10.28797],[-63.44604,10.28876],[-63.44872,10.30026],[-63.45726,10.30758],[-63.45907,10.32066],[-63.46767,10.31597],[-63.47728,10.31431],[-63.4778,10.31086],[-63.4865,10.3049],[-63.489,10.30009],[-63.49395,10.29662],[-63.49902,10.29544],[-63.51379,10.29611],[-63.5168,10.29202],[-63.52868,10.28752],[-63.53703,10.27786],[-63.54981,10.26829],[-63.54768,10.25888],[-63.54522,10.25789],[-63.54268,10.25204],[-63.54349,10.24483],[-63.54888,10.23338],[-63.55457,10.23082],[-63.55743,10.22731],[-63.55881,10.21428],[-63.56244,10.20731],[-63.56841,10.20169],[-63.57788,10.2016],[-63.58396,10.19778],[-63.58812,10.19741],[-63.5926,10.20044],[-63.59984,10.21461],[-63.60334,10.21704],[-63.61153,10.21595],[-63.61592,10.21768],[-63.62732,10.21458],[-63.63147,10.21757],[-63.63536,10.21842],[-63.63702,10.2214],[-63.64197,10.22252],[-63.65813,10.2182],[-63.69462,10.20154],[-63.69903,10.19708],[-63.70742,10.19576],[-63.75555,10.17753],[-63.76869,10.18276],[-63.77415,10.15697],[-63.78438,10.15725],[-63.79384,10.14991],[-63.79397,10.13879],[-63.80555,10.1218],[-63.81423,10.10426],[-63.82586,10.11095],[-63.83647,10.10582],[-63.87032,10.10644],[-63.87789,10.1022],[-63.91518,10.09202],[-63.93276,10.08397],[-63.94493,10.08823],[-63.95641,10.08403],[-63.95934,10.08297],[-63.95744,10.07398],[-63.95957,10.06544],[-63.95624,10.05676],[-63.95856,10.05428],[-63.96624,10.0534],[-63.99121,10.04645],[-63.99453,10.0476],[-63.99904,10.04221],[-64.01667,10.03992],[-64.03703,10.0466],[-64.04942,10.05303],[-64.06116,10.05192],[-64.0629,10.04964],[-64.06264,10.04493],[-64.05749,10.03651],[-64.05642,10.02787],[-64.06272,10.0055],[-64.06045,9.99682],[-64.05226,9.99068],[-64.04695,9.97857],[-64.04763,9.9717],[-64.04449,9.95911],[-64.04348,9.94436],[-64.03802,9.9393],[-64.03772,9.93019],[-64.02697,9.93259],[-64.02096,9.93179],[-64.01487,9.93751],[-64.00951,9.9354],[-64.00661,9.93036],[-64.00435,9.93054],[-64.00147,9.93254],[-63.99711,9.93262],[-63.98508,9.93911],[-63.98818,9.92109],[-63.98503,9.91609],[-63.98374,9.90879],[-63.97678,9.89977],[-63.95686,9.8964],[-63.94191,9.88275],[-63.94269,9.87834],[-63.93913,9.87566],[-63.93318,9.87439],[-63.9322,9.87],[-63.92569,9.86729],[-63.91757,9.85892],[-63.91095,9.84889],[-63.92901,9.84328],[-63.93601,9.84462],[-63.93954,9.83889],[-63.94555,9.83697],[-63.95439,9.82343],[-63.94941,9.81167],[-63.94518,9.80565],[-63.94469,9.79904],[-63.94605,9.78848],[-63.9604,9.77283],[-63.96122,9.76743],[-63.95854,9.75471],[-63.96098,9.74874],[-63.96042,9.74094],[-63.95856,9.7365],[-63.95396,9.73436],[-63.95328,9.72655],[-63.95105,9.72309],[-63.95166,9.71596],[-63.94793,9.70499],[-63.93603,9.68694],[-63.82525,9.54348],[-63.97263,9.41462],[-63.97174,9.339],[-63.96696,9.33481],[-63.96434,9.33004],[-63.96337,9.31198],[-63.95685,9.29903],[-63.95185,9.29317],[-63.94351,9.29112],[-63.93832,9.28593],[-63.93312,9.27276],[-63.92866,9.27294],[-63.92738,9.26493],[-63.92337,9.26023],[-63.91848,9.2583],[-63.91031,9.18964],[-63.9092,9.18869],[-63.9088,9.19555],[-63.8902,9.20238],[-63.88642,9.20769],[-63.87543,9.2083],[-63.86934,9.2146],[-63.86104,9.21304],[-63.85567,9.21947],[-63.85067,9.22001],[-63.83736,9.22843],[-63.82721,9.22883],[-63.82349,9.22321],[-63.81331,9.21701],[-63.80707,9.21652],[-63.79131,9.21721],[-63.78133,9.22636],[-63.77091,9.22545],[-63.76702,9.22176],[-63.76147,9.22301],[-63.75389,9.21914],[-63.75036,9.21446],[-63.74849,9.21398],[-63.7439,9.20382],[-63.74401,9.20003],[-63.73247,9.19808],[-63.73161,9.19567],[-63.72789,9.19739],[-63.72507,9.20096],[-63.72375,9.19772],[-63.71716,9.19809],[-63.71591,9.19508],[-63.70991,9.19181],[-63.70974,9.18738],[-63.70669,9.18543],[-63.69605,9.18265],[-63.69521,9.18129],[-63.69653,9.17762],[-63.68916,9.17008],[-63.68742,9.16243],[-63.68587,9.16252],[-63.68236,9.16696],[-63.67931,9.16643],[-63.67833,9.16376],[-63.67667,9.16436],[-63.67664,9.16252],[-63.6804,9.15784],[-63.67044,9.16025],[-63.67065,9.15586],[-63.66928,9.15533],[-63.66579,9.15846],[-63.66066,9.15954],[-63.65335,9.15743],[-63.65148,9.15906],[-63.64602,9.15667],[-63.64595,9.15453],[-63.64466,9.15662],[-63.64084,9.15607],[-63.63466,9.14897],[-63.63293,9.1521],[-63.6314,9.15154],[-63.63138,9.14879],[-63.62974,9.1504],[-63.63006,9.15249],[-63.62493,9.15423],[-63.62144,9.15095],[-63.60603,9.14591],[-63.60847,9.13555],[-63.60239,9.13123],[-63.60203,9.12105],[-63.60448,9.11981],[-63.60684,9.12211],[-63.60859,9.11776],[-63.60713,9.11645],[-63.60743,9.11294],[-63.60537,9.11135],[-63.60597,9.10973],[-63.60122,9.10462],[-63.60126,9.1009],[-63.59874,9.10046],[-63.60001,9.09881],[-63.59934,9.09754],[-63.59721,9.0974],[-63.59264,9.10384],[-63.58885,9.09929],[-63.58714,9.09938],[-63.58703,9.1057],[-63.58264,9.10434],[-63.57908,9.10643],[-63.57457,9.10379],[-63.56654,9.10388],[-63.56532,9.10213],[-63.56943,9.09899],[-63.56977,9.09584],[-63.5675,9.09331],[-63.56332,9.09154],[-63.56175,9.09368],[-63.55888,9.09388],[-63.55772,9.08982],[-63.55513,9.08793],[-63.55085,9.08885],[-63.54614,9.08604],[-63.5441,9.08809],[-63.54446,9.09264],[-63.54254,9.09204],[-63.53431,9.07724],[-63.53129,9.0783],[-63.52597,9.07439],[-63.52278,9.07533],[-63.52338,9.0725],[-63.52668,9.06915],[-63.5264,9.06582],[-63.52108,9.06625],[-63.51944,9.07018],[-63.51581,9.06965],[-63.51783,9.07218],[-63.51728,9.07524],[-63.5132,9.06931],[-63.50911,9.07149],[-63.51262,9.0657],[-63.51213,9.06409],[-63.50998,9.06223],[-63.5078,9.05398],[-63.50137,9.04823],[-63.49473,9.05244],[-63.49326,9.0556],[-63.49029,9.05621],[-63.49035,9.05862],[-63.49364,9.05909],[-63.49324,9.0601],[-63.48887,9.05986],[-63.48401,9.0572],[-63.48159,9.04812],[-63.48418,9.04755],[-63.4828,9.04412],[-63.48741,9.04364],[-63.49003,9.03492],[-63.48408,9.03616],[-63.47553,9.03195],[-63.47607,9.02046],[-63.47439,9.01795],[-63.47199,9.01673],[-63.46919,9.02379],[-63.46761,9.02459],[-63.46605,9.01836],[-63.45915,9.01225],[-63.45808,9.01339],[-63.45981,9.01659],[-63.45649,9.01871],[-63.45578,9.02291],[-63.45249,9.02556],[-63.44956,9.02114],[-63.45007,9.01483],[-63.44461,9.00544],[-63.44218,9.00398],[-63.43927,9.00399],[-63.43541,9.00832],[-63.43303,9.01414],[-63.4303,9.0142],[-63.42663,9.01058],[-63.42778,9.0045],[-63.42614,9.00399],[-63.41777,9.00837],[-63.41868,9.00497],[-63.41505,9.00323],[-63.4152,9.00172],[-63.41334,9.00284],[-63.40925,9.00222],[-63.40734,8.99739],[-63.40502,8.99844],[-63.40509,9.00032],[-63.40328,8.99946],[-63.40352,9.00314],[-63.40216,9.00392],[-63.40032,8.99959],[-63.3944,8.99658],[-63.39402,8.9952],[-63.39793,8.99163],[-63.39777,8.98997],[-63.39427,8.99006],[-63.39421,8.98654],[-63.39139,8.98981],[-63.38867,8.98991],[-63.38729,8.98849],[-63.38558,8.98231],[-63.38751,8.97635],[-63.38497,8.9764],[-63.38382,8.97428],[-63.38058,8.97729],[-63.38149,8.97402],[-63.37975,8.97225],[-63.38248,8.96862],[-63.38114,8.96572],[-63.37537,8.96232],[-63.37496,8.95948],[-63.37078,8.95567],[-63.37017,8.95068],[-63.36555,8.94984],[-63.36464,8.94776],[-63.34194,8.76537],[-63.33906,8.76502],[-63.33082,8.77022],[-63.32351,8.77921],[-63.31451,8.78334],[-63.30748,8.78129],[-63.30739,8.77749],[-63.29935,8.77646],[-63.297,8.77467],[-63.29602,8.76831],[-63.27786,8.75981],[-63.25008,8.76218],[-63.24685,8.76474],[-63.24209,8.76559],[-63.22866,8.77218],[-63.21998,8.76782],[-63.21465,8.76212],[-63.2118,8.76164],[-63.20734,8.76249],[-63.20634,8.76442],[-63.00203,8.77429],[-63.0033,8.75178],[-63.01253,8.75095],[-63.02071,8.75234],[-63.02532,8.74955],[-63.03272,8.73063],[-63.04061,8.71704],[-63.04621,8.70341],[-63.04258,8.6634],[-63.0457,8.64512],[-63.03917,8.59873],[-63.00126,8.54727],[-62.72574,8.47871],[-62.72864,8.47507],[-62.71483,8.47149],[-62.72721,8.45139],[-62.72124,8.42296],[-62.7001,8.41115],[-62.67983,8.38245]]]}},{"type":"Feature","properties":{"shapeName":"Nueva Esparta","shapeISO":"VE-O","shapeID":"42786344B5537637438530","shapeGroup":"VEN","shapeType":"ADM1"},"geometry":{"type":"MultiPolygon","coordinates":[[[[-63.9934,10.80909],[-63.99753,10.81125],[-63.99966,10.81072],[-63.99921,10.80892],[-63.99627,10.80747],[-63.9922,10.79694],[-63.9922,10.79357],[-63.99329,10.78602],[-63.99785,10.78425],[-64.00073,10.77883],[-64.00541,10.77704],[-64.00339,10.77368],[-63.98241,10.76454],[-63.9733,10.76578],[-63.97207,10.76407],[-63.96291,10.76315],[-63.95686,10.75687],[-63.95639,10.76089],[-63.95269,10.75989],[-63.9489,10.75593],[-63.94632,10.75045],[-63.94658,10.74753],[-63.94991,10.74877],[-63.95167,10.74728],[-63.95162,10.7498],[-63.9604,10.74884],[-63.96329,10.75153],[-63.96308,10.74961],[-63.9504,10.74418],[-63.94474,10.74376],[-63.93679,10.74041],[-63.93433,10.73488],[-63.92377,10.73054],[-63.91478,10.73051],[-63.89734,10.73541],[-63.89682,10.74074],[-63.8933,10.74904],[-63.89362,10.75682],[-63.89757,10.76071],[-63.9007,10.7688],[-63.90791,10.77699],[-63.90957,10.78288],[-63.91641,10.78986],[-63.92175,10.79038],[-63.92446,10.79243],[-63.92785,10.79123],[-63.93537,10.79213],[-63.95966,10.7973],[-63.96885,10.80019],[-63.97156,10.80364],[-63.97775,10.80659],[-63.98864,10.80545],[-63.9934,10.80909]]],[[[-64.15369,10.82143],[-64.15957,10.83111],[-64.16053,10.83525],[-64.16409,10.83073],[-64.1637,10.82628],[-64.16905,10.81989],[-64.17474,10.82162],[-64.17865,10.82464],[-64.18523,10.82514],[-64.18983,10.82726],[-64.20062,10.82749],[-64.20526,10.82401],[-64.21568,10.8261],[-64.21768,10.82266],[-64.2304,10.81399],[-64.22461,10.80588],[-64.22294,10.80023],[-64.22056,10.79813],[-64.22104,10.794],[-64.21915,10.79572],[-64.21496,10.79619],[-64.20029,10.79476],[-64.19514,10.79766],[-64.18745,10.79558],[-64.17329,10.79858],[-64.17185,10.80006],[-64.1562,10.80126],[-64.15497,10.80764],[-64.1488,10.81098],[-64.14555,10.81818],[-64.15369,10.82143]]],[[[-63.8787,11.1776],[-63.87904,11.17968],[-63.88118,11.1797],[-63.88085,11.17721],[-63.88528,11.17659],[-63.88935,11.17311],[-63.88918,11.16953],[-63.89174,11.16871],[-63.88986,11.16568],[-63.89123,11.15881],[-63.89679,11.15582],[-63.89898,11.15648],[-63.90114,11.15456],[-63.90552,11.15366],[-63.90557,11.14743],[-63.90764,11.14613],[-63.90646,11.14395],[-63.90908,11.14094],[-63.91269,11.14006],[-63.91246,11.13663],[-63.9136,11.13573],[-63.92111,11.13239],[-63.92175,11.13151],[-63.91999,11.12975],[-63.92346,11.12829],[-63.9232,11.12561],[-63.92842,11.12381],[-63.93452,11.1259],[-63.93168,11.1199],[-63.93253,11.11873],[-63.94665,11.11615],[-63.94679,11.11335],[-63.94865,11.11166],[-63.95441,11.11198],[-63.95586,11.11332],[-63.95788,11.1114],[-63.96693,11.11148],[-63.96932,11.11384],[-63.97036,11.11369],[-63.9697,11.11051],[-63.97694,11.10993],[-63.97876,11.10498],[-63.98121,11.10367],[-63.98224,11.09761],[-63.9804,11.0947],[-63.97592,11.09477],[-63.97616,11.09044],[-63.97887,11.08578],[-63.973,11.08557],[-63.97285,11.0795],[-63.97906,11.07466],[-63.99375,11.06861],[-64.00024,11.0682],[-64.00278,11.07036],[-64.00641,11.0675],[-64.01237,11.0684],[-64.01405,11.06491],[-64.01301,11.06131],[-64.01531,11.05859],[-64.01387,11.05619],[-64.01587,11.05023],[-64.01462,11.04728],[-64.0149,11.03896],[-64.01362,11.03736],[-64.01424,11.03197],[-64.02296,11.01985],[-64.02387,11.01155],[-64.02178,11.00685],[-64.022,11.00108],[-64.02946,10.99302],[-64.0394,10.9873],[-64.05552,10.98322],[-64.08538,10.98306],[-64.11761,10.98984],[-64.13387,10.99537],[-64.1502,11.00423],[-64.16942,11.01734],[-64.18787,11.03217],[-64.20512,11.0521],[-64.20483,11.05495],[-64.19642,11.06547],[-64.19402,11.0752],[-64.1947,11.08352],[-64.19821,11.08329],[-64.19834,11.08461],[-64.20521,11.0859],[-64.21513,11.08602],[-64.22293,11.08089],[-64.2257,11.07746],[-64.23258,11.077],[-64.24466,11.07341],[-64.24813,11.06762],[-64.26386,11.06787],[-64.26993,11.06272],[-64.28655,11.06647],[-64.29806,11.07185],[-64.29765,11.06674],[-64.29954,11.06512],[-64.30488,11.06381],[-64.3122,11.06466],[-64.31384,11.06367],[-64.31364,11.0592],[-64.31507,11.05843],[-64.32607,11.05881],[-64.33552,11.05701],[-64.34358,11.05045],[-64.34829,11.04977],[-64.36071,11.05305],[-64.3627,11.05049],[-64.36666,11.05055],[-64.38307,11.0435],[-64.38369,11.04008],[-64.38106,11.03625],[-64.38309,11.03059],[-64.37727,11.03094],[-64.37597,11.02523],[-64.37707,11.01999],[-64.38258,11.00943],[-64.38254,11.00487],[-64.39196,10.99693],[-64.39342,10.99407],[-64.40497,10.98577],[-64.40784,10.9818],[-64.40728,10.97867],[-64.40963,10.97177],[-64.40187,10.97407],[-64.3924,10.96859],[-64.38513,10.96824],[-64.38269,10.96606],[-64.37463,10.96572],[-64.37021,10.96437],[-64.36776,10.96164],[-64.36353,10.96348],[-64.36044,10.96207],[-64.35598,10.9624],[-64.35177,10.95941],[-64.34552,10.95908],[-64.33911,10.9554],[-64.33359,10.95795],[-64.31596,10.95678],[-64.31121,10.95523],[-64.3004,10.94721],[-64.29392,10.94466],[-64.28236,10.94591],[-64.27229,10.94276],[-64.2578,10.94315],[-64.24237,10.93936],[-64.23671,10.94171],[-64.23119,10.94174],[-64.22198,10.9404],[-64.20955,10.93447],[-64.20807,10.93469],[-64.20436,10.93983],[-64.19692,10.93932],[-64.18926,10.94727],[-64.18554,10.94866],[-64.17963,10.9574],[-64.18049,10.96465],[-64.17326,10.97023],[-64.17494,10.97034],[-64.17424,10.97364],[-64.17185,10.97331],[-64.16687,10.97771],[-64.16952,10.97364],[-64.1682,10.96685],[-64.17037,10.96871],[-64.16804,10.96334],[-64.16575,10.96179],[-64.16721,10.9644],[-64.16307,10.96946],[-64.16505,10.96473],[-64.15902,10.965],[-64.1623,10.96366],[-64.16392,10.96102],[-64.15874,10.95984],[-64.15846,10.95705],[-64.15718,10.95784],[-64.15761,10.96016],[-64.15328,10.95905],[-64.14796,10.9564],[-64.14725,10.95547],[-64.14866,10.95468],[-64.1473,10.95347],[-64.14368,10.96072],[-64.14234,10.95895],[-64.14345,10.956],[-64.13814,10.95287],[-64.13512,10.94916],[-64.13109,10.9486],[-64.12915,10.94534],[-64.13468,10.94549],[-64.13843,10.95029],[-64.13837,10.95208],[-64.14069,10.95199],[-64.1452,10.95547],[-64.14672,10.95271],[-64.14459,10.95258],[-64.14002,10.94784],[-64.14157,10.94985],[-64.14008,10.94973],[-64.13913,10.95174],[-64.13919,10.94744],[-64.13321,10.94313],[-64.13189,10.93954],[-64.12031,10.92954],[-64.12031,10.92681],[-64.11768,10.92237],[-64.11633,10.92571],[-64.11346,10.92671],[-64.10982,10.92436],[-64.11048,10.92235],[-64.11582,10.92191],[-64.11388,10.91235],[-64.11082,10.90618],[-64.1117,10.90454],[-64.10526,10.90604],[-64.10545,10.9081],[-64.10295,10.90949],[-64.10008,10.90833],[-64.0992,10.9092],[-64.09772,10.90865],[-64.09392,10.91025],[-64.09253,10.90984],[-64.09378,10.90609],[-64.09133,10.9033],[-64.1042,10.90124],[-64.09587,10.9038],[-64.09554,10.9071],[-64.09888,10.90865],[-64.09976,10.90783],[-64.09762,10.90623],[-64.1005,10.90348],[-64.10487,10.90215],[-64.10654,10.90457],[-64.10955,10.90398],[-64.10868,10.90224],[-64.11075,10.90055],[-64.10848,10.90169],[-64.10529,10.8978],[-64.10186,10.90032],[-64.09943,10.90011],[-64.09995,10.89783],[-64.0958,10.89865],[-64.09644,10.89602],[-64.09529,10.89853],[-64.08804,10.89555],[-64.08496,10.8967],[-64.08088,10.89518],[-64.07418,10.89793],[-64.05936,10.88705],[-64.06071,10.887],[-64.05837,10.88572],[-64.05404,10.87671],[-64.05378,10.87102],[-64.05536,10.86825],[-64.05994,10.86531],[-64.06064,10.86644],[-64.06364,10.86533],[-64.06353,10.86057],[-64.0522,10.86341],[-64.04973,10.86602],[-64.04382,10.86815],[-64.04554,10.86994],[-64.05065,10.86944],[-64.04862,10.87264],[-64.04128,10.87207],[-64.04265,10.87091],[-64.03928,10.87082],[-64.04131,10.86865],[-64.03903,10.86922],[-64.04141,10.86759],[-64.04595,10.86724],[-64.05049,10.86348],[-64.04687,10.86611],[-64.03865,10.86784],[-64.03391,10.87199],[-64.0261,10.87431],[-64.024,10.87293],[-64.01435,10.87199],[-64.00812,10.87461],[-63.9963,10.88257],[-63.98908,10.89443],[-63.98528,10.89463],[-63.97511,10.90008],[-63.97289,10.89869],[-63.9759,10.89901],[-63.97483,10.89838],[-63.97941,10.89566],[-63.96928,10.89979],[-63.96154,10.89776],[-63.95673,10.89802],[-63.94348,10.90238],[-63.95236,10.90466],[-63.95281,10.90562],[-63.9486,10.9058],[-63.94249,10.91109],[-63.94604,10.91361],[-63.94739,10.91848],[-63.95364,10.91873],[-63.95645,10.9218],[-63.95523,10.92384],[-63.953,10.9241],[-63.95442,10.92751],[-63.95371,10.93093],[-63.94576,10.93701],[-63.94155,10.93596],[-63.94091,10.92754],[-63.93699,10.9279],[-63.93656,10.92449],[-63.9213,10.92471],[-63.92181,10.92199],[-63.92801,10.91717],[-63.92096,10.91702],[-63.91996,10.91393],[-63.9119,10.91566],[-63.91006,10.91801],[-63.90543,10.91396],[-63.89996,10.91307],[-63.9079,10.90969],[-63.91204,10.90385],[-63.91684,10.90322],[-63.92122,10.9056],[-63.92657,10.90578],[-63.93298,10.91245],[-63.93591,10.91159],[-63.94048,10.90714],[-63.94032,10.90195],[-63.93561,10.90209],[-63.93354,10.89955],[-63.93294,10.89534],[-63.93844,10.89402],[-63.93196,10.89302],[-63.92739,10.88979],[-63.91715,10.88858],[-63.91392,10.88586],[-63.90425,10.88739],[-63.90276,10.88345],[-63.89615,10.8829],[-63.89184,10.88489],[-63.88749,10.89169],[-63.88911,10.90262],[-63.88553,10.92779],[-63.8801,10.93777],[-63.87725,10.93862],[-63.875,10.94235],[-63.86927,10.94568],[-63.86102,10.94497],[-63.85637,10.94965],[-63.8516,10.95115],[-63.84812,10.9499],[-63.84951,10.94788],[-63.84559,10.95315],[-63.84121,10.95408],[-63.8352,10.95836],[-63.83226,10.95839],[-63.82834,10.95599],[-63.82664,10.95386],[-63.82845,10.95155],[-63.82431,10.9506],[-63.8245,10.94793],[-63.82296,10.94609],[-63.81695,10.9475],[-63.81642,10.9446],[-63.8158,10.94864],[-63.81786,10.95544],[-63.81893,10.96804],[-63.81785,10.97706],[-63.81649,10.97464],[-63.81638,10.97663],[-63.81782,10.97736],[-63.81674,10.98013],[-63.81053,10.98158],[-63.80901,10.97959],[-63.80661,10.97957],[-63.8036,10.98114],[-63.80116,10.99387],[-63.79807,10.99719],[-63.79197,10.99883],[-63.78919,10.99515],[-63.78487,10.99588],[-63.78102,10.99397],[-63.77729,10.99632],[-63.77642,10.99853],[-63.79984,11.02955],[-63.79376,11.01946],[-63.79635,11.01911],[-63.80015,11.02304],[-63.802,11.03047],[-63.80188,11.03152],[-63.80022,11.0301],[-63.8006,11.03151],[-63.81756,11.05659],[-63.83486,11.09783],[-63.84247,11.1092],[-63.8445,11.11539],[-63.84326,11.11949],[-63.84384,11.12422],[-63.84004,11.12662],[-63.85743,11.14049],[-63.87239,11.1563],[-63.8722,11.15871],[-63.87723,11.16556],[-63.87617,11.16804],[-63.88048,11.17263],[-63.88044,11.17584],[-63.8787,11.1776]]]]}},{"type":"Feature","properties":{"shapeName":"Portuguesa","shapeISO":"VE-P","shapeID":"42786344B52185535187745","shapeGroup":"VEN","shapeType":"ADM1"},"geometry":{"type":"Polygon","coordinates":[[[-68.53202,8.59811],[-68.5347,8.59803],[-68.54212,8.60208],[-68.54794,8.60839],[-68.54743,8.61247],[-68.56021,8.61869],[-68.57186,8.6142],[-68.57687,8.61712],[-68.58316,8.62668],[-68.58193,8.63189],[-68.57969,8.63324],[-68.58295,8.63662],[-68.58817,8.63725],[-68.59568,8.63469],[-68.59645,8.62701],[-68.60847,8.62732],[-68.61887,8.63152],[-68.62268,8.63541],[-68.62715,8.63506],[-68.63451,8.63695],[-68.64368,8.63486],[-68.64749,8.64042],[-68.6469,8.64245],[-68.63443,8.65139],[-68.63613,8.65429],[-68.63448,8.66098],[-68.64312,8.66648],[-68.6456,8.6662],[-68.64805,8.66947],[-68.64495,8.67594],[-68.64736,8.68353],[-68.64764,8.68729],[-68.64609,8.68968],[-68.64808,8.69242],[-68.64983,8.68952],[-68.65145,8.69081],[-68.65018,8.69373],[-68.65259,8.6969],[-68.64933,8.7008],[-68.65,8.70542],[-68.65446,8.7071],[-68.65881,8.71139],[-68.66193,8.70985],[-68.6665,8.7107],[-68.66912,8.70822],[-68.67743,8.70586],[-68.68092,8.70005],[-68.69072,8.69685],[-68.69654,8.69837],[-68.70487,8.70448],[-68.71476,8.70632],[-68.71832,8.71319],[-68.71728,8.71512],[-68.7198,8.71537],[-68.72223,8.71769],[-68.7211,8.72123],[-68.71648,8.72178],[-68.71572,8.72442],[-68.71743,8.72594],[-68.71976,8.72446],[-68.7279,8.72419],[-68.72503,8.72754],[-68.72515,8.7297],[-68.72949,8.7291],[-68.73521,8.73781],[-68.73554,8.74338],[-68.72919,8.74658],[-68.72595,8.74379],[-68.72603,8.74195],[-68.72819,8.74022],[-68.72731,8.73919],[-68.7192,8.73775],[-68.71126,8.74439],[-68.70602,8.74404],[-68.70315,8.74217],[-68.69823,8.74251],[-68.68919,8.74949],[-68.69074,8.75601],[-68.68824,8.75851],[-68.68765,8.76263],[-68.68208,8.76299],[-68.67721,8.76588],[-68.67418,8.76483],[-68.67425,8.76749],[-68.67298,8.7679],[-68.66773,8.76448],[-68.66752,8.76749],[-68.66355,8.77004],[-68.6608,8.76857],[-68.65962,8.77105],[-68.65483,8.77192],[-68.65469,8.7742],[-68.65724,8.77541],[-68.65375,8.7778],[-68.64991,8.77704],[-68.64882,8.775],[-68.64307,8.77757],[-68.63995,8.78297],[-68.63997,8.78681],[-68.64145,8.788],[-68.64116,8.79331],[-68.63605,8.79501],[-68.63397,8.79811],[-68.63219,8.79795],[-68.63015,8.80114],[-68.62796,8.80128],[-68.62616,8.80334],[-68.62428,8.80173],[-68.62156,8.80415],[-68.62477,8.80536],[-68.62375,8.80785],[-68.61867,8.80743],[-68.61758,8.81099],[-68.62087,8.81646],[-68.61892,8.82013],[-68.61617,8.82029],[-68.61139,8.81607],[-68.60947,8.8162],[-68.60933,8.82328],[-68.60635,8.82507],[-68.60131,8.82043],[-68.59634,8.81965],[-68.59123,8.82883],[-68.58929,8.82879],[-68.58818,8.82279],[-68.58603,8.82231],[-68.58416,8.83416],[-68.58013,8.83655],[-68.57329,8.83802],[-68.5609,8.83307],[-68.55681,8.83532],[-68.55574,8.83803],[-68.55272,8.83737],[-68.5505,8.8401],[-68.56587,8.8452],[-68.56765,8.8464],[-68.56785,8.85169],[-68.57177,8.84934],[-68.57205,8.85235],[-68.57337,8.85297],[-68.5785,8.85226],[-68.57897,8.85575],[-68.57576,8.86052],[-68.57775,8.86268],[-68.57967,8.86232],[-68.58002,8.86617],[-68.58424,8.86452],[-68.58723,8.86905],[-68.58557,8.87364],[-68.59152,8.87814],[-68.59438,8.87569],[-68.59815,8.87743],[-68.5957,8.88035],[-68.59524,8.88549],[-68.59762,8.88568],[-68.5995,8.88405],[-68.60128,8.88781],[-68.60445,8.88529],[-68.60551,8.88651],[-68.60163,8.89121],[-68.60406,8.89473],[-68.60792,8.89528],[-68.60795,8.89698],[-68.61072,8.89918],[-68.61253,8.89735],[-68.61576,8.89717],[-68.61782,8.90217],[-68.61605,8.90481],[-68.61931,8.90605],[-68.6191,8.91046],[-68.62167,8.91145],[-68.62024,8.91448],[-68.62219,8.9177],[-68.62015,8.91793],[-68.62006,8.91937],[-68.62168,8.92162],[-68.61893,8.92461],[-68.62129,8.92631],[-68.62143,8.92932],[-68.62435,8.93053],[-68.62488,8.93497],[-68.62748,8.93761],[-68.63215,8.93899],[-68.63032,8.94335],[-68.63366,8.94794],[-68.64025,8.95185],[-68.6468,8.95321],[-68.64842,8.95658],[-68.65814,8.9629],[-68.65791,8.96591],[-68.65459,8.96988],[-68.65577,8.97291],[-68.65873,8.975],[-68.65679,8.98263],[-68.6596,8.98524],[-68.6639,8.98442],[-68.62856,9.21953],[-68.63274,9.21774],[-68.63337,9.22386],[-68.63543,9.22098],[-68.6386,9.22336],[-68.64132,9.22178],[-68.64003,9.21973],[-68.64166,9.2171],[-68.64508,9.21605],[-68.64383,9.22005],[-68.64795,9.22346],[-68.64959,9.22921],[-68.65157,9.22974],[-68.6544,9.22693],[-68.65839,9.23165],[-68.66257,9.22916],[-68.66293,9.22194],[-68.66684,9.22175],[-68.66645,9.22549],[-68.6693,9.22554],[-68.66677,9.22744],[-68.66816,9.23036],[-68.67293,9.23022],[-68.67359,9.23207],[-68.6781,9.23452],[-68.68304,9.23226],[-68.68678,9.23664],[-68.69455,9.24133],[-68.69378,9.24409],[-68.6954,9.24679],[-68.69858,9.24764],[-68.70311,9.25589],[-68.70581,9.25791],[-68.70759,9.25744],[-68.70621,9.25291],[-68.70362,9.25049],[-68.70511,9.248],[-68.70879,9.25112],[-68.71242,9.24938],[-68.71342,9.25292],[-68.72092,9.25182],[-68.72772,9.25704],[-68.72681,9.25976],[-68.72854,9.2622],[-68.73299,9.26226],[-68.7386,9.25984],[-68.74144,9.26174],[-68.74326,9.25955],[-68.74465,9.26323],[-68.7476,9.26443],[-68.74772,9.26812],[-68.76086,9.26934],[-68.76204,9.27119],[-68.76059,9.27319],[-68.76529,9.27238],[-68.76627,9.27678],[-68.76797,9.27761],[-68.76908,9.27742],[-68.76913,9.27136],[-68.77207,9.27501],[-68.77461,9.27373],[-68.77883,9.27467],[-68.77873,9.27685],[-68.77422,9.27805],[-68.77657,9.27819],[-68.77895,9.28398],[-68.76426,9.29404],[-68.76574,9.29655],[-68.76099,9.29987],[-68.76261,9.30231],[-68.76345,9.31022],[-68.77029,9.30756],[-68.77072,9.30934],[-68.76882,9.31254],[-68.77295,9.3163],[-68.77857,9.31498],[-68.77859,9.32009],[-68.78159,9.31562],[-68.78259,9.31639],[-68.78332,9.31863],[-68.78201,9.32293],[-68.78651,9.32299],[-68.78875,9.32552],[-68.7868,9.32811],[-68.78617,9.3327],[-68.78883,9.33601],[-68.79007,9.33673],[-68.79228,9.33532],[-68.79516,9.33712],[-68.79583,9.33505],[-68.79852,9.33983],[-68.79647,9.3383],[-68.79629,9.34092],[-68.80173,9.34186],[-68.80053,9.34403],[-68.80271,9.34297],[-68.80299,9.34575],[-68.81065,9.34563],[-68.82669,9.35668],[-68.83658,9.35903],[-68.85218,9.37228],[-68.85932,9.38573],[-68.86469,9.38711],[-68.86762,9.39074],[-68.86758,9.39662],[-68.86165,9.4015],[-68.86528,9.40274],[-68.86409,9.4071],[-68.86551,9.40858],[-68.86713,9.40924],[-68.87729,9.40493],[-68.87902,9.39959],[-68.88137,9.39852],[-68.88223,9.39998],[-68.88021,9.40406],[-68.88301,9.40421],[-68.88394,9.40156],[-68.88671,9.40514],[-68.88498,9.41292],[-68.88789,9.41759],[-68.8858,9.42088],[-68.8862,9.42274],[-68.89267,9.42888],[-68.89587,9.43739],[-68.89405,9.44738],[-68.89491,9.45253],[-68.89173,9.45966],[-68.89162,9.46439],[-68.89535,9.46757],[-68.89777,9.47545],[-68.90259,9.48427],[-68.89933,9.48943],[-68.89575,9.49154],[-68.89526,9.49437],[-68.89679,9.49762],[-68.89429,9.5036],[-68.89811,9.50892],[-68.89328,9.51095],[-68.89321,9.51635],[-68.89791,9.52034],[-68.90011,9.52693],[-68.90846,9.53676],[-68.90749,9.54255],[-68.90576,9.54424],[-68.90487,9.56122],[-68.9026,9.56435],[-68.90791,9.5662],[-68.92324,9.59813],[-68.92342,9.60742],[-68.926,9.61032],[-68.92386,9.61094],[-68.9221,9.61656],[-68.92796,9.61792],[-68.92398,9.61945],[-68.92761,9.62056],[-68.92928,9.62365],[-68.93103,9.6215],[-68.93517,9.62567],[-68.93535,9.62707],[-68.93354,9.6269],[-68.93338,9.6297],[-68.93806,9.63291],[-68.93872,9.63478],[-68.93682,9.63784],[-68.9412,9.63811],[-68.93799,9.63978],[-68.93969,9.64145],[-68.94138,9.64084],[-68.94356,9.64394],[-68.94402,9.64737],[-68.94255,9.64853],[-68.94403,9.65219],[-68.94589,9.65136],[-68.94548,9.64832],[-68.94855,9.65225],[-68.94815,9.65618],[-68.95042,9.65689],[-68.95201,9.66085],[-68.96146,9.6667],[-68.95998,9.66909],[-68.96419,9.67017],[-68.9615,9.6731],[-68.96296,9.67422],[-68.96639,9.67374],[-68.96249,9.68495],[-68.96538,9.68916],[-68.96278,9.69205],[-68.96278,9.69511],[-68.96556,9.71083],[-68.97003,9.71306],[-68.96961,9.71711],[-68.97162,9.71813],[-68.97027,9.72102],[-68.97565,9.71909],[-68.97503,9.71454],[-68.97815,9.7153],[-68.98144,9.72082],[-68.98693,9.72022],[-68.98546,9.7245],[-68.98766,9.73078],[-68.983,9.73492],[-68.98099,9.73276],[-68.97992,9.7352],[-68.98276,9.73748],[-68.98237,9.74311],[-68.98352,9.74424],[-68.97995,9.74875],[-68.98261,9.75643],[-68.98612,9.76021],[-68.98408,9.76138],[-68.98482,9.76509],[-68.98179,9.76589],[-68.97873,9.76375],[-68.9765,9.76587],[-68.978,9.77523],[-68.98418,9.77825],[-68.9861,9.7701],[-68.99086,9.7661],[-69.01504,9.75933],[-69.02161,9.75489],[-69.03165,9.75176],[-69.0418,9.74411],[-69.04854,9.74407],[-69.05242,9.74207],[-69.05576,9.73448],[-69.05574,9.72047],[-69.06406,9.712],[-69.08422,9.70975],[-69.08911,9.71073],[-69.10042,9.69981],[-69.15652,9.68185],[-69.16495,9.68228],[-69.17976,9.67755],[-69.19022,9.67727],[-69.1927,9.67512],[-69.19812,9.67707],[-69.20837,9.67633],[-69.21075,9.67865],[-69.2177,9.67865],[-69.22014,9.68044],[-69.22495,9.68034],[-69.23316,9.68466],[-69.23702,9.68441],[-69.23818,9.68662],[-69.24354,9.68781],[-69.24577,9.69073],[-69.24899,9.69129],[-69.24829,9.69585],[-69.25355,9.7073],[-69.25307,9.70958],[-69.25477,9.71084],[-69.2622,9.7111],[-69.26445,9.71561],[-69.26765,9.71509],[-69.27448,9.74313],[-69.28122,9.74718],[-69.28109,9.75073],[-69.27474,9.75717],[-69.27025,9.75844],[-69.26915,9.76034],[-69.26568,9.75894],[-69.26343,9.76274],[-69.26178,9.76264],[-69.26266,9.76583],[-69.26139,9.76802],[-69.26403,9.77985],[-69.26754,9.78132],[-69.27636,9.79233],[-69.27771,9.80424],[-69.2777,9.81068],[-69.27371,9.8101],[-69.27412,9.81689],[-69.26775,9.82242],[-69.26646,9.82654],[-69.26899,9.83398],[-69.27554,9.83627],[-69.27782,9.84173],[-69.28387,9.84588],[-69.28254,9.84181],[-69.28559,9.84155],[-69.28576,9.83253],[-69.29219,9.83059],[-69.29507,9.81338],[-69.29656,9.81127],[-69.30119,9.81005],[-69.30463,9.80695],[-69.30558,9.80383],[-69.30471,9.80036],[-69.30918,9.7954],[-69.31007,9.78915],[-69.3128,9.78619],[-69.31254,9.78337],[-69.31539,9.78401],[-69.31795,9.7814],[-69.31827,9.77856],[-69.32275,9.77599],[-69.32691,9.77679],[-69.33047,9.77554],[-69.33344,9.77767],[-69.33521,9.77532],[-69.33559,9.7647],[-69.3424,9.75693],[-69.34617,9.75735],[-69.34713,9.75375],[-69.34867,9.75299],[-69.34978,9.74635],[-69.34737,9.74058],[-69.34566,9.73957],[-69.34576,9.73331],[-69.34338,9.72869],[-69.34447,9.72377],[-69.34755,9.72102],[-69.35102,9.71437],[-69.35,9.70896],[-69.35344,9.70594],[-69.35328,9.69946],[-69.35533,9.69816],[-69.35963,9.69847],[-69.36521,9.69454],[-69.36939,9.69575],[-69.37244,9.69194],[-69.37274,9.68419],[-69.36614,9.67264],[-69.3692,9.65134],[-69.37335,9.64486],[-69.37315,9.63753],[-69.37967,9.63143],[-69.39083,9.62498],[-69.39683,9.61594],[-69.3949,9.60808],[-69.38427,9.60145],[-69.3851,9.59271],[-69.39593,9.5935],[-69.4145,9.59749],[-69.4396,9.58825],[-69.44088,9.58127],[-69.43946,9.57842],[-69.44088,9.5771],[-69.43957,9.57569],[-69.43924,9.56555],[-69.44057,9.56453],[-69.43854,9.56194],[-69.44105,9.5616],[-69.44083,9.55557],[-69.44395,9.54942],[-69.46158,9.54635],[-69.47132,9.54666],[-69.48279,9.54375],[-69.49339,9.54559],[-69.50168,9.55257],[-69.50575,9.54949],[-69.50834,9.54133],[-69.51341,9.5424],[-69.51584,9.54047],[-69.52294,9.54069],[-69.52688,9.53684],[-69.53394,9.53741],[-69.54079,9.53396],[-69.55203,9.53625],[-69.5587,9.53563],[-69.56157,9.5338],[-69.56397,9.52884],[-69.572,9.52375],[-69.57851,9.5289],[-69.58941,9.52953],[-69.60103,9.53446],[-69.60325,9.53733],[-69.60326,9.54428],[-69.61263,9.55405],[-69.61816,9.55668],[-69.62113,9.55649],[-69.62209,9.54611],[-69.62084,9.53479],[-69.62642,9.51151],[-69.61946,9.49266],[-69.61996,9.48156],[-69.623,9.47533],[-69.62384,9.46274],[-69.63228,9.45156],[-69.63486,9.44066],[-69.63863,9.43228],[-69.64048,9.4314],[-69.64258,9.41792],[-69.64873,9.41023],[-69.64856,9.40755],[-69.65069,9.40815],[-69.65409,9.40318],[-69.65377,9.39919],[-69.6606,9.40718],[-69.66172,9.40474],[-69.66703,9.40155],[-69.67078,9.40482],[-69.67204,9.4027],[-69.67693,9.40173],[-69.67699,9.4052],[-69.67953,9.40644],[-69.68219,9.40558],[-69.69664,9.40701],[-69.70314,9.40579],[-69.7179,9.4072],[-69.72635,9.41391],[-69.73107,9.41509],[-69.7348,9.41814],[-69.73479,9.42131],[-69.73094,9.42494],[-69.72818,9.43026],[-69.72837,9.43414],[-69.73248,9.43661],[-69.74866,9.43998],[-69.7522,9.43779],[-69.75306,9.42733],[-69.75466,9.42575],[-69.78591,9.42383],[-69.80525,9.41001],[-69.81196,9.40767],[-69.81602,9.40984],[-69.81775,9.4094],[-69.82019,9.40605],[-69.83516,9.40375],[-69.83663,9.40176],[-69.83932,9.40195],[-69.84623,9.40611],[-69.85714,9.405],[-69.86188,9.41291],[-69.86737,9.41586],[-69.87185,9.41],[-69.87634,9.41304],[-69.88147,9.40922],[-69.88599,9.40953],[-69.8886,9.40767],[-69.89829,9.40818],[-69.90173,9.41556],[-69.89652,9.4221],[-69.89494,9.42761],[-69.89387,9.4341],[-69.89519,9.44076],[-69.89375,9.44391],[-69.87766,9.46577],[-69.87293,9.46697],[-69.8679,9.47121],[-69.8653,9.47654],[-69.85522,9.47768],[-69.85316,9.48527],[-69.83349,9.51462],[-69.83167,9.52306],[-69.83387,9.53062],[-69.83387,9.54333],[-69.83189,9.54657],[-69.82668,9.55032],[-69.82635,9.55241],[-69.83154,9.55615],[-69.83334,9.5659],[-69.83963,9.56782],[-69.85161,9.56527],[-69.85676,9.55991],[-69.86388,9.55533],[-69.86796,9.54815],[-69.87002,9.54709],[-69.88414,9.54585],[-69.9021,9.54695],[-69.91553,9.54403],[-69.92396,9.54446],[-69.94088,9.54999],[-69.94962,9.55478],[-69.96898,9.54146],[-69.9742,9.53943],[-69.99571,9.50694],[-69.99919,9.50643],[-70.00094,9.50276],[-70.00562,9.4999],[-70.01233,9.49827],[-70.0124,9.48886],[-70.01396,9.48342],[-70.0185,9.47948],[-70.01936,9.47641],[-70.01953,9.47036],[-70.01782,9.46593],[-70.00966,9.46474],[-70.00191,9.46545],[-69.99958,9.45861],[-69.99143,9.45825],[-69.99201,9.45384],[-69.99361,9.45102],[-70.00617,9.44303],[-70.01992,9.43081],[-70.02508,9.42608],[-70.02472,9.42258],[-70.03492,9.41508],[-70.03814,9.40825],[-70.03882,9.3986],[-70.03603,9.37786],[-70.04034,9.37604],[-70.05167,9.36164],[-70.05842,9.36017],[-70.07124,9.35118],[-70.07533,9.34226],[-70.07978,9.33856],[-70.08533,9.33536],[-70.09059,9.33737],[-70.09172,9.33235],[-70.09934,9.32437],[-70.10424,9.316],[-70.10398,9.3118],[-70.11332,9.30197],[-70.11459,9.2966],[-70.09164,9.28111],[-70.08078,9.28142],[-70.07761,9.28506],[-70.07212,9.28462],[-70.06761,9.28287],[-70.0633,9.27662],[-70.06227,9.26306],[-70.06764,9.25109],[-70.06696,9.24918],[-70.07065,9.24504],[-70.07577,9.24376],[-70.0808,9.23878],[-70.08247,9.23297],[-70.09333,9.22512],[-70.09743,9.21836],[-70.09432,9.21094],[-70.09086,9.20985],[-70.08751,9.2066],[-70.07836,9.20765],[-70.07282,9.20221],[-70.07166,9.19767],[-70.06908,9.19632],[-70.06867,9.18145],[-70.06552,9.18132],[-70.06215,9.17422],[-70.04463,9.15791],[-70.04235,9.15432],[-70.04194,9.15237],[-70.04469,9.14599],[-70.05393,9.12966],[-70.06225,9.12262],[-70.07054,9.11091],[-70.09921,9.09073],[-70.10877,9.08708],[-70.11211,9.08771],[-70.13792,9.08471],[-70.15744,9.07989],[-70.16036,9.07771],[-70.15944,9.07269],[-70.16059,9.06965],[-70.16584,9.06928],[-70.18012,9.06099],[-70.19862,9.05572],[-70.20209,9.05278],[-70.19906,9.0494],[-70.19022,9.04411],[-70.18658,9.03834],[-70.18858,9.01871],[-70.18577,9.01176],[-70.17877,9.00208],[-70.1785,8.99408],[-70.17506,8.98933],[-70.17187,8.98758],[-70.16902,8.98272],[-70.16121,8.97957],[-70.15375,8.97415],[-70.14168,8.97294],[-70.13729,8.97571],[-70.13192,8.97392],[-70.12719,8.96906],[-70.12583,8.96075],[-70.12103,8.95049],[-70.11871,8.95046],[-70.11047,8.945],[-70.10802,8.9447],[-70.10415,8.94704],[-70.10281,8.94357],[-70.09523,8.9419],[-70.09181,8.93907],[-70.08525,8.93958],[-70.07963,8.9354],[-70.07443,8.93748],[-70.07141,8.93468],[-70.06937,8.93454],[-70.06931,8.93122],[-70.06501,8.92814],[-70.05981,8.92981],[-70.0559,8.92449],[-70.0495,8.92148],[-70.04621,8.90612],[-70.04781,8.90187],[-70.04377,8.89519],[-70.04409,8.89356],[-70.03485,8.88968],[-70.03412,8.88008],[-70.02391,8.87058],[-70.02306,8.86272],[-70.01389,8.85666],[-70.0139,8.85032],[-70.00399,8.84173],[-70.00384,8.83687],[-70.00192,8.83531],[-70.00306,8.83641],[-70.0021,8.83852],[-70.00044,8.83553],[-70.00121,8.83384],[-69.99835,8.83209],[-69.99863,8.82927],[-69.99308,8.82962],[-69.98484,8.82667],[-69.97955,8.83021],[-69.98337,8.83061],[-69.98131,8.83322],[-69.97038,8.82234],[-69.96655,8.82601],[-69.9651,8.83153],[-69.96191,8.83256],[-69.95985,8.83157],[-69.95819,8.825],[-69.95145,8.81973],[-69.95566,8.81318],[-69.95511,8.81201],[-69.94617,8.80937],[-69.94479,8.80735],[-69.94539,8.80498],[-69.93799,8.79957],[-69.93355,8.79986],[-69.92884,8.80483],[-69.92482,8.80436],[-69.92488,8.79865],[-69.93023,8.79772],[-69.93284,8.79149],[-69.92947,8.78861],[-69.92157,8.78795],[-69.91053,8.7843],[-69.90679,8.77587],[-69.90416,8.77315],[-69.89654,8.77137],[-69.89242,8.77294],[-69.89051,8.77684],[-69.89168,8.78602],[-69.88719,8.78793],[-69.88514,8.7868],[-69.88359,8.77971],[-69.88975,8.76928],[-69.8878,8.76517],[-69.88484,8.76461],[-69.87996,8.77087],[-69.87263,8.77241],[-69.87158,8.76928],[-69.87405,8.76337],[-69.87179,8.76029],[-69.86616,8.75885],[-69.85861,8.76092],[-69.85574,8.75637],[-69.85385,8.75577],[-69.84914,8.76078],[-69.84785,8.75761],[-69.84942,8.7539],[-69.8478,8.7519],[-69.83948,8.75261],[-69.83576,8.75086],[-69.82929,8.74444],[-69.8247,8.74294],[-69.80752,8.74943],[-69.8053,8.74901],[-69.80393,8.74607],[-69.79463,8.73992],[-69.78971,8.73958],[-69.78018,8.74183],[-69.77219,8.73914],[-69.76675,8.74149],[-69.76151,8.746],[-69.76113,8.74267],[-69.7651,8.73637],[-69.76408,8.73311],[-69.75925,8.73238],[-69.75455,8.73437],[-69.74558,8.73514],[-69.7424,8.73263],[-69.73758,8.72245],[-69.73295,8.71907],[-69.73047,8.71936],[-69.72532,8.72379],[-69.72225,8.72422],[-69.71972,8.71318],[-69.7158,8.71154],[-69.71389,8.71396],[-69.70896,8.71569],[-69.70245,8.714],[-69.69318,8.70814],[-69.68902,8.70833],[-69.68528,8.71422],[-69.67571,8.7186],[-69.67228,8.71618],[-69.667,8.70758],[-69.66148,8.70644],[-69.65895,8.70895],[-69.65866,8.71161],[-69.6596,8.71437],[-69.66432,8.71744],[-69.66475,8.72083],[-69.662,8.72195],[-69.65955,8.72109],[-69.65769,8.71622],[-69.6526,8.71297],[-69.65092,8.71551],[-69.65015,8.72499],[-69.6397,8.73099],[-69.63714,8.73452],[-69.63544,8.73325],[-69.63421,8.72875],[-69.62039,8.73315],[-69.61026,8.72906],[-69.60516,8.73109],[-69.59908,8.73109],[-69.59251,8.72866],[-69.58072,8.72788],[-69.57839,8.72671],[-69.57687,8.72092],[-69.57509,8.71956],[-69.57135,8.71991],[-69.56897,8.718],[-69.5605,8.7157],[-69.56193,8.70396],[-69.56406,8.6994],[-69.56301,8.6957],[-69.5559,8.69845],[-69.55366,8.69755],[-69.5499,8.69173],[-69.54303,8.69157],[-69.53836,8.69256],[-69.53463,8.69514],[-69.53134,8.70213],[-69.52933,8.70114],[-69.5285,8.69668],[-69.52906,8.6946],[-69.53342,8.69149],[-69.53531,8.68686],[-69.53149,8.68182],[-69.52964,8.68276],[-69.5276,8.68934],[-69.52265,8.69008],[-69.52477,8.68307],[-69.5142,8.67634],[-69.50141,8.67153],[-69.4975,8.67264],[-69.48771,8.66739],[-69.47111,8.66753],[-69.46316,8.66973],[-69.45008,8.66982],[-69.44471,8.66811],[-69.43831,8.66821],[-69.42776,8.66495],[-69.41534,8.65747],[-69.4111,8.65052],[-69.40444,8.64596],[-69.40257,8.64239],[-69.39542,8.64054],[-69.39395,8.63853],[-69.39078,8.63767],[-69.3909,8.63361],[-69.38882,8.63041],[-69.38487,8.63173],[-69.38046,8.62703],[-69.37705,8.62569],[-69.37529,8.62577],[-69.37116,8.63191],[-69.35727,8.63915],[-69.34843,8.63758],[-69.3461,8.63835],[-69.34421,8.63622],[-69.33495,8.63762],[-69.32679,8.63474],[-69.31984,8.63569],[-69.31608,8.63345],[-69.31236,8.63503],[-69.30365,8.64419],[-69.29971,8.64286],[-69.29744,8.63706],[-69.29602,8.63643],[-69.29143,8.63817],[-69.2856,8.63619],[-69.28203,8.62991],[-69.28554,8.62537],[-69.28719,8.61763],[-69.28483,8.61738],[-69.2893,8.61019],[-69.28575,8.6051],[-69.28462,8.60744],[-69.27329,8.60269],[-69.26788,8.59069],[-69.26086,8.58632],[-69.25848,8.5858],[-69.2532,8.59021],[-69.24828,8.5809],[-69.24847,8.57523],[-69.24568,8.57441],[-69.24059,8.56416],[-69.23653,8.56359],[-69.23711,8.55826],[-69.23309,8.55567],[-69.21747,8.55673],[-69.21311,8.54891],[-69.21408,8.54776],[-69.2135,8.53957],[-69.21137,8.53631],[-69.2064,8.53352],[-69.19734,8.53413],[-69.1924,8.5236],[-69.19255,8.52029],[-69.19024,8.51736],[-69.19396,8.50989],[-69.19014,8.50255],[-69.19021,8.49438],[-69.1918,8.49093],[-69.19053,8.48972],[-69.19069,8.4795],[-69.18026,8.47527],[-69.17792,8.47153],[-69.17598,8.47115],[-69.17736,8.46949],[-69.17608,8.46646],[-69.17839,8.46339],[-69.17653,8.46068],[-69.17757,8.45928],[-69.17244,8.45586],[-69.17044,8.44919],[-69.1664,8.4432],[-69.16354,8.44155],[-69.15442,8.44526],[-69.15178,8.44283],[-69.14744,8.44222],[-69.1443,8.44626],[-69.13818,8.44863],[-69.13055,8.44222],[-69.131,8.43751],[-69.12751,8.43804],[-69.12723,8.43504],[-69.12099,8.43596],[-69.11954,8.43401],[-69.11057,8.43402],[-69.11019,8.42778],[-69.11372,8.4255],[-69.11499,8.42231],[-69.11528,8.41995],[-69.11267,8.41922],[-69.11469,8.41203],[-69.11862,8.41168],[-69.121,8.41326],[-69.14041,8.40479],[-69.13946,8.401],[-69.13498,8.40452],[-69.13341,8.40473],[-69.13304,8.40259],[-69.13855,8.38647],[-69.14289,8.38298],[-69.14071,8.38066],[-69.13819,8.38043],[-69.14137,8.37487],[-69.14157,8.37026],[-69.14376,8.36929],[-69.14364,8.36677],[-69.14091,8.36225],[-69.14201,8.35954],[-69.14083,8.35653],[-69.13805,8.3544],[-69.13733,8.35147],[-69.13317,8.35071],[-69.1324,8.34833],[-69.12681,8.34606],[-69.12521,8.34333],[-69.12671,8.34071],[-69.11633,8.33572],[-69.10912,8.33557],[-69.10884,8.33312],[-69.10503,8.33204],[-69.09916,8.32556],[-69.10165,8.31959],[-69.09699,8.31565],[-69.09588,8.31171],[-69.093,8.31384],[-69.0944,8.30728],[-69.09096,8.30006],[-69.09592,8.29886],[-69.09767,8.29561],[-69.10208,8.29444],[-69.10102,8.29068],[-69.09926,8.28995],[-69.09536,8.2921],[-69.09232,8.29164],[-69.09059,8.29361],[-69.08696,8.29139],[-69.08422,8.29973],[-69.08187,8.3001],[-69.07702,8.29595],[-69.071,8.29891],[-69.06929,8.29625],[-69.07037,8.28992],[-69.06306,8.28801],[-69.06195,8.28636],[-69.05508,8.28939],[-69.05408,8.28764],[-69.05588,8.28448],[-69.05064,8.28558],[-69.047,8.28234],[-69.04573,8.28503],[-69.04344,8.2847],[-69.0409,8.28039],[-69.03345,8.27636],[-69.03287,8.27425],[-69.03603,8.27416],[-69.03622,8.27195],[-69.0265,8.26847],[-69.02156,8.26365],[-69.01753,8.26333],[-69.01439,8.25858],[-69.00896,8.25608],[-69.00661,8.25649],[-69.00719,8.25401],[-69.00483,8.25387],[-69.00636,8.24842],[-69.00189,8.25008],[-68.99745,8.24926],[-68.99675,8.24706],[-68.99328,8.24708],[-68.99225,8.24442],[-68.99029,8.24464],[-68.99011,8.24135],[-68.98451,8.23897],[-68.98107,8.2395],[-68.98223,8.23618],[-68.98052,8.23502],[-68.97574,8.23587],[-68.9734,8.23419],[-68.97241,8.23803],[-68.96989,8.23818],[-68.966,8.22819],[-68.96566,8.22378],[-68.96321,8.22028],[-68.96434,8.21495],[-68.95922,8.21282],[-68.96119,8.20856],[-68.95998,8.20724],[-68.95898,8.19241],[-68.95565,8.18825],[-68.95519,8.18488],[-68.95129,8.18386],[-68.94698,8.1849],[-68.94627,8.17824],[-68.94257,8.17773],[-68.9402,8.17944],[-68.93849,8.17888],[-68.93829,8.17592],[-68.93672,8.17498],[-68.92912,8.17413],[-68.92631,8.17169],[-68.92356,8.16259],[-68.91894,8.16178],[-68.92003,8.1537],[-68.91898,8.15267],[-68.91419,8.15416],[-68.90781,8.15277],[-68.90649,8.14805],[-68.90434,8.14756],[-68.90306,8.14848],[-68.90492,8.15242],[-68.90327,8.15321],[-68.89993,8.15132],[-68.89312,8.15161],[-68.89145,8.15026],[-68.8909,8.14629],[-68.89285,8.14293],[-68.89129,8.14202],[-68.89271,8.13942],[-68.89106,8.13743],[-68.88459,8.13572],[-68.88446,8.13367],[-68.88744,8.12968],[-68.88307,8.1274],[-68.88303,8.12573],[-68.88561,8.12361],[-68.88135,8.11552],[-68.86915,8.11457],[-68.86876,8.11042],[-68.87311,8.1033],[-68.87199,8.10269],[-68.86972,8.10844],[-68.86845,8.10857],[-68.86669,8.10539],[-68.86106,8.10439],[-68.86375,8.10223],[-68.85446,8.09261],[-68.85156,8.09355],[-68.85011,8.0921],[-68.84525,8.09737],[-68.84263,8.0982],[-68.83813,8.09404],[-68.8372,8.09132],[-68.83256,8.09321],[-68.82664,8.09267],[-68.81932,8.09833],[-68.81881,8.10054],[-68.82243,8.10326],[-68.82291,8.10589],[-68.83117,8.10544],[-68.832,8.10727],[-68.84735,8.16177],[-68.82568,8.21978],[-68.79481,8.26499],[-68.78831,8.31676],[-68.74165,8.33162],[-68.51357,8.56214],[-68.51149,8.56607],[-68.51237,8.56858],[-68.53202,8.59811]]]}},{"type":"Feature","properties":{"shapeName":"Sucre","shapeISO":"VE-R","shapeID":"42786344B70556453045523","shapeGroup":"VEN","shapeType":"ADM1"},"geometry":{"type":"MultiPolygon","coordinates":[[[[-64.47286,10.26201],[-64.474,10.26407],[-64.4785,10.26159],[-64.4734,10.25969],[-64.46952,10.2603],[-64.47286,10.26201]]],[[[-64.48842,10.2675],[-64.49021,10.26817],[-64.49107,10.2671],[-64.48906,10.26521],[-64.48659,10.2657],[-64.48253,10.26216],[-64.47969,10.26202],[-64.48381,10.26708],[-64.48842,10.2675]]],[[[-64.49622,10.3631],[-64.50243,10.35862],[-64.50264,10.35664],[-64.5054,10.35561],[-64.50579,10.35192],[-64.50919,10.34992],[-64.50877,10.34716],[-64.50723,10.34646],[-64.50529,10.34878],[-64.49981,10.35019],[-64.50046,10.35176],[-64.50315,10.35099],[-64.50128,10.35439],[-64.49762,10.35751],[-64.49321,10.35807],[-64.49271,10.3622],[-64.49622,10.3631]]],[[[-64.40283,10.373],[-64.40351,10.3622],[-64.40247,10.35972],[-64.40842,10.35815],[-64.40911,10.35436],[-64.41214,10.35279],[-64.41359,10.34814],[-64.41053,10.35068],[-64.4059,10.3515],[-64.40535,10.353],[-64.39922,10.35367],[-64.39403,10.35857],[-64.39933,10.35991],[-64.39856,10.366],[-64.39452,10.36843],[-64.39523,10.36999],[-64.40283,10.373]]],[[[-64.45442,10.371],[-64.45921,10.37634],[-64.45989,10.37214],[-64.46384,10.36654],[-64.4704,10.36412],[-64.46832,10.3633],[-64.46553,10.36446],[-64.46496,10.36141],[-64.46055,10.36304],[-64.45979,10.36091],[-64.4539,10.35828],[-64.45243,10.3579],[-64.45131,10.35932],[-64.44888,10.35746],[-64.44714,10.35809],[-64.44666,10.35479],[-64.44257,10.35331],[-64.4396,10.34984],[-64.427,10.3506],[-64.42666,10.3527],[-64.42809,10.35332],[-64.44196,10.35376],[-64.4423,10.35822],[-64.43897,10.36117],[-64.44429,10.36118],[-64.4418,10.36629],[-64.44297,10.36889],[-64.44669,10.36429],[-64.44979,10.36494],[-64.44986,10.36748],[-64.45326,10.36924],[-64.45186,10.37079],[-64.45442,10.371]]],[[[-64.42539,10.38175],[-64.42803,10.38083],[-64.42825,10.37293],[-64.43658,10.3717],[-64.43665,10.36433],[-64.43313,10.36277],[-64.43394,10.35941],[-64.43135,10.35675],[-64.4279,10.35731],[-64.42757,10.36046],[-64.4231,10.361],[-64.42162,10.3594],[-64.42152,10.36102],[-64.41332,10.36305],[-64.41117,10.36613],[-64.41745,10.36791],[-64.41577,10.36966],[-64.4172,10.37021],[-64.41652,10.37167],[-64.41194,10.37567],[-64.41306,10.37771],[-64.41949,10.38114],[-64.42539,10.38175]]],[[[-63.87461,10.68961],[-63.8738,10.69026],[-63.8755,10.69241],[-63.87765,10.69218],[-63.87677,10.6901],[-63.87461,10.68961]]],[[[-63.95641,10.08403],[-63.94493,10.08823],[-63.93276,10.08397],[-63.91518,10.09202],[-63.87789,10.1022],[-63.87032,10.10644],[-63.83647,10.10582],[-63.82586,10.11095],[-63.81423,10.10426],[-63.80555,10.1218],[-63.79397,10.13879],[-63.79384,10.14991],[-63.78438,10.15725],[-63.77415,10.15697],[-63.76869,10.18276],[-63.75555,10.17753],[-63.70742,10.19576],[-63.69903,10.19708],[-63.69462,10.20154],[-63.65813,10.2182],[-63.64197,10.22252],[-63.63702,10.2214],[-63.63536,10.21842],[-63.63147,10.21757],[-63.62732,10.21458],[-63.61592,10.21768],[-63.61153,10.21595],[-63.60334,10.21704],[-63.59984,10.21461],[-63.5926,10.20044],[-63.58812,10.19741],[-63.58396,10.19778],[-63.57788,10.2016],[-63.56841,10.20169],[-63.56244,10.20731],[-63.55881,10.21428],[-63.55743,10.22731],[-63.55457,10.23082],[-63.54888,10.23338],[-63.54349,10.24483],[-63.54268,10.25204],[-63.54522,10.25789],[-63.54768,10.25888],[-63.54981,10.26829],[-63.53703,10.27786],[-63.52868,10.28752],[-63.5168,10.29202],[-63.51379,10.29611],[-63.49902,10.29544],[-63.49395,10.29662],[-63.489,10.30009],[-63.4865,10.3049],[-63.4778,10.31086],[-63.47728,10.31431],[-63.46767,10.31597],[-63.45907,10.32066],[-63.45726,10.30758],[-63.44872,10.30026],[-63.44604,10.28876],[-63.41145,10.28797],[-63.4282,10.25536],[-63.40124,10.25916],[-63.38833,10.23902],[-63.35463,10.2445],[-63.33568,10.2126],[-63.28714,10.21174],[-63.25652,10.2024],[-63.25534,10.19151],[-63.22351,10.19164],[-63.21213,10.16275],[-63.19595,10.16202],[-63.18838,10.14404],[-63.17224,10.15724],[-63.15741,10.16135],[-63.15356,10.16569],[-63.14879,10.17927],[-63.14646,10.18015],[-63.14797,10.18922],[-63.14687,10.19256],[-63.13923,10.20093],[-63.13762,10.21313],[-63.13221,10.21736],[-63.13106,10.22394],[-63.128,10.22421],[-63.12313,10.22169],[-63.11829,10.22141],[-63.11956,10.21192],[-63.11299,10.19767],[-63.10548,10.18827],[-63.09885,10.18451],[-63.08975,10.18495],[-63.08736,10.18639],[-63.08425,10.19623],[-63.0802,10.20007],[-63.07033,10.20103],[-63.06578,10.19969],[-63.06301,10.19498],[-63.06571,10.1842],[-63.06534,10.17818],[-63.05982,10.17419],[-63.05483,10.17407],[-63.05326,10.17063],[-63.05666,10.15964],[-63.05287,10.15035],[-63.04448,10.14081],[-63.04505,10.12281],[-63.04072,10.1175],[-63.03243,10.11291],[-63.02845,10.10642],[-63.02075,10.09974],[-63.00032,10.08932],[-62.98871,10.07104],[-62.98534,10.06887],[-62.98137,10.06781],[-62.97729,10.06898],[-62.97386,10.07006],[-62.97167,10.07292],[-62.97057,10.07679],[-62.97186,10.0851],[-62.97106,10.0883],[-62.96687,10.09306],[-62.95426,10.09503],[-62.94687,10.09303],[-62.94068,10.08903],[-62.93781,10.07811],[-62.93573,10.07501],[-62.93304,10.07451],[-62.92938,10.07659],[-62.9188,10.08774],[-62.90742,10.09281],[-62.90019,10.09361],[-62.89689,10.09247],[-62.89228,10.07696],[-62.89367,10.07055],[-62.899,10.06106],[-62.89861,10.05755],[-62.89482,10.05519],[-62.87796,10.05061],[-62.86578,10.05028],[-62.86152,10.05266],[-62.85799,10.05801],[-62.85626,10.07369],[-62.84973,10.07763],[-62.84487,10.07662],[-62.83829,10.07213],[-62.83558,10.06782],[-62.83416,10.04666],[-62.83017,10.04009],[-62.82601,10.03672],[-62.82124,10.03406],[-62.78927,10.03319],[-62.78682,10.03492],[-62.78997,10.04458],[-62.78962,10.0532],[-62.78647,10.06286],[-62.78331,10.06941],[-62.77526,10.07769],[-62.76895,10.08183],[-62.75284,10.08459],[-62.74863,10.08321],[-62.73952,10.06803],[-62.73287,10.06079],[-62.72831,10.05872],[-62.70484,10.05803],[-62.68908,10.06286],[-62.67471,10.0632],[-62.6565,10.07183],[-62.62707,10.09597],[-62.61551,10.10115],[-62.61096,10.10632],[-62.6092,10.1115],[-62.6092,10.11909],[-62.63303,10.20118],[-62.63548,10.22154],[-62.63548,10.24085],[-62.63163,10.25914],[-62.6314,10.26743],[-62.66452,10.29694],[-62.64708,10.3309],[-62.65358,10.35624],[-62.74245,10.45401],[-62.75418,10.47122],[-62.76078,10.49455],[-62.76895,10.50239],[-62.80783,10.49205],[-62.81146,10.46788],[-62.80685,10.44328],[-62.79992,10.4223],[-62.80989,10.39908],[-62.81745,10.38659],[-62.82841,10.39748],[-62.82639,10.40976],[-62.82301,10.41592],[-62.83827,10.47467],[-62.83771,10.48827],[-62.83251,10.50759],[-62.83904,10.52427],[-62.84965,10.53101],[-62.85527,10.53151],[-62.85475,10.53562],[-62.85163,10.53921],[-62.83011,10.53918],[-62.81784,10.54074],[-62.8003,10.54822],[-62.78691,10.55663],[-62.76802,10.55982],[-62.75528,10.55896],[-62.75653,10.56257],[-62.75327,10.56117],[-62.75343,10.56282],[-62.751,10.55775],[-62.74789,10.55552],[-62.73795,10.55911],[-62.72102,10.55781],[-62.7107,10.55951],[-62.69614,10.56406],[-62.67773,10.57577],[-62.65586,10.57765],[-62.63971,10.5736],[-62.63243,10.56915],[-62.62965,10.57135],[-62.62412,10.57204],[-62.61991,10.5701],[-62.61312,10.5706],[-62.60773,10.56819],[-62.60404,10.5687],[-62.60088,10.56635],[-62.59551,10.56648],[-62.58938,10.56299],[-62.58749,10.56485],[-62.57809,10.56513],[-62.56797,10.56163],[-62.56665,10.55939],[-62.55717,10.55399],[-62.55522,10.55421],[-62.54674,10.54999],[-62.54304,10.55161],[-62.53187,10.54872],[-62.52649,10.54317],[-62.5221,10.54389],[-62.52001,10.54608],[-62.51425,10.54822],[-62.5111,10.54643],[-62.50137,10.55262],[-62.49217,10.55198],[-62.48672,10.55373],[-62.48354,10.55023],[-62.48166,10.55109],[-62.47893,10.5477],[-62.4687,10.55201],[-62.46376,10.5487],[-62.45713,10.54676],[-62.45334,10.54025],[-62.44074,10.53339],[-62.43622,10.53558],[-62.43312,10.53366],[-62.43038,10.53438],[-62.40747,10.55162],[-62.40357,10.54916],[-62.40482,10.54817],[-62.40376,10.54648],[-62.39499,10.55317],[-62.39006,10.55431],[-62.38148,10.55004],[-62.37554,10.54505],[-62.36575,10.54228],[-62.35832,10.53262],[-62.34986,10.53389],[-62.34645,10.53222],[-62.33729,10.53543],[-62.33232,10.53997],[-62.32169,10.53863],[-62.31746,10.54481],[-62.31354,10.54784],[-62.30827,10.5595],[-62.30487,10.56244],[-62.29893,10.56453],[-62.29672,10.56839],[-62.29095,10.56764],[-62.29584,10.56961],[-62.29421,10.57464],[-62.28889,10.56936],[-62.28808,10.5665],[-62.28848,10.56956],[-62.2925,10.57429],[-62.28591,10.59126],[-62.28265,10.59626],[-62.27354,10.60021],[-62.27182,10.60562],[-62.26469,10.61671],[-62.25026,10.63474],[-62.24817,10.635],[-62.24633,10.63328],[-62.24021,10.63473],[-62.23777,10.63344],[-62.22737,10.63473],[-62.22081,10.6318],[-62.2084,10.63609],[-62.20176,10.63514],[-62.20097,10.63342],[-62.19627,10.63439],[-62.19469,10.63284],[-62.19131,10.63411],[-62.18827,10.63317],[-62.18489,10.63461],[-62.18095,10.63416],[-62.17779,10.6372],[-62.17109,10.63692],[-62.16906,10.63515],[-62.16804,10.63692],[-62.16196,10.63636],[-62.16055,10.63868],[-62.15649,10.63846],[-62.1544,10.6435],[-62.15182,10.63696],[-62.14518,10.63363],[-62.14264,10.63369],[-62.14089,10.63607],[-62.13926,10.63612],[-62.13825,10.63363],[-62.13335,10.63301],[-62.13221,10.63646],[-62.13318,10.63905],[-62.12851,10.64132],[-62.12766,10.6351],[-62.12065,10.63158],[-62.11939,10.6315],[-62.11971,10.63326],[-62.11796,10.63465],[-62.11302,10.63018],[-62.1081,10.63472],[-62.10672,10.63456],[-62.10615,10.63189],[-62.10266,10.63105],[-62.09974,10.63272],[-62.09495,10.632],[-62.09271,10.63435],[-62.0893,10.63394],[-62.08971,10.63119],[-62.08188,10.63023],[-62.0794,10.63158],[-62.07262,10.63133],[-62.07789,10.63732],[-62.07541,10.64131],[-62.06911,10.64186],[-62.06461,10.63843],[-62.06246,10.64241],[-62.05909,10.63997],[-62.06202,10.63762],[-62.06425,10.63759],[-62.06381,10.6326],[-62.06133,10.63232],[-62.05898,10.63555],[-62.05459,10.63486],[-62.05544,10.63973],[-62.05353,10.64045],[-62.05081,10.63853],[-62.05198,10.64064],[-62.04963,10.64164],[-62.04659,10.6394],[-62.04591,10.63262],[-62.03414,10.63145],[-62.02585,10.63503],[-62.02747,10.63986],[-62.02251,10.6444],[-62.01542,10.64509],[-62.01345,10.63808],[-62.0069,10.64173],[-61.99768,10.64107],[-61.99597,10.64396],[-61.99165,10.6459],[-61.99176,10.65069],[-61.9855,10.65237],[-61.98296,10.6511],[-61.98161,10.64504],[-61.978,10.64222],[-61.97014,10.64266],[-61.96677,10.6451],[-61.96114,10.64214],[-61.95773,10.64367],[-61.95497,10.64311],[-61.95113,10.64948],[-61.94488,10.64926],[-61.94245,10.65838],[-61.93897,10.66157],[-61.9357,10.66077],[-61.93364,10.66437],[-61.93133,10.66406],[-61.93056,10.65888],[-61.92717,10.65619],[-61.9139,10.65977],[-61.90885,10.66402],[-61.90244,10.66475],[-61.90908,10.67021],[-61.90821,10.6734],[-61.91015,10.67671],[-61.90884,10.67807],[-61.90565,10.67784],[-61.90652,10.68395],[-61.90345,10.68587],[-61.9018,10.69085],[-61.89797,10.69526],[-61.89558,10.69424],[-61.90081,10.68505],[-61.90108,10.67821],[-61.89361,10.67271],[-61.89128,10.67391],[-61.89214,10.67496],[-61.89103,10.67645],[-61.88799,10.67691],[-61.88938,10.67909],[-61.88802,10.68273],[-61.8835,10.68538],[-61.88426,10.69226],[-61.8832,10.69571],[-61.87762,10.70136],[-61.88103,10.70526],[-61.87708,10.70967],[-61.87882,10.71311],[-61.8779,10.71661],[-61.87966,10.71834],[-61.87717,10.72043],[-61.8785,10.72255],[-61.87651,10.72665],[-61.86889,10.72293],[-61.86707,10.72639],[-61.86449,10.7276],[-61.86326,10.73137],[-61.86102,10.73117],[-61.85763,10.72805],[-61.85724,10.7322],[-61.85409,10.73207],[-61.85051,10.73429],[-61.84899,10.73355],[-61.84782,10.73529],[-61.85494,10.73978],[-61.86052,10.74027],[-61.86415,10.74259],[-61.86409,10.74571],[-61.86188,10.74833],[-61.86297,10.74915],[-61.86653,10.74622],[-61.86883,10.74119],[-61.87437,10.73764],[-61.87399,10.73425],[-61.87694,10.72956],[-61.88163,10.73142],[-61.90965,10.73005],[-61.91703,10.73368],[-61.91971,10.72183],[-61.92283,10.7209],[-61.92487,10.71467],[-61.93148,10.71358],[-61.93266,10.71489],[-61.93457,10.71442],[-61.93578,10.71687],[-61.93935,10.71429],[-61.94578,10.71958],[-61.9452,10.72208],[-61.94945,10.72084],[-61.96329,10.72752],[-61.96416,10.72646],[-61.96187,10.7256],[-61.96166,10.72074],[-61.95927,10.71932],[-61.96026,10.71652],[-61.96271,10.71507],[-61.96701,10.71567],[-61.96763,10.71342],[-61.97357,10.71455],[-61.97811,10.7111],[-61.98013,10.7118],[-61.98217,10.7162],[-61.97926,10.71855],[-61.98046,10.72053],[-61.99124,10.72045],[-61.99244,10.72296],[-61.99812,10.72508],[-62.00088,10.72785],[-62.00297,10.72604],[-62.00047,10.72246],[-62.00246,10.71876],[-62.00081,10.71796],[-61.99959,10.71428],[-62.00777,10.70937],[-62.01417,10.71236],[-62.0172,10.70913],[-62.01854,10.70449],[-62.02333,10.70845],[-62.02725,10.70764],[-62.02931,10.70875],[-62.03098,10.70732],[-62.03147,10.71202],[-62.02707,10.71516],[-62.02747,10.71663],[-62.04002,10.71517],[-62.04251,10.71746],[-62.04514,10.71668],[-62.04836,10.71783],[-62.05276,10.71345],[-62.04988,10.70763],[-62.05015,10.70397],[-62.05518,10.70071],[-62.06189,10.7031],[-62.06639,10.70193],[-62.06922,10.69952],[-62.08391,10.70548],[-62.09583,10.69919],[-62.09796,10.70125],[-62.10067,10.70896],[-62.10673,10.70721],[-62.11183,10.70031],[-62.1253,10.70219],[-62.12993,10.70063],[-62.13448,10.70249],[-62.13768,10.70129],[-62.14034,10.70439],[-62.13861,10.69871],[-62.1478,10.69381],[-62.1504,10.69388],[-62.15087,10.6893],[-62.15427,10.68718],[-62.15494,10.6843],[-62.17067,10.68285],[-62.1725,10.68481],[-62.17845,10.68413],[-62.18577,10.6858],[-62.18763,10.69015],[-62.19006,10.69133],[-62.19238,10.69711],[-62.20019,10.69957],[-62.20759,10.69612],[-62.21331,10.69557],[-62.22973,10.69924],[-62.23504,10.69801],[-62.24206,10.70011],[-62.24605,10.69911],[-62.25201,10.69387],[-62.25667,10.6967],[-62.25752,10.70105],[-62.26296,10.70016],[-62.26497,10.7012],[-62.27206,10.69562],[-62.27444,10.69561],[-62.27861,10.69136],[-62.28323,10.69034],[-62.2901,10.69382],[-62.29054,10.69994],[-62.29491,10.70387],[-62.29972,10.69656],[-62.30223,10.6965],[-62.30722,10.69925],[-62.30904,10.70226],[-62.30764,10.70484],[-62.31005,10.7074],[-62.32034,10.70462],[-62.32488,10.70838],[-62.32928,10.70959],[-62.33835,10.71121],[-62.34323,10.71053],[-62.34362,10.71285],[-62.35546,10.70989],[-62.35649,10.71056],[-62.35569,10.71237],[-62.36612,10.71436],[-62.37052,10.7135],[-62.37443,10.7107],[-62.37744,10.71225],[-62.37878,10.71517],[-62.38442,10.7177],[-62.38659,10.71619],[-62.39755,10.71694],[-62.4015,10.71525],[-62.40358,10.71589],[-62.40407,10.71774],[-62.42382,10.71922],[-62.42793,10.71755],[-62.44148,10.72453],[-62.44449,10.72209],[-62.44895,10.7237],[-62.45404,10.72174],[-62.45676,10.72257],[-62.45868,10.72105],[-62.46726,10.72679],[-62.47115,10.72463],[-62.47439,10.72643],[-62.47559,10.72488],[-62.47695,10.72525],[-62.47734,10.72352],[-62.48078,10.72429],[-62.48259,10.7277],[-62.48557,10.72606],[-62.48694,10.72819],[-62.48984,10.72854],[-62.49325,10.72588],[-62.49642,10.72759],[-62.49905,10.72658],[-62.50617,10.73052],[-62.51168,10.72981],[-62.51317,10.72831],[-62.51626,10.72931],[-62.51886,10.72781],[-62.52057,10.72901],[-62.5204,10.73089],[-62.52488,10.7333],[-62.53032,10.73402],[-62.53501,10.73153],[-62.53864,10.73459],[-62.55072,10.73216],[-62.55568,10.73624],[-62.55831,10.73692],[-62.56345,10.73423],[-62.56669,10.73717],[-62.57094,10.73674],[-62.57286,10.73872],[-62.57493,10.73625],[-62.57906,10.73724],[-62.58493,10.73487],[-62.59547,10.7409],[-62.6039,10.73901],[-62.61113,10.74191],[-62.62061,10.74092],[-62.63505,10.74387],[-62.64033,10.7417],[-62.64834,10.74336],[-62.6512,10.74159],[-62.66045,10.74312],[-62.6637,10.74115],[-62.67162,10.74159],[-62.6773,10.7456],[-62.68554,10.74449],[-62.68601,10.74564],[-62.6923,10.74577],[-62.70467,10.75688],[-62.70294,10.76037],[-62.70878,10.76148],[-62.70882,10.76419],[-62.7121,10.76525],[-62.72017,10.76117],[-62.72423,10.76068],[-62.72519,10.75893],[-62.72773,10.75807],[-62.72951,10.75908],[-62.73216,10.7559],[-62.73432,10.75613],[-62.73708,10.75178],[-62.74089,10.75226],[-62.7408,10.75007],[-62.74674,10.74872],[-62.74875,10.74703],[-62.75019,10.74211],[-62.75701,10.73701],[-62.76642,10.7355],[-62.77097,10.73307],[-62.77904,10.73428],[-62.79027,10.73151],[-62.79511,10.72833],[-62.79939,10.72741],[-62.8041,10.72874],[-62.80663,10.72136],[-62.81275,10.72081],[-62.81585,10.71908],[-62.82306,10.71992],[-62.82697,10.71819],[-62.83111,10.71329],[-62.83428,10.71345],[-62.8362,10.71172],[-62.84769,10.71402],[-62.84651,10.71155],[-62.84733,10.71017],[-62.85124,10.70853],[-62.8586,10.71015],[-62.86621,10.70446],[-62.86923,10.70397],[-62.87034,10.70043],[-62.87359,10.69856],[-62.88339,10.69976],[-62.88883,10.70225],[-62.89288,10.70207],[-62.89718,10.69801],[-62.89761,10.69529],[-62.90162,10.69449],[-62.90121,10.69236],[-62.90241,10.69173],[-62.9085,10.69198],[-62.91332,10.69558],[-62.91941,10.69674],[-62.92055,10.69811],[-62.92277,10.69694],[-62.93309,10.69912],[-62.94066,10.69679],[-62.94955,10.7001],[-62.9542,10.69966],[-62.95835,10.70149],[-62.96199,10.70092],[-62.96278,10.69952],[-62.96665,10.70053],[-62.98059,10.71016],[-62.98778,10.70965],[-62.99376,10.71434],[-62.99481,10.71897],[-62.99803,10.71962],[-63.00268,10.72448],[-63.00618,10.72067],[-63.01013,10.72006],[-63.01371,10.71733],[-63.0118,10.71436],[-63.01508,10.71086],[-63.02938,10.70955],[-63.03337,10.70794],[-63.03743,10.71083],[-63.04218,10.71059],[-63.0522,10.71818],[-63.05498,10.71553],[-63.06106,10.71355],[-63.06849,10.71439],[-63.07071,10.71197],[-63.07574,10.71106],[-63.07395,10.70886],[-63.08437,10.70944],[-63.08814,10.71205],[-63.09794,10.70902],[-63.10602,10.70835],[-63.11362,10.7059],[-63.11474,10.70144],[-63.11902,10.7006],[-63.13096,10.70415],[-63.13388,10.70294],[-63.14274,10.70878],[-63.14692,10.70809],[-63.15448,10.71432],[-63.15723,10.71968],[-63.15673,10.72397],[-63.15102,10.72422],[-63.15106,10.72677],[-63.1532,10.72635],[-63.15499,10.72844],[-63.15852,10.72605],[-63.16635,10.728],[-63.16697,10.72387],[-63.16505,10.72401],[-63.16361,10.72626],[-63.16226,10.72311],[-63.16057,10.72352],[-63.15947,10.72209],[-63.16179,10.7145],[-63.16512,10.71456],[-63.16997,10.70987],[-63.17647,10.70944],[-63.18661,10.70624],[-63.19086,10.70306],[-63.19779,10.70135],[-63.20884,10.69534],[-63.21376,10.69522],[-63.21671,10.69206],[-63.22066,10.69189],[-63.22446,10.68866],[-63.22843,10.68927],[-63.23178,10.68689],[-63.2284,10.68404],[-63.23185,10.67676],[-63.23967,10.67404],[-63.24509,10.67724],[-63.24348,10.67515],[-63.244,10.67127],[-63.24771,10.6713],[-63.25132,10.67381],[-63.25093,10.67081],[-63.25448,10.66976],[-63.26596,10.67337],[-63.26495,10.67005],[-63.26619,10.66981],[-63.26762,10.67106],[-63.26767,10.67539],[-63.2727,10.67733],[-63.27271,10.67443],[-63.2754,10.67256],[-63.27383,10.66663],[-63.27842,10.66328],[-63.28424,10.66303],[-63.29902,10.6677],[-63.30361,10.67153],[-63.3048,10.67028],[-63.30769,10.6718],[-63.30902,10.67373],[-63.31486,10.67464],[-63.31448,10.67904],[-63.31905,10.67904],[-63.32388,10.68119],[-63.32622,10.68433],[-63.32745,10.68196],[-63.32555,10.67768],[-63.32829,10.67565],[-63.32834,10.6697],[-63.33921,10.66893],[-63.35683,10.67721],[-63.35881,10.67965],[-63.35775,10.68106],[-63.36151,10.68374],[-63.36218,10.68986],[-63.36395,10.68801],[-63.36215,10.68514],[-63.36347,10.68294],[-63.372,10.67956],[-63.37379,10.6813],[-63.38058,10.68283],[-63.38551,10.68638],[-63.38749,10.68925],[-63.3859,10.69119],[-63.38707,10.69284],[-63.39018,10.69098],[-63.39016,10.68845],[-63.3935,10.68221],[-63.395,10.67993],[-63.39696,10.68],[-63.39676,10.67747],[-63.40051,10.67805],[-63.39959,10.68646],[-63.40287,10.68346],[-63.40292,10.67839],[-63.40744,10.67468],[-63.40377,10.67313],[-63.40366,10.67095],[-63.40463,10.66902],[-63.40827,10.66759],[-63.40695,10.66569],[-63.41467,10.66371],[-63.41198,10.66247],[-63.41262,10.66171],[-63.4202,10.6592],[-63.41575,10.66238],[-63.4185,10.66369],[-63.41951,10.66129],[-63.42576,10.66088],[-63.42768,10.66156],[-63.42994,10.66571],[-63.43473,10.66619],[-63.43701,10.66365],[-63.437,10.66132],[-63.43648,10.66025],[-63.4338,10.6607],[-63.43339,10.6561],[-63.44122,10.65258],[-63.44456,10.65403],[-63.44273,10.65857],[-63.44579,10.659],[-63.44702,10.6617],[-63.45027,10.66074],[-63.4536,10.66204],[-63.45371,10.65996],[-63.45531,10.65957],[-63.45717,10.66221],[-63.45978,10.66043],[-63.46259,10.66117],[-63.46421,10.66347],[-63.46692,10.65888],[-63.46803,10.65281],[-63.47001,10.65261],[-63.46974,10.65008],[-63.47209,10.64856],[-63.47679,10.64906],[-63.48026,10.65163],[-63.48167,10.65004],[-63.48563,10.65006],[-63.49018,10.65287],[-63.49085,10.65538],[-63.49441,10.65607],[-63.50205,10.65261],[-63.50172,10.65104],[-63.49239,10.64806],[-63.4935,10.64136],[-63.49566,10.64021],[-63.49876,10.63483],[-63.50503,10.63241],[-63.51286,10.63191],[-63.53284,10.62707],[-63.55498,10.63001],[-63.55822,10.63219],[-63.56738,10.62884],[-63.57093,10.62886],[-63.58206,10.63464],[-63.58751,10.63416],[-63.58666,10.63202],[-63.58792,10.62998],[-63.59214,10.62912],[-63.60408,10.63387],[-63.61002,10.63467],[-63.61519,10.63339],[-63.62578,10.63513],[-63.63361,10.63422],[-63.64363,10.63799],[-63.64955,10.6371],[-63.65333,10.63921],[-63.66399,10.64055],[-63.68275,10.6407],[-63.69028,10.64261],[-63.71259,10.65658],[-63.72351,10.65293],[-63.73701,10.65268],[-63.74319,10.65522],[-63.74632,10.65484],[-63.75505,10.65944],[-63.76158,10.6584],[-63.79343,10.68751],[-63.81041,10.70801],[-63.81542,10.70626],[-63.8126,10.70431],[-63.81557,10.69862],[-63.81555,10.68691],[-63.82115,10.68104],[-63.82082,10.6771],[-63.82486,10.6738],[-63.82229,10.66941],[-63.82484,10.66409],[-63.81783,10.66579],[-63.81134,10.67061],[-63.80206,10.6736],[-63.79848,10.68126],[-63.7946,10.68302],[-63.7929,10.68551],[-63.78534,10.67705],[-63.78574,10.67314],[-63.79191,10.67177],[-63.79386,10.66941],[-63.79812,10.66973],[-63.80682,10.66546],[-63.81109,10.65416],[-63.81327,10.65266],[-63.81743,10.65224],[-63.81655,10.65605],[-63.81873,10.65683],[-63.81716,10.65945],[-63.81816,10.66149],[-63.82095,10.66318],[-63.82637,10.66165],[-63.82634,10.65866],[-63.82328,10.65968],[-63.82569,10.64991],[-63.82766,10.65063],[-63.82779,10.65455],[-63.83203,10.64807],[-63.84018,10.64218],[-63.85093,10.63877],[-63.85933,10.6385],[-63.87149,10.63433],[-63.87697,10.63487],[-63.87822,10.63361],[-63.88217,10.63356],[-63.88421,10.631],[-63.8903,10.6298],[-63.89593,10.62908],[-63.90185,10.63149],[-63.90464,10.62768],[-63.91065,10.62755],[-63.91596,10.62442],[-63.92807,10.62503],[-63.93782,10.63133],[-63.94082,10.63081],[-63.94507,10.63331],[-63.94734,10.63231],[-63.95455,10.633],[-63.96238,10.62847],[-63.96752,10.62745],[-63.97176,10.62938],[-63.98144,10.62957],[-63.98759,10.63278],[-63.98926,10.63522],[-63.99298,10.63039],[-63.99691,10.63057],[-64.0021,10.63429],[-64.00604,10.63275],[-64.00865,10.62982],[-64.01366,10.62872],[-64.0222,10.63341],[-64.02728,10.632],[-64.03348,10.63367],[-64.03651,10.63639],[-64.0447,10.64961],[-64.0504,10.65059],[-64.0537,10.64973],[-64.05661,10.65131],[-64.05687,10.64943],[-64.0608,10.64921],[-64.06271,10.64696],[-64.06835,10.64762],[-64.06831,10.64311],[-64.07212,10.6393],[-64.08019,10.63615],[-64.08272,10.6368],[-64.08279,10.63504],[-64.09001,10.63571],[-64.09312,10.63398],[-64.09965,10.63464],[-64.10885,10.63263],[-64.11585,10.62495],[-64.11669,10.62189],[-64.12633,10.61849],[-64.1314,10.62047],[-64.13642,10.61498],[-64.13826,10.61511],[-64.14546,10.62118],[-64.14832,10.62126],[-64.15105,10.6182],[-64.15397,10.61884],[-64.16344,10.62768],[-64.16914,10.6296],[-64.17866,10.62614],[-64.18548,10.63145],[-64.19217,10.64027],[-64.19742,10.64199],[-64.21505,10.64077],[-64.21772,10.63897],[-64.23432,10.6405],[-64.23845,10.63689],[-64.24004,10.63715],[-64.24705,10.64453],[-64.25966,10.66397],[-64.26232,10.6648],[-64.2681,10.66045],[-64.26603,10.65548],[-64.26953,10.65067],[-64.27879,10.64702],[-64.28401,10.64203],[-64.28376,10.64034],[-64.28776,10.63835],[-64.29333,10.63888],[-64.29646,10.63188],[-64.28952,10.62162],[-64.28406,10.60704],[-64.28301,10.59869],[-64.27694,10.59326],[-64.27185,10.58107],[-64.2654,10.57677],[-64.26578,10.57564],[-64.2616,10.57606],[-64.25724,10.57321],[-64.25889,10.57272],[-64.2575,10.57146],[-64.25338,10.57175],[-64.24948,10.57931],[-64.24752,10.58056],[-64.24762,10.58652],[-64.24527,10.58751],[-64.24243,10.5868],[-64.24263,10.58254],[-64.23775,10.58339],[-64.2368,10.58232],[-64.23548,10.5788],[-64.23866,10.57725],[-64.24076,10.57212],[-64.25086,10.56634],[-64.25011,10.56395],[-64.25264,10.56465],[-64.25547,10.57057],[-64.25668,10.56976],[-64.25864,10.57152],[-64.26049,10.5684],[-64.25986,10.56651],[-64.26094,10.56639],[-64.2602,10.56018],[-64.26328,10.54697],[-64.258,10.53445],[-64.25319,10.53186],[-64.25005,10.52594],[-64.24949,10.52174],[-64.24085,10.51172],[-64.23521,10.50987],[-64.2315,10.50307],[-64.21478,10.51916],[-64.21248,10.5416],[-64.21013,10.5441],[-64.20709,10.54414],[-64.20484,10.5519],[-64.20262,10.55446],[-64.19621,10.55662],[-64.19152,10.55628],[-64.18822,10.55808],[-64.18112,10.55785],[-64.17343,10.56464],[-64.16816,10.56737],[-64.16561,10.57125],[-64.14837,10.57322],[-64.14405,10.57557],[-64.13885,10.57579],[-64.13238,10.57833],[-64.12237,10.57833],[-64.12517,10.57496],[-64.12386,10.56812],[-64.12062,10.57136],[-64.11993,10.56866],[-64.11308,10.57094],[-64.11334,10.56887],[-64.11864,10.56504],[-64.10618,10.56607],[-64.10517,10.56757],[-64.09924,10.56783],[-64.09099,10.57098],[-64.0897,10.56998],[-64.08518,10.57059],[-64.08217,10.57285],[-64.07982,10.57266],[-64.08087,10.57394],[-64.07992,10.57568],[-64.07716,10.57555],[-64.07757,10.57712],[-64.07368,10.57931],[-64.07221,10.57849],[-64.07475,10.57635],[-64.07464,10.57478],[-64.071,10.57272],[-64.05641,10.57682],[-64.05465,10.57599],[-64.05194,10.57755],[-64.05322,10.57942],[-64.05539,10.58048],[-64.05634,10.57949],[-64.05733,10.58148],[-64.06279,10.58285],[-64.05635,10.58642],[-64.05461,10.58571],[-64.05538,10.58362],[-64.04961,10.58585],[-64.04954,10.58922],[-64.0533,10.58896],[-64.05094,10.59139],[-64.05205,10.5929],[-64.05004,10.59568],[-64.04949,10.60034],[-64.04578,10.58827],[-64.04413,10.59041],[-64.04453,10.59233],[-64.04288,10.59314],[-64.04041,10.59324],[-64.04283,10.59128],[-64.04203,10.5902],[-64.0333,10.59354],[-64.03143,10.58923],[-64.02988,10.59416],[-64.02771,10.59427],[-64.02837,10.59055],[-64.02406,10.59413],[-64.02101,10.59312],[-64.02573,10.59053],[-64.02945,10.58613],[-64.03373,10.58756],[-64.03474,10.58523],[-64.04038,10.58579],[-64.04062,10.58417],[-64.04292,10.5843],[-64.04499,10.58006],[-64.04758,10.57816],[-64.04628,10.57589],[-64.04042,10.57585],[-64.03936,10.57469],[-64.03378,10.57563],[-64.03139,10.5775],[-64.02555,10.57558],[-64.02026,10.57584],[-64.01822,10.57786],[-64.01224,10.57743],[-64.00853,10.57933],[-64.00838,10.57751],[-64.00374,10.57666],[-63.99983,10.57886],[-63.99786,10.57688],[-63.99502,10.57836],[-63.99317,10.57558],[-63.9909,10.57793],[-63.98772,10.57576],[-63.98169,10.57734],[-63.97969,10.57539],[-63.97636,10.57812],[-63.96876,10.5794],[-63.96622,10.57797],[-63.96474,10.57925],[-63.96297,10.57828],[-63.9583,10.57967],[-63.9564,10.57677],[-63.95587,10.57954],[-63.954,10.5796],[-63.95149,10.579],[-63.95111,10.57612],[-63.94932,10.57852],[-63.94682,10.57846],[-63.94641,10.57421],[-63.93885,10.57198],[-63.93622,10.57014],[-63.93436,10.56628],[-63.93174,10.56671],[-63.91218,10.55367],[-63.90578,10.55298],[-63.90472,10.55439],[-63.89395,10.55164],[-63.88794,10.55239],[-63.88287,10.5498],[-63.87796,10.55223],[-63.86918,10.55292],[-63.86809,10.55151],[-63.86429,10.55384],[-63.86013,10.55404],[-63.85519,10.55131],[-63.85282,10.5531],[-63.84694,10.55329],[-63.84411,10.55153],[-63.83776,10.55228],[-63.83393,10.54986],[-63.82953,10.5509],[-63.81846,10.54939],[-63.81034,10.54271],[-63.80567,10.54204],[-63.80257,10.53616],[-63.79333,10.53136],[-63.78979,10.52674],[-63.7747,10.52597],[-63.77191,10.52397],[-63.76613,10.52435],[-63.76254,10.52219],[-63.75389,10.51312],[-63.74845,10.51042],[-63.74641,10.5067],[-63.74301,10.50454],[-63.73992,10.49822],[-63.73864,10.49106],[-63.73563,10.49616],[-63.73401,10.49665],[-63.73083,10.49499],[-63.72363,10.49533],[-63.7187,10.49209],[-63.71119,10.49246],[-63.70675,10.49049],[-63.70485,10.48807],[-63.70371,10.47882],[-63.68949,10.48163],[-63.68491,10.48489],[-63.67592,10.48766],[-63.66868,10.49204],[-63.67239,10.49096],[-63.67233,10.49226],[-63.67383,10.49227],[-63.67308,10.49475],[-63.66844,10.49269],[-63.66517,10.49676],[-63.66244,10.49644],[-63.66405,10.49362],[-63.66787,10.49234],[-63.65232,10.49611],[-63.64158,10.4895],[-63.64467,10.48857],[-63.65173,10.4898],[-63.65186,10.48881],[-63.65911,10.48748],[-63.66017,10.48542],[-63.65665,10.48284],[-63.66068,10.48034],[-63.66221,10.4776],[-63.65799,10.48052],[-63.65502,10.48042],[-63.65839,10.47857],[-63.65934,10.47606],[-63.66801,10.4742],[-63.67124,10.47158],[-63.67398,10.47248],[-63.68027,10.46823],[-63.68471,10.47077],[-63.68503,10.46915],[-63.68996,10.46667],[-63.69561,10.46774],[-63.6995,10.4651],[-63.70275,10.46763],[-63.70691,10.4681],[-63.70963,10.46428],[-63.71409,10.46445],[-63.72216,10.46125],[-63.73461,10.46591],[-63.73524,10.46177],[-63.73894,10.46387],[-63.74073,10.46343],[-63.74283,10.46153],[-63.74272,10.45842],[-63.74584,10.45829],[-63.74776,10.46023],[-63.7515,10.45833],[-63.7555,10.45924],[-63.75646,10.45333],[-63.76823,10.45134],[-63.77316,10.44915],[-63.77698,10.44941],[-63.78435,10.44386],[-63.79798,10.44024],[-63.80877,10.44117],[-63.81382,10.4451],[-63.81658,10.44416],[-63.81878,10.43937],[-63.82255,10.43861],[-63.82654,10.44113],[-63.83341,10.43991],[-63.83819,10.44719],[-63.84229,10.44806],[-63.85018,10.44563],[-63.85518,10.44128],[-63.86053,10.44281],[-63.87813,10.44261],[-63.88389,10.4437],[-63.88827,10.44664],[-63.89165,10.4451],[-63.9062,10.45466],[-63.91012,10.45347],[-63.91492,10.44822],[-63.92376,10.44995],[-63.93027,10.44788],[-63.93536,10.44793],[-63.93683,10.45033],[-63.94156,10.44619],[-63.94113,10.45098],[-63.94415,10.45158],[-63.94625,10.45039],[-63.94818,10.45219],[-63.95028,10.45095],[-63.95411,10.45338],[-63.95991,10.45218],[-63.96224,10.44844],[-63.96699,10.44616],[-63.97095,10.44614],[-63.97129,10.4436],[-63.97423,10.4454],[-63.97603,10.44439],[-63.97921,10.44738],[-63.98347,10.44395],[-63.98596,10.44599],[-63.99505,10.44353],[-64.00245,10.44585],[-64.01106,10.44227],[-64.01306,10.43985],[-64.01584,10.44137],[-64.02028,10.4406],[-64.0216,10.43686],[-64.02476,10.43543],[-64.02733,10.43729],[-64.02873,10.44322],[-64.03171,10.44474],[-64.03345,10.44272],[-64.03421,10.44472],[-64.03676,10.44363],[-64.03775,10.44109],[-64.03592,10.44037],[-64.03807,10.43875],[-64.04186,10.4406],[-64.05515,10.4408],[-64.06107,10.44364],[-64.07415,10.44481],[-64.08907,10.44959],[-64.09819,10.46018],[-64.0982,10.46171],[-64.10106,10.46362],[-64.10165,10.46191],[-64.10183,10.46437],[-64.10535,10.46596],[-64.11115,10.47704],[-64.11421,10.47932],[-64.11882,10.4778],[-64.11449,10.47916],[-64.11524,10.47777],[-64.11361,10.47735],[-64.11727,10.47188],[-64.12148,10.47465],[-64.12342,10.47409],[-64.12929,10.47614],[-64.13226,10.4737],[-64.1379,10.47343],[-64.13858,10.47464],[-64.13866,10.47274],[-64.14267,10.47473],[-64.14988,10.47298],[-64.15984,10.47803],[-64.1753,10.48011],[-64.18279,10.47743],[-64.18581,10.47947],[-64.18416,10.477],[-64.18548,10.47783],[-64.18598,10.4769],[-64.18685,10.47849],[-64.18701,10.47605],[-64.18947,10.47705],[-64.1886,10.47554],[-64.19069,10.47601],[-64.19269,10.47367],[-64.19068,10.47576],[-64.18912,10.47507],[-64.19232,10.47249],[-64.19272,10.46906],[-64.1914,10.46904],[-64.19342,10.46825],[-64.19188,10.46684],[-64.19362,10.46578],[-64.19141,10.46575],[-64.19321,10.46389],[-64.19105,10.46219],[-64.19435,10.46027],[-64.19141,10.46156],[-64.19069,10.45474],[-64.19687,10.44241],[-64.20805,10.42918],[-64.22249,10.41708],[-64.23283,10.41345],[-64.23696,10.41482],[-64.24388,10.41287],[-64.24846,10.41462],[-64.25533,10.41216],[-64.25822,10.41402],[-64.26416,10.41344],[-64.26731,10.41467],[-64.279,10.41366],[-64.28452,10.4093],[-64.28942,10.4105],[-64.29291,10.40462],[-64.29686,10.40266],[-64.29873,10.40431],[-64.29733,10.40829],[-64.29515,10.4085],[-64.29742,10.40999],[-64.31004,10.41022],[-64.31366,10.40649],[-64.31743,10.40704],[-64.31774,10.40241],[-64.32129,10.39899],[-64.32674,10.40023],[-64.32834,10.40211],[-64.33728,10.3985],[-64.33178,10.39942],[-64.3351,10.3925],[-64.34083,10.38972],[-64.33874,10.38699],[-64.33904,10.38522],[-64.3355,10.38416],[-64.32974,10.38678],[-64.3281,10.38575],[-64.32842,10.38289],[-64.33451,10.38173],[-64.33623,10.37879],[-64.34217,10.3828],[-64.34511,10.38155],[-64.34188,10.3759],[-64.33833,10.37434],[-64.33715,10.37219],[-64.3395,10.36966],[-64.33656,10.36656],[-64.33877,10.36554],[-64.34136,10.3693],[-64.34469,10.36322],[-64.34393,10.36053],[-64.33964,10.35855],[-64.34195,10.35506],[-64.34335,10.35582],[-64.34384,10.35459],[-64.33984,10.35372],[-64.33673,10.348],[-64.34548,10.34547],[-64.34774,10.34696],[-64.34964,10.3459],[-64.34969,10.34286],[-64.3517,10.34153],[-64.35531,10.34174],[-64.35459,10.34321],[-64.35591,10.34417],[-64.35759,10.33972],[-64.35956,10.33955],[-64.35963,10.33789],[-64.36418,10.33396],[-64.36731,10.33726],[-64.36906,10.33736],[-64.36939,10.34037],[-64.36743,10.34224],[-64.37105,10.34407],[-64.37085,10.34727],[-64.36406,10.34812],[-64.35826,10.35175],[-64.35848,10.35379],[-64.36326,10.35531],[-64.36029,10.35714],[-64.35884,10.36],[-64.35685,10.35901],[-64.35069,10.36118],[-64.34974,10.36311],[-64.35201,10.36603],[-64.3493,10.36651],[-64.34612,10.37224],[-64.34898,10.37577],[-64.34745,10.38261],[-64.34821,10.38616],[-64.34672,10.38914],[-64.35032,10.38784],[-64.35158,10.38537],[-64.35813,10.39346],[-64.35319,10.39654],[-64.36466,10.39813],[-64.36755,10.39599],[-64.36271,10.39316],[-64.37192,10.38851],[-64.37242,10.38341],[-64.376,10.38466],[-64.37501,10.38664],[-64.37579,10.39215],[-64.37894,10.39302],[-64.37984,10.38838],[-64.38419,10.38391],[-64.38856,10.38203],[-64.39218,10.38251],[-64.39503,10.3799],[-64.39254,10.37525],[-64.38927,10.37362],[-64.38648,10.37417],[-64.38662,10.37213],[-64.38412,10.37049],[-64.38102,10.37109],[-64.37789,10.36875],[-64.37751,10.3649],[-64.38783,10.36371],[-64.39006,10.36149],[-64.38672,10.35665],[-64.38035,10.35539],[-64.38353,10.3507],[-64.37454,10.3479],[-64.37467,10.34419],[-64.3774,10.34202],[-64.37634,10.34017],[-64.37876,10.33684],[-64.3837,10.33746],[-64.38869,10.33542],[-64.39022,10.33826],[-64.39286,10.33805],[-64.39478,10.33457],[-64.39906,10.33126],[-64.40351,10.3347],[-64.4056,10.33438],[-64.4061,10.33279],[-64.40882,10.33378],[-64.41077,10.33018],[-64.41374,10.33174],[-64.41632,10.32945],[-64.4216,10.33015],[-64.42175,10.32408],[-64.42656,10.32012],[-64.43801,10.31814],[-64.44192,10.32166],[-64.44043,10.32717],[-64.4479,10.32382],[-64.45051,10.32767],[-64.45312,10.32752],[-64.45786,10.33543],[-64.4635,10.33218],[-64.46083,10.3272],[-64.45864,10.32791],[-64.45677,10.3249],[-64.4579,10.31612],[-64.45304,10.31564],[-64.45164,10.318],[-64.44777,10.31897],[-64.44473,10.31718],[-64.44547,10.31354],[-64.44295,10.31069],[-64.44167,10.31353],[-64.43398,10.31515],[-64.43187,10.31295],[-64.43203,10.31674],[-64.42239,10.31899],[-64.41967,10.31671],[-64.42096,10.31496],[-64.41947,10.31279],[-64.42033,10.30971],[-64.41824,10.30896],[-64.41726,10.31261],[-64.41554,10.31231],[-64.41546,10.31627],[-64.41427,10.31523],[-64.41281,10.31613],[-64.41155,10.31303],[-64.4105,10.31357],[-64.40757,10.31073],[-64.40673,10.3162],[-64.40046,10.31436],[-64.40094,10.3171],[-64.39936,10.31841],[-64.39254,10.31363],[-64.39046,10.3179],[-64.38599,10.31588],[-64.38666,10.31729],[-64.38407,10.31937],[-64.37954,10.31962],[-64.37878,10.32108],[-64.37363,10.32041],[-64.37132,10.3174],[-64.36797,10.31703],[-64.36967,10.31208],[-64.3646,10.31104],[-64.36439,10.303],[-64.3654,10.30202],[-64.36676,10.30302],[-64.3674,10.30136],[-64.37483,10.30181],[-64.37804,10.30472],[-64.3772,10.30639],[-64.37932,10.30679],[-64.38151,10.30509],[-64.37948,10.30208],[-64.38128,10.29814],[-64.39123,10.29384],[-64.39345,10.29139],[-64.39675,10.29019],[-64.40022,10.29084],[-64.40037,10.2851],[-64.40312,10.28346],[-64.40995,10.28464],[-64.41377,10.28711],[-64.42213,10.28678],[-64.42654,10.28298],[-64.42892,10.28404],[-64.42889,10.28166],[-64.43121,10.2803],[-64.43735,10.28262],[-64.43995,10.27787],[-64.44459,10.27677],[-64.44768,10.27961],[-64.45086,10.27901],[-64.44738,10.27747],[-64.4487,10.27531],[-64.44422,10.27253],[-64.44453,10.2703],[-64.44866,10.26739],[-64.44724,10.26434],[-64.45426,10.26426],[-64.45803,10.26245],[-64.45561,10.2575],[-64.4571,10.25518],[-64.46059,10.25341],[-64.46313,10.25452],[-64.46749,10.25051],[-64.47774,10.24725],[-64.48336,10.24242],[-64.49416,10.24133],[-64.49949,10.24347],[-64.50143,10.24789],[-64.511,10.24872],[-64.51284,10.25042],[-64.51925,10.25027],[-64.5262,10.25314],[-64.53071,10.25331],[-64.51259,10.2362],[-64.51067,10.22444],[-64.51512,10.22034],[-64.51424,10.21878],[-64.50281,10.21682],[-64.49697,10.21367],[-64.4875,10.19614],[-64.48419,10.19468],[-64.47748,10.19608],[-64.47148,10.19214],[-64.4677,10.19171],[-64.45463,10.19263],[-64.44217,10.18871],[-64.44368,10.12642],[-64.42949,10.13128],[-64.42046,10.13766],[-64.39922,10.13375],[-64.39917,10.12035],[-64.39598,10.11591],[-64.39458,10.1143],[-64.39076,10.11362],[-64.38467,10.11431],[-64.3927,10.10688],[-64.38573,10.1027],[-64.38435,10.09825],[-64.36538,10.09704],[-64.36508,10.09538],[-64.36887,10.09006],[-64.36781,10.08662],[-64.35234,10.08499],[-64.35083,10.08397],[-64.35105,10.0796],[-64.33238,10.08204],[-64.32049,10.0927],[-64.31474,10.09273],[-64.30615,10.09526],[-64.29799,10.09396],[-64.2933,10.09571],[-64.28602,10.09303],[-64.28159,10.08591],[-64.27312,10.07899],[-64.27211,10.06271],[-64.26472,10.06308],[-64.26271,10.06152],[-64.2578,10.06155],[-64.25592,10.06282],[-64.25247,10.06118],[-64.24638,10.06295],[-64.22955,10.06287],[-64.20836,10.06774],[-64.20589,10.06581],[-64.18806,10.07048],[-64.17812,10.06846],[-64.16007,10.07613],[-64.12844,10.08401],[-64.11237,10.08612],[-64.10707,10.09024],[-64.09821,10.09156],[-64.08607,10.09767],[-64.07327,10.09532],[-64.06313,10.09556],[-64.0533,10.09856],[-64.04823,10.11487],[-64.03795,10.11954],[-64.03235,10.12008],[-64.02382,10.11978],[-64.01564,10.11682],[-64.01134,10.11034],[-64.00232,10.10928],[-63.99048,10.1102],[-63.96002,10.10107],[-63.96152,10.09168],[-63.95641,10.08403]]]]}},{"type":"Feature","properties":{"shapeName":"Táchira","shapeISO":"VE-S","shapeID":"42786344B49171663325386","shapeGroup":"VEN","shapeType":"ADM1"},"geometry":{"type":"Polygon","coordinates":[[[-71.8406,7.4888],[-71.84046,7.49345],[-71.84198,7.4958],[-71.84867,7.50103],[-71.85225,7.50097],[-71.85296,7.49425],[-71.85472,7.49213],[-71.85679,7.49268],[-71.85875,7.49806],[-71.86664,7.49718],[-71.86778,7.5022],[-71.86971,7.50361],[-71.87459,7.50327],[-71.87369,7.50139],[-71.87515,7.49887],[-71.87905,7.50014],[-71.88329,7.5045],[-71.86721,7.51062],[-71.85932,7.50959],[-71.85457,7.51653],[-71.85511,7.52548],[-71.8527,7.52617],[-71.84835,7.52032],[-71.84509,7.51854],[-71.84144,7.51972],[-71.83955,7.52205],[-71.83985,7.52964],[-71.83813,7.53249],[-71.82549,7.53591],[-71.8096,7.53028],[-71.80578,7.53167],[-71.80404,7.53427],[-71.80827,7.54196],[-71.80697,7.54401],[-71.80483,7.54433],[-71.80201,7.54258],[-71.80119,7.5374],[-71.79744,7.53588],[-71.78764,7.54022],[-71.78459,7.53835],[-71.78987,7.52827],[-71.78323,7.52494],[-71.7762,7.52758],[-71.76973,7.52731],[-71.76548,7.52934],[-71.76523,7.53102],[-71.77044,7.53864],[-71.76935,7.54449],[-71.76704,7.54594],[-71.76243,7.54564],[-71.75966,7.54005],[-71.75304,7.53457],[-71.75116,7.53398],[-71.7436,7.53871],[-71.73378,7.5373],[-71.72764,7.53051],[-71.72456,7.52999],[-71.72211,7.53117],[-71.72139,7.53487],[-71.72283,7.54101],[-71.72046,7.5454],[-71.70971,7.53968],[-71.70442,7.54181],[-71.69778,7.53894],[-71.69486,7.54471],[-71.69127,7.54763],[-71.68897,7.54741],[-71.68469,7.54355],[-71.67857,7.54263],[-71.67316,7.53818],[-71.66231,7.53509],[-71.65961,7.5301],[-71.65076,7.53059],[-71.64913,7.52248],[-71.64703,7.52026],[-71.6449,7.52176],[-71.64263,7.52688],[-71.63837,7.5296],[-71.62751,7.52037],[-71.62334,7.5197],[-71.61351,7.52257],[-71.60779,7.51998],[-71.6047,7.51561],[-71.60125,7.51809],[-71.60122,7.52509],[-71.59824,7.52687],[-71.59339,7.522],[-71.59256,7.5136],[-71.5818,7.511],[-71.57923,7.5119],[-71.57622,7.51847],[-71.5768,7.52113],[-71.57515,7.52703],[-71.57255,7.52706],[-71.56644,7.52291],[-71.56164,7.52157],[-71.55782,7.51514],[-71.55582,7.51404],[-71.54803,7.51904],[-71.53924,7.51618],[-71.53215,7.52281],[-71.52981,7.52339],[-71.52754,7.5223],[-71.52592,7.51698],[-71.52346,7.51515],[-71.51244,7.51312],[-71.51076,7.50952],[-71.50245,7.50877],[-71.50025,7.50501],[-71.48812,7.49841],[-71.48125,7.49901],[-71.46737,7.49682],[-71.46466,7.49968],[-71.45605,7.50112],[-71.44966,7.50839],[-71.44699,7.5089],[-71.44227,7.50725],[-71.44075,7.50527],[-71.43202,7.50552],[-71.42296,7.4996],[-71.41572,7.49271],[-71.41466,7.48362],[-71.4058,7.48105],[-71.40162,7.47765],[-71.39812,7.48281],[-71.39553,7.48235],[-71.39243,7.47666],[-71.38697,7.47962],[-71.37686,7.48131],[-71.36591,7.47488],[-71.36255,7.47484],[-71.35177,7.47877],[-71.34409,7.47853],[-71.34012,7.47593],[-71.33717,7.47575],[-71.32914,7.47834],[-71.31677,7.49127],[-71.32174,7.49713],[-71.33037,7.49686],[-71.33349,7.49809],[-71.3343,7.50093],[-71.33221,7.51065],[-71.3338,7.51309],[-71.33592,7.513],[-71.33983,7.50721],[-71.34349,7.50598],[-71.35073,7.50657],[-71.35717,7.50177],[-71.36458,7.50321],[-71.36732,7.49782],[-71.37324,7.49723],[-71.37617,7.5015],[-71.37545,7.50332],[-71.36953,7.50642],[-71.36832,7.51008],[-71.37385,7.51828],[-71.37638,7.52492],[-71.3862,7.5204],[-71.39125,7.5266],[-71.39571,7.52055],[-71.39788,7.52085],[-71.39934,7.52387],[-71.39931,7.53003],[-71.40526,7.53019],[-71.40726,7.53185],[-71.40818,7.53609],[-71.40566,7.53973],[-71.39888,7.53518],[-71.39641,7.53557],[-71.39433,7.53952],[-71.39439,7.54258],[-71.40182,7.54574],[-71.40364,7.55023],[-71.40245,7.5532],[-71.40649,7.55399],[-71.41028,7.54931],[-71.4102,7.5553],[-71.41127,7.55614],[-71.41389,7.55138],[-71.41639,7.54981],[-71.43046,7.55226],[-71.43616,7.56105],[-71.43385,7.56358],[-71.43187,7.56369],[-71.43067,7.56097],[-71.42642,7.55872],[-71.4178,7.55851],[-71.42186,7.56387],[-71.42054,7.56737],[-71.42109,7.57203],[-71.41709,7.57564],[-71.41663,7.57783],[-71.42548,7.57498],[-71.42806,7.57681],[-71.43977,7.57813],[-71.44305,7.58092],[-71.44247,7.58743],[-71.44195,7.58868],[-71.43637,7.5903],[-71.43631,7.5915],[-71.44621,7.58987],[-71.45408,7.59445],[-71.45915,7.59198],[-71.46192,7.59216],[-71.46903,7.597],[-71.4731,7.59804],[-71.47944,7.60275],[-71.48076,7.60524],[-71.47675,7.61268],[-71.47743,7.6153],[-71.48411,7.61065],[-71.49225,7.61019],[-71.49414,7.60813],[-71.4909,7.60191],[-71.49096,7.59934],[-71.49412,7.59673],[-71.49817,7.59809],[-71.5052,7.60483],[-71.50463,7.60957],[-71.49843,7.61633],[-71.50094,7.62039],[-71.50128,7.62455],[-71.49881,7.62618],[-71.4929,7.62565],[-71.49225,7.62812],[-71.49923,7.62914],[-71.50099,7.63397],[-71.48947,7.64686],[-71.49047,7.64933],[-71.49389,7.64977],[-71.50021,7.64782],[-71.50352,7.65153],[-71.4986,7.65719],[-71.49865,7.66018],[-71.49499,7.66259],[-71.49254,7.66225],[-71.49296,7.67808],[-71.49673,7.68964],[-71.49806,7.70628],[-71.49955,7.70948],[-71.50663,7.71078],[-71.5095,7.71863],[-71.51475,7.71979],[-71.51293,7.72932],[-71.51373,7.73228],[-71.52049,7.74324],[-71.53396,7.75323],[-71.52467,7.76972],[-71.52239,7.78706],[-71.51593,7.79381],[-71.51444,7.79757],[-71.51759,7.80329],[-71.52301,7.80857],[-71.52318,7.81845],[-71.51427,7.83186],[-71.51295,7.84034],[-71.51966,7.8474],[-71.51643,7.85112],[-71.51758,7.85315],[-71.5162,7.85747],[-71.51893,7.86173],[-71.51861,7.86869],[-71.517,7.87147],[-71.51058,7.87441],[-71.51009,7.87585],[-71.51157,7.88739],[-71.50905,7.89069],[-71.51092,7.89251],[-71.51104,7.90918],[-71.50865,7.92241],[-71.51123,7.93107],[-71.51182,7.95254],[-71.52788,7.96483],[-71.52881,7.97321],[-71.53556,7.97885],[-71.54825,7.97645],[-71.54939,7.97726],[-71.55325,7.98273],[-71.55614,7.98392],[-71.55851,7.99218],[-71.57053,8.00404],[-71.56678,8.02492],[-71.57017,8.0319],[-71.57126,8.03932],[-71.58395,8.04443],[-71.60189,8.0574],[-71.61135,8.05058],[-71.61614,8.0503],[-71.61932,8.04844],[-71.62144,8.04632],[-71.62187,8.04349],[-71.62895,8.03879],[-71.63232,8.03975],[-71.63816,8.03886],[-71.64381,8.03169],[-71.64682,8.02894],[-71.65045,8.02805],[-71.65707,8.01973],[-71.66016,8.0184],[-71.6621,8.01433],[-71.66757,8.00928],[-71.66694,8.00512],[-71.67518,8.0059],[-71.67882,8.00793],[-71.68212,8.01217],[-71.68886,8.01552],[-71.69083,8.02064],[-71.69581,8.02665],[-71.70343,8.02602],[-71.7059,8.02808],[-71.70619,8.03604],[-71.70333,8.03814],[-71.70322,8.04097],[-71.70896,8.04341],[-71.71446,8.04249],[-71.71616,8.04038],[-71.71837,8.04093],[-71.72167,8.03866],[-71.73854,8.04589],[-71.74099,8.04909],[-71.74436,8.04965],[-71.74725,8.05322],[-71.75475,8.05762],[-71.75911,8.06695],[-71.75808,8.07367],[-71.76558,8.07692],[-71.7643,8.0823],[-71.76641,8.08436],[-71.76521,8.08983],[-71.76617,8.09179],[-71.77214,8.09901],[-71.77896,8.10013],[-71.78017,8.10403],[-71.78342,8.10751],[-71.78312,8.11184],[-71.78928,8.11738],[-71.7914,8.11855],[-71.80557,8.11929],[-71.80871,8.12569],[-71.81348,8.12794],[-71.81591,8.14593],[-71.82137,8.15066],[-71.82433,8.15641],[-71.82403,8.1584],[-71.83752,8.16027],[-71.84131,8.1618],[-71.84526,8.1667],[-71.84987,8.16727],[-71.85011,8.17211],[-71.85659,8.1797],[-71.86057,8.17794],[-71.87121,8.17697],[-71.87635,8.17971],[-71.87723,8.17776],[-71.87548,8.16828],[-71.87613,8.16395],[-71.89103,8.16284],[-71.89728,8.15599],[-71.89844,8.15564],[-71.89912,8.15866],[-71.90361,8.16383],[-71.90249,8.17618],[-71.91235,8.19057],[-71.91201,8.20011],[-71.90792,8.21053],[-71.90033,8.21424],[-71.89299,8.22793],[-71.89097,8.23658],[-71.88557,8.24055],[-71.87805,8.25044],[-71.86963,8.25707],[-71.86149,8.26625],[-71.85911,8.27623],[-71.85043,8.28161],[-71.84433,8.29601],[-71.83946,8.29751],[-71.83415,8.30678],[-71.82769,8.31349],[-71.82242,8.31156],[-71.81516,8.31601],[-71.81044,8.32135],[-71.80776,8.32147],[-71.80585,8.32427],[-71.80603,8.33262],[-71.81807,8.34326],[-71.82032,8.34821],[-71.81991,8.35758],[-71.818,8.36168],[-71.81812,8.37084],[-71.80388,8.38357],[-71.80208,8.38852],[-71.80347,8.39505],[-71.81221,8.40379],[-71.81385,8.41011],[-71.80987,8.41521],[-71.80176,8.41883],[-71.80142,8.42227],[-71.79846,8.42539],[-71.79909,8.4324],[-71.79704,8.43288],[-71.78735,8.44501],[-71.78518,8.44558],[-71.78548,8.44842],[-71.78259,8.44911],[-71.77937,8.45395],[-71.77898,8.4573],[-71.77467,8.46517],[-71.77611,8.47635],[-71.77411,8.48322],[-71.77584,8.4953],[-71.78004,8.50132],[-71.78464,8.51378],[-71.78401,8.5192],[-71.79397,8.53398],[-71.80063,8.53725],[-71.80212,8.54749],[-71.80719,8.55692],[-71.80704,8.55951],[-71.80949,8.5622],[-71.80861,8.56459],[-71.81138,8.56739],[-71.81144,8.56938],[-71.81542,8.57001],[-71.81504,8.57169],[-71.81686,8.57326],[-71.81934,8.58023],[-71.82244,8.58097],[-71.8213,8.58304],[-71.82283,8.58381],[-71.82216,8.58654],[-71.82333,8.58811],[-71.83806,8.59384],[-71.84185,8.59978],[-71.84396,8.60058],[-71.84913,8.59924],[-71.85859,8.60567],[-71.86488,8.60608],[-71.86633,8.60784],[-71.8844,8.61503],[-71.88938,8.61352],[-71.88953,8.61769],[-71.89662,8.62534],[-71.90067,8.62826],[-71.90492,8.6288],[-71.90994,8.63394],[-71.91506,8.63234],[-71.9172,8.63095],[-71.92385,8.63044],[-71.92475,8.6269],[-71.9272,8.62669],[-71.92743,8.6233],[-71.92887,8.62143],[-71.93043,8.62263],[-71.93353,8.61759],[-71.93577,8.61711],[-71.93576,8.61844],[-71.93921,8.61919],[-71.93963,8.61728],[-71.94263,8.61588],[-71.94938,8.61851],[-71.95008,8.61635],[-71.95315,8.616],[-71.95845,8.61931],[-71.95918,8.61751],[-71.95996,8.62053],[-71.95869,8.62384],[-71.96047,8.62601],[-71.96235,8.62384],[-71.96292,8.62654],[-71.96479,8.62611],[-71.96308,8.62851],[-71.96409,8.63011],[-71.96248,8.63133],[-71.96097,8.63054],[-71.96046,8.63302],[-71.95745,8.63282],[-71.95891,8.63654],[-71.96271,8.63784],[-71.96462,8.63581],[-71.96632,8.63829],[-71.96557,8.63922],[-71.96864,8.63894],[-71.97081,8.64117],[-71.97063,8.64438],[-71.97487,8.64849],[-71.9749,8.64693],[-71.97647,8.64843],[-71.97971,8.64625],[-71.97986,8.6474],[-71.98424,8.64679],[-71.98745,8.63496],[-71.98223,8.62759],[-71.98344,8.62208],[-71.98655,8.61738],[-71.98464,8.61042],[-71.9817,8.60737],[-71.9794,8.60833],[-71.97485,8.60412],[-71.9733,8.60065],[-71.97595,8.59932],[-71.97564,8.5924],[-71.97786,8.58392],[-71.98288,8.57815],[-71.98469,8.57366],[-71.98563,8.56868],[-71.98348,8.56876],[-71.98348,8.56631],[-71.98534,8.55558],[-71.98035,8.54739],[-71.98007,8.53925],[-71.97592,8.52537],[-71.97756,8.52253],[-71.97271,8.51734],[-71.97205,8.5129],[-72.071,8.42898],[-72.21623,8.4219],[-72.30866,8.37567],[-72.30917,8.39112],[-72.31912,8.40449],[-72.32285,8.43364],[-72.32271,8.44521],[-72.32544,8.45942],[-72.33471,8.47338],[-72.34421,8.50062],[-72.34854,8.50064],[-72.34838,8.49849],[-72.35248,8.49297],[-72.34843,8.48568],[-72.34867,8.48182],[-72.35743,8.47884],[-72.36211,8.47358],[-72.35947,8.46881],[-72.35221,8.46771],[-72.34961,8.46329],[-72.35347,8.45265],[-72.35218,8.44649],[-72.35321,8.43777],[-72.35776,8.43199],[-72.36865,8.43114],[-72.36809,8.42539],[-72.37015,8.42307],[-72.37408,8.42908],[-72.37832,8.43104],[-72.38031,8.43056],[-72.38305,8.41813],[-72.39297,8.41508],[-72.39198,8.40971],[-72.393,8.40616],[-72.40415,8.40449],[-72.40148,8.40166],[-72.39544,8.39997],[-72.39372,8.39617],[-72.40234,8.39513],[-72.40589,8.39249],[-72.40618,8.38807],[-72.40207,8.37535],[-72.40646,8.3669],[-72.4029,8.36384],[-72.40796,8.36029],[-72.40407,8.36086],[-72.4028,8.35565],[-72.40124,8.35576],[-72.40092,8.35919],[-72.39921,8.36056],[-72.39182,8.35682],[-72.39367,8.35056],[-72.38897,8.34934],[-72.38792,8.34534],[-72.3893,8.34365],[-72.39339,8.3444],[-72.39508,8.34333],[-72.39225,8.33836],[-72.39487,8.33436],[-72.39503,8.33126],[-72.39147,8.32809],[-72.39536,8.32582],[-72.3926,8.32059],[-72.38828,8.31982],[-72.38491,8.31575],[-72.38142,8.31588],[-72.38196,8.31169],[-72.38004,8.3099],[-72.3824,8.30524],[-72.37997,8.30547],[-72.38017,8.30371],[-72.38628,8.3032],[-72.38472,8.30005],[-72.38628,8.29867],[-72.38544,8.29443],[-72.38719,8.29136],[-72.38443,8.28983],[-72.38808,8.28934],[-72.38904,8.28649],[-72.3872,8.28633],[-72.38785,8.28467],[-72.3861,8.28241],[-72.3883,8.27912],[-72.38448,8.27753],[-72.3889,8.26821],[-72.3899,8.25932],[-72.39271,8.25882],[-72.39218,8.25622],[-72.39048,8.25542],[-72.39367,8.25261],[-72.39205,8.25118],[-72.39044,8.25361],[-72.38592,8.25279],[-72.38765,8.25097],[-72.38562,8.24618],[-72.38062,8.24675],[-72.38644,8.24174],[-72.3834,8.23571],[-72.38146,8.23475],[-72.38351,8.23208],[-72.38048,8.22479],[-72.37752,8.22342],[-72.37756,8.22037],[-72.37952,8.2189],[-72.37486,8.21485],[-72.37667,8.20962],[-72.3749,8.20521],[-72.37323,8.20282],[-72.3713,8.20376],[-72.37157,8.20069],[-72.36881,8.20082],[-72.36933,8.19864],[-72.37288,8.19719],[-72.37406,8.19518],[-72.37227,8.19389],[-72.36861,8.19616],[-72.3667,8.19272],[-72.36935,8.19208],[-72.36932,8.19055],[-72.36696,8.18987],[-72.3622,8.19123],[-72.36407,8.18741],[-72.3662,8.18708],[-72.36705,8.1841],[-72.36443,8.18465],[-72.36346,8.182],[-72.36114,8.18188],[-72.36091,8.17752],[-72.35461,8.16597],[-72.35318,8.15845],[-72.35611,8.15363],[-72.35998,8.1526],[-72.36093,8.15037],[-72.36285,8.1505],[-72.36452,8.14845],[-72.36611,8.14913],[-72.36587,8.14107],[-72.36307,8.13929],[-72.36444,8.13568],[-72.36138,8.13331],[-72.36363,8.13046],[-72.35874,8.12054],[-72.36665,8.1177],[-72.36741,8.11433],[-72.37039,8.1132],[-72.36968,8.11228],[-72.37109,8.11161],[-72.37352,8.10514],[-72.37204,8.10343],[-72.37228,8.09891],[-72.37045,8.09368],[-72.35658,8.08722],[-72.35326,8.08747],[-72.35141,8.08337],[-72.35165,8.06948],[-72.34803,8.05604],[-72.34836,8.04623],[-72.34641,8.0376],[-72.34977,8.03313],[-72.35354,8.03196],[-72.3536,8.0283],[-72.35498,8.02743],[-72.34758,8.01887],[-72.34959,8.0077],[-72.34884,8.00509],[-72.35135,8.0044],[-72.362,8.01038],[-72.3653,8.0178],[-72.37698,8.02652],[-72.37795,8.02955],[-72.38339,8.03446],[-72.38992,8.03523],[-72.39446,8.03245],[-72.39811,8.0321],[-72.40374,8.03496],[-72.416,8.03335],[-72.41664,8.03017],[-72.41335,8.02811],[-72.41159,8.02183],[-72.41532,8.01911],[-72.41829,8.01399],[-72.41664,8.01113],[-72.42176,8.00848],[-72.41924,8.00252],[-72.41864,7.99561],[-72.42242,7.99333],[-72.42469,7.98991],[-72.4299,7.98956],[-72.43313,7.99208],[-72.43707,7.99122],[-72.43986,7.98531],[-72.4427,7.98369],[-72.44006,7.97871],[-72.44402,7.97618],[-72.44106,7.97465],[-72.44057,7.97267],[-72.44485,7.97371],[-72.44876,7.96994],[-72.44759,7.96513],[-72.44861,7.96364],[-72.45484,7.96621],[-72.45835,7.966],[-72.45986,7.96358],[-72.47469,7.95968],[-72.4746,7.95609],[-72.47955,7.95376],[-72.48236,7.95111],[-72.48282,7.94718],[-72.48783,7.94424],[-72.487,7.94149],[-72.48928,7.93753],[-72.48803,7.93563],[-72.48978,7.93174],[-72.48653,7.92684],[-72.48427,7.9263],[-72.48232,7.93092],[-72.47996,7.93046],[-72.47987,7.92711],[-72.47682,7.92755],[-72.47803,7.92465],[-72.47637,7.92276],[-72.47757,7.9214],[-72.47227,7.91705],[-72.46771,7.92003],[-72.46737,7.9178],[-72.46269,7.91687],[-72.4611,7.91251],[-72.45726,7.91148],[-72.4574,7.90879],[-72.4623,7.90744],[-72.4601,7.90596],[-72.46225,7.90397],[-72.45904,7.90067],[-72.45902,7.89663],[-72.458,7.89579],[-72.4556,7.897],[-72.45491,7.89572],[-72.45496,7.89398],[-72.45875,7.89114],[-72.45671,7.88946],[-72.45797,7.8847],[-72.45679,7.88058],[-72.45318,7.87982],[-72.45126,7.87424],[-72.44894,7.8732],[-72.44779,7.86953],[-72.4488,7.86585],[-72.44742,7.86387],[-72.44531,7.86362],[-72.44459,7.85984],[-72.44629,7.8572],[-72.44626,7.85334],[-72.4506,7.85143],[-72.44819,7.84807],[-72.44802,7.84461],[-72.44942,7.84422],[-72.44941,7.84138],[-72.45144,7.83951],[-72.4512,7.83545],[-72.44941,7.83317],[-72.45016,7.83071],[-72.44699,7.82704],[-72.44941,7.82591],[-72.45018,7.82047],[-72.45546,7.81163],[-72.45558,7.8077],[-72.45825,7.80301],[-72.46221,7.80138],[-72.46245,7.7995],[-72.46639,7.79866],[-72.4684,7.79538],[-72.46932,7.79084],[-72.46813,7.78804],[-72.46963,7.78458],[-72.46801,7.78181],[-72.46847,7.77439],[-72.47086,7.76692],[-72.47037,7.76291],[-72.47366,7.75853],[-72.4739,7.74896],[-72.4715,7.74659],[-72.47205,7.73804],[-72.47051,7.7326],[-72.47297,7.72149],[-72.47144,7.72002],[-72.47175,7.71039],[-72.47012,7.70679],[-72.47256,7.69946],[-72.47448,7.69775],[-72.47382,7.6942],[-72.47504,7.69231],[-72.47358,7.69018],[-72.47554,7.68083],[-72.47223,7.66986],[-72.47437,7.66696],[-72.47373,7.66096],[-72.4758,7.65637],[-72.47297,7.6518],[-72.47696,7.64649],[-72.47606,7.64478],[-72.47466,7.6453],[-72.47366,7.6404],[-72.47585,7.6364],[-72.47604,7.63162],[-72.47477,7.62712],[-72.47309,7.62679],[-72.47339,7.62486],[-72.47154,7.62332],[-72.46747,7.60902],[-72.46864,7.60754],[-72.46579,7.60186],[-72.46695,7.59957],[-72.46467,7.59632],[-72.46527,7.59244],[-72.46333,7.58984],[-72.46006,7.5889],[-72.45987,7.58612],[-72.45647,7.58217],[-72.45691,7.57985],[-72.45435,7.576],[-72.45514,7.57312],[-72.45327,7.57143],[-72.4525,7.56453],[-72.45303,7.55762],[-72.45537,7.55501],[-72.4568,7.54501],[-72.45934,7.54352],[-72.46059,7.53933],[-72.46482,7.53699],[-72.46759,7.52925],[-72.47202,7.52476],[-72.47149,7.52109],[-72.47408,7.51902],[-72.47285,7.51762],[-72.4738,7.51395],[-72.47269,7.51308],[-72.47389,7.51147],[-72.47287,7.50922],[-72.47441,7.50754],[-72.47471,7.50279],[-72.47646,7.50244],[-72.47803,7.49864],[-72.4753,7.49194],[-72.47487,7.48681],[-72.47108,7.48294],[-72.4607,7.48104],[-72.45774,7.47476],[-72.45549,7.47295],[-72.45526,7.46966],[-72.45024,7.46616],[-72.44712,7.46188],[-72.44497,7.45472],[-72.44467,7.44741],[-72.44176,7.44527],[-72.44279,7.44019],[-72.44065,7.42569],[-72.44249,7.42258],[-72.43726,7.41208],[-72.42859,7.40239],[-72.41378,7.40067],[-72.41347,7.40661],[-72.40741,7.41136],[-72.39757,7.4115],[-72.39262,7.40964],[-72.38751,7.41275],[-72.37071,7.41849],[-72.36532,7.42195],[-72.34739,7.41817],[-72.34319,7.4195],[-72.3411,7.42214],[-72.34003,7.42863],[-72.32807,7.42593],[-72.32621,7.42978],[-72.32071,7.43507],[-72.31007,7.43214],[-72.30522,7.4337],[-72.30099,7.4291],[-72.29523,7.4267],[-72.28815,7.42673],[-72.28197,7.42993],[-72.27443,7.42524],[-72.26358,7.42319],[-72.25763,7.42793],[-72.24457,7.42479],[-72.23597,7.42954],[-72.22944,7.4289],[-72.2247,7.43342],[-72.22205,7.43398],[-72.21263,7.42841],[-72.20972,7.42271],[-72.20374,7.42031],[-72.20164,7.42109],[-72.19809,7.41791],[-72.19344,7.41749],[-72.19045,7.41475],[-72.18932,7.41124],[-72.18051,7.40306],[-72.1708,7.40086],[-72.17073,7.39611],[-72.16621,7.3827],[-72.16279,7.38234],[-72.15742,7.38726],[-72.13481,7.3874],[-72.1289,7.39504],[-72.1222,7.39516],[-72.10326,7.40344],[-72.08996,7.40133],[-72.07612,7.39433],[-72.07101,7.38313],[-72.05864,7.36953],[-72.05036,7.36856],[-72.03604,7.36278],[-72.03281,7.36539],[-72.01649,7.36113],[-72.00441,7.3642],[-72.00015,7.36241],[-71.99421,7.36296],[-71.98922,7.36647],[-71.9838,7.36681],[-71.97818,7.3691],[-71.97447,7.37365],[-71.95586,7.38521],[-71.94393,7.3872],[-71.94301,7.38993],[-71.93778,7.39115],[-71.93719,7.39515],[-71.92971,7.39478],[-71.92512,7.39747],[-71.91755,7.39906],[-71.90625,7.40885],[-71.88762,7.4108],[-71.88558,7.41143],[-71.8806,7.4173],[-71.87507,7.41672],[-71.87438,7.42143],[-71.8704,7.42309],[-71.86614,7.43049],[-71.86326,7.42766],[-71.86184,7.42949],[-71.86156,7.43744],[-71.85779,7.43828],[-71.85748,7.44066],[-71.86016,7.43963],[-71.86103,7.44092],[-71.85729,7.44509],[-71.85527,7.44418],[-71.85376,7.44684],[-71.85631,7.45307],[-71.85345,7.45645],[-71.8539,7.4646],[-71.84999,7.46518],[-71.84838,7.4696],[-71.84976,7.47624],[-71.85224,7.4792],[-71.85216,7.48257],[-71.8406,7.4888]]]}},{"type":"Feature","properties":{"shapeName":"Trujillo","shapeISO":"VE-T","shapeID":"42786344B81831268549679","shapeGroup":"VEN","shapeType":"ADM1"},"geometry":{"type":"Polygon","coordinates":[[[-70.20209,9.05278],[-70.19862,9.05572],[-70.18012,9.06099],[-70.16584,9.06928],[-70.16059,9.06965],[-70.15944,9.07269],[-70.16036,9.07771],[-70.15744,9.07989],[-70.13792,9.08471],[-70.11211,9.08771],[-70.10877,9.08708],[-70.09921,9.09073],[-70.07054,9.11091],[-70.06225,9.12262],[-70.05393,9.12966],[-70.04469,9.14599],[-70.04194,9.15237],[-70.04235,9.15432],[-70.04463,9.15791],[-70.06215,9.17422],[-70.06552,9.18132],[-70.06867,9.18145],[-70.06908,9.19632],[-70.07166,9.19767],[-70.07282,9.20221],[-70.07836,9.20765],[-70.08751,9.2066],[-70.09086,9.20985],[-70.09432,9.21094],[-70.09743,9.21836],[-70.09333,9.22512],[-70.08247,9.23297],[-70.0808,9.23878],[-70.07577,9.24376],[-70.07065,9.24504],[-70.06696,9.24918],[-70.06764,9.25109],[-70.06227,9.26306],[-70.0633,9.27662],[-70.06761,9.28287],[-70.07212,9.28462],[-70.07761,9.28506],[-70.08078,9.28142],[-70.09164,9.28111],[-70.11459,9.2966],[-70.11332,9.30197],[-70.10398,9.3118],[-70.10424,9.316],[-70.09934,9.32437],[-70.09172,9.33235],[-70.09059,9.33737],[-70.08533,9.33536],[-70.07978,9.33856],[-70.07533,9.34226],[-70.07124,9.35118],[-70.05842,9.36017],[-70.05167,9.36164],[-70.04034,9.37604],[-70.03603,9.37786],[-70.03882,9.3986],[-70.03814,9.40825],[-70.03492,9.41508],[-70.044,9.42427],[-70.04254,9.42787],[-70.04397,9.4295],[-70.04962,9.42831],[-70.06183,9.43083],[-70.07421,9.42743],[-70.07718,9.42808],[-70.08017,9.43191],[-70.08456,9.43438],[-70.0856,9.43952],[-70.07935,9.45421],[-70.082,9.45887],[-70.08263,9.46395],[-70.07733,9.47901],[-70.07866,9.48815],[-70.08523,9.49799],[-70.09695,9.49854],[-70.10082,9.50107],[-70.10346,9.50507],[-70.10419,9.51623],[-70.10995,9.52097],[-70.10998,9.52366],[-70.11351,9.52812],[-70.1115,9.53245],[-70.112,9.544],[-70.1163,9.5555],[-70.12265,9.55819],[-70.12336,9.55987],[-70.11922,9.57246],[-70.11788,9.58193],[-70.12654,9.59947],[-70.12695,9.61132],[-70.11665,9.62522],[-70.11232,9.62706],[-70.10717,9.63352],[-70.09885,9.65213],[-70.09707,9.66392],[-70.08567,9.67654],[-70.07058,9.67753],[-70.06518,9.67662],[-70.06246,9.67479],[-70.05931,9.6679],[-70.05249,9.67257],[-70.04301,9.67329],[-70.04048,9.67166],[-70.03678,9.67198],[-70.02957,9.66781],[-70.01836,9.67362],[-70.01199,9.67384],[-69.99824,9.67766],[-69.99592,9.67679],[-69.99606,9.67906],[-70.00123,9.68199],[-70.00524,9.69104],[-70.00496,9.69452],[-70.02198,9.7063],[-70.02399,9.70879],[-70.0258,9.71671],[-70.03073,9.72157],[-70.0414,9.7185],[-70.05655,9.71891],[-70.06095,9.72308],[-70.06437,9.72942],[-70.07017,9.73163],[-70.07946,9.75175],[-70.07749,9.75839],[-70.07824,9.75995],[-70.08859,9.7616],[-70.09215,9.76577],[-70.0991,9.77032],[-70.10436,9.77138],[-70.11303,9.76813],[-70.11501,9.7661],[-70.11869,9.76605],[-70.12042,9.7641],[-70.12591,9.76302],[-70.12729,9.76143],[-70.14305,9.76266],[-70.14617,9.77165],[-70.15868,9.77779],[-70.16421,9.78883],[-70.1717,9.78998],[-70.18608,9.79887],[-70.18858,9.80365],[-70.18687,9.81014],[-70.1875,9.81281],[-70.19204,9.82412],[-70.20031,9.83103],[-70.20326,9.83071],[-70.20594,9.83259],[-70.21075,9.84104],[-70.21574,9.84264],[-70.21799,9.84091],[-70.21646,9.83583],[-70.21523,9.83585],[-70.21841,9.83238],[-70.21539,9.82916],[-70.22353,9.82248],[-70.22522,9.82415],[-70.2291,9.82462],[-70.23265,9.82216],[-70.23224,9.81608],[-70.22452,9.80985],[-70.22443,9.8033],[-70.22734,9.80002],[-70.23001,9.78922],[-70.23617,9.77715],[-70.23715,9.76517],[-70.24202,9.7604],[-70.28057,9.8231],[-70.32843,9.82275],[-70.32601,9.82828],[-70.32286,9.84425],[-70.32469,9.85184],[-70.33621,9.86277],[-70.35523,9.89347],[-70.36186,9.89942],[-70.36208,9.90196],[-70.36532,9.90368],[-70.3698,9.90472],[-70.39508,9.89983],[-70.4169,9.90455],[-70.41723,9.90116],[-70.42085,9.89881],[-70.4248,9.8895],[-70.43405,9.88045],[-70.43987,9.87634],[-70.4539,9.87855],[-70.45959,9.86872],[-70.46953,9.86574],[-70.48024,9.87007],[-70.4865,9.87444],[-70.48363,9.88425],[-70.48691,9.88562],[-70.48888,9.89004],[-70.49248,9.88871],[-70.49566,9.8903],[-70.49896,9.88733],[-70.50032,9.88329],[-70.50621,9.88098],[-70.50999,9.88447],[-70.51721,9.88653],[-70.51979,9.89214],[-70.53194,9.90179],[-70.53971,9.91178],[-70.54329,9.9225],[-70.53953,9.93327],[-70.5441,9.94568],[-70.54978,9.94847],[-70.55135,9.95193],[-70.55632,9.95575],[-70.56544,9.95561],[-70.57135,9.95307],[-70.58487,9.95202],[-70.58747,9.95377],[-70.59061,9.95879],[-70.58914,9.96308],[-70.59041,9.97102],[-70.5938,9.97868],[-70.59529,9.98687],[-70.59878,9.99474],[-70.60645,9.99746],[-70.61166,10.00894],[-70.61174,10.01849],[-70.62411,10.02844],[-70.62443,10.03085],[-70.62931,10.03151],[-70.63413,10.03771],[-70.64013,10.03917],[-70.64568,10.0361],[-70.64865,10.02793],[-70.6655,10.01682],[-70.68242,9.99699],[-70.68387,9.9875],[-70.68093,9.98041],[-70.67997,9.97181],[-70.68367,9.96755],[-70.6828,9.95867],[-70.69308,9.9494],[-70.69494,9.94468],[-70.69337,9.94007],[-70.69505,9.93342],[-70.69425,9.92521],[-70.69555,9.92283],[-70.69019,9.9086],[-70.69047,9.8951],[-70.69375,9.88932],[-70.69992,9.88355],[-70.70221,9.8836],[-70.68849,9.87124],[-70.68284,9.86356],[-70.68134,9.85552],[-70.67289,9.84429],[-70.67167,9.83179],[-70.66763,9.82212],[-70.67054,9.81167],[-70.67386,9.80825],[-70.68288,9.8041],[-70.68714,9.79612],[-70.68921,9.7742],[-70.69162,9.77161],[-70.69428,9.76044],[-70.71108,9.75476],[-70.71772,9.75014],[-70.72761,9.75607],[-70.72983,9.75499],[-70.73056,9.75669],[-70.73395,9.75742],[-70.73357,9.75906],[-70.73525,9.76042],[-70.73713,9.76085],[-70.7432,9.75786],[-70.74666,9.74547],[-70.74687,9.73154],[-70.75169,9.72317],[-70.75611,9.72008],[-70.75751,9.71299],[-70.75974,9.71093],[-70.76402,9.70145],[-70.762,9.69524],[-70.75866,9.69499],[-70.76706,9.6881],[-70.77004,9.68789],[-70.77499,9.68427],[-70.78575,9.69065],[-70.7896,9.68961],[-70.84331,9.58542],[-70.85341,9.58745],[-70.85983,9.59171],[-70.86811,9.58855],[-70.8854,9.58736],[-70.89673,9.59253],[-70.89857,9.58883],[-70.90288,9.58759],[-70.9066,9.58357],[-70.90447,9.58121],[-70.90606,9.57916],[-70.90847,9.58041],[-70.90921,9.58262],[-70.90674,9.58926],[-70.9102,9.59002],[-70.91085,9.59363],[-70.91583,9.59862],[-70.92246,9.58839],[-70.92508,9.58786],[-70.92887,9.59403],[-70.93422,9.59525],[-70.9349,9.59252],[-70.93872,9.5927],[-70.94107,9.59006],[-70.94772,9.59119],[-70.95404,9.5904],[-70.96992,9.59464],[-70.98247,9.59458],[-70.98965,9.59757],[-70.9971,9.59611],[-71.0017,9.60003],[-71.00855,9.59955],[-71.0114,9.60096],[-71.01226,9.60001],[-71.0284,9.60464],[-71.03559,9.60333],[-71.04182,9.60412],[-71.05684,9.61135],[-71.06062,9.61681],[-71.06341,9.61249],[-71.06176,9.60187],[-71.06387,9.58724],[-71.06603,9.58414],[-71.06968,9.57174],[-71.07376,9.56443],[-71.08084,9.55816],[-71.08411,9.54507],[-71.08785,9.54187],[-71.08815,9.5254],[-71.08158,9.51013],[-71.07878,9.49784],[-71.07894,9.49606],[-71.08467,9.49209],[-71.09196,9.48198],[-71.09132,9.48087],[-71.08229,9.48558],[-71.07945,9.48962],[-71.07618,9.48899],[-71.07308,9.48575],[-71.07113,9.47733],[-71.07202,9.47172],[-71.06969,9.45492],[-71.07258,9.44799],[-71.07203,9.43452],[-71.07594,9.40785],[-71.07401,9.3982],[-71.07386,9.38446],[-71.07026,9.36529],[-71.06866,9.36635],[-71.06434,9.36555],[-71.06087,9.36079],[-71.0566,9.36247],[-71.05333,9.35478],[-71.05099,9.35887],[-71.04743,9.36001],[-71.04317,9.35287],[-71.04097,9.35296],[-71.03707,9.34951],[-71.02679,9.34862],[-71.02465,9.34547],[-71.02154,9.34502],[-71.01564,9.33808],[-71.01336,9.339],[-71.00904,9.33583],[-71.00555,9.33603],[-71.00315,9.33445],[-70.99099,9.33698],[-70.98511,9.33403],[-70.97965,9.32466],[-70.97242,9.32082],[-70.96849,9.31577],[-70.96156,9.31253],[-70.95371,9.30511],[-70.94792,9.28993],[-70.9419,9.28757],[-70.93842,9.28297],[-70.93466,9.2815],[-70.927,9.28139],[-70.92277,9.27813],[-70.91526,9.27668],[-70.90634,9.26643],[-70.90152,9.26422],[-70.89887,9.24439],[-70.89232,9.22802],[-70.90684,9.21884],[-70.90772,9.216],[-70.90227,9.20708],[-70.89911,9.20516],[-70.89822,9.19363],[-70.89645,9.18162],[-70.89776,9.1785],[-70.89056,9.16509],[-70.89287,9.1623],[-70.89046,9.15447],[-70.88009,9.15063],[-70.868,9.15152],[-70.86712,9.14869],[-70.86863,9.14571],[-70.86675,9.14323],[-70.86724,9.13892],[-70.8642,9.13548],[-70.84743,9.09285],[-70.84458,9.08907],[-70.82965,9.08784],[-70.81856,9.07991],[-70.80743,9.07423],[-70.80402,9.07564],[-70.80081,9.08001],[-70.78909,9.07227],[-70.78405,9.07866],[-70.78314,9.07779],[-70.78458,9.07467],[-70.77877,9.05892],[-70.77504,9.05445],[-70.76889,9.05343],[-70.76335,9.04899],[-70.75155,9.05256],[-70.749,9.05742],[-70.74356,9.05735],[-70.73921,9.05475],[-70.73365,9.05649],[-70.7302,9.05609],[-70.7228,9.03266],[-70.71917,9.02682],[-70.71114,9.02151],[-70.70584,9.01426],[-70.71127,9.00763],[-70.70457,8.9975],[-70.68921,8.99671],[-70.68718,8.99531],[-70.67933,8.98253],[-70.67503,8.97941],[-70.6732,8.97426],[-70.66508,8.97868],[-70.66339,8.98178],[-70.65192,8.98632],[-70.64992,8.9892],[-70.64296,8.99112],[-70.64088,8.99309],[-70.64084,8.9982],[-70.63219,8.99837],[-70.62808,9.00449],[-70.62227,9.0062],[-70.61866,9.01287],[-70.60162,9.0161],[-70.59159,9.02419],[-70.58201,9.02742],[-70.57959,9.01607],[-70.57699,9.01103],[-70.56711,9.01194],[-70.55503,9.00833],[-70.5462,9.00336],[-70.54383,9.00029],[-70.54675,8.99164],[-70.54843,8.97623],[-70.55373,8.9713],[-70.55511,8.9672],[-70.55233,8.9521],[-70.52387,8.97111],[-70.51191,8.98461],[-70.50482,8.9972],[-70.49994,8.99932],[-70.48889,9.00846],[-70.47863,9.01257],[-70.4748,9.01114],[-70.46344,9.01136],[-70.44384,9.02158],[-70.4203,9.02515],[-70.41742,9.02994],[-70.39898,9.04151],[-70.39902,9.04965],[-70.38718,9.05156],[-70.38508,9.05628],[-70.38118,9.05831],[-70.37154,9.05888],[-70.36443,9.05707],[-70.36065,9.05461],[-70.34596,9.05938],[-70.34063,9.05812],[-70.33345,9.05221],[-70.32577,9.05178],[-70.31724,9.04727],[-70.31094,9.047],[-70.30441,9.04479],[-70.29886,9.04184],[-70.296,9.03551],[-70.28305,9.03314],[-70.27562,9.03027],[-70.26628,9.03561],[-70.26155,9.03592],[-70.2558,9.03877],[-70.24813,9.0508],[-70.2422,9.05285],[-70.24176,9.05559],[-70.2338,9.06154],[-70.22694,9.05927],[-70.22248,9.05527],[-70.21484,9.05299],[-70.20888,9.05681],[-70.20251,9.0543],[-70.20209,9.05278]]]}},{"type":"Feature","properties":{"shapeName":"Yaracuy","shapeISO":"VE-U","shapeID":"42786344B9474541360511","shapeGroup":"VEN","shapeType":"ADM1"},"geometry":{"type":"Polygon","coordinates":[[[-68.24872,10.57863],[-68.52937,10.59656],[-68.52952,10.59991],[-68.53165,10.60048],[-68.53787,10.59757],[-68.5455,10.59818],[-68.54828,10.59624],[-68.5519,10.60048],[-68.55998,10.60326],[-68.5588,10.60464],[-68.56235,10.60355],[-68.5649,10.60515],[-68.56703,10.60118],[-68.57217,10.59885],[-68.5723,10.60181],[-68.57383,10.60254],[-68.57568,10.60036],[-68.57879,10.6023],[-68.58232,10.60217],[-68.58171,10.59899],[-68.58282,10.59791],[-68.58419,10.60095],[-68.58797,10.6006],[-68.58851,10.60461],[-68.58984,10.60374],[-68.59508,10.60609],[-68.59598,10.60336],[-68.59628,10.60423],[-68.60087,10.60096],[-68.60094,10.60254],[-68.60617,10.60368],[-68.60803,10.60672],[-68.61214,10.6085],[-68.6113,10.60548],[-68.61482,10.60641],[-68.61564,10.60886],[-68.61784,10.60578],[-68.62018,10.60601],[-68.62231,10.6146],[-68.62676,10.6126],[-68.62865,10.615],[-68.62873,10.61184],[-68.6518,10.61868],[-68.61815,10.77406],[-68.62737,10.76958],[-68.64021,10.75767],[-68.6556,10.73336],[-68.67013,10.72309],[-68.67322,10.72452],[-68.67668,10.73022],[-68.67936,10.73099],[-68.68829,10.73059],[-68.69339,10.72417],[-68.69892,10.72879],[-68.71068,10.7275],[-68.71407,10.72915],[-68.72568,10.72561],[-68.73208,10.72568],[-68.74292,10.72086],[-68.75442,10.72282],[-68.76637,10.72725],[-68.77244,10.72656],[-68.7789,10.72785],[-68.77996,10.72552],[-68.77807,10.72196],[-68.77302,10.71853],[-68.78077,10.7124],[-68.78332,10.70597],[-68.79259,10.70301],[-68.79356,10.70127],[-68.79208,10.6954],[-68.79385,10.6922],[-68.79876,10.69225],[-68.80437,10.69452],[-68.8098,10.69329],[-68.81091,10.68943],[-68.81885,10.68249],[-68.82867,10.66811],[-68.84348,10.6504],[-68.87486,10.6496],[-68.8784,10.64131],[-68.87934,10.63374],[-68.87721,10.61443],[-68.8824,10.60901],[-68.88223,10.60047],[-68.8862,10.59409],[-68.89293,10.59056],[-68.8951,10.58164],[-68.90522,10.57185],[-68.90858,10.56182],[-68.91282,10.55791],[-68.9191,10.55585],[-68.92436,10.55039],[-68.93511,10.54612],[-68.94128,10.54054],[-68.94541,10.53885],[-68.95578,10.54077],[-68.956,10.54594],[-68.96206,10.55127],[-68.98992,10.55466],[-68.99386,10.55268],[-69.00016,10.54288],[-69.00817,10.5371],[-69.01119,10.53101],[-69.01583,10.52862],[-69.02824,10.52815],[-69.03246,10.52494],[-69.04929,10.52013],[-69.05538,10.51242],[-69.05637,10.50822],[-69.0552,10.50725],[-69.0476,10.50933],[-69.04646,10.50705],[-69.05007,10.49528],[-69.05108,10.48628],[-69.05004,10.48159],[-69.05296,10.47873],[-69.05893,10.47649],[-69.06497,10.46961],[-69.06916,10.46164],[-69.06868,10.45895],[-69.06685,10.45906],[-69.0652,10.44565],[-69.06679,10.4366],[-69.07802,10.42069],[-69.07888,10.41164],[-69.07459,10.4033],[-69.06874,10.40147],[-69.06137,10.40362],[-69.05514,10.40216],[-69.05035,10.40323],[-69.04836,10.41445],[-69.04169,10.41951],[-69.03655,10.41877],[-69.03261,10.41151],[-69.0293,10.38542],[-69.02712,10.30283],[-69.01621,10.29555],[-69.00756,10.28358],[-69.00988,10.27453],[-69.01008,10.26004],[-69.01573,10.24991],[-69.01513,10.24013],[-69.01809,10.23869],[-69.03536,10.23729],[-69.04506,10.22645],[-69.04854,10.22853],[-69.04786,10.23023],[-69.04985,10.23188],[-69.05867,10.23467],[-69.07043,10.22622],[-69.07434,10.21994],[-69.0801,10.22045],[-69.08234,10.22284],[-69.07872,10.22718],[-69.07599,10.23393],[-69.07817,10.23469],[-69.08177,10.23266],[-69.08951,10.23538],[-69.09092,10.23436],[-69.0995,10.20651],[-69.1056,10.1993],[-69.11188,10.19592],[-69.11539,10.18904],[-69.11402,10.18483],[-69.12045,10.17073],[-69.11833,10.16339],[-69.12295,10.15485],[-69.1205,10.13981],[-69.12153,10.13678],[-69.19684,10.13086],[-69.20829,10.08764],[-69.2034,10.06978],[-69.19267,10.0401],[-69.18726,10.03634],[-69.18457,10.03625],[-69.16165,10.04134],[-69.15942,10.03716],[-69.16073,10.03288],[-69.15773,10.02754],[-69.15246,10.02247],[-69.15129,10.01203],[-69.15388,10.00284],[-69.14995,9.99521],[-69.15136,9.98551],[-69.15065,9.97987],[-69.15459,9.96105],[-69.15424,9.95663],[-69.15706,9.95262],[-69.1595,9.94304],[-69.15774,9.93935],[-69.14922,9.93067],[-69.1455,9.91952],[-69.14447,9.91089],[-69.12869,9.89768],[-69.12876,9.88539],[-69.12464,9.87996],[-69.08861,9.86974],[-69.08588,9.95771],[-68.96362,10.01728],[-68.96438,10.00414],[-68.96143,9.99896],[-68.96234,9.99577],[-68.95986,9.99126],[-68.96182,9.98485],[-68.95999,9.981],[-68.96103,9.9784],[-68.95928,9.9735],[-68.96167,9.97047],[-68.95607,9.96216],[-68.95826,9.95211],[-68.95652,9.94886],[-68.96053,9.94843],[-68.96086,9.94723],[-68.95378,9.93766],[-68.95418,9.93264],[-68.96019,9.92514],[-68.96026,9.92243],[-68.95621,9.9175],[-68.95654,9.9132],[-68.9466,9.90814],[-68.94978,9.90351],[-68.94875,9.89571],[-68.95309,9.8915],[-68.9561,9.89176],[-68.9558,9.88732],[-68.96044,9.88359],[-68.96316,9.87572],[-68.96785,9.86878],[-68.97045,9.86756],[-68.9695,9.86507],[-68.9733,9.86114],[-68.97215,9.85585],[-68.97004,9.85378],[-68.97096,9.84426],[-68.97416,9.84264],[-68.96855,9.84159],[-68.96013,9.84538],[-68.95556,9.84941],[-68.94774,9.85165],[-68.94282,9.84867],[-68.9397,9.84236],[-68.93706,9.84104],[-68.9278,9.8478],[-68.91938,9.84968],[-68.9159,9.84908],[-68.90594,9.84108],[-68.89848,9.84202],[-68.89272,9.84034],[-68.88658,9.84246],[-68.87733,9.8422],[-68.87348,9.84159],[-68.86184,9.83467],[-68.85872,9.83442],[-68.85415,9.83524],[-68.82744,9.84694],[-68.82372,9.84717],[-68.81675,9.84477],[-68.8134,9.84574],[-68.80643,9.84275],[-68.80234,9.84357],[-68.78752,9.86135],[-68.77537,9.86773],[-68.76575,9.8702],[-68.75541,9.86886],[-68.74122,9.87155],[-68.72823,9.87615],[-68.72221,9.881],[-68.71412,9.89428],[-68.71472,9.89678],[-68.72216,9.90049],[-68.72359,9.90429],[-68.72272,9.91617],[-68.72151,9.92187],[-68.71776,9.92899],[-68.71581,9.94122],[-68.70991,9.9462],[-68.69511,9.94888],[-68.68295,9.9555],[-68.66561,9.96851],[-68.66162,9.97634],[-68.65273,9.97394],[-68.64409,9.96583],[-68.63689,9.9626],[-68.63111,9.96626],[-68.61812,9.96895],[-68.61259,9.96679],[-68.60939,9.9524],[-68.61097,9.94457],[-68.60475,9.93242],[-68.60199,9.9317],[-68.58792,9.9345],[-68.57325,9.93469],[-68.56028,9.93061],[-68.55462,9.93213],[-68.54718,9.93032],[-68.54224,9.93399],[-68.53526,9.93494],[-68.5337,9.93707],[-68.53099,9.93456],[-68.52879,9.93481],[-68.527,9.92802],[-68.53029,9.91848],[-68.53338,9.91418],[-68.53716,9.91276],[-68.53613,9.90703],[-68.53953,9.90204],[-68.53857,9.89344],[-68.54141,9.88951],[-68.53893,9.88785],[-68.53311,9.89104],[-68.5295,9.89096],[-68.52935,9.89285],[-68.53088,9.89395],[-68.52592,9.8968],[-68.52222,9.89277],[-68.52114,9.88736],[-68.51426,9.88864],[-68.49615,9.89842],[-68.49007,9.90539],[-68.48656,9.90607],[-68.48696,9.90959],[-68.48579,9.91093],[-68.48329,9.9094],[-68.4829,9.91272],[-68.4806,9.91425],[-68.47058,9.91587],[-68.45432,9.92637],[-68.45217,9.92579],[-68.44403,9.92919],[-68.44001,9.93373],[-68.42844,9.93969],[-68.4192,9.95178],[-68.4166,9.95332],[-68.41352,9.95185],[-68.41164,9.95252],[-68.40604,9.95805],[-68.40455,9.96021],[-68.40627,9.96137],[-68.40505,9.96736],[-68.39977,9.9653],[-68.39438,9.96582],[-68.39077,9.97086],[-68.38317,9.97548],[-68.38068,9.9809],[-68.37734,9.98169],[-68.37477,9.98523],[-68.37012,9.988],[-68.3703,9.98988],[-68.3824,10.00285],[-68.38591,10.01009],[-68.38545,10.01452],[-68.38787,10.01509],[-68.38887,10.01817],[-68.3886,10.02089],[-68.38705,10.02134],[-68.38712,10.02628],[-68.38508,10.02883],[-68.38587,10.0321],[-68.3828,10.03637],[-68.38211,10.04177],[-68.3782,10.04371],[-68.3785,10.04917],[-68.38089,10.04926],[-68.3832,10.05526],[-68.3837,10.05355],[-68.38576,10.05445],[-68.38956,10.05732],[-68.39121,10.06055],[-68.39985,10.06014],[-68.39985,10.06263],[-68.40294,10.06468],[-68.40131,10.06697],[-68.40353,10.07002],[-68.40196,10.07518],[-68.40583,10.07662],[-68.40708,10.08469],[-68.40466,10.08872],[-68.40071,10.09126],[-68.402,10.09293],[-68.39863,10.10222],[-68.39891,10.10919],[-68.39718,10.11334],[-68.39866,10.11623],[-68.39713,10.12127],[-68.40009,10.12728],[-68.41213,10.13865],[-68.41193,10.14495],[-68.41341,10.14908],[-68.42476,10.16221],[-68.42778,10.17663],[-68.42186,10.18621],[-68.41965,10.18536],[-68.41321,10.19551],[-68.41338,10.20183],[-68.411,10.20825],[-68.41198,10.21299],[-68.4111,10.21641],[-68.40282,10.2207],[-68.39094,10.22134],[-68.38373,10.22539],[-68.37929,10.22506],[-68.37549,10.23226],[-68.37137,10.23454],[-68.36793,10.24277],[-68.36467,10.24613],[-68.36228,10.25565],[-68.35496,10.26429],[-68.3587,10.2661],[-68.36274,10.2753],[-68.36929,10.2806],[-68.37292,10.29669],[-68.37314,10.30666],[-68.3799,10.3117],[-68.38691,10.3236],[-68.38776,10.32779],[-68.39245,10.33309],[-68.39063,10.33351],[-68.38878,10.33851],[-68.38942,10.34014],[-68.3935,10.34063],[-68.39346,10.34526],[-68.39065,10.34752],[-68.39858,10.36314],[-68.4002,10.3863],[-68.39602,10.40226],[-68.40002,10.4095],[-68.40134,10.41666],[-68.39922,10.4312],[-68.40139,10.43979],[-68.39753,10.44372],[-68.39797,10.44817],[-68.39558,10.45425],[-68.40213,10.46152],[-68.40412,10.46862],[-68.40178,10.47443],[-68.4003,10.47413],[-68.39323,10.47879],[-68.39007,10.48309],[-68.39239,10.48528],[-68.40057,10.48763],[-68.40178,10.48995],[-68.39918,10.49163],[-68.39814,10.4947],[-68.39532,10.49474],[-68.38959,10.49825],[-68.38657,10.50495],[-68.38755,10.506],[-68.38679,10.5163],[-68.38256,10.51918],[-68.38391,10.52119],[-68.38276,10.52223],[-68.38377,10.52672],[-68.38286,10.52908],[-68.37929,10.53038],[-68.37408,10.53815],[-68.36496,10.54373],[-68.35862,10.55001],[-68.35244,10.55104],[-68.34464,10.54892],[-68.33564,10.54996],[-68.32624,10.54596],[-68.31639,10.53774],[-68.3084,10.53846],[-68.30747,10.53691],[-68.30583,10.53714],[-68.3041,10.53772],[-68.29977,10.54523],[-68.29517,10.5477],[-68.29394,10.5466],[-68.29067,10.54971],[-68.28545,10.54884],[-68.28269,10.55203],[-68.27472,10.5555],[-68.27203,10.55899],[-68.26535,10.56211],[-68.26276,10.56783],[-68.25918,10.56782],[-68.25707,10.57083],[-68.25881,10.57121],[-68.25609,10.5736],[-68.25852,10.57502],[-68.25773,10.57756],[-68.24872,10.57863]]]}},{"type":"Feature","properties":{"shapeName":"Zulia","shapeISO":"VE-V","shapeID":"42786344B42509353156725","shapeGroup":"VEN","shapeType":"ADM1"},"geometry":{"type":"MultiPolygon","coordinates":[[[[-70.89822,9.19363],[-70.89911,9.20516],[-70.90227,9.20708],[-70.90772,9.216],[-70.90684,9.21884],[-70.89232,9.22802],[-70.89887,9.24439],[-70.90152,9.26422],[-70.90634,9.26643],[-70.91526,9.27668],[-70.92277,9.27813],[-70.927,9.28139],[-70.93466,9.2815],[-70.93842,9.28297],[-70.9419,9.28757],[-70.94792,9.28993],[-70.95371,9.30511],[-70.96156,9.31253],[-70.96849,9.31577],[-70.97242,9.32082],[-70.97965,9.32466],[-70.98511,9.33403],[-70.99099,9.33698],[-71.00315,9.33445],[-71.00555,9.33603],[-71.00904,9.33583],[-71.01336,9.339],[-71.01564,9.33808],[-71.02154,9.34502],[-71.02465,9.34547],[-71.02679,9.34862],[-71.03707,9.34951],[-71.04097,9.35296],[-71.04317,9.35287],[-71.04743,9.36001],[-71.05099,9.35887],[-71.05333,9.35478],[-71.05135,9.34058],[-71.05354,9.33015],[-71.05847,9.31939],[-71.06442,9.31111],[-71.0883,9.30003],[-71.09441,9.29359],[-71.1047,9.28657],[-71.12172,9.28097],[-71.1329,9.27354],[-71.13578,9.273],[-71.16029,9.25211],[-71.17659,9.24308],[-71.18636,9.23494],[-71.21041,9.2031],[-71.21527,9.19891],[-71.21782,9.20206],[-71.21741,9.19957],[-71.21964,9.19788],[-71.2169,9.1956],[-71.21357,9.19558],[-71.2086,9.1897],[-71.20285,9.19117],[-71.20161,9.18911],[-71.19675,9.18677],[-71.19653,9.1848],[-71.19402,9.18618],[-71.19193,9.18435],[-71.18978,9.18458],[-71.18998,9.18289],[-71.18605,9.18383],[-71.18709,9.18201],[-71.18561,9.17977],[-71.18198,9.18091],[-71.18253,9.17839],[-71.17901,9.17906],[-71.17709,9.17438],[-71.17245,9.17352],[-71.17029,9.16783],[-71.1708,9.16321],[-71.16859,9.16424],[-71.16842,9.16169],[-71.16482,9.16302],[-71.16043,9.161],[-71.16175,9.15694],[-71.15922,9.15982],[-71.15796,9.15569],[-71.15538,9.15314],[-71.15349,9.15572],[-71.14784,9.15004],[-71.14601,9.15161],[-71.1437,9.14956],[-71.13858,9.15182],[-71.13851,9.1535],[-71.13661,9.15116],[-71.13501,9.15337],[-71.13272,9.15107],[-71.12665,9.15492],[-71.12127,9.15206],[-71.11827,9.1532],[-71.11208,9.15301],[-71.1106,9.15151],[-71.10743,9.15255],[-71.09486,9.15175],[-71.09169,9.14885],[-71.08938,9.14919],[-71.08835,9.14634],[-71.08331,9.14195],[-71.07938,9.13422],[-71.07936,9.12483],[-71.07567,9.11812],[-71.06707,9.11075],[-71.05691,9.10639],[-71.04829,9.10458],[-71.04226,9.10176],[-71.03899,9.09852],[-71.03736,9.09886],[-71.03423,9.09548],[-71.03139,9.08727],[-71.02956,9.08627],[-70.89822,9.19363]]],[[[-71.58961,10.69273],[-71.59097,10.69271],[-71.58973,10.69029],[-71.5909,10.69067],[-71.58928,10.68999],[-71.58961,10.69273]]],[[[-71.6234,10.73477],[-71.62546,10.73635],[-71.62543,10.73458],[-71.62062,10.73171],[-71.6234,10.73477]]],[[[-71.62296,10.737],[-71.62395,10.73784],[-71.62377,10.73604],[-71.62052,10.73364],[-71.62296,10.737]]],[[[-71.61966,10.73685],[-71.62272,10.73875],[-71.62064,10.73615],[-71.61641,10.73607],[-71.61966,10.73685]]],[[[-71.63115,10.85912],[-71.63433,10.85629],[-71.62889,10.85552],[-71.62873,10.85778],[-71.63115,10.85912]]],[[[-71.6289,10.8677],[-71.63038,10.86782],[-71.63262,10.8632],[-71.62876,10.86248],[-71.62743,10.86387],[-71.6289,10.8677]]],[[[-71.62683,10.87099],[-71.62628,10.87568],[-71.62792,10.87818],[-71.62965,10.87411],[-71.62847,10.87145],[-71.62683,10.87099]]],[[[-71.62239,10.88213],[-71.62322,10.88534],[-71.62779,10.88278],[-71.62648,10.88015],[-71.62372,10.88023],[-71.62239,10.88213]]],[[[-71.62223,10.88941],[-71.62204,10.89236],[-71.62432,10.89374],[-71.62598,10.89104],[-71.62353,10.88843],[-71.62223,10.88941]]],[[[-71.61981,10.89939],[-71.61916,10.90101],[-71.62031,10.90209],[-71.62249,10.90168],[-71.62181,10.89751],[-71.61981,10.89939]]],[[[-71.49882,10.93599],[-71.49823,10.94104],[-71.50446,10.94407],[-71.51361,10.94473],[-71.51559,10.9416],[-71.51569,10.93986],[-71.50947,10.93481],[-71.50043,10.93363],[-71.49882,10.93599]]],[[[-71.59848,10.91335],[-71.59427,10.9184],[-71.59298,10.93182],[-71.59068,10.93891],[-71.58838,10.94108],[-71.588,10.94362],[-71.59241,10.9475],[-71.59562,10.94583],[-71.59821,10.94002],[-71.60432,10.93546],[-71.5995,10.92638],[-71.60107,10.92034],[-71.60088,10.90974],[-71.59848,10.91335]]],[[[-71.64765,10.96126],[-71.66638,10.96452],[-71.67019,10.96038],[-71.67427,10.95938],[-71.68221,10.96082],[-71.67895,10.95924],[-71.67471,10.95371],[-71.65871,10.95033],[-71.65167,10.95034],[-71.6496,10.95208],[-71.64072,10.95373],[-71.63318,10.95159],[-71.63039,10.95245],[-71.62889,10.95537],[-71.62603,10.95423],[-71.6257,10.9567],[-71.62945,10.95657],[-71.64223,10.96037],[-71.64506,10.9591],[-71.64765,10.96126]]],[[[-71.31501,10.96345],[-71.3172,10.96122],[-71.33747,10.96115],[-71.35245,10.96279],[-71.36689,10.9676],[-71.4036,10.97044],[-71.40882,10.9691],[-71.42329,10.9688],[-71.46442,10.96136],[-71.46699,10.95888],[-71.4636,10.96047],[-71.46361,10.95937],[-71.47037,10.95594],[-71.47124,10.95421],[-71.49308,10.95271],[-71.50125,10.95034],[-71.50299,10.94791],[-71.49888,10.94925],[-71.49783,10.94664],[-71.48467,10.95119],[-71.48232,10.95113],[-71.48886,10.94934],[-71.48956,10.94707],[-71.48105,10.9498],[-71.47881,10.9486],[-71.47215,10.93551],[-71.4673,10.93343],[-71.47054,10.93318],[-71.46987,10.93097],[-71.45952,10.9217],[-71.4557,10.92454],[-71.45689,10.91974],[-71.45291,10.91507],[-71.44345,10.9093],[-71.44154,10.90871],[-71.43852,10.91026],[-71.43991,10.90682],[-71.4362,10.90196],[-71.4261,10.90102],[-71.40769,10.9146],[-71.41004,10.90815],[-71.41674,10.90265],[-71.417,10.89199],[-71.42346,10.88561],[-71.42953,10.88303],[-71.43688,10.88378],[-71.44,10.8811],[-71.44481,10.88023],[-71.44662,10.87734],[-71.44716,10.86875],[-71.44442,10.85556],[-71.43259,10.82208],[-71.43139,10.80682],[-71.4322,10.79596],[-71.43939,10.79252],[-71.45335,10.79134],[-71.48318,10.79769],[-71.48774,10.79647],[-71.50193,10.7995],[-71.50709,10.79843],[-71.51357,10.7995],[-71.52247,10.79765],[-71.52529,10.7985],[-71.53218,10.79646],[-71.5388,10.79767],[-71.54434,10.79603],[-71.5476,10.79709],[-71.55302,10.79525],[-71.56006,10.79655],[-71.57271,10.79278],[-71.5797,10.79401],[-71.58671,10.79833],[-71.58713,10.79629],[-71.59217,10.79264],[-71.59083,10.78925],[-71.59305,10.78708],[-71.57549,10.78159],[-71.5661,10.77706],[-71.56246,10.77258],[-71.56344,10.76258],[-71.5533,10.76288],[-71.55403,10.75954],[-71.55304,10.7591],[-71.54983,10.76214],[-71.53866,10.75893],[-71.53593,10.75407],[-71.53652,10.74772],[-71.53514,10.73934],[-71.52475,10.72585],[-71.52473,10.71814],[-71.53099,10.70569],[-71.52334,10.69938],[-71.52229,10.69501],[-71.52368,10.6897],[-71.53036,10.68212],[-71.53056,10.6749],[-71.53384,10.6699],[-71.52191,10.65662],[-71.52244,10.65082],[-71.52757,10.64139],[-71.5323,10.63607],[-71.53177,10.63356],[-71.51448,10.62694],[-71.50655,10.62172],[-71.49894,10.61561],[-71.49568,10.60764],[-71.4975,10.60254],[-71.51111,10.60062],[-71.53184,10.58899],[-71.5309,10.58501],[-71.53357,10.57861],[-71.53231,10.55995],[-71.53794,10.55222],[-71.54194,10.55005],[-71.53877,10.54698],[-71.5309,10.54497],[-71.52494,10.54109],[-71.51997,10.53169],[-71.50991,10.51861],[-71.50525,10.51496],[-71.4727,10.5005],[-71.46232,10.49144],[-71.45846,10.48393],[-71.45778,10.47426],[-71.45178,10.45798],[-71.45238,10.45103],[-71.4579,10.43898],[-71.46788,10.42603],[-71.46741,10.41702],[-71.4794,10.39178],[-71.47035,10.38889],[-71.46909,10.38706],[-71.45996,10.38269],[-71.45524,10.37255],[-71.4519,10.37454],[-71.434,10.36019],[-71.43129,10.35628],[-71.4258,10.34577],[-71.42172,10.34171],[-71.4197,10.33405],[-71.41713,10.33042],[-71.41492,10.31556],[-71.40929,10.30607],[-71.40097,10.2956],[-71.39986,10.29634],[-71.3937,10.28542],[-71.38578,10.27964],[-71.37775,10.26895],[-71.37074,10.25284],[-71.36938,10.23876],[-71.36647,10.22743],[-71.35837,10.2167],[-71.35747,10.21302],[-71.35312,10.21157],[-71.34693,10.20471],[-71.34621,10.20567],[-71.34349,10.20394],[-71.34281,10.19884],[-71.34095,10.19633],[-71.33808,10.19874],[-71.33527,10.19762],[-71.30998,10.18184],[-71.31188,10.18163],[-71.30463,10.17475],[-71.30375,10.17529],[-71.30642,10.17853],[-71.29269,10.1691],[-71.28393,10.15967],[-71.27099,10.13834],[-71.26747,10.13477],[-71.2533,10.10715],[-71.23857,10.07035],[-71.23571,10.04768],[-71.23726,10.04189],[-71.23669,10.03658],[-71.22498,10.01895],[-71.22973,10.01445],[-71.22683,10.01548],[-71.22291,10.01451],[-71.21737,10.00208],[-71.21407,9.98792],[-71.21474,9.98346],[-71.21127,9.97206],[-71.20464,9.97109],[-71.2051,9.96963],[-71.20337,9.96874],[-71.19169,9.97062],[-71.18045,9.96948],[-71.15133,9.95127],[-71.14853,9.95149],[-71.15038,9.95017],[-71.14947,9.94829],[-71.14189,9.93875],[-71.13879,9.93754],[-71.10817,9.89763],[-71.09312,9.87389],[-71.08071,9.84888],[-71.0768,9.83308],[-71.07791,9.82552],[-71.07548,9.82299],[-71.08346,9.82107],[-71.08489,9.82372],[-71.08248,9.82922],[-71.08401,9.82938],[-71.08846,9.82225],[-71.08952,9.81235],[-71.08464,9.80252],[-71.07706,9.79202],[-71.07782,9.79035],[-71.07549,9.78924],[-71.05415,9.76109],[-71.05083,9.75199],[-71.04956,9.75224],[-71.03678,9.74037],[-71.03249,9.73204],[-71.02587,9.71069],[-71.02626,9.70923],[-71.03021,9.70865],[-71.0357,9.71138],[-71.04078,9.70342],[-71.04351,9.70177],[-71.04561,9.70228],[-71.05028,9.68548],[-71.04511,9.67126],[-71.04555,9.66796],[-71.05025,9.65529],[-71.05204,9.63464],[-71.06059,9.62309],[-71.06062,9.61681],[-71.05684,9.61135],[-71.04182,9.60412],[-71.03559,9.60333],[-71.0284,9.60464],[-71.01226,9.60001],[-71.0114,9.60096],[-71.00855,9.59955],[-71.0017,9.60003],[-70.9971,9.59611],[-70.98965,9.59757],[-70.98247,9.59458],[-70.96992,9.59464],[-70.95404,9.5904],[-70.94772,9.59119],[-70.94107,9.59006],[-70.93872,9.5927],[-70.9349,9.59252],[-70.93422,9.59525],[-70.92887,9.59403],[-70.92508,9.58786],[-70.92246,9.58839],[-70.91583,9.59862],[-70.91085,9.59363],[-70.9102,9.59002],[-70.90674,9.58926],[-70.90921,9.58262],[-70.90847,9.58041],[-70.90606,9.57916],[-70.90447,9.58121],[-70.9066,9.58357],[-70.90288,9.58759],[-70.89857,9.58883],[-70.89673,9.59253],[-70.8854,9.58736],[-70.86811,9.58855],[-70.85983,9.59171],[-70.85341,9.58745],[-70.84331,9.58542],[-70.7896,9.68961],[-70.78575,9.69065],[-70.77499,9.68427],[-70.77004,9.68789],[-70.76706,9.6881],[-70.75866,9.69499],[-70.762,9.69524],[-70.76402,9.70145],[-70.75974,9.71093],[-70.75751,9.71299],[-70.75611,9.72008],[-70.75169,9.72317],[-70.74687,9.73154],[-70.74666,9.74547],[-70.7432,9.75786],[-70.73713,9.76085],[-70.73525,9.76042],[-70.73357,9.75906],[-70.73395,9.75742],[-70.73056,9.75669],[-70.72983,9.75499],[-70.72761,9.75607],[-70.71772,9.75014],[-70.71108,9.75476],[-70.69428,9.76044],[-70.69162,9.77161],[-70.68921,9.7742],[-70.68714,9.79612],[-70.68288,9.8041],[-70.67386,9.80825],[-70.67054,9.81167],[-70.66763,9.82212],[-70.67167,9.83179],[-70.67289,9.84429],[-70.68134,9.85552],[-70.68284,9.86356],[-70.68849,9.87124],[-70.70221,9.8836],[-70.70624,9.88293],[-70.73795,9.8929],[-70.7454,9.89966],[-70.74448,9.90994],[-70.7531,9.91702],[-70.76722,9.92119],[-70.78506,9.91825],[-70.79076,9.91899],[-70.8826,10.04805],[-70.8816,10.05212],[-70.87825,10.05678],[-70.87025,10.05901],[-70.86147,10.06854],[-70.84823,10.07131],[-70.84305,10.07576],[-70.84154,10.08425],[-70.84298,10.09187],[-70.83908,10.09823],[-70.78737,10.12123],[-70.78397,10.12522],[-70.77896,10.12798],[-70.77494,10.13309],[-70.77033,10.13431],[-70.76097,10.13357],[-70.74239,10.14682],[-70.73614,10.15325],[-70.73468,10.15547],[-70.7353,10.16309],[-70.73402,10.17157],[-70.72926,10.18466],[-70.71949,10.19525],[-70.71431,10.19544],[-70.70811,10.19877],[-70.70195,10.20734],[-70.70727,10.2161],[-70.70865,10.22177],[-70.70687,10.22954],[-70.6959,10.25561],[-70.69508,10.26179],[-70.6965,10.27181],[-70.69305,10.28647],[-70.68982,10.29367],[-70.69201,10.30113],[-70.69615,10.30316],[-70.71887,10.30333],[-70.72834,10.30482],[-70.74222,10.32027],[-70.74763,10.32362],[-70.75796,10.32581],[-70.76259,10.33006],[-70.76409,10.33289],[-70.76097,10.33677],[-70.76075,10.35195],[-70.76362,10.35656],[-70.76804,10.35998],[-70.76576,10.36655],[-70.76042,10.37275],[-70.75856,10.37728],[-70.75895,10.38932],[-70.75762,10.39355],[-70.7623,10.40029],[-70.76799,10.40439],[-70.77231,10.40975],[-70.77309,10.42207],[-70.78224,10.42926],[-70.78427,10.43535],[-70.79114,10.44493],[-70.79835,10.46463],[-70.80229,10.46975],[-70.80672,10.47164],[-70.81184,10.46594],[-70.83271,10.46251],[-70.83857,10.45892],[-70.84286,10.45256],[-70.85224,10.45851],[-70.86313,10.46099],[-70.8656,10.45898],[-70.86904,10.45191],[-70.87815,10.44913],[-70.88484,10.45115],[-70.88723,10.45782],[-70.89194,10.462],[-70.90323,10.46671],[-70.90899,10.46512],[-70.91512,10.46778],[-70.92696,10.46577],[-70.9295,10.46725],[-70.93992,10.46837],[-70.95259,10.46491],[-70.95788,10.46957],[-70.95724,10.47184],[-70.95823,10.47215],[-70.95626,10.4761],[-70.95662,10.47985],[-70.9585,10.48109],[-70.9573,10.48343],[-70.963,10.48369],[-70.96543,10.4874],[-70.969,10.48698],[-70.97115,10.48826],[-70.96854,10.49007],[-70.97152,10.49515],[-70.97015,10.49575],[-70.97132,10.50021],[-70.97811,10.50177],[-70.98608,10.50014],[-70.99071,10.50315],[-70.99127,10.5074],[-70.9983,10.51173],[-71.00026,10.50916],[-70.99974,10.50544],[-71.00115,10.50454],[-71.00691,10.50716],[-71.01239,10.50524],[-71.01699,10.50681],[-71.01726,10.51051],[-71.01955,10.51199],[-71.02051,10.51544],[-71.01751,10.52381],[-71.02036,10.52995],[-71.02069,10.5367],[-71.02233,10.53793],[-71.02002,10.54523],[-71.02342,10.5508],[-71.02341,10.55698],[-71.0276,10.55907],[-71.02814,10.56272],[-71.02507,10.5674],[-71.025,10.5744],[-71.03829,10.57492],[-71.04004,10.57817],[-71.04768,10.58282],[-71.04849,10.58643],[-71.04722,10.58897],[-71.04849,10.5935],[-71.05334,10.59915],[-71.05438,10.60386],[-71.06582,10.60477],[-71.06801,10.6119],[-71.07513,10.61027],[-71.07747,10.61677],[-71.08131,10.61527],[-71.08281,10.61676],[-71.08459,10.62006],[-71.08321,10.62156],[-71.08375,10.62364],[-71.08678,10.62565],[-71.08548,10.63727],[-71.08192,10.6398],[-71.0806,10.64483],[-71.08308,10.64761],[-71.08111,10.65047],[-71.0833,10.65272],[-71.0835,10.66249],[-71.08543,10.66302],[-71.08798,10.66833],[-71.0873,10.67251],[-71.09479,10.67676],[-71.09669,10.68061],[-71.0952,10.68546],[-71.0965,10.69058],[-71.0885,10.69461],[-71.09103,10.70007],[-71.08972,10.70353],[-71.09363,10.70359],[-71.09602,10.70797],[-71.09598,10.71179],[-71.09274,10.71682],[-71.0925,10.72108],[-71.09357,10.72368],[-71.09271,10.72781],[-71.09495,10.72994],[-71.09528,10.73591],[-71.09711,10.73604],[-71.09479,10.73743],[-71.09481,10.74033],[-71.1008,10.74591],[-71.09505,10.75217],[-71.09854,10.75604],[-71.09758,10.7576],[-71.09936,10.75955],[-71.09774,10.76349],[-71.09745,10.77071],[-71.10127,10.77292],[-71.10258,10.77743],[-71.10927,10.77981],[-71.10989,10.78126],[-71.11313,10.78071],[-71.12453,10.79378],[-71.12709,10.79453],[-71.12948,10.79344],[-71.1317,10.8032],[-71.14162,10.81071],[-71.14363,10.81147],[-71.14463,10.80966],[-71.14883,10.80873],[-71.15204,10.81345],[-71.16127,10.81514],[-71.16762,10.81983],[-71.16872,10.82323],[-71.17286,10.82271],[-71.17688,10.82781],[-71.18308,10.83046],[-71.18832,10.83778],[-71.19027,10.846],[-71.19511,10.84925],[-71.1973,10.85702],[-71.19917,10.85746],[-71.20119,10.86568],[-71.19847,10.86884],[-71.19829,10.87124],[-71.20196,10.87704],[-71.20396,10.8837],[-71.20943,10.88705],[-71.2094,10.89289],[-71.21689,10.90148],[-71.21726,10.91585],[-71.22323,10.92262],[-71.22013,10.92862],[-71.22097,10.93252],[-71.22762,10.93634],[-71.23497,10.93683],[-71.24556,10.94179],[-71.25203,10.94089],[-71.25607,10.94498],[-71.26534,10.94575],[-71.26804,10.9486],[-71.26773,10.95024],[-71.27159,10.95672],[-71.26891,10.96474],[-71.27027,10.97512],[-71.27365,10.97425],[-71.27825,10.96851],[-71.28248,10.9666],[-71.28518,10.96629],[-71.28846,10.96888],[-71.30125,10.96299],[-71.31501,10.96345]]],[[[-71.635,10.97972],[-71.63743,10.98011],[-71.64387,10.98271],[-71.64427,10.98114],[-71.64244,10.97425],[-71.63122,10.97599],[-71.62913,10.97818],[-71.62898,10.98189],[-71.63298,10.97851],[-71.635,10.97972]]],[[[-71.60848,10.97981],[-71.61017,10.98176],[-71.61686,10.98326],[-71.61841,10.99011],[-71.62242,10.99106],[-71.62598,10.98397],[-71.62963,10.96788],[-71.61992,10.968],[-71.61561,10.96639],[-71.61183,10.96011],[-71.60694,10.95598],[-71.60514,10.95909],[-71.60746,10.96717],[-71.61499,10.97877],[-71.60662,10.97571],[-71.60594,10.97688],[-71.60848,10.97981]]],[[[-71.57761,10.98813],[-71.58744,10.99364],[-71.58829,10.98993],[-71.59541,10.98862],[-71.59509,10.9869],[-71.59145,10.98614],[-71.59111,10.98481],[-71.59361,10.98534],[-71.59382,10.98422],[-71.59068,10.98058],[-71.5854,10.9807],[-71.5822,10.98317],[-71.57614,10.97787],[-71.57424,10.97218],[-71.56384,10.97134],[-71.56258,10.96774],[-71.55852,10.96743],[-71.55458,10.96248],[-71.54806,10.96336],[-71.54669,10.95971],[-71.54416,10.95966],[-71.54723,10.9558],[-71.54501,10.95497],[-71.54622,10.95301],[-71.54421,10.95147],[-71.54411,10.94787],[-71.53795,10.94614],[-71.53284,10.94968],[-71.53796,10.95601],[-71.54266,10.97099],[-71.56887,10.98268],[-71.57761,10.98813]]],[[[-71.22417,9.16327],[-71.23804,9.14834],[-71.24564,9.14268],[-71.25387,9.14004],[-71.25676,9.13558],[-71.26679,9.12933],[-71.27211,9.1279],[-71.2834,9.12898],[-71.28572,9.12554],[-71.29996,9.11522],[-71.30776,9.11181],[-71.32816,9.0966],[-71.35531,9.08348],[-71.381,9.0804],[-71.42142,9.06761],[-71.44715,9.05781],[-71.48996,9.04668],[-71.49549,9.04344],[-71.49528,9.04464],[-71.49951,9.04429],[-71.52198,9.04069],[-71.52459,9.03838],[-71.59164,9.03601],[-71.65195,9.04391],[-71.65586,9.04616],[-71.65729,9.04944],[-71.65999,9.04892],[-71.66071,9.05192],[-71.66419,9.05378],[-71.66492,9.05726],[-71.65716,9.05942],[-71.65554,9.06147],[-71.65104,9.06316],[-71.65183,9.06575],[-71.65615,9.06815],[-71.65716,9.07167],[-71.65915,9.07254],[-71.66156,9.0713],[-71.66513,9.07485],[-71.66838,9.07565],[-71.67867,9.06464],[-71.68251,9.06409],[-71.68341,9.06542],[-71.68857,9.06166],[-71.69104,9.05574],[-71.69643,9.05759],[-71.70184,9.0616],[-71.70799,9.06989],[-71.71961,9.08106],[-71.71793,9.08124],[-71.71191,9.09264],[-71.71277,9.09454],[-71.71445,9.09501],[-71.71766,9.09177],[-71.7245,9.09164],[-71.74144,9.09902],[-71.75203,9.11677],[-71.75399,9.11718],[-71.75625,9.11389],[-71.75145,9.11213],[-71.75114,9.11081],[-71.75495,9.11178],[-71.7556,9.11075],[-71.75709,9.11218],[-71.75868,9.11139],[-71.75587,9.10601],[-71.75685,9.10483],[-71.75552,9.10139],[-71.7575,9.10254],[-71.75968,9.09888],[-71.75742,9.1041],[-71.7592,9.10729],[-71.76112,9.10087],[-71.76361,9.0986],[-71.75971,9.10656],[-71.76274,9.10538],[-71.76514,9.10197],[-71.76594,9.10292],[-71.76414,9.10514],[-71.76583,9.10579],[-71.76234,9.10654],[-71.76035,9.10895],[-71.76194,9.10933],[-71.76091,9.1104],[-71.76173,9.11142],[-71.76779,9.1093],[-71.77031,9.103],[-71.77143,9.10316],[-71.76891,9.10784],[-71.77056,9.10725],[-71.76778,9.11029],[-71.77398,9.10846],[-71.77562,9.1065],[-71.77516,9.10847],[-71.78059,9.10598],[-71.77589,9.10901],[-71.77945,9.10948],[-71.77041,9.10967],[-71.76984,9.11058],[-71.77276,9.11128],[-71.76947,9.11105],[-71.77042,9.11242],[-71.76675,9.11138],[-71.76606,9.11205],[-71.76887,9.11429],[-71.76438,9.11218],[-71.76048,9.11383],[-71.76128,9.11548],[-71.76618,9.11654],[-71.76208,9.11703],[-71.76561,9.12067],[-71.7596,9.11638],[-71.76067,9.11901],[-71.75936,9.12057],[-71.7617,9.12248],[-71.75808,9.12171],[-71.75536,9.12576],[-71.75751,9.12634],[-71.75593,9.12743],[-71.7564,9.12886],[-71.75936,9.12836],[-71.7554,9.13002],[-71.75639,9.13767],[-71.75772,9.13723],[-71.7564,9.14232],[-71.75957,9.14171],[-71.7593,9.14328],[-71.75689,9.14302],[-71.75666,9.14507],[-71.75918,9.14748],[-71.7603,9.14521],[-71.76025,9.14696],[-71.76114,9.14667],[-71.75928,9.15018],[-71.75699,9.14632],[-71.7598,9.15241],[-71.75741,9.15094],[-71.75549,9.14642],[-71.75564,9.14799],[-71.75393,9.1476],[-71.75287,9.14949],[-71.75117,9.14749],[-71.75328,9.14555],[-71.75252,9.14324],[-71.75094,9.14284],[-71.75189,9.13987],[-71.7551,9.13712],[-71.75406,9.13252],[-71.75173,9.13024],[-71.74873,9.13239],[-71.74714,9.14086],[-71.73985,9.14961],[-71.73796,9.16012],[-71.7408,9.16632],[-71.75638,9.18831],[-71.75859,9.19583],[-71.75832,9.1971],[-71.75683,9.19256],[-71.75503,9.19065],[-71.75325,9.19203],[-71.7506,9.1879],[-71.75237,9.1938],[-71.75842,9.20051],[-71.75181,9.2041],[-71.75146,9.2204],[-71.74605,9.2266],[-71.74942,9.22851],[-71.74851,9.23522],[-71.75336,9.23721],[-71.75551,9.23253],[-71.76274,9.22624],[-71.76572,9.22528],[-71.76894,9.22632],[-71.77239,9.22366],[-71.77322,9.22026],[-71.76864,9.21728],[-71.76742,9.21452],[-71.76543,9.20543],[-71.76686,9.20364],[-71.76906,9.21117],[-71.77512,9.21757],[-71.78229,9.23234],[-71.79014,9.23914],[-71.79768,9.23127],[-71.80164,9.22339],[-71.80516,9.22098],[-71.81342,9.22083],[-71.81731,9.2236],[-71.81123,9.23514],[-71.81212,9.2366],[-71.81443,9.23675],[-71.81348,9.23947],[-71.81616,9.24126],[-71.81107,9.24195],[-71.80525,9.24816],[-71.79641,9.25051],[-71.79315,9.25303],[-71.77794,9.25661],[-71.77229,9.2564],[-71.76944,9.26514],[-71.77058,9.27989],[-71.77556,9.28668],[-71.77504,9.28801],[-71.7698,9.28363],[-71.76791,9.28384],[-71.76689,9.28663],[-71.76839,9.28753],[-71.76526,9.29053],[-71.76122,9.28637],[-71.75719,9.28699],[-71.7537,9.28492],[-71.74778,9.27494],[-71.7407,9.26919],[-71.7332,9.27144],[-71.73287,9.2738],[-71.73576,9.27394],[-71.74136,9.28436],[-71.73825,9.28743],[-71.73333,9.28752],[-71.73136,9.28562],[-71.73167,9.28333],[-71.72878,9.28582],[-71.73249,9.30278],[-71.73095,9.31391],[-71.73339,9.32368],[-71.73978,9.32668],[-71.74655,9.33277],[-71.74152,9.33778],[-71.74173,9.34225],[-71.73998,9.34477],[-71.7304,9.34305],[-71.72764,9.34128],[-71.72563,9.33762],[-71.72343,9.33763],[-71.71869,9.34185],[-71.71965,9.3459],[-71.72357,9.34467],[-71.72642,9.34807],[-71.72959,9.34483],[-71.73757,9.34997],[-71.73982,9.3536],[-71.73919,9.35588],[-71.73519,9.3595],[-71.72777,9.3616],[-71.72712,9.37296],[-71.71847,9.38251],[-71.71415,9.38397],[-71.72114,9.38413],[-71.72897,9.37725],[-71.73586,9.37556],[-71.74187,9.37176],[-71.74649,9.36545],[-71.74492,9.36577],[-71.74578,9.36294],[-71.74995,9.35848],[-71.76354,9.35151],[-71.75968,9.35026],[-71.76196,9.34369],[-71.76416,9.34272],[-71.76333,9.34108],[-71.76546,9.34114],[-71.76205,9.33507],[-71.76361,9.33261],[-71.7679,9.33145],[-71.77678,9.33427],[-71.78289,9.34139],[-71.77654,9.34499],[-71.77198,9.34249],[-71.77256,9.34502],[-71.76659,9.35295],[-71.75894,9.35621],[-71.76529,9.35694],[-71.77298,9.36295],[-71.77582,9.36827],[-71.78769,9.38254],[-71.7951,9.3955],[-71.79986,9.39903],[-71.8004,9.39522],[-71.79825,9.38718],[-71.79952,9.37941],[-71.79733,9.37463],[-71.79286,9.37288],[-71.79323,9.3712],[-71.79826,9.37347],[-71.80187,9.37293],[-71.80348,9.371],[-71.80368,9.36612],[-71.79538,9.36537],[-71.79826,9.36306],[-71.80183,9.36335],[-71.80357,9.36201],[-71.80325,9.35966],[-71.79863,9.35459],[-71.8001,9.3537],[-71.80751,9.36379],[-71.81133,9.37712],[-71.80832,9.39283],[-71.80487,9.3985],[-71.80554,9.40287],[-71.80924,9.40988],[-71.80739,9.40995],[-71.8176,9.41973],[-71.82544,9.42238],[-71.82726,9.42481],[-71.83109,9.42351],[-71.83374,9.41705],[-71.83077,9.41093],[-71.82724,9.41202],[-71.82559,9.41147],[-71.82575,9.40963],[-71.83092,9.40733],[-71.83213,9.40495],[-71.83249,9.41132],[-71.83628,9.41681],[-71.85629,9.41444],[-71.85853,9.41682],[-71.86006,9.41579],[-71.86002,9.41897],[-71.86556,9.419],[-71.8711,9.4213],[-71.87734,9.42616],[-71.88464,9.4266],[-71.8868,9.42822],[-71.88703,9.42411],[-71.88368,9.42022],[-71.88435,9.41026],[-71.87595,9.40208],[-71.87135,9.40213],[-71.87178,9.40029],[-71.8742,9.39842],[-71.88071,9.40431],[-71.88704,9.40618],[-71.88973,9.40534],[-71.8894,9.40083],[-71.89404,9.39548],[-71.89189,9.39302],[-71.89211,9.3895],[-71.89427,9.38699],[-71.8979,9.38547],[-71.90843,9.38646],[-71.9119,9.3895],[-71.91133,9.39536],[-71.91301,9.39499],[-71.90434,9.40835],[-71.89782,9.40994],[-71.89983,9.41534],[-71.89141,9.42441],[-71.88975,9.43042],[-71.88063,9.43512],[-71.87111,9.43444],[-71.85907,9.43703],[-71.85002,9.43153],[-71.83806,9.43382],[-71.85084,9.44115],[-71.86715,9.44746],[-71.88534,9.45684],[-71.90487,9.47188],[-71.90112,9.46746],[-71.90817,9.47086],[-71.91423,9.46926],[-71.92012,9.47254],[-71.92765,9.47841],[-71.93351,9.491],[-71.93745,9.49596],[-71.9393,9.49123],[-71.94386,9.49696],[-71.94518,9.49533],[-71.94662,9.493],[-71.94664,9.48557],[-71.95719,9.47848],[-71.95912,9.47455],[-71.95883,9.47091],[-71.96184,9.46554],[-71.98066,9.457],[-71.9907,9.45666],[-72.0017,9.46208],[-72.00394,9.46063],[-71.9999,9.45588],[-72,9.44647],[-71.99524,9.44139],[-71.99869,9.44168],[-72.0024,9.44717],[-72.00057,9.4527],[-72.00526,9.45765],[-72.00621,9.46181],[-72.01677,9.47861],[-72.01585,9.48208],[-72.01293,9.48325],[-72.0122,9.48514],[-72.02047,9.49391],[-72.02029,9.49834],[-72.01561,9.50637],[-72.01562,9.5127],[-72.01428,9.51512],[-72.01035,9.5142],[-72.00969,9.5124],[-72.01198,9.49725],[-72.00632,9.50165],[-72.00652,9.49287],[-71.99844,9.49173],[-71.99303,9.49902],[-71.99208,9.48965],[-71.98058,9.48541],[-71.97961,9.48017],[-71.97826,9.47946],[-71.9704,9.48158],[-71.9678,9.48015],[-71.96722,9.48137],[-71.95958,9.48287],[-71.95387,9.48603],[-71.94946,9.49119],[-71.95541,9.49236],[-71.95755,9.49049],[-71.95884,9.49932],[-71.95742,9.50312],[-71.95447,9.50438],[-71.95396,9.50249],[-71.94866,9.5058],[-71.94879,9.50775],[-71.95246,9.5084],[-71.95243,9.51102],[-71.95567,9.50754],[-71.95469,9.51012],[-71.96025,9.51032],[-71.96114,9.50687],[-71.96309,9.50879],[-71.96204,9.50544],[-71.96536,9.50447],[-71.96534,9.50085],[-71.96731,9.50517],[-71.97095,9.50385],[-71.97333,9.50093],[-71.97953,9.50177],[-71.99349,9.50889],[-71.996,9.50656],[-72.00148,9.50847],[-71.99935,9.50887],[-72.00174,9.51235],[-72.00043,9.51213],[-71.99956,9.51421],[-71.99904,9.51101],[-71.99728,9.51092],[-71.98857,9.51479],[-71.98681,9.51326],[-71.98793,9.51093],[-71.98653,9.50639],[-71.98525,9.50735],[-71.98282,9.50468],[-71.97588,9.50788],[-71.97067,9.5133],[-71.96778,9.5194],[-71.96401,9.51687],[-71.96115,9.51744],[-71.96399,9.52524],[-71.9663,9.5264],[-71.96789,9.53006],[-71.96652,9.53283],[-71.97077,9.53729],[-71.97234,9.5468],[-71.98071,9.5571],[-71.97617,9.56258],[-71.9777,9.56428],[-71.98145,9.56559],[-71.98442,9.5628],[-71.98644,9.5579],[-71.99083,9.55882],[-71.99284,9.55565],[-71.99601,9.55416],[-72.00228,9.5539],[-72.0083,9.55667],[-72.00668,9.5608],[-72.00854,9.56664],[-72.00792,9.57126],[-72.00504,9.57575],[-71.99973,9.57845],[-71.99894,9.58068],[-71.99671,9.58081],[-71.99058,9.57268],[-71.98437,9.57915],[-71.98288,9.58717],[-71.98801,9.59369],[-71.99171,9.59604],[-71.98711,9.59517],[-71.97934,9.58633],[-71.97228,9.56528],[-71.96945,9.56246],[-71.96652,9.55636],[-71.96739,9.55394],[-71.96393,9.54824],[-71.96611,9.54401],[-71.965,9.54116],[-71.96162,9.54272],[-71.95982,9.54183],[-71.93301,9.50886],[-71.93162,9.50882],[-71.93189,9.51083],[-71.95393,9.53713],[-71.96498,9.55553],[-71.96747,9.57294],[-71.96556,9.57765],[-71.96705,9.58921],[-71.975,9.60763],[-71.98737,9.62679],[-72.00082,9.64457],[-72.01208,9.65572],[-72.02387,9.67271],[-72.03401,9.68201],[-72.04093,9.69003],[-72.04377,9.69565],[-72.09032,9.74876],[-72.10061,9.76277],[-72.12005,9.79571],[-72.12438,9.79292],[-72.12336,9.79688],[-72.13195,9.80523],[-72.1329,9.81307],[-72.13445,9.81496],[-72.13111,9.81453],[-72.12583,9.82038],[-72.1255,9.82313],[-72.12843,9.82669],[-72.12602,9.83663],[-72.12402,9.83841],[-72.12004,9.83714],[-72.11989,9.8394],[-72.11515,9.83515],[-72.11044,9.8366],[-72.10919,9.83774],[-72.11073,9.83906],[-72.10658,9.84958],[-72.10598,9.84742],[-72.1018,9.85291],[-72.08549,9.86428],[-72.08076,9.87128],[-72.07807,9.88004],[-72.05203,9.91262],[-72.04138,9.93066],[-72.03547,9.94423],[-72.0351,9.94805],[-72.03236,9.95205],[-72.02965,9.96465],[-72.02683,9.96901],[-72.026,9.97357],[-72.0235,9.97853],[-72.01997,9.98047],[-72.01637,9.98911],[-72.01479,9.99863],[-72.00795,10.0078],[-72.00656,10.01728],[-72.004,10.01975],[-72.00001,10.03382],[-71.99924,10.04407],[-71.99088,10.07293],[-71.97818,10.08689],[-71.97414,10.08792],[-71.9695,10.09213],[-71.96181,10.09606],[-71.95747,10.09936],[-71.95514,10.10386],[-71.952,10.10163],[-71.94452,10.10562],[-71.94164,10.10431],[-71.93757,10.10664],[-71.93479,10.10626],[-71.91142,10.11623],[-71.90295,10.12216],[-71.90016,10.12604],[-71.90123,10.12828],[-71.89861,10.13024],[-71.8956,10.14176],[-71.89381,10.14282],[-71.889,10.15246],[-71.88279,10.16152],[-71.87276,10.16525],[-71.86811,10.17535],[-71.86501,10.17754],[-71.86201,10.19002],[-71.85765,10.19819],[-71.84629,10.20525],[-71.84099,10.21036],[-71.83936,10.21449],[-71.83884,10.22542],[-71.83198,10.23615],[-71.83068,10.24299],[-71.8277,10.24635],[-71.82553,10.25708],[-71.8243,10.25768],[-71.81941,10.27211],[-71.8071,10.2841],[-71.80368,10.29622],[-71.79196,10.32415],[-71.78259,10.33443],[-71.78184,10.33696],[-71.7743,10.34192],[-71.76368,10.35365],[-71.73286,10.38048],[-71.70342,10.39509],[-71.69305,10.40373],[-71.68253,10.41561],[-71.66425,10.42849],[-71.66293,10.42657],[-71.66115,10.42755],[-71.65905,10.43209],[-71.63877,10.43991],[-71.63525,10.43919],[-71.63533,10.43743],[-71.63283,10.43844],[-71.62959,10.43714],[-71.63328,10.4473],[-71.63209,10.45712],[-71.63576,10.46206],[-71.63728,10.47093],[-71.63197,10.47734],[-71.62845,10.47815],[-71.62775,10.47992],[-71.62792,10.48567],[-71.63317,10.49222],[-71.63148,10.4924],[-71.63446,10.49466],[-71.63446,10.50379],[-71.63224,10.50949],[-71.62944,10.50985],[-71.63215,10.51128],[-71.6335,10.51421],[-71.62819,10.52987],[-71.62604,10.52959],[-71.62549,10.53412],[-71.62306,10.53358],[-71.62428,10.53429],[-71.62413,10.53712],[-71.62075,10.53564],[-71.61954,10.53685],[-71.62266,10.53871],[-71.61841,10.54629],[-71.61836,10.55325],[-71.61681,10.55459],[-71.61849,10.55489],[-71.61726,10.55509],[-71.6179,10.55819],[-71.61605,10.56037],[-71.61557,10.56603],[-71.61311,10.56555],[-71.61325,10.56795],[-71.61067,10.56987],[-71.61269,10.57174],[-71.61048,10.57143],[-71.61179,10.57774],[-71.60941,10.57878],[-71.61181,10.57778],[-71.61182,10.58145],[-71.6138,10.58404],[-71.6118,10.58336],[-71.61464,10.58466],[-71.61287,10.58504],[-71.61352,10.58583],[-71.61474,10.58498],[-71.61578,10.58597],[-71.61481,10.58793],[-71.61623,10.58798],[-71.61401,10.58853],[-71.61596,10.58951],[-71.61322,10.59061],[-71.61534,10.59161],[-71.61253,10.59176],[-71.61468,10.59209],[-71.6137,10.59423],[-71.61594,10.5946],[-71.61658,10.59673],[-71.61547,10.59768],[-71.61316,10.59623],[-71.61215,10.59811],[-71.61435,10.59929],[-71.61203,10.59829],[-71.61046,10.60149],[-71.61136,10.60472],[-71.60947,10.60395],[-71.60919,10.6073],[-71.60553,10.60887],[-71.60735,10.61467],[-71.60598,10.61687],[-71.60707,10.61774],[-71.6083,10.61676],[-71.61022,10.61891],[-71.61231,10.62265],[-71.61167,10.6255],[-71.61472,10.62933],[-71.6142,10.63098],[-71.61695,10.63185],[-71.61611,10.63417],[-71.61753,10.63432],[-71.61522,10.63516],[-71.61859,10.63455],[-71.61574,10.63533],[-71.61755,10.6366],[-71.61574,10.63639],[-71.61347,10.63906],[-71.6097,10.63815],[-71.60963,10.63704],[-71.60854,10.63788],[-71.60849,10.63676],[-71.60815,10.63804],[-71.60308,10.63673],[-71.60199,10.64178],[-71.59855,10.6418],[-71.6,10.64277],[-71.59737,10.64644],[-71.59788,10.64806],[-71.59379,10.65039],[-71.59001,10.65695],[-71.58815,10.66317],[-71.58926,10.66677],[-71.58667,10.67024],[-71.58943,10.67031],[-71.59006,10.67247],[-71.58866,10.67214],[-71.58916,10.67336],[-71.58798,10.67239],[-71.58917,10.67347],[-71.58807,10.67399],[-71.58931,10.67411],[-71.58798,10.67437],[-71.59069,10.67667],[-71.5921,10.68238],[-71.59102,10.68211],[-71.59336,10.68317],[-71.59634,10.68775],[-71.59556,10.68868],[-71.59713,10.68827],[-71.59714,10.6903],[-71.59833,10.69054],[-71.59652,10.69044],[-71.59759,10.69178],[-71.59571,10.6936],[-71.59235,10.6943],[-71.59337,10.69819],[-71.589,10.70291],[-71.58699,10.7012],[-71.58188,10.70131],[-71.59339,10.70874],[-71.59585,10.71146],[-71.59536,10.71392],[-71.59999,10.71584],[-71.60228,10.71409],[-71.60364,10.71552],[-71.60462,10.71396],[-71.60534,10.71651],[-71.6023,10.71511],[-71.60046,10.71652],[-71.62763,10.73503],[-71.63021,10.73881],[-71.63443,10.73891],[-71.63244,10.74033],[-71.65027,10.75697],[-71.66636,10.77637],[-71.67536,10.79383],[-71.67519,10.7986],[-71.67779,10.80305],[-71.67584,10.80658],[-71.70524,10.8575],[-71.71498,10.88881],[-71.71801,10.88984],[-71.71555,10.89066],[-71.71883,10.9151],[-71.71646,10.91903],[-71.72017,10.92362],[-71.71589,10.93034],[-71.71316,10.93809],[-71.72011,10.95363],[-71.72235,10.95713],[-71.73706,10.96867],[-71.75441,10.99223],[-71.76889,10.99194],[-71.77546,10.9943],[-71.78154,10.99994],[-71.77039,11.00176],[-71.76435,11.01048],[-71.76382,11.0143],[-71.75773,11.01224],[-71.74211,11.01846],[-71.73772,11.01828],[-71.72621,11.01379],[-71.71723,11.0083],[-71.70607,11.00466],[-71.6975,10.99808],[-71.68075,10.99791],[-71.67245,10.99498],[-71.66515,10.9967],[-71.66738,10.99412],[-71.6673,10.98865],[-71.67526,10.97722],[-71.66865,10.97902],[-71.6619,10.97584],[-71.65236,10.98086],[-71.65142,10.98667],[-71.65262,10.98844],[-71.65092,10.98931],[-71.64738,10.98827],[-71.64517,10.98996],[-71.64674,10.98573],[-71.64404,10.98316],[-71.64081,10.98491],[-71.63739,10.98044],[-71.63495,10.98007],[-71.62475,10.99184],[-71.61948,10.99374],[-71.61597,10.99017],[-71.61612,10.98605],[-71.61242,10.98339],[-71.60857,10.98475],[-71.60725,10.98698],[-71.60999,10.98657],[-71.62897,11.00503],[-71.66207,11.03098],[-71.71082,11.04995],[-71.74368,11.06951],[-71.76332,11.08607],[-71.785,11.10543],[-71.80898,11.13049],[-71.80708,11.13146],[-71.81541,11.13632],[-71.84168,11.16791],[-71.86752,11.20421],[-71.87914,11.22297],[-71.90075,11.26112],[-71.93033,11.32302],[-71.94488,11.36714],[-71.95096,11.37878],[-71.95457,11.38166],[-71.95266,11.3841],[-71.95271,11.38804],[-71.96421,11.43449],[-71.9636,11.45406],[-71.96924,11.50482],[-71.96573,11.54468],[-71.96148,11.57148],[-71.95816,11.58064],[-71.95572,11.58559],[-71.94435,11.5973],[-71.94012,11.59876],[-71.91997,11.59958],[-71.89853,11.60537],[-71.89377,11.61182],[-71.88831,11.61634],[-71.88411,11.61703],[-71.88135,11.62044],[-71.85846,11.6239],[-71.85491,11.62807],[-71.84468,11.62752],[-71.83994,11.6332],[-71.82882,11.63685],[-71.82123,11.63673],[-71.81341,11.64389],[-71.81232,11.64234],[-71.78833,11.64425],[-71.78367,11.64762],[-71.77833,11.6483],[-71.76134,11.65762],[-71.72295,11.65852],[-71.70725,11.66287],[-71.70221,11.66624],[-71.70036,11.66468],[-71.69686,11.66731],[-71.69075,11.66836],[-71.68763,11.67099],[-71.66419,11.67982],[-71.64673,11.67953],[-71.64014,11.68403],[-71.63403,11.68508],[-71.63166,11.68811],[-71.62441,11.68914],[-71.62257,11.68719],[-71.61466,11.68515],[-71.60122,11.68991],[-71.59209,11.69053],[-71.58671,11.69236],[-71.57986,11.69302],[-71.57649,11.69143],[-71.56807,11.69359],[-71.56125,11.69309],[-71.55626,11.69493],[-71.55098,11.69369],[-71.55055,11.69522],[-71.54713,11.69516],[-71.54479,11.69743],[-71.53636,11.69959],[-71.5317,11.70297],[-71.50509,11.70407],[-71.49664,11.707],[-71.48447,11.70757],[-71.47332,11.71199],[-71.46419,11.71261],[-71.45886,11.7174],[-71.44991,11.72018],[-71.44018,11.71989],[-71.43657,11.72645],[-71.433,11.72776],[-71.42858,11.73958],[-71.42282,11.74474],[-71.41562,11.74612],[-71.41139,11.74331],[-71.40792,11.74305],[-71.40786,11.74137],[-71.39942,11.74952],[-71.39727,11.74855],[-71.38436,11.74989],[-71.38271,11.75206],[-71.38119,11.76073],[-71.37806,11.76462],[-71.3763,11.77038],[-71.37748,11.77198],[-71.38293,11.77042],[-71.38339,11.77584],[-71.38087,11.77197],[-71.37596,11.7729],[-71.36747,11.77903],[-71.35068,11.78372],[-71.33943,11.79339],[-71.3385,11.7948],[-71.34125,11.7968],[-71.34341,11.80384],[-71.3447,11.81733],[-71.34061,11.83223],[-71.33683,11.83815],[-71.33161,11.84055],[-71.33211,11.84306],[-71.34341,11.8377],[-71.34738,11.82994],[-71.35386,11.82963],[-71.35765,11.8262],[-71.35594,11.82441],[-71.35727,11.82207],[-71.35142,11.82369],[-71.35215,11.82027],[-71.36296,11.81568],[-71.37323,11.80811],[-71.37584,11.80858],[-71.37841,11.81213],[-71.48308,11.77913],[-71.61101,11.7463],[-71.64776,11.73262],[-71.80219,11.68005],[-71.84144,11.67406],[-71.93132,11.65289],[-71.97136,11.64627],[-72.02547,11.54571],[-72.24942,11.14019],[-72.25465,11.1408],[-72.25912,11.13848],[-72.27213,11.13832],[-72.28663,11.1432],[-72.29913,11.14498],[-72.3154,11.14417],[-72.32221,11.14684],[-72.33144,11.14427],[-72.33476,11.14518],[-72.33308,11.14725],[-72.33413,11.14822],[-72.34099,11.1494],[-72.34472,11.15151],[-72.34931,11.15137],[-72.35801,11.1464],[-72.35997,11.14237],[-72.36582,11.13936],[-72.36861,11.13941],[-72.37372,11.1364],[-72.38759,11.13382],[-72.4079,11.12638],[-72.4233,11.1258],[-72.42504,11.12441],[-72.42503,11.12217],[-72.43107,11.12146],[-72.43789,11.11529],[-72.43935,11.1158],[-72.44246,11.12324],[-72.44231,11.12732],[-72.44359,11.12766],[-72.45616,11.11957],[-72.45983,11.1141],[-72.46458,11.11338],[-72.47817,11.10202],[-72.4847,11.0991],[-72.4884,11.09466],[-72.49055,11.08904],[-72.49826,11.08508],[-72.49557,11.08092],[-72.49042,11.07808],[-72.48558,11.06247],[-72.48151,11.05942],[-72.48972,11.05206],[-72.49852,11.04131],[-72.50504,11.03793],[-72.50748,11.03424],[-72.50876,11.02274],[-72.5176,11.01913],[-72.51927,11.01369],[-72.52307,11.0136],[-72.52606,11.0118],[-72.5252,11.00709],[-72.51845,11.00163],[-72.5228,10.99611],[-72.52659,10.99638],[-72.53012,10.99336],[-72.53604,10.98566],[-72.53836,10.97951],[-72.53715,10.97491],[-72.55015,10.95214],[-72.55354,10.94438],[-72.55377,10.9402],[-72.56097,10.93353],[-72.56336,10.92795],[-72.57194,10.92265],[-72.57451,10.91606],[-72.57952,10.91104],[-72.58508,10.90978],[-72.59367,10.90511],[-72.60421,10.8972],[-72.60759,10.88871],[-72.6124,10.8827],[-72.62041,10.88701],[-72.63094,10.8846],[-72.63853,10.88496],[-72.64798,10.88043],[-72.64954,10.87714],[-72.64849,10.87258],[-72.64981,10.86652],[-72.65526,10.85786],[-72.65881,10.85728],[-72.65807,10.85108],[-72.66043,10.84253],[-72.66338,10.83787],[-72.66187,10.83117],[-72.66884,10.82275],[-72.67555,10.82029],[-72.67631,10.81718],[-72.67446,10.81355],[-72.6754,10.80656],[-72.68261,10.79614],[-72.6782,10.78341],[-72.68119,10.77833],[-72.68277,10.77014],[-72.68248,10.7662],[-72.6801,10.76549],[-72.67994,10.76399],[-72.68936,10.75718],[-72.69671,10.75882],[-72.70486,10.75849],[-72.70848,10.7565],[-72.71136,10.75211],[-72.71406,10.74145],[-72.71774,10.73905],[-72.71414,10.73387],[-72.71934,10.72137],[-72.71593,10.70606],[-72.7297,10.69634],[-72.73417,10.67777],[-72.73941,10.67036],[-72.7402,10.66089],[-72.73772,10.65689],[-72.73941,10.65287],[-72.7496,10.65192],[-72.74872,10.64064],[-72.75086,10.63724],[-72.75014,10.63413],[-72.76513,10.62276],[-72.76759,10.62276],[-72.77469,10.61778],[-72.78969,10.60407],[-72.79036,10.594],[-72.79282,10.58852],[-72.81982,10.57015],[-72.82318,10.56516],[-72.82424,10.55204],[-72.82602,10.54805],[-72.8317,10.5454],[-72.835,10.5396],[-72.83804,10.53844],[-72.843,10.53895],[-72.83973,10.5344],[-72.84012,10.5322],[-72.83836,10.53139],[-72.83875,10.52797],[-72.83444,10.51849],[-72.83625,10.51706],[-72.83607,10.51319],[-72.83777,10.51016],[-72.84378,10.50748],[-72.84253,10.49834],[-72.84662,10.49334],[-72.84467,10.48517],[-72.8488,10.48416],[-72.85362,10.48071],[-72.86273,10.46338],[-72.8668,10.46208],[-72.86765,10.45992],[-72.87589,10.45695],[-72.8761,10.45374],[-72.8811,10.4552],[-72.88563,10.45423],[-72.88831,10.4512],[-72.89166,10.45102],[-72.8927,10.44374],[-72.89505,10.44321],[-72.90075,10.43611],[-72.89636,10.43077],[-72.89493,10.42606],[-72.89505,10.42291],[-72.89683,10.42058],[-72.89603,10.41389],[-72.89419,10.41144],[-72.89512,10.40899],[-72.8985,10.40747],[-72.89971,10.39892],[-72.8876,10.39412],[-72.88769,10.38605],[-72.88575,10.38457],[-72.89245,10.37455],[-72.89345,10.3653],[-72.89237,10.36381],[-72.89858,10.36317],[-72.90066,10.36147],[-72.90643,10.35323],[-72.90788,10.34428],[-72.90626,10.33688],[-72.90471,10.33543],[-72.90646,10.32318],[-72.90346,10.31802],[-72.8961,10.31107],[-72.90046,10.30213],[-72.90002,10.29159],[-72.90246,10.29089],[-72.90604,10.28584],[-72.9036,10.27922],[-72.90598,10.27507],[-72.90699,10.26797],[-72.90644,10.26171],[-72.90368,10.25862],[-72.90324,10.25192],[-72.90071,10.24831],[-72.90309,10.24317],[-72.90356,10.23843],[-72.90198,10.23142],[-72.90299,10.22853],[-72.8972,10.21792],[-72.89967,10.20867],[-72.90928,10.20513],[-72.90936,10.19588],[-72.90719,10.18889],[-72.9085,10.18559],[-72.9082,10.17557],[-72.91276,10.16775],[-72.91484,10.16647],[-72.91704,10.16096],[-72.91998,10.1469],[-72.91921,10.14431],[-72.922,10.13796],[-72.91149,10.11244],[-72.91323,10.10987],[-72.91682,10.11099],[-72.92199,10.10832],[-72.92451,10.10166],[-72.92575,10.09219],[-72.93267,10.08748],[-72.93279,10.08424],[-72.93548,10.08175],[-72.94012,10.08248],[-72.94471,10.07137],[-72.94892,10.06993],[-72.95086,10.06616],[-72.95469,10.06601],[-72.95502,10.05735],[-72.95898,10.05317],[-72.95441,10.04556],[-72.95504,10.0403],[-72.95327,10.03735],[-72.95291,10.02679],[-72.95627,10.0223],[-72.9632,10.01745],[-72.96118,10.00693],[-72.96705,9.99589],[-72.97026,9.99586],[-72.97555,9.99266],[-72.97576,9.98809],[-72.9809,9.98063],[-72.9816,9.9769],[-72.98421,9.97452],[-72.98309,9.96738],[-72.98029,9.96367],[-72.9806,9.95891],[-72.98655,9.95543],[-72.9889,9.94161],[-72.99408,9.93633],[-72.99415,9.93183],[-72.99915,9.92267],[-72.99848,9.92112],[-72.99439,9.91953],[-72.99337,9.91577],[-72.98652,9.91753],[-72.98154,9.91627],[-72.98131,9.91525],[-72.98575,9.91337],[-72.98614,9.91123],[-72.98364,9.90713],[-72.9859,9.90516],[-72.98585,9.90264],[-72.98871,9.89859],[-72.98376,9.89276],[-72.9779,9.89057],[-72.97721,9.889],[-72.97821,9.8865],[-72.99009,9.8817],[-72.99296,9.87637],[-72.99108,9.87411],[-72.98366,9.87282],[-72.97998,9.86955],[-72.97209,9.86806],[-72.97095,9.85467],[-72.96493,9.85456],[-72.95869,9.85052],[-72.95029,9.84917],[-72.94625,9.84474],[-72.94369,9.84525],[-72.94568,9.83749],[-72.95093,9.83545],[-72.95014,9.83153],[-72.9536,9.83053],[-72.95631,9.82732],[-72.95564,9.82378],[-72.95714,9.82118],[-72.96056,9.82118],[-72.96153,9.81868],[-72.96609,9.81775],[-72.96717,9.815],[-72.97006,9.81322],[-72.97452,9.80326],[-72.9762,9.80294],[-72.98066,9.79737],[-72.98473,9.79694],[-72.98787,9.79409],[-72.9909,9.78681],[-72.9944,9.78338],[-72.99465,9.77974],[-73.00171,9.76568],[-73.00304,9.76111],[-73.00029,9.75897],[-73.00489,9.75226],[-73.00443,9.7458],[-73.00586,9.74123],[-73.01149,9.73502],[-73.01421,9.73609],[-73.01703,9.7342],[-73.02017,9.73002],[-73.01978,9.72706],[-73.02815,9.71869],[-73.02784,9.71421],[-73.03173,9.71353],[-73.03419,9.71035],[-73.03394,9.70575],[-73.03587,9.70075],[-73.04008,9.69936],[-73.04483,9.69336],[-73.04583,9.68833],[-73.05215,9.68376],[-73.05507,9.67827],[-73.05814,9.6641],[-73.06114,9.65975],[-73.05814,9.65105],[-73.06057,9.65019],[-73.06628,9.63705],[-73.0747,9.62692],[-73.07699,9.62035],[-73.07827,9.61421],[-73.07756,9.61093],[-73.06771,9.60679],[-73.07413,9.60122],[-73.07842,9.58966],[-73.08127,9.58566],[-73.08256,9.57495],[-73.08541,9.56895],[-73.08413,9.55739],[-73.0857,9.55611],[-73.10155,9.5571],[-73.11054,9.55368],[-73.11497,9.55511],[-73.12688,9.55524],[-73.13188,9.55047],[-73.13699,9.54976],[-73.14095,9.54464],[-73.14508,9.54288],[-73.1466,9.53744],[-73.15061,9.5347],[-73.15844,9.51927],[-73.16433,9.51724],[-73.16692,9.51031],[-73.17669,9.50105],[-73.17651,9.49684],[-73.1723,9.4866],[-73.17396,9.47967],[-73.17529,9.47822],[-73.18314,9.47803],[-73.18671,9.47539],[-73.19604,9.47665],[-73.19815,9.47583],[-73.20319,9.46752],[-73.20048,9.46166],[-73.19355,9.45865],[-73.19117,9.45134],[-73.18716,9.44908],[-73.18734,9.44699],[-73.20216,9.43641],[-73.20269,9.43137],[-73.20516,9.4291],[-73.20743,9.42371],[-73.21501,9.42227],[-73.22123,9.42438],[-73.22371,9.41694],[-73.2408,9.40348],[-73.24232,9.39725],[-73.24116,9.39225],[-73.24538,9.38382],[-73.24968,9.37785],[-73.25855,9.37347],[-73.26119,9.36971],[-73.26283,9.35803],[-73.25934,9.34549],[-73.26448,9.3281],[-73.27361,9.31929],[-73.27868,9.32377],[-73.28265,9.32322],[-73.28491,9.31846],[-73.28875,9.31484],[-73.28789,9.30954],[-73.29039,9.30704],[-73.28977,9.30176],[-73.29272,9.29621],[-73.29131,9.29168],[-73.29629,9.28686],[-73.29562,9.28232],[-73.29777,9.28062],[-73.29557,9.27788],[-73.29871,9.27052],[-73.29838,9.26667],[-73.3034,9.26605],[-73.30576,9.26382],[-73.31133,9.25216],[-73.31652,9.24792],[-73.31652,9.24359],[-73.32139,9.23286],[-73.32634,9.22941],[-73.32973,9.2201],[-73.33234,9.21828],[-73.3333,9.21278],[-73.34892,9.21756],[-73.35491,9.2166],[-73.35657,9.21483],[-73.35842,9.20542],[-73.36161,9.20037],[-73.36485,9.19845],[-73.36487,9.19447],[-73.36239,9.19264],[-73.36205,9.19004],[-73.36643,9.18505],[-73.36646,9.17584],[-73.36913,9.17279],[-73.36515,9.16876],[-73.35858,9.16743],[-73.35291,9.16907],[-73.34682,9.1733],[-73.34266,9.17217],[-73.33957,9.1739],[-73.32973,9.16989],[-73.32646,9.16921],[-73.32136,9.17075],[-73.31664,9.16817],[-73.31242,9.17028],[-73.30107,9.17144],[-73.28054,9.16235],[-73.27315,9.1649],[-73.26632,9.16429],[-73.26201,9.16165],[-73.25748,9.16271],[-73.25515,9.16049],[-73.25223,9.16253],[-73.25095,9.15823],[-73.24652,9.16059],[-73.24265,9.16677],[-73.23957,9.16583],[-73.23528,9.17297],[-73.22981,9.17539],[-73.2246,9.17537],[-73.22176,9.17907],[-73.21468,9.18021],[-73.21362,9.1832],[-73.20871,9.17804],[-73.20693,9.17895],[-73.20715,9.18095],[-73.20567,9.1811],[-73.20374,9.17798],[-73.20236,9.17944],[-73.19851,9.17858],[-73.19258,9.17455],[-73.17698,9.17664],[-73.17171,9.17996],[-73.17079,9.183],[-73.16175,9.19157],[-73.15674,9.19212],[-73.15774,9.19446],[-73.15024,9.20072],[-73.15245,9.20605],[-73.15222,9.21005],[-73.14831,9.20964],[-73.14371,9.2135],[-73.14118,9.21327],[-73.13994,9.2158],[-73.13663,9.21548],[-73.13548,9.21782],[-73.13286,9.21888],[-73.13212,9.22348],[-73.12987,9.22504],[-73.13107,9.22725],[-73.13006,9.2284],[-73.12178,9.22706],[-73.11695,9.23116],[-73.1129,9.22904],[-73.10798,9.22886],[-73.1049,9.23116],[-73.09902,9.22711],[-73.0889,9.22582],[-73.08743,9.2312],[-73.08118,9.24031],[-73.07727,9.23888],[-73.07281,9.24302],[-73.07639,9.24642],[-73.07672,9.25174],[-73.0747,9.25875],[-73.07092,9.26413],[-73.064,9.25971],[-73.06259,9.26239],[-73.05689,9.26279],[-73.0531,9.26052],[-73.05285,9.25901],[-73.05018,9.2584],[-73.04579,9.26218],[-73.04256,9.26203],[-73.04205,9.2639],[-73.04412,9.26854],[-73.04089,9.26955],[-73.03595,9.28146],[-73.03085,9.28499],[-73.02924,9.2805],[-73.02697,9.27969],[-73.02495,9.28091],[-73.02202,9.28651],[-73.00814,9.2907],[-73.00441,9.28868],[-73.00269,9.2856],[-73.00597,9.27591],[-73.0032,9.27334],[-72.99477,9.27233],[-72.99356,9.26526],[-72.99578,9.2587],[-72.99502,9.25684],[-72.99195,9.25376],[-72.98452,9.25227],[-72.98831,9.24094],[-72.98781,9.22873],[-72.99558,9.22545],[-72.99704,9.22288],[-72.99624,9.22096],[-72.99245,9.21965],[-72.98557,9.22209],[-72.98302,9.22084],[-72.97982,9.2163],[-72.97095,9.2134],[-72.96943,9.20742],[-72.9646,9.19996],[-72.96242,9.18568],[-72.96035,9.18251],[-72.95553,9.17967],[-72.95714,9.17585],[-72.96237,9.17157],[-72.96462,9.15591],[-72.97222,9.15404],[-72.98716,9.14342],[-72.97751,9.13737],[-72.97234,9.13634],[-72.96982,9.1289],[-72.9654,9.12591],[-72.95944,9.11249],[-72.95394,9.10743],[-72.94784,9.10579],[-72.94727,9.10216],[-72.95144,9.09717],[-72.9484,9.09233],[-72.93791,9.09017],[-72.93624,9.08501],[-72.93252,9.08304],[-72.92171,9.08811],[-72.9196,9.09343],[-72.91541,9.09337],[-72.90789,9.09754],[-72.89906,9.09744],[-72.89593,9.09884],[-72.89409,9.10373],[-72.88706,9.10356],[-72.88387,9.11121],[-72.887,9.11433],[-72.88491,9.11724],[-72.88314,9.13047],[-72.88123,9.13227],[-72.87676,9.13237],[-72.868,9.12956],[-72.84611,9.13082],[-72.83372,9.12201],[-72.82336,9.12186],[-72.82226,9.12656],[-72.82437,9.13811],[-72.82189,9.14152],[-72.81613,9.13655],[-72.81082,9.13442],[-72.80767,9.12892],[-72.80811,9.12529],[-72.81199,9.12173],[-72.81152,9.11994],[-72.8092,9.11967],[-72.80454,9.12252],[-72.79613,9.12126],[-72.7978,9.11812],[-72.7964,9.11432],[-72.79882,9.10819],[-72.79629,9.10346],[-72.79439,9.10316],[-72.79107,9.1057],[-72.78803,9.11306],[-72.78521,9.1152],[-72.77634,9.11399],[-72.77541,9.1037],[-72.77276,9.10352],[-72.76948,9.10624],[-72.7661,9.10591],[-72.7653,9.10075],[-72.77327,9.10194],[-72.7752,9.10108],[-72.77574,9.09831],[-72.77327,9.09608],[-72.76836,9.09835],[-72.7655,9.09806],[-72.76293,9.09283],[-72.76612,9.09016],[-72.77159,9.08969],[-72.77321,9.08812],[-72.77312,9.08569],[-72.77116,9.08417],[-72.76374,9.08526],[-72.76084,9.08084],[-72.76319,9.07661],[-72.74698,9.01429],[-72.7202,8.94074],[-72.69802,8.80642],[-72.65479,8.61428],[-72.64539,8.61076],[-72.643,8.60833],[-72.63868,8.60802],[-72.63553,8.60076],[-72.63358,8.60123],[-72.63465,8.6043],[-72.63367,8.6065],[-72.6288,8.60633],[-72.62589,8.60159],[-72.63175,8.60058],[-72.6323,8.59724],[-72.62785,8.59781],[-72.61709,8.59521],[-72.59669,8.57205],[-72.57566,8.5409],[-72.45861,8.4146],[-72.458,8.41533],[-72.45804,8.41397],[-72.42825,8.38182],[-72.42093,8.38296],[-72.40935,8.37544],[-72.40803,8.3732],[-72.40861,8.37051],[-72.41519,8.36747],[-72.41577,8.36416],[-72.41298,8.36301],[-72.40646,8.3669],[-72.40207,8.37535],[-72.40618,8.38807],[-72.40589,8.39249],[-72.40234,8.39513],[-72.39372,8.39617],[-72.39544,8.39997],[-72.40148,8.40166],[-72.40415,8.40449],[-72.393,8.40616],[-72.39198,8.40971],[-72.39297,8.41508],[-72.38305,8.41813],[-72.38031,8.43056],[-72.37832,8.43104],[-72.37408,8.42908],[-72.37015,8.42307],[-72.36809,8.42539],[-72.36865,8.43114],[-72.35776,8.43199],[-72.35321,8.43777],[-72.35218,8.44649],[-72.35347,8.45265],[-72.34961,8.46329],[-72.35221,8.46771],[-72.35947,8.46881],[-72.36211,8.47358],[-72.35743,8.47884],[-72.34867,8.48182],[-72.34843,8.48568],[-72.35248,8.49297],[-72.34838,8.49849],[-72.34854,8.50064],[-72.34421,8.50062],[-72.33471,8.47338],[-72.32544,8.45942],[-72.32271,8.44521],[-72.32285,8.43364],[-72.31912,8.40449],[-72.30917,8.39112],[-72.30866,8.37567],[-72.21623,8.4219],[-72.071,8.42898],[-71.97205,8.5129],[-71.97271,8.51734],[-71.97756,8.52253],[-71.97592,8.52537],[-71.98007,8.53925],[-71.98035,8.54739],[-71.98534,8.55558],[-71.98348,8.56631],[-71.98348,8.56876],[-71.98563,8.56868],[-71.98469,8.57366],[-71.98288,8.57815],[-71.97786,8.58392],[-71.97564,8.5924],[-71.97595,8.59932],[-71.9733,8.60065],[-71.97485,8.60412],[-71.9794,8.60833],[-71.9817,8.60737],[-71.98464,8.61042],[-71.98655,8.61738],[-71.98344,8.62208],[-71.98223,8.62759],[-71.98745,8.63496],[-71.98424,8.64679],[-71.97986,8.6474],[-71.97971,8.64625],[-71.97647,8.64843],[-71.9749,8.64693],[-71.97487,8.64849],[-71.97063,8.64438],[-71.97081,8.64117],[-71.96864,8.63894],[-71.96557,8.63922],[-71.96632,8.63829],[-71.96462,8.63581],[-71.96271,8.63784],[-71.95891,8.63654],[-71.95745,8.63282],[-71.96046,8.63302],[-71.96097,8.63054],[-71.96248,8.63133],[-71.96409,8.63011],[-71.96308,8.62851],[-71.96479,8.62611],[-71.96292,8.62654],[-71.96235,8.62384],[-71.96047,8.62601],[-71.95869,8.62384],[-71.95996,8.62053],[-71.95918,8.61751],[-71.95845,8.61931],[-71.95315,8.616],[-71.95008,8.61635],[-71.94938,8.61851],[-71.94263,8.61588],[-71.93963,8.61728],[-71.93921,8.61919],[-71.93576,8.61844],[-71.93577,8.61711],[-71.93353,8.61759],[-71.93043,8.62263],[-71.92887,8.62143],[-71.92743,8.6233],[-71.9272,8.62669],[-71.92475,8.6269],[-71.92385,8.63044],[-71.9172,8.63095],[-71.91506,8.63234],[-71.91228,8.63888],[-71.90992,8.63939],[-71.90857,8.64263],[-71.89033,8.64933],[-71.88985,8.65193],[-71.88861,8.65219],[-71.88888,8.65516],[-71.87252,8.6656],[-71.87321,8.6668],[-71.86947,8.66915],[-71.86937,8.67322],[-71.86511,8.67612],[-71.70168,8.67731],[-71.6734,8.70569],[-71.53651,8.81756],[-71.42036,8.90388],[-71.37776,8.93905],[-71.37493,8.9372],[-71.37089,8.93687],[-71.37019,8.93274],[-71.36604,8.92922],[-71.36391,8.92473],[-71.36218,8.9249],[-71.356,8.91861],[-71.35029,8.91512],[-71.34712,8.91434],[-71.34079,8.92004],[-71.32982,8.92069],[-71.31249,8.91125],[-71.30895,8.90697],[-71.30846,8.9023],[-71.09977,9.04359],[-71.10034,9.04598],[-71.09795,9.04961],[-71.09773,9.05742],[-71.10166,9.06497],[-71.10584,9.06936],[-71.11112,9.08194],[-71.11747,9.08459],[-71.12693,9.09447],[-71.13076,9.09394],[-71.13229,9.09779],[-71.13937,9.09936],[-71.14203,9.10228],[-71.14351,9.10095],[-71.14757,9.10582],[-71.15074,9.10635],[-71.15216,9.10972],[-71.15756,9.11228],[-71.15982,9.10973],[-71.16146,9.1165],[-71.16644,9.11681],[-71.16747,9.1154],[-71.16851,9.11864],[-71.17081,9.11556],[-71.17421,9.11855],[-71.18089,9.11663],[-71.18952,9.11896],[-71.19194,9.12094],[-71.19267,9.12442],[-71.19442,9.12409],[-71.19762,9.12821],[-71.19999,9.12899],[-71.2007,9.1344],[-71.20332,9.13513],[-71.20305,9.14108],[-71.20801,9.14577],[-71.21206,9.15513],[-71.21802,9.15938],[-71.21947,9.1629],[-71.22417,9.16327]]]]}},{"type":"Feature","properties":{"shapeName":"Dependencias Federales","shapeISO":"VE-W","shapeID":"42786344B77541452473448","shapeGroup":"VEN","shapeType":"ADM1"},"geometry":{"type":"MultiPolygon","coordinates":[[[[-61.8547,10.64078],[-61.85669,10.64328],[-61.85846,10.6432],[-61.86299,10.64074],[-61.86619,10.64145],[-61.87407,10.63763],[-61.86606,10.63604],[-61.8547,10.64078]]],[[[-65.43028,10.96358],[-65.43051,10.966],[-65.43555,10.96141],[-65.43513,10.9598],[-65.43869,10.95916],[-65.43867,10.95795],[-65.43205,10.95802],[-65.43028,10.96358]]],[[[-65.41626,10.96787],[-65.41843,10.97026],[-65.4217,10.97103],[-65.42633,10.96564],[-65.42398,10.96587],[-65.4167,10.96243],[-65.41838,10.96654],[-65.41581,10.96475],[-65.41626,10.96787]]],[[[-65.30675,10.97593],[-65.30872,10.97893],[-65.31045,10.9784],[-65.30959,10.97418],[-65.31201,10.97194],[-65.31618,10.97109],[-65.3416,10.97383],[-65.34416,10.97532],[-65.34899,10.96982],[-65.35286,10.96888],[-65.35614,10.97085],[-65.35877,10.96921],[-65.36735,10.96993],[-65.37521,10.96178],[-65.38455,10.95865],[-65.39315,10.95312],[-65.39776,10.94561],[-65.4106,10.9363],[-65.41076,10.93278],[-65.42019,10.92824],[-65.42341,10.91581],[-65.41803,10.91809],[-65.41607,10.91559],[-65.41457,10.91823],[-65.41068,10.91706],[-65.40795,10.91881],[-65.40038,10.91647],[-65.40077,10.91506],[-65.39369,10.9106],[-65.39012,10.91074],[-65.38658,10.9133],[-65.38322,10.91314],[-65.383,10.91143],[-65.37982,10.90965],[-65.37545,10.91091],[-65.36831,10.91038],[-65.36788,10.90847],[-65.36399,10.9074],[-65.3621,10.90188],[-65.35537,10.90236],[-65.34871,10.89861],[-65.34299,10.89796],[-65.33897,10.89408],[-65.33019,10.89286],[-65.32793,10.89107],[-65.31784,10.89128],[-65.3164,10.88939],[-65.31343,10.88871],[-65.31104,10.88441],[-65.304,10.88327],[-65.28749,10.88375],[-65.28304,10.88712],[-65.27223,10.88653],[-65.25544,10.88953],[-65.24554,10.8973],[-65.24227,10.89632],[-65.23454,10.89852],[-65.23219,10.89744],[-65.24296,10.894],[-65.24375,10.89218],[-65.24885,10.89212],[-65.2477,10.89012],[-65.24159,10.89059],[-65.23572,10.89387],[-65.22505,10.89701],[-65.22096,10.89574],[-65.21158,10.89624],[-65.21045,10.89474],[-65.20292,10.89613],[-65.19841,10.90323],[-65.2034,10.90298],[-65.20427,10.89904],[-65.20559,10.89842],[-65.20754,10.899],[-65.2088,10.90262],[-65.20648,10.90516],[-65.20381,10.90358],[-65.20322,10.9056],[-65.20606,10.91323],[-65.20371,10.91335],[-65.20231,10.91528],[-65.20786,10.91996],[-65.20923,10.92367],[-65.2124,10.92454],[-65.21888,10.92981],[-65.22353,10.93642],[-65.22449,10.93983],[-65.2234,10.95223],[-65.22568,10.95604],[-65.22303,10.95556],[-65.22188,10.95296],[-65.21984,10.95338],[-65.22314,10.95667],[-65.22723,10.95753],[-65.22834,10.95661],[-65.2252,10.94929],[-65.22974,10.94491],[-65.23554,10.94374],[-65.23923,10.94552],[-65.24974,10.94601],[-65.27934,10.95889],[-65.29239,10.96762],[-65.2995,10.975],[-65.30675,10.97593]]],[[[-65.38503,10.99169],[-65.38951,10.99124],[-65.38691,10.98714],[-65.38538,10.98705],[-65.38539,10.98816],[-65.38705,10.99006],[-65.38113,10.98972],[-65.37729,10.98342],[-65.37474,10.98405],[-65.37743,10.98724],[-65.37623,10.98887],[-65.37901,10.99145],[-65.38503,10.99169]]],[[[-63.73784,11.20047],[-63.73841,11.2034],[-63.74274,11.20008],[-63.73324,11.19142],[-63.73235,11.18841],[-63.7278,11.18709],[-63.73082,11.19672],[-63.73605,11.20057],[-63.73784,11.20047]]],[[[-63.7179,11.20462],[-63.7211,11.20941],[-63.71999,11.20544],[-63.7179,11.20462]]],[[[-63.75324,11.21107],[-63.75426,11.21155],[-63.75475,11.20832],[-63.75377,11.20458],[-63.75041,11.20337],[-63.74824,11.19945],[-63.74718,11.20289],[-63.74899,11.20738],[-63.75324,11.21107]]],[[[-63.72857,11.21258],[-63.73132,11.21388],[-63.72594,11.20823],[-63.72506,11.21239],[-63.72857,11.21258]]],[[[-63.76642,11.21768],[-63.76819,11.21903],[-63.76816,11.21617],[-63.76389,11.21114],[-63.76487,11.2175],[-63.76642,11.21768]]],[[[-63.08036,11.36502],[-63.08222,11.37307],[-63.08501,11.37537],[-63.08874,11.37492],[-63.09061,11.37285],[-63.08618,11.36525],[-63.08036,11.36502]]],[[[-63.10599,11.35838],[-63.10879,11.36068],[-63.11298,11.36161],[-63.1174,11.36759],[-63.11787,11.3715],[-63.11553,11.38323],[-63.11833,11.38415],[-63.12904,11.38049],[-63.14023,11.38004],[-63.14233,11.37636],[-63.1407,11.3736],[-63.13534,11.37129],[-63.13255,11.36554],[-63.12439,11.36323],[-63.11811,11.35886],[-63.11345,11.3508],[-63.11089,11.34965],[-63.10599,11.35838]]],[[[-64.40001,11.71714],[-64.39792,11.71898],[-64.39864,11.72404],[-64.40238,11.72564],[-64.4061,11.72149],[-64.40597,11.71892],[-64.40444,11.71643],[-64.40001,11.71714]]],[[[-66.73262,11.77778],[-66.73547,11.77829],[-66.74586,11.77489],[-66.75034,11.77121],[-66.75391,11.77067],[-66.76539,11.76192],[-66.77008,11.76152],[-66.7714,11.75963],[-66.77695,11.75849],[-66.78344,11.75181],[-66.78822,11.75193],[-66.78882,11.7486],[-66.80397,11.74347],[-66.81792,11.74366],[-66.82189,11.74167],[-66.84196,11.73917],[-66.85388,11.74529],[-66.85572,11.74838],[-66.85755,11.74578],[-66.85429,11.7431],[-66.85072,11.7425],[-66.84878,11.73672],[-66.8445,11.73533],[-66.83289,11.73733],[-66.83004,11.73932],[-66.80427,11.74203],[-66.78737,11.74762],[-66.7758,11.75641],[-66.75755,11.76342],[-66.74331,11.77399],[-66.73435,11.77579],[-66.72222,11.7737],[-66.72498,11.77669],[-66.73262,11.77778]]],[[[-64.41662,11.78331],[-64.41546,11.78584],[-64.41663,11.78768],[-64.42124,11.78831],[-64.42526,11.78719],[-64.42665,11.78419],[-64.42011,11.78123],[-64.41662,11.78331]]],[[[-66.89085,11.79329],[-66.8918,11.79764],[-66.89566,11.79557],[-66.89601,11.7934],[-66.89085,11.79329]]],[[[-66.59553,11.82162],[-66.59691,11.82055],[-66.59443,11.8176],[-66.59347,11.82028],[-66.59553,11.82162]]],[[[-66.113,11.82382],[-66.11696,11.82367],[-66.12432,11.82033],[-66.16056,11.81511],[-66.20091,11.81473],[-66.20366,11.81431],[-66.20506,11.81195],[-66.19751,11.80529],[-66.1967,11.80235],[-66.19337,11.79939],[-66.18614,11.79581],[-66.17069,11.78436],[-66.15949,11.77908],[-66.14673,11.76934],[-66.12251,11.76844],[-66.10387,11.7916],[-66.09965,11.80558],[-66.10051,11.81222],[-66.10421,11.82038],[-66.10719,11.82258],[-66.113,11.82382]]],[[[-66.94125,11.81975],[-66.94511,11.8226],[-66.94567,11.82494],[-66.94901,11.8242],[-66.94846,11.82091],[-66.93956,11.81853],[-66.93069,11.82004],[-66.93218,11.82135],[-66.93055,11.82292],[-66.93825,11.81934],[-66.94125,11.81975]]],[[[-66.60523,11.82646],[-66.60797,11.82616],[-66.61097,11.82342],[-66.61789,11.82425],[-66.6214,11.82175],[-66.62078,11.80965],[-66.61774,11.80432],[-66.61349,11.80052],[-66.6136,11.79875],[-66.61753,11.79672],[-66.61798,11.78986],[-66.62024,11.79153],[-66.62645,11.78938],[-66.6263,11.78052],[-66.62914,11.77546],[-66.63224,11.77255],[-66.63703,11.77153],[-66.63819,11.76786],[-66.64077,11.7671],[-66.64271,11.76368],[-66.64646,11.76419],[-66.65823,11.76013],[-66.66004,11.76127],[-66.66263,11.75836],[-66.66483,11.75899],[-66.67155,11.75696],[-66.68178,11.75911],[-66.68372,11.761],[-66.68903,11.76138],[-66.69343,11.76492],[-66.70029,11.7653],[-66.70508,11.76814],[-66.70598,11.76738],[-66.70469,11.76498],[-66.69265,11.76283],[-66.69226,11.76119],[-66.68462,11.75892],[-66.67931,11.75563],[-66.67905,11.75411],[-66.66986,11.75234],[-66.66081,11.75589],[-66.64387,11.75932],[-66.62524,11.76021],[-66.61346,11.75877],[-66.58631,11.77017],[-66.58256,11.77561],[-66.58683,11.77156],[-66.59162,11.77664],[-66.59459,11.76953],[-66.59743,11.76991],[-66.60441,11.76573],[-66.60907,11.76598],[-66.60959,11.76712],[-66.61089,11.7718],[-66.60987,11.77724],[-66.60716,11.78091],[-66.60005,11.7861],[-66.59978,11.78294],[-66.60508,11.77826],[-66.60521,11.77573],[-66.60236,11.77332],[-66.59822,11.77611],[-66.59785,11.78433],[-66.59579,11.79117],[-66.5965,11.79899],[-66.59359,11.79793],[-66.59153,11.79947],[-66.59068,11.79876],[-66.59467,11.79365],[-66.59104,11.79532],[-66.58862,11.80018],[-66.58754,11.80754],[-66.58852,11.81442],[-66.59047,11.81774],[-66.59374,11.81809],[-66.59507,11.81548],[-66.59859,11.8156],[-66.5998,11.81441],[-66.59846,11.80765],[-66.5993,11.80255],[-66.60208,11.80136],[-66.60402,11.79567],[-66.60753,11.79365],[-66.60761,11.80683],[-66.60999,11.80855],[-66.61152,11.81236],[-66.61219,11.8186],[-66.61121,11.82265],[-66.60523,11.82646]]],[[[-66.11762,11.82814],[-66.12033,11.82504],[-66.11771,11.8269],[-66.11499,11.82594],[-66.11499,11.82727],[-66.11762,11.82814]]],[[[-66.59478,11.82377],[-66.59244,11.82544],[-66.59368,11.82959],[-66.59595,11.82866],[-66.59601,11.8241],[-66.59478,11.82377]]],[[[-66.95269,11.8317],[-66.95357,11.833],[-66.95525,11.83165],[-66.95298,11.82669],[-66.95269,11.8317]]],[[[-66.12369,11.83343],[-66.12225,11.83459],[-66.12325,11.83697],[-66.12713,11.83148],[-66.12523,11.83148],[-66.12369,11.83343]]],[[[-66.59619,11.82998],[-66.59392,11.83119],[-66.5968,11.83822],[-66.59976,11.8346],[-66.59818,11.83105],[-66.59619,11.82998]]],[[[-66.56792,11.83512],[-66.5675,11.83865],[-66.56861,11.83916],[-66.56887,11.83512],[-66.56792,11.83512]]],[[[-66.56826,11.84054],[-66.56938,11.84474],[-66.57005,11.84207],[-66.56826,11.84054]]],[[[-66.59167,11.84344],[-66.59443,11.84537],[-66.59473,11.84269],[-66.59167,11.84165],[-66.59198,11.83896],[-66.58907,11.83628],[-66.58968,11.8333],[-66.58356,11.8248],[-66.58004,11.81093],[-66.58111,11.79363],[-66.58693,11.78214],[-66.5854,11.7811],[-66.5808,11.79065],[-66.57881,11.799],[-66.57835,11.81063],[-66.5831,11.82614],[-66.59167,11.84344]]],[[[-66.60405,11.84716],[-66.60559,11.84469],[-66.59898,11.83782],[-66.59763,11.84073],[-66.60043,11.84557],[-66.60405,11.84716]]],[[[-66.92985,11.84872],[-66.92736,11.84623],[-66.92645,11.84261],[-66.92468,11.8418],[-66.92392,11.83807],[-66.92227,11.83783],[-66.92189,11.83956],[-66.92633,11.84362],[-66.92738,11.84751],[-66.92985,11.84872]]],[[[-66.57377,11.848],[-66.57442,11.84904],[-66.576,11.84836],[-66.57377,11.848]]],[[[-66.59738,11.85111],[-66.59846,11.84799],[-66.59496,11.84658],[-66.59526,11.85023],[-66.59738,11.85111]]],[[[-66.5743,11.85024],[-66.57445,11.85163],[-66.57565,11.8511],[-66.5743,11.85024]]],[[[-66.93789,11.85201],[-66.94193,11.84972],[-66.9384,11.84843],[-66.93301,11.85043],[-66.93789,11.85201]]],[[[-66.81431,11.85435],[-66.81619,11.85242],[-66.81363,11.8523],[-66.81216,11.85395],[-66.81431,11.85435]]],[[[-66.59805,11.85685],[-66.60006,11.8582],[-66.60401,11.85623],[-66.60283,11.854],[-66.60068,11.85549],[-66.59909,11.85387],[-66.60138,11.85218],[-66.60061,11.85069],[-66.59881,11.85083],[-66.5968,11.85367],[-66.59805,11.85685]]],[[[-66.11659,11.85821],[-66.12012,11.85555],[-66.11932,11.85392],[-66.11622,11.85441],[-66.11659,11.85821]]],[[[-66.77267,11.85858],[-66.77612,11.85839],[-66.77671,11.85606],[-66.77812,11.85701],[-66.78026,11.8542],[-66.78303,11.85411],[-66.78517,11.85211],[-66.78799,11.85334],[-66.79233,11.85163],[-66.79116,11.85054],[-66.78381,11.85035],[-66.78148,11.85311],[-66.77549,11.85468],[-66.77437,11.8563],[-66.77116,11.85392],[-66.76625,11.85691],[-66.76639,11.85782],[-66.77126,11.85696],[-66.77267,11.85858]]],[[[-66.57934,11.8613],[-66.57857,11.86239],[-66.57986,11.86221],[-66.57934,11.8613]]],[[[-66.6056,11.84906],[-66.60315,11.84966],[-66.60346,11.85174],[-66.60821,11.86039],[-66.61173,11.86382],[-66.61571,11.86367],[-66.61693,11.85606],[-66.61632,11.84457],[-66.60805,11.84324],[-66.6056,11.84906]]],[[[-66.71145,11.86491],[-66.71405,11.86577],[-66.7183,11.86318],[-66.732,11.86161],[-66.74321,11.86253],[-66.7595,11.8601],[-66.76889,11.86215],[-66.77082,11.86059],[-66.75994,11.85848],[-66.75867,11.85756],[-66.75901,11.85453],[-66.75641,11.85567],[-66.7547,11.85426],[-66.75072,11.85421],[-66.7484,11.86048],[-66.74398,11.86145],[-66.7383,11.85956],[-66.72018,11.86231],[-66.71808,11.86069],[-66.71471,11.86253],[-66.71323,11.85745],[-66.71162,11.86199],[-66.70925,11.86086],[-66.71024,11.86534],[-66.71145,11.86491]]],[[[-66.81755,11.86611],[-66.82231,11.86596],[-66.82183,11.86253],[-66.81744,11.86536],[-66.80907,11.864],[-66.80669,11.86232],[-66.79839,11.86415],[-66.79411,11.86358],[-66.78635,11.86084],[-66.78365,11.86123],[-66.78193,11.85904],[-66.77933,11.85955],[-66.77839,11.85826],[-66.77672,11.86093],[-66.77202,11.86098],[-66.77323,11.8622],[-66.79821,11.86573],[-66.81755,11.86611]]],[[[-66.58363,11.86625],[-66.58282,11.86721],[-66.58411,11.86794],[-66.58489,11.867],[-66.58363,11.86625]]],[[[-66.09813,11.86951],[-66.10024,11.87031],[-66.10319,11.86798],[-66.09993,11.86391],[-66.10044,11.85846],[-66.09313,11.85569],[-66.09199,11.8512],[-66.09829,11.83772],[-66.10612,11.83792],[-66.10559,11.83556],[-66.10739,11.83343],[-66.11138,11.83297],[-66.11258,11.82907],[-66.10769,11.82864],[-66.10241,11.82512],[-66.09026,11.85216],[-66.09329,11.85797],[-66.09196,11.85889],[-66.09322,11.86312],[-66.09212,11.86644],[-66.09813,11.86951]]],[[[-66.85172,11.87189],[-66.86288,11.86995],[-66.86638,11.86765],[-66.87115,11.86279],[-66.87222,11.85825],[-66.87027,11.85615],[-66.86651,11.85589],[-66.86644,11.85714],[-66.87014,11.85701],[-66.87155,11.85937],[-66.87014,11.86239],[-66.86396,11.86686],[-66.8553,11.87043],[-66.85341,11.87022],[-66.85301,11.86779],[-66.84327,11.8674],[-66.84374,11.86983],[-66.85172,11.87189]]],[[[-66.59312,11.86949],[-66.59165,11.87073],[-66.59215,11.87236],[-66.59426,11.87092],[-66.59312,11.86949]]],[[[-66.58055,11.87072],[-66.58046,11.87265],[-66.58286,11.87219],[-66.58055,11.87072]]],[[[-66.57469,11.87176],[-66.57607,11.87463],[-66.57749,11.87135],[-66.57535,11.87048],[-66.57469,11.87176]]],[[[-66.68464,11.87327],[-66.68435,11.87496],[-66.68585,11.87569],[-66.69576,11.87298],[-66.69553,11.87168],[-66.69203,11.87118],[-66.6895,11.86785],[-66.68956,11.86102],[-66.69142,11.85825],[-66.68863,11.86051],[-66.68498,11.86051],[-66.68342,11.8626],[-66.68237,11.86668],[-66.68523,11.87126],[-66.68464,11.87327]]],[[[-66.72223,11.8759],[-66.72521,11.87652],[-66.72958,11.87248],[-66.72632,11.8729],[-66.71772,11.86864],[-66.7156,11.86903],[-66.71383,11.87222],[-66.71689,11.87079],[-66.71681,11.87425],[-66.71857,11.87637],[-66.72223,11.8759]]],[[[-66.59232,11.87721],[-66.59232,11.88044],[-66.5935,11.87854],[-66.59232,11.87721]]],[[[-66.84632,11.88443],[-66.84742,11.88529],[-66.85238,11.88371],[-66.84888,11.88286],[-66.84632,11.88443]]],[[[-66.82472,11.88801],[-66.8272,11.88787],[-66.82647,11.8858],[-66.82245,11.88659],[-66.82472,11.88801]]],[[[-66.79931,11.88954],[-66.8019,11.88911],[-66.79654,11.88704],[-66.79128,11.88037],[-66.78267,11.88272],[-66.77606,11.88304],[-66.77322,11.88094],[-66.77077,11.88158],[-66.77088,11.88458],[-66.77347,11.8869],[-66.78818,11.88472],[-66.79931,11.88954]]],[[[-66.60743,11.88119],[-66.60458,11.88858],[-66.60513,11.89036],[-66.60747,11.88915],[-66.60874,11.88568],[-66.60866,11.88192],[-66.60743,11.88119]]],[[[-66.59953,11.87653],[-66.59905,11.87879],[-66.5953,11.87926],[-66.5937,11.88136],[-66.59234,11.88782],[-66.58946,11.8907],[-66.5921,11.88985],[-66.59538,11.88284],[-66.60305,11.87816],[-66.60273,11.8766],[-66.59953,11.87653]]],[[[-66.65353,11.89389],[-66.65396,11.89171],[-66.64782,11.88951],[-66.64825,11.88594],[-66.64706,11.88447],[-66.64868,11.88258],[-66.64825,11.88006],[-66.64308,11.88405],[-66.63639,11.8828],[-66.6351,11.87997],[-66.6309,11.8785],[-66.62842,11.87409],[-66.62433,11.87231],[-66.61872,11.86455],[-66.61409,11.8661],[-66.61021,11.86505],[-66.60665,11.86264],[-66.60611,11.85907],[-66.60428,11.8575],[-66.6018,11.85771],[-66.60461,11.86463],[-66.61193,11.86788],[-66.62002,11.87796],[-66.62847,11.8832],[-66.62864,11.88472],[-66.63413,11.88871],[-66.64103,11.89201],[-66.64313,11.89117],[-66.64475,11.893],[-66.64625,11.89164],[-66.64954,11.89169],[-66.65353,11.89389]]],[[[-66.57755,11.89047],[-66.57791,11.89361],[-66.57934,11.89413],[-66.57961,11.89011],[-66.57459,11.8854],[-66.5769,11.88395],[-66.5769,11.88159],[-66.57573,11.88144],[-66.57573,11.88336],[-66.57403,11.8824],[-66.57145,11.87711],[-66.57123,11.87166],[-66.56742,11.86834],[-66.56912,11.86742],[-66.56782,11.86625],[-66.57022,11.8578],[-66.56874,11.84697],[-66.56715,11.84433],[-66.56837,11.85898],[-66.56692,11.86514],[-66.5654,11.86451],[-66.56598,11.86196],[-66.56482,11.86246],[-66.56387,11.8604],[-66.56678,11.85343],[-66.56518,11.84747],[-66.56663,11.83401],[-66.56533,11.83019],[-66.56743,11.82771],[-66.56685,11.82332],[-66.56969,11.82226],[-66.56859,11.81553],[-66.5739,11.80583],[-66.57383,11.80413],[-66.57192,11.80336],[-66.57327,11.79599],[-66.5765,11.78996],[-66.58008,11.7894],[-66.58008,11.78819],[-66.57761,11.78861],[-66.57715,11.78708],[-66.58103,11.77996],[-66.57934,11.77898],[-66.56859,11.79924],[-66.56204,11.82875],[-66.5607,11.85407],[-66.5633,11.86865],[-66.57369,11.88942],[-66.57558,11.89125],[-66.57755,11.89047]]],[[[-64.56235,11.81598],[-64.55727,11.82349],[-64.55547,11.83569],[-64.55762,11.84672],[-64.56163,11.85613],[-64.56896,11.86641],[-64.57971,11.87814],[-64.58789,11.88201],[-64.59657,11.88979],[-64.60546,11.89344],[-64.61223,11.89433],[-64.61689,11.89178],[-64.62149,11.87682],[-64.63282,11.85676],[-64.64032,11.85324],[-64.647,11.84451],[-64.64624,11.83495],[-64.64271,11.82591],[-64.63216,11.81721],[-64.62327,11.81357],[-64.6032,11.81434],[-64.59609,11.80996],[-64.58077,11.80638],[-64.57377,11.80733],[-64.56235,11.81598]]],[[[-66.80759,11.89811],[-66.80868,11.8964],[-66.80521,11.89669],[-66.80405,11.89522],[-66.80442,11.89097],[-66.80113,11.89186],[-66.80142,11.8959],[-66.80759,11.89811]]],[[[-66.87655,11.89827],[-66.87815,11.89841],[-66.8745,11.89641],[-66.86319,11.89599],[-66.86165,11.8942],[-66.85435,11.89314],[-66.85005,11.88864],[-66.84465,11.88679],[-66.84472,11.88222],[-66.84289,11.884],[-66.84194,11.88886],[-66.84486,11.88857],[-66.84968,11.89057],[-66.85246,11.89449],[-66.85684,11.89642],[-66.85654,11.89785],[-66.86085,11.89549],[-66.86428,11.89706],[-66.87655,11.89827]]],[[[-66.7394,11.9023],[-66.74108,11.90253],[-66.73496,11.89773],[-66.7347,11.8885],[-66.72563,11.88096],[-66.72372,11.8842],[-66.72654,11.88531],[-66.72771,11.88775],[-66.72685,11.89006],[-66.73093,11.88855],[-66.73392,11.89835],[-66.7394,11.9023]]],[[[-66.82241,11.91309],[-66.82591,11.91485],[-66.82822,11.91222],[-66.82241,11.91309]]],[[[-66.83219,11.91405],[-66.83226,11.91515],[-66.84126,11.91332],[-66.83783,11.91136],[-66.83403,11.91206],[-66.83219,11.91405]]],[[[-66.6332,11.93787],[-66.638,11.93699],[-66.64434,11.93276],[-66.64461,11.92853],[-66.64169,11.92867],[-66.63846,11.93203],[-66.63019,11.9329],[-66.62538,11.93502],[-66.62706,11.93747],[-66.6332,11.93787]]],[[[-66.66017,11.93399],[-66.66049,11.93868],[-66.66382,11.94015],[-66.66329,11.93384],[-66.65729,11.93094],[-66.65607,11.9282],[-66.65353,11.92906],[-66.65341,11.93621],[-66.6569,11.93664],[-66.65881,11.9336],[-66.66017,11.93399]]],[[[-66.64891,11.94795],[-66.64927,11.95051],[-66.65025,11.94843],[-66.64891,11.94795]]],[[[-66.64813,11.95461],[-66.64817,11.95685],[-66.64982,11.95689],[-66.65047,11.95215],[-66.64808,11.95194],[-66.64486,11.95509],[-66.64635,11.95607],[-66.64813,11.95461]]],[[[-66.61956,11.95401],[-66.62744,11.95746],[-66.63656,11.95694],[-66.63737,11.95495],[-66.63465,11.94848],[-66.63495,11.94474],[-66.63368,11.9436],[-66.63217,11.94461],[-66.63316,11.95113],[-66.63219,11.95303],[-66.61713,11.94489],[-66.61549,11.93871],[-66.60957,11.93464],[-66.60325,11.92326],[-66.59617,11.91767],[-66.59661,11.91502],[-66.59873,11.91708],[-66.60086,11.91422],[-66.59231,11.91178],[-66.59107,11.91443],[-66.59253,11.91742],[-66.60735,11.94239],[-66.61473,11.95078],[-66.61956,11.95401]]],[[[-66.69192,11.95731],[-66.6938,11.95888],[-66.69617,11.95833],[-66.69505,11.95622],[-66.674,11.94434],[-66.67054,11.94414],[-66.66868,11.94624],[-66.66603,11.94644],[-66.66583,11.94917],[-66.66346,11.9504],[-66.66465,11.95278],[-66.66911,11.9517],[-66.6726,11.9534],[-66.68074,11.95392],[-66.68354,11.95637],[-66.68745,11.95485],[-66.69192,11.95731]]],[[[-66.64246,11.95999],[-66.64615,11.96032],[-66.64681,11.9576],[-66.6437,11.95793],[-66.64246,11.95999]]],[[[-66.64621,11.96636],[-66.64853,11.96915],[-66.65308,11.96919],[-66.65356,11.96414],[-66.65646,11.96206],[-66.65582,11.95379],[-66.65419,11.95548],[-66.65355,11.96097],[-66.64621,11.96636]]],[[[-70.90069,12.36177],[-70.90025,12.36317],[-70.90336,12.36477],[-70.90027,12.36752],[-70.90422,12.36889],[-70.90491,12.3658],[-70.90799,12.36271],[-70.90456,12.36082],[-70.90069,12.36177]]],[[[-70.85667,12.38915],[-70.85753,12.39206],[-70.85959,12.39121],[-70.86079,12.38846],[-70.85838,12.38743],[-70.85667,12.38915]]],[[[-70.91691,12.48648],[-70.91452,12.48819],[-70.91623,12.49128],[-70.91915,12.48888],[-70.91691,12.48648]]],[[[-70.92533,12.49472],[-70.92276,12.49609],[-70.92361,12.49884],[-70.92653,12.49661],[-70.92688,12.49489],[-70.92533,12.49472]]]]}}]}